SECTOR,WEIGHT
COMMUNICATION SERVICES,0.021333108042
CONSUMER DISCRETIONARY,0.349240059237
ENERGY,0.010929412617
INDUSTRIALS,0.272176012074
MATERIALS,0.024867557998
TECHNOLOGY,0.321453850032
