SECTOR,WEIGHT
COMMUNICATION SERVICES,0.0185320423
CONSUMER DISCRETIONARY,0.395611132798
ENERGY,0.011361865793
INDUSTRIALS,0.240908235425
MATERIALS,0.020951036646
TECHNOLOGY,0.312635687038
