SECTOR,WEIGHT
COMMUNICATION SERVICES,0.026482473687
CONSUMER DISCRETIONARY,0.325489317005
ENERGY,0.016112948591
INDUSTRIALS,0.263189181291
MATERIALS,0.03016456613
TECHNOLOGY,0.338561513296
