SECTOR,WEIGHT
COMMUNICATION SERVICES,0.023286527519
CONSUMER DISCRETIONARY,0.320840001763
ENERGY,0.009838935144
INDUSTRIALS,0.275588750612
MATERIALS,0.027664221624
TECHNOLOGY,0.342781563337
