SECTOR,WEIGHT
COMMUNICATION SERVICES,0.026432745842
CONSUMER DISCRETIONARY,0.32306191124
ENERGY,0.01602673412
INDUSTRIALS,0.258817446495
MATERIALS,0.029426488948
TECHNOLOGY,0.346234673356
