SECTOR,WEIGHT
COMMUNICATION SERVICES,0.020023657462
CONSUMER DISCRETIONARY,0.341162027888
ENERGY,0.010594878243
INDUSTRIALS,0.276809230869
MATERIALS,0.024311146493
TECHNOLOGY,0.327099059045
