SECTOR,WEIGHT
COMMUNICATION SERVICES,0.023535312822
CONSUMER DISCRETIONARY,0.328312246906
ENERGY,0.011081679314
INDUSTRIALS,0.27377094321
MATERIALS,0.028244094812
TECHNOLOGY,0.335055722936
