SECTOR,WEIGHT
COMMUNICATION SERVICES,0.028403618914
CONSUMER DISCRETIONARY,0.314714968237
ENERGY,0.015607086249
INDUSTRIALS,0.27939551677
MATERIALS,0.031426724376
TECHNOLOGY,0.330452085454
