SECTOR,WEIGHT
COMMUNICATION SERVICES,0.158050698245
CONSUMER DISCRETIONARY,0.094933118463
CONSUMER STAPLES,0.048685862275
ENERGY,0.026482673516
FINANCIALS,0.154843875425
HEALTH CARE,0.106562925272
INDUSTRIALS,0.078763018838
MATERIALS,0.013142899475
REAL ESTATE,0.018554920393
TECHNOLOGY,0.275961311103
UTILITIES,0.024018696995
