SECTOR,WEIGHT
COMMUNICATION SERVICES,0.16056827432
CONSUMER DISCRETIONARY,0.094644889297
CONSUMER STAPLES,0.05220655832
ENERGY,0.030850710545
FINANCIALS,0.148647554096
HEALTH CARE,0.108192634951
INDUSTRIALS,0.088252208178
MATERIALS,0.016153821232
REAL ESTATE,0.01929042657
TECHNOLOGY,0.258646420139
UTILITIES,0.022546502351
