SECTOR,WEIGHT
COMMUNICATION SERVICES,0.159397194395
CONSUMER DISCRETIONARY,0.092536499421
CONSUMER STAPLES,0.047130428788
ENERGY,0.025842056497
FINANCIALS,0.154066991466
HEALTH CARE,0.106456053703
INDUSTRIALS,0.079112660094
MATERIALS,0.013191694696
REAL ESTATE,0.018416469496
TECHNOLOGY,0.280147883226
UTILITIES,0.023702068216
