SECTOR,WEIGHT
COMMUNICATION SERVICES,0.159236107873
CONSUMER DISCRETIONARY,0.096097816148
CONSUMER STAPLES,0.049019587965
ENERGY,0.028707794433
FINANCIALS,0.146649202877
HEALTH CARE,0.107270519108
INDUSTRIALS,0.085469504938
MATERIALS,0.014801981302
REAL ESTATE,0.019088179299
TECHNOLOGY,0.270662049305
UTILITIES,0.022997256752
