SECTOR,WEIGHT
COMMUNICATION SERVICES,0.162744203494
CONSUMER DISCRETIONARY,0.091507243732
CONSUMER STAPLES,0.048729178706
ENERGY,0.026023703073
FINANCIALS,0.149391202084
HEALTH CARE,0.109512657522
INDUSTRIALS,0.078177560145
MATERIALS,0.012792359865
REAL ESTATE,0.018670478624
TECHNOLOGY,0.277674706246
UTILITIES,0.02477670651
