SECTOR,WEIGHT
COMMUNICATION SERVICES,0.166928937711
CONSUMER DISCRETIONARY,0.089730113982
CONSUMER STAPLES,0.063687308107
ENERGY,0.035487601364
FINANCIALS,0.112101125234
HEALTH CARE,0.088467364976
INDUSTRIALS,0.098267593425
MATERIALS,0.013618854351
REAL ESTATE,0.015631961828
TECHNOLOGY,0.29517036479
UTILITIES,0.020908774232
