SECTOR,WEIGHT
COMMUNICATION SERVICES,0.158162437865
CONSUMER DISCRETIONARY,0.093579966105
CONSUMER STAPLES,0.045262972243
ENERGY,0.026924651925
FINANCIALS,0.155872681863
HEALTH CARE,0.106002830013
INDUSTRIALS,0.082283228323
MATERIALS,0.01382672051
REAL ESTATE,0.018454886029
TECHNOLOGY,0.276127950633
UTILITIES,0.023501674492
