SECTOR,WEIGHT
COMMUNICATION SERVICES,0.16606208072
CONSUMER DISCRETIONARY,0.08873142214
CONSUMER STAPLES,0.064611074449
ENERGY,0.033404723058
FINANCIALS,0.115597710131
HEALTH CARE,0.089578584702
INDUSTRIALS,0.101350804248
MATERIALS,0.01430662224
REAL ESTATE,0.015896696775
TECHNOLOGY,0.289165833337
UTILITIES,0.021294448201
