SECTOR,WEIGHT
COMMUNICATION SERVICES,0.02855139187
CONSUMER DISCRETIONARY,0.086559913219
CONSUMER STAPLES,0.011766114184
ENERGY,0.0635255757
FINANCIALS,0.199490032649
HEALTH CARE,0.184921958258
INDUSTRIALS,0.1519838302
MATERIALS,0.055688561858
REAL ESTATE,0.055619704613
TECHNOLOGY,0.135672078493
UTILITIES,0.026220838957
