SECTOR,WEIGHT
COMMUNICATION SERVICES,0.036005063361
CONSUMER DISCRETIONARY,0.078511701884
CONSUMER STAPLES,0.011241337666
ENERGY,0.067567524696
FINANCIALS,0.20316787875
HEALTH CARE,0.176519669168
INDUSTRIALS,0.149933852712
MATERIALS,0.061632775214
REAL ESTATE,0.055740326157
TECHNOLOGY,0.13435672159
UTILITIES,0.025323148801
