SECTOR,WEIGHT
COMMUNICATION SERVICES,0.028935738592
CONSUMER DISCRETIONARY,0.146031462915
CONSUMER STAPLES,0.015762617347
ENERGY,0.039518289256
FINANCIALS,0.18018057706
HEALTH CARE,0.167051509483
INDUSTRIALS,0.17565916644
MATERIALS,0.034849674916
REAL ESTATE,0.054473972341
TECHNOLOGY,0.15753699165
