SECTOR,WEIGHT
COMMUNICATION SERVICES,0.034696548132
CONSUMER DISCRETIONARY,0.085146929908
CONSUMER STAPLES,0.011717972499
ENERGY,0.075390775538
FINANCIALS,0.201765530443
HEALTH CARE,0.171325058336
INDUSTRIALS,0.145060199125
MATERIALS,0.056424769092
REAL ESTATE,0.056214082742
TECHNOLOGY,0.135354863573
UTILITIES,0.026903270614
