SECTOR,WEIGHT
COMMUNICATION SERVICES,0.028638611331
CONSUMER DISCRETIONARY,0.144099178356
CONSUMER STAPLES,0.015281387378
ENERGY,0.039295764796
FINANCIALS,0.184415137183
HEALTH CARE,0.168196419636
INDUSTRIALS,0.178513508424
MATERIALS,0.033935441519
REAL ESTATE,0.052947854956
TECHNOLOGY,0.154676696422
