SECTOR,WEIGHT
COMMUNICATION SERVICES,0.026217072134
CONSUMER DISCRETIONARY,0.138835108358
CONSUMER STAPLES,0.013324728448
ENERGY,0.031569438959
FINANCIALS,0.180527059901
HEALTH CARE,0.176926707572
INDUSTRIALS,0.170096312636
MATERIALS,0.029286575844
REAL ESTATE,0.051072774423
TECHNOLOGY,0.161284867711
UTILITIES,0.020859354013
