SECTOR,WEIGHT
COMMUNICATION SERVICES,0.028618352462
CONSUMER DISCRETIONARY,0.143183122631
CONSUMER STAPLES,0.015302316683
ENERGY,0.03819613879
FINANCIALS,0.186016066519
HEALTH CARE,0.171969148156
INDUSTRIALS,0.175433316638
MATERIALS,0.034922214746
REAL ESTATE,0.053627434753
TECHNOLOGY,0.152731888622
