SECTOR,WEIGHT
COMMUNICATION SERVICES,0.031432917684
CONSUMER DISCRETIONARY,0.148364185628
CONSUMER STAPLES,0.014062433046
ENERGY,0.032895187899
FINANCIALS,0.184889874448
HEALTH CARE,0.174738612504
INDUSTRIALS,0.16923661996
MATERIALS,0.031909628487
REAL ESTATE,0.051665809658
TECHNOLOGY,0.160804730685
