SECTOR,WEIGHT
COMMUNICATION SERVICES,0.030573732337
CONSUMER DISCRETIONARY,0.141323388568
CONSUMER STAPLES,0.013346245833
ENERGY,0.031412688136
FINANCIALS,0.187149208931
HEALTH CARE,0.182896644712
INDUSTRIALS,0.165061343292
MATERIALS,0.030399306577
REAL ESTATE,0.053061814135
TECHNOLOGY,0.164775627478
