SECTOR,WEIGHT
COMMUNICATION SERVICES,0.104523323206
CONSUMER DISCRETIONARY,0.088031883901
CONSUMER STAPLES,0.059535129992
ENERGY,0.031451037972
FINANCIALS,0.117911298627
HEALTH CARE,0.090926110429
INDUSTRIALS,0.086431993669
MATERIALS,0.033655345928
REAL ESTATE,0.039199596529
TECHNOLOGY,0.323508678957
UTILITIES,0.02482560079
