SECTOR,WEIGHT
COMMUNICATION SERVICES,0.103087685975
CONSUMER DISCRETIONARY,0.08695648324
CONSUMER STAPLES,0.061204411935
ENERGY,0.031409990436
FINANCIALS,0.116510614499
HEALTH CARE,0.089802633464
INDUSTRIALS,0.086786013094
MATERIALS,0.034326154965
REAL ESTATE,0.038476816006
TECHNOLOGY,0.3267820967
UTILITIES,0.024657099685
