SECTOR,WEIGHT
COMMUNICATION SERVICES,0.106483368874
CONSUMER DISCRETIONARY,0.083506511671
CONSUMER STAPLES,0.066473816548
ENERGY,0.039260641793
FINANCIALS,0.111353271781
HEALTH CARE,0.093573643946
INDUSTRIALS,0.090701219355
MATERIALS,0.035102779659
REAL ESTATE,0.041893709972
TECHNOLOGY,0.305431515528
UTILITIES,0.026219520872
