SECTOR,WEIGHT
COMMUNICATION SERVICES,0.116631536686
CONSUMER DISCRETIONARY,0.095653919502
CONSUMER STAPLES,0.058215396969
ENERGY,0.031014754592
FINANCIALS,0.141222523336
HEALTH CARE,0.064739536284
INDUSTRIALS,0.079293385526
MATERIALS,0.019472046572
REAL ESTATE,0.038642979022
TECHNOLOGY,0.333132590585
UTILITIES,0.021981330924
