SECTOR,WEIGHT
COMMUNICATION SERVICES,0.104888005152
CONSUMER DISCRETIONARY,0.081392691514
CONSUMER STAPLES,0.067425162425
ENERGY,0.037235467176
FINANCIALS,0.112300192924
HEALTH CARE,0.095811404291
INDUSTRIALS,0.092595723003
MATERIALS,0.036526562131
REAL ESTATE,0.041094052359
TECHNOLOGY,0.305051776289
UTILITIES,0.025678962736
