SECTOR,WEIGHT
CONSUMER DISCRETIONARY,0.059871700357
CONSUMER STAPLES,0.235995251203
ENERGY,0.238727719208
FINANCIALS,0.105293284942
HEALTH CARE,0.175205753307
INDUSTRIALS,0.02003159021
MATERIALS,0.011430684893
TECHNOLOGY,0.061044556532
UTILITIES,0.092399459348
