SECTOR,WEIGHT
COMMUNICATION SERVICES,0.000592830232
CONSUMER DISCRETIONARY,0.075739435975
CONSUMER STAPLES,0.27197927762
ENERGY,0.243339637975
FINANCIALS,0.055247176953
HEALTH CARE,0.168263888878
INDUSTRIALS,0.029866621422
MATERIALS,0.009200551949
TECHNOLOGY,0.059725516393
UTILITIES,0.086045062602
