SECTOR,WEIGHT
COMMUNICATION SERVICES,0.034982989704
CONSUMER DISCRETIONARY,0.058370138188
CONSUMER STAPLES,0.246094838502
ENERGY,0.213075771067
FINANCIALS,0.032780574223
HEALTH CARE,0.225727358815
INDUSTRIALS,0.029260531353
MATERIALS,0.009884259658
TECHNOLOGY,0.058131573824
UTILITIES,0.091691964665
