SECTOR,WEIGHT
COMMUNICATION SERVICES,0.033312998949
CONSUMER DISCRETIONARY,0.059770108863
CONSUMER STAPLES,0.242897160237
ENERGY,0.217234587731
FINANCIALS,0.03524914589
HEALTH CARE,0.223493886804
INDUSTRIALS,0.030182972088
MATERIALS,0.009684632731
TECHNOLOGY,0.060784638322
UTILITIES,0.087389868387
