SECTOR,WEIGHT
COMMUNICATION SERVICES,0.000596138536
CONSUMER DISCRETIONARY,0.077239272473
CONSUMER STAPLES,0.277181885445
ENERGY,0.244023042678
FINANCIALS,0.053738697266
HEALTH CARE,0.165436837844
INDUSTRIALS,0.028880198608
MATERIALS,0.009069789394
TECHNOLOGY,0.058453550857
UTILITIES,0.085380586899
