SECTOR,WEIGHT
COMMUNICATION SERVICES,0.000522730818
CONSUMER DISCRETIONARY,0.070220504996
CONSUMER STAPLES,0.272679638144
ENERGY,0.265306360492
FINANCIALS,0.042261701791
HEALTH CARE,0.166989205766
INDUSTRIALS,0.028492776334
MATERIALS,0.008794578594
TECHNOLOGY,0.057590354886
UTILITIES,0.087142148179
