SECTOR,WEIGHT
COMMUNICATION SERVICES,0.186723774545
CONSUMER DISCRETIONARY,0.140646812892
CONSUMER STAPLES,0.004787282558
ENERGY,0.005459277428
FINANCIALS,0.022088974981
HEALTH CARE,0.08240510251
INDUSTRIALS,0.037043119376
REAL ESTATE,0.007537628786
TECHNOLOGY,0.513308026924
