SECTOR,WEIGHT
COMMUNICATION SERVICES,0.208190607699
CONSUMER DISCRETIONARY,0.145002499817
CONSUMER STAPLES,0.006063656002
ENERGY,0.00596305192
FINANCIALS,0.027699602304
HEALTH CARE,0.070819238803
INDUSTRIALS,0.034262202206
REAL ESTATE,0.003792351803
TECHNOLOGY,0.498206789446
