SECTOR,WEIGHT
COMMUNICATION SERVICES,0.214303035804
CONSUMER DISCRETIONARY,0.132569632504
CONSUMER STAPLES,0.005156202394
ENERGY,0.006054107782
FINANCIALS,0.024281825109
HEALTH CARE,0.071559099805
INDUSTRIALS,0.03737540371
MATERIALS,0.004495974784
TECHNOLOGY,0.504204718109
