SECTOR,WEIGHT
COMMUNICATION SERVICES,0.206014629257
CONSUMER DISCRETIONARY,0.133588090231
CONSUMER STAPLES,0.005461169637
ENERGY,0.005931678728
FINANCIALS,0.026066860469
HEALTH CARE,0.078491404971
INDUSTRIALS,0.045297231909
MATERIALS,0.004405768968
TECHNOLOGY,0.494743165829
