SECTOR,WEIGHT
COMMUNICATION SERVICES,0.200844421026
CONSUMER DISCRETIONARY,0.161624687595
CONSUMER STAPLES,0.005274360318
ENERGY,0.006012175279
FINANCIALS,0.029815555209
HEALTH CARE,0.062897321822
INDUSTRIALS,0.031165090012
REAL ESTATE,0.004560018453
TECHNOLOGY,0.497806370285
