SECTOR,WEIGHT
COMMUNICATION SERVICES,0.209270294865
CONSUMER DISCRETIONARY,0.144728694532
CONSUMER STAPLES,0.00555801024
ENERGY,0.006828887872
FINANCIALS,0.027527733479
HEALTH CARE,0.070418556355
INDUSTRIALS,0.034027557691
REAL ESTATE,0.004349562892
TECHNOLOGY,0.497290702075
