SECTOR,WEIGHT
COMMUNICATION SERVICES,0.205425958278
CONSUMER DISCRETIONARY,0.127119514952
CONSUMER STAPLES,0.005138218066
ENERGY,0.005652039873
FINANCIALS,0.02260815949
HEALTH CARE,0.071112938033
INDUSTRIALS,0.030829308396
MATERIALS,0.006782447847
TECHNOLOGY,0.525331415065
