SECTOR,WEIGHT
COMMUNICATION SERVICES,0.205620505471
CONSUMER DISCRETIONARY,0.127970829603
CONSUMER STAPLES,0.005239723844
ENERGY,0.005728922833
FINANCIALS,0.023105801391
HEALTH CARE,0.065176698832
INDUSTRIALS,0.025629202807
MATERIALS,0.004273770983
TECHNOLOGY,0.537254544236
