SECTOR,WEIGHT
COMMUNICATION SERVICES,0.196681574469
CONSUMER DISCRETIONARY,0.155767874313
CONSUMER STAPLES,0.005068749215
ENERGY,0.005927419469
FINANCIALS,0.024320651636
HEALTH CARE,0.066164389019
INDUSTRIALS,0.031123209757
REAL ESTATE,0.007199650893
TECHNOLOGY,0.50774648123
