SECTOR,WEIGHT
COMMUNICATION SERVICES,0.207235142119
CONSUMER DISCRETIONARY,0.133953488372
CONSUMER STAPLES,0.005374677003
ENERGY,0.006304909561
FINANCIALS,0.023669250646
HEALTH CARE,0.069870801034
INDUSTRIALS,0.037209302326
MATERIALS,0.004547803618
TECHNOLOGY,0.511834625323
