SECTOR,WEIGHT
COMMUNICATION SERVICES,0.20408128505
CONSUMER DISCRETIONARY,0.132289530509
CONSUMER STAPLES,0.005623097893
ENERGY,0.006194593628
FINANCIALS,0.024811856028
HEALTH CARE,0.080001689711
INDUSTRIALS,0.042370179154
MATERIALS,0.004249714097
TECHNOLOGY,0.500378053929
