SECTOR,WEIGHT
COMMUNICATION SERVICES,0.096270393981
CONSUMER DISCRETIONARY,0.094941081327
CONSUMER STAPLES,0.080662429892
ENERGY,0.039306400018
FINANCIALS,0.068497800304
HEALTH CARE,0.090113864687
INDUSTRIALS,0.141606722087
MATERIALS,0.031771445535
REAL ESTATE,0.017023496529
TECHNOLOGY,0.33980636564
