SECTOR,WEIGHT
COMMUNICATION SERVICES,0.078615098753
CONSUMER DISCRETIONARY,0.135824762503
CONSUMER STAPLES,0.018582043431
ENERGY,0.026108067955
FINANCIALS,0.155290562726
HEALTH CARE,0.10415949495
INDUSTRIALS,0.103759891936
MATERIALS,0.015756638745
REAL ESTATE,0.030565101068
TECHNOLOGY,0.331338337933
