SECTOR,WEIGHT
COMMUNICATION SERVICES,0.092265589761
CONSUMER DISCRETIONARY,0.136816123723
CONSUMER STAPLES,0.027496828919
ENERGY,0.021522986679
FINANCIALS,0.134580978358
HEALTH CARE,0.114282023881
INDUSTRIALS,0.110923755811
MATERIALS,0.030396967871
REAL ESTATE,0.019179868152
TECHNOLOGY,0.312534876845
