SECTOR,WEIGHT
COMMUNICATION SERVICES,0.095464828676
CONSUMER DISCRETIONARY,0.054570080155
CONSUMER STAPLES,0.099131608999
ENERGY,0.117424918952
FINANCIALS,0.063473185147
HEALTH CARE,0.108693652005
INDUSTRIALS,0.088092029421
MATERIALS,0.052096694756
REAL ESTATE,0.026868975521
TECHNOLOGY,0.294184026368
