SECTOR,WEIGHT
COMMUNICATION SERVICES,0.083716899455
CONSUMER DISCRETIONARY,0.088160795657
CONSUMER STAPLES,0.067198902773
ENERGY,0.037831136126
FINANCIALS,0.107782515657
HEALTH CARE,0.069116123576
INDUSTRIALS,0.150013642165
MATERIALS,0.028614050071
REAL ESTATE,0.021172013594
TECHNOLOGY,0.346393920926
