SECTOR,WEIGHT
COMMUNICATION SERVICES,0.102381558558
CONSUMER DISCRETIONARY,0.14081484904
CONSUMER STAPLES,0.035126705285
ENERGY,0.03321357963
FINANCIALS,0.115823728416
HEALTH CARE,0.084159717704
INDUSTRIALS,0.119524254054
MATERIALS,0.029112827267
REAL ESTATE,0.015134227871
TECHNOLOGY,0.324708552175
