SECTOR,WEIGHT
COMMUNICATION SERVICES,0.100761406146
CONSUMER DISCRETIONARY,0.105570905147
CONSUMER STAPLES,0.045121748117
ENERGY,0.038721538015
FINANCIALS,0.109224202723
HEALTH CARE,0.086819730796
INDUSTRIALS,0.128683190134
MATERIALS,0.029639538459
REAL ESTATE,0.015919922109
TECHNOLOGY,0.339537818356
