SECTOR,WEIGHT
COMMUNICATION SERVICES,0.094367352176
CONSUMER DISCRETIONARY,0.063639717455
CONSUMER STAPLES,0.039005279166
ENERGY,0.017302151566
FINANCIALS,0.184833975936
HEALTH CARE,0.097305680367
INDUSTRIALS,0.038757661608
MATERIALS,0.030926129768
REAL ESTATE,0.053334015033
TECHNOLOGY,0.324284766207
UTILITIES,0.056243270717
