SECTOR,WEIGHT
COMMUNICATION SERVICES,0.105435295298
CONSUMER DISCRETIONARY,0.102483817552
CONSUMER STAPLES,0.040979477144
ENERGY,0.032919865523
FINANCIALS,0.163029755632
HEALTH CARE,0.084399618646
INDUSTRIALS,0.042609262883
MATERIALS,0.03562547042
REAL ESTATE,0.055304330373
TECHNOLOGY,0.288406844297
UTILITIES,0.048806262231
