SECTOR,WEIGHT
COMMUNICATION SERVICES,0.087972662675
CONSUMER DISCRETIONARY,0.0662572234
CONSUMER STAPLES,0.03840516184
ENERGY,0.022751949363
FINANCIALS,0.191709125712
HEALTH CARE,0.076998323086
INDUSTRIALS,0.051418339895
MATERIALS,0.037507389281
REAL ESTATE,0.054991333931
TECHNOLOGY,0.315438873049
UTILITIES,0.056549617768
