SECTOR,WEIGHT
COMMUNICATION SERVICES,0.089953711004
CONSUMER DISCRETIONARY,0.066359278538
CONSUMER STAPLES,0.037044253245
ENERGY,0.023126420482
FINANCIALS,0.185235326669
HEALTH CARE,0.076510920447
INDUSTRIALS,0.050172692405
MATERIALS,0.036039935684
REAL ESTATE,0.05412367769
TECHNOLOGY,0.326087851674
UTILITIES,0.055345932162
