SECTOR,WEIGHT
COMMUNICATION SERVICES,0.102265159574
CONSUMER DISCRETIONARY,0.086249031951
CONSUMER STAPLES,0.065571201707
ENERGY,0.048123717429
FINANCIALS,0.167331117493
HEALTH CARE,0.072615485371
INDUSTRIALS,0.031053910416
MATERIALS,0.040139258447
REAL ESTATE,0.049343132853
TECHNOLOGY,0.29447476242
UTILITIES,0.04283322234
