SECTOR,WEIGHT
COMMUNICATION SERVICES,0.095402900292
CONSUMER DISCRETIONARY,0.063139943738
CONSUMER STAPLES,0.03892263981
ENERGY,0.01806380079
FINANCIALS,0.182388547474
HEALTH CARE,0.097530061977
INDUSTRIALS,0.040534582447
MATERIALS,0.033573601502
REAL ESTATE,0.054836179425
TECHNOLOGY,0.319664796278
UTILITIES,0.05594294627
