SECTOR,WEIGHT
COMMUNICATION SERVICES,0.101839288255
CONSUMER DISCRETIONARY,0.090187656706
CONSUMER STAPLES,0.061582184739
ENERGY,0.043651278803
FINANCIALS,0.179384218237
HEALTH CARE,0.069550028761
INDUSTRIALS,0.029422198528
MATERIALS,0.03686292823
REAL ESTATE,0.047200782454
TECHNOLOGY,0.30065458379
UTILITIES,0.039664851496
