SECTOR,WEIGHT
COMMUNICATION SERVICES,0.105576356778
CONSUMER DISCRETIONARY,0.100979442947
CONSUMER STAPLES,0.042824515802
ENERGY,0.024383629885
FINANCIALS,0.166597701242
HEALTH CARE,0.087450837026
INDUSTRIALS,0.044400342283
MATERIALS,0.036987228675
REAL ESTATE,0.05684625799
TECHNOLOGY,0.286269117818
UTILITIES,0.047684569555
