SECTOR,WEIGHT
COMMUNICATION SERVICES,0.107331411259
CONSUMER DISCRETIONARY,0.102023797458
CONSUMER STAPLES,0.040107657555
ENERGY,0.032177847712
FINANCIALS,0.16148332201
HEALTH CARE,0.083629287913
INDUSTRIALS,0.042429801313
MATERIALS,0.035512542487
REAL ESTATE,0.054661698577
TECHNOLOGY,0.292576064257
UTILITIES,0.048066569459
