SECTOR,WEIGHT
COMMUNICATION SERVICES,0.094644663194
CONSUMER DISCRETIONARY,0.061970891699
CONSUMER STAPLES,0.039660085109
ENERGY,0.018146738699
FINANCIALS,0.185126262855
HEALTH CARE,0.096315914754
INDUSTRIALS,0.041457885766
MATERIALS,0.03327638624
REAL ESTATE,0.055931687592
TECHNOLOGY,0.316034272709
UTILITIES,0.057435211382
