SECTOR,WEIGHT
COMMUNICATION SERVICES,0.093855421687
CONSUMER DISCRETIONARY,0.063103413655
CONSUMER STAPLES,0.037549196787
ENERGY,0.017588353414
FINANCIALS,0.188027108434
HEALTH CARE,0.097263052209
INDUSTRIALS,0.039980923695
MATERIALS,0.032358433735
REAL ESTATE,0.053450803213
TECHNOLOGY,0.320633534137
UTILITIES,0.056189759036
