SECTOR,WEIGHT
COMMUNICATION SERVICES,0.110483301382
CONSUMER DISCRETIONARY,0.106346483705
CONSUMER STAPLES,0.073554636263
ENERGY,0.024820906064
FINANCIALS,0.140248209061
HEALTH CARE,0.064372918979
INDUSTRIALS,0.04025829886
MATERIALS,0.02038139441
REAL ESTATE,0.058419937443
TECHNOLOGY,0.317425083241
UTILITIES,0.043688830592
