SECTOR,WEIGHT
COMMUNICATION SERVICES,0.182209156458
CONSUMER DISCRETIONARY,0.069369967468
CONSUMER STAPLES,0.027500710593
ENERGY,0.059407601288
HEALTH CARE,0.14344340916
INDUSTRIALS,0.069683331542
MATERIALS,0.035149003613
REAL ESTATE,0.010455512847
TECHNOLOGY,0.40172370328
UTILITIES,0.001057603749
