SECTOR,WEIGHT
COMMUNICATION SERVICES,0.165095640817
CONSUMER DISCRETIONARY,0.061622598698
CONSUMER STAPLES,0.03358186872
ENERGY,0.058673477065
FINANCIALS,0.000587818121
HEALTH CARE,0.129232716793
INDUSTRIALS,0.065363168279
MATERIALS,0.030518393391
REAL ESTATE,0.00932283553
TECHNOLOGY,0.442844718715
UTILITIES,0.003156763871
