SECTOR,WEIGHT
COMMUNICATION SERVICES,0.189868769196
CONSUMER DISCRETIONARY,0.068749931018
CONSUMER STAPLES,0.025127402946
ENERGY,0.05321675508
HEALTH CARE,0.139296898281
INDUSTRIALS,0.063713012007
MATERIALS,0.031835936912
REAL ESTATE,0.00953502816
TECHNOLOGY,0.416593337019
UTILITIES,0.0009702591
