SECTOR,WEIGHT
COMMUNICATION SERVICES,0.185538064713
CONSUMER DISCRETIONARY,0.067612701249
CONSUMER STAPLES,0.026113532198
ENERGY,0.062284969277
HEALTH CARE,0.139455597539
INDUSTRIALS,0.06844264439
MATERIALS,0.033081030618
REAL ESTATE,0.010207797643
TECHNOLOGY,0.406169143418
UTILITIES,0.001094518955
