SECTOR,WEIGHT
COMMUNICATION SERVICES,0.190676378355
CONSUMER DISCRETIONARY,0.070760737794
CONSUMER STAPLES,0.025404013586
ENERGY,0.05176784122
HEALTH CARE,0.115740750018
INDUSTRIALS,0.065114065584
MATERIALS,0.0293805292
REAL ESTATE,0.014458326237
TECHNOLOGY,0.435693460641
UTILITIES,0.001003897366
