SECTOR,WEIGHT
COMMUNICATION SERVICES,0.186108210154
CONSUMER DISCRETIONARY,0.075207864717
CONSUMER STAPLES,0.024540086761
ENERGY,0.048111142352
HEALTH CARE,0.14179285829
INDUSTRIALS,0.062630543059
MATERIALS,0.03001687018
REAL ESTATE,0.009568806234
TECHNOLOGY,0.421038520244
UTILITIES,0.000985098008
