SECTOR,WEIGHT
COMMUNICATION SERVICES,0.182564660307
CONSUMER DISCRETIONARY,0.067863292366
CONSUMER STAPLES,0.027324639922
ENERGY,0.058513167272
HEALTH CARE,0.140909259961
INDUSTRIALS,0.069462523609
MATERIALS,0.03436286567
REAL ESTATE,0.010176377817
TECHNOLOGY,0.407769791115
UTILITIES,0.001053421963
