SECTOR,WEIGHT
COMMUNICATION SERVICES,0.186581575949
CONSUMER DISCRETIONARY,0.074750685733
CONSUMER STAPLES,0.026242763097
ENERGY,0.051958385989
HEALTH CARE,0.116788613772
INDUSTRIALS,0.064779117231
MATERIALS,0.030716439659
REAL ESTATE,0.014290911241
TECHNOLOGY,0.432876311462
UTILITIES,0.001015195869
