SECTOR,WEIGHT
COMMUNICATION SERVICES,0.185397232348
CONSUMER DISCRETIONARY,0.066885078972
CONSUMER STAPLES,0.026257774147
ENERGY,0.064824383024
HEALTH CARE,0.137439766401
INDUSTRIALS,0.068185088329
MATERIALS,0.03322570356
REAL ESTATE,0.010558048135
TECHNOLOGY,0.406107025383
UTILITIES,0.001119899702
