SECTOR,WEIGHT
CONSUMER DISCRETIONARY,0.365676548874
FINANCIALS,0.166067216352
INDUSTRIALS,0.114445041806
MATERIALS,0.023585380255
REAL ESTATE,0.324754028885
TECHNOLOGY,0.005471783828
