SECTOR,WEIGHT
CONSUMER DISCRETIONARY,0.37130681299
FINANCIALS,0.163868959257
INDUSTRIALS,0.115870981892
MATERIALS,0.023704021104
REAL ESTATE,0.320476943791
TECHNOLOGY,0.004772280968
