SECTOR,WEIGHT
CONSUMER DISCRETIONARY,0.358343620929
FINANCIALS,0.16841377979
INDUSTRIALS,0.111579514222
MATERIALS,0.022922286742
REAL ESTATE,0.33323375957
TECHNOLOGY,0.005507038747
