SECTOR,WEIGHT
CONSUMER DISCRETIONARY,0.346014352488
FINANCIALS,0.170848394208
INDUSTRIALS,0.112123206448
MATERIALS,0.022727828422
REAL ESTATE,0.341697807191
TECHNOLOGY,0.006588411242
