SECTOR,WEIGHT
CONSUMER DISCRETIONARY,0.379387123556
FINANCIALS,0.172588242254
INDUSTRIALS,0.091150173496
MATERIALS,0.019957651062
REAL ESTATE,0.336916809632
