SECTOR,WEIGHT
COMMUNICATION SERVICES,0.11897138283
CONSUMER DISCRETIONARY,0.138483089854
CONSUMER STAPLES,0.044126475886
ENERGY,0.039923954373
FINANCIALS,0.064438663198
HEALTH CARE,0.092255353212
INDUSTRIALS,0.070642385431
MATERIALS,0.019411646988
REAL ESTATE,0.00880528317
TECHNOLOGY,0.401941164699
UTILITIES,0.00100060036
