SECTOR,WEIGHT
COMMUNICATION SERVICES,0.120611425134
CONSUMER DISCRETIONARY,0.134715923138
CONSUMER STAPLES,0.046713705016
ENERGY,0.03086553832
FINANCIALS,0.084679037839
HEALTH CARE,0.079861427386
INDUSTRIALS,0.06442665631
MATERIALS,0.014482860097
REAL ESTATE,0.006060800186
TECHNOLOGY,0.411729024677
UTILITIES,0.005853601897
