SECTOR,WEIGHT
COMMUNICATION SERVICES,0.124131185812
CONSUMER DISCRETIONARY,0.132392115877
CONSUMER STAPLES,0.054062441499
ENERGY,0.037896966621
FINANCIALS,0.082895610155
HEALTH CARE,0.0815231265
INDUSTRIALS,0.070541255097
MATERIALS,0.01644778005
REAL ESTATE,0.005947429171
TECHNOLOGY,0.389196721656
UTILITIES,0.004965367562
