SECTOR,WEIGHT
COMMUNICATION SERVICES,0.124868073153
CONSUMER DISCRETIONARY,0.130747383722
CONSUMER STAPLES,0.04704949045
ENERGY,0.030624035246
FINANCIALS,0.082762525673
HEALTH CARE,0.082621470238
INDUSTRIALS,0.065274652939
MATERIALS,0.014853837558
REAL ESTATE,0.006477545675
TECHNOLOGYQ,0.408602580814
UTILITIES,0.006118404533
