SECTOR,WEIGHT
COMMUNICATION SERVICES,0.122874699246
CONSUMER DISCRETIONARY,0.12711103279
CONSUMER STAPLES,0.05408108809
ENERGY,0.040950556751
FINANCIALS,0.079351904047
HEALTH CARE,0.078982438891
INDUSTRIALS,0.068580342651
MATERIALS,0.014856704591
REAL ESTATE,0.005990542092
TECHNOLOGY,0.401738789136
UTILITIES,0.005481901714
