SECTOR,WEIGHT
COMMUNICATION SERVICES,0.120897737245
CONSUMER DISCRETIONARY,0.134732633083
CONSUMER STAPLES,0.050221292291
ENERGY,0.03460625182
FINANCIALS,0.080473744618
HEALTH CARE,0.081058120371
INDUSTRIALS,0.068790232119
MATERIALS,0.015669075215
REAL ESTATE,0.006265028413
TECHNOLOGY,0.401714302296
UTILITIES,0.005571582528
