SECTOR,WEIGHT
COMMUNICATION SERVICES,0.120312786034
CONSUMER DISCRETIONARY,0.133626299315
CONSUMER STAPLES,0.047249017417
ENERGY,0.031123550884
FINANCIALS,0.084751730837
HEALTH CARE,0.08006914344
INDUSTRIALS,0.064477857994
MATERIALS,0.014505917506
REAL ESTATE,0.006136080131
TECHNOLOGY,0.411897633298
UTILITIES,0.005849983144
