SECTOR,WEIGHT
COMMUNICATION SERVICES,0.122156459677
CONSUMER DISCRETIONARY,0.127112848462
CONSUMER STAPLES,0.055644726052
ENERGY,0.040744519686
FINANCIALS,0.081055480514
HEALTH CARE,0.080037167909
INDUSTRIALS,0.071243833301
MATERIALS,0.015866451856
REAL ESTATE,0.006103867886
TECHNOLOGY,0.394253192365
UTILITIES,0.005781452292
