SECTOR,WEIGHT
COMMUNICATION SERVICES,0.022407537203
CONSUMER DISCRETIONARY,0.051125703271
CONSUMER STAPLES,0.090794634953
ENERGY,0.026011274044
FINANCIALS,0.23027427119
HEALTH CARE,0.041848221832
INDUSTRIALS,0.136866524308
MATERIALS,0.076723561839
REAL ESTATE,0.173356158992
TECHNOLOGY,0.023130206972
UTILITIES,0.127461905395
