SECTOR,WEIGHT
COMMUNICATION SERVICES,0.021879756236
CONSUMER DISCRETIONARY,0.044807634392
CONSUMER STAPLES,0.101539510529
ENERGY,0.016468356704
FINANCIALS,0.23563487652
HEALTH CARE,0.033855870758
INDUSTRIALS,0.163178395799
MATERIALS,0.073650594685
REAL ESTATE,0.163098097335
TECHNOLOGY,0.023575050097
UTILITIES,0.122311856945
