SECTOR,WEIGHT
COMMUNICATION SERVICES,0.024294299525
CONSUMER DISCRETIONARY,0.040602849383
CONSUMER STAPLES,0.102867745111
ENERGY,0.019112543475
FINANCIALS,0.217628882401
HEALTH CARE,0.034638522852
INDUSTRIALS,0.162764205729
MATERIALS,0.075893659112
REAL ESTATE,0.167144461004
TECHNOLOGY,0.026613227581
UTILITIES,0.128439603828
