SECTOR,WEIGHT
COMMUNICATION SERVICES,0.021576639318
CONSUMER DISCRETIONARY,0.042661815893
CONSUMER STAPLES,0.103727554605
ENERGY,0.017025713509
FINANCIALS,0.223845018177
HEALTH CARE,0.033630663526
INDUSTRIALS,0.166300256816
MATERIALS,0.076748572104
REAL ESTATE,0.163480739221
TECHNOLOGY,0.025793844008
UTILITIES,0.125209182823
