SECTOR,WEIGHT
COMMUNICATION SERVICES,0.02445931585
CONSUMER DISCRETIONARY,0.040518452053
CONSUMER STAPLES,0.101064934765
ENERGY,0.019762094225
FINANCIALS,0.219363060234
HEALTH CARE,0.034520843664
INDUSTRIALS,0.16268706678
MATERIALS,0.073726381726
REAL ESTATE,0.168457354214
TECHNOLOGY,0.025882291928
UTILITIES,0.12955820456
