SECTOR,WEIGHT
COMMUNICATION SERVICES,0.022406474717
CONSUMER DISCRETIONARY,0.044569985527
CONSUMER STAPLES,0.100809958376
ENERGY,0.016692776544
FINANCIALS,0.235529466196
HEALTH CARE,0.033647401087
INDUSTRIALS,0.163757314723
MATERIALS,0.07376395876
REAL ESTATE,0.162752344223
TECHNOLOGY,0.023366274309
UTILITIES,0.122704045537
