SECTOR,WEIGHT
COMMUNICATION SERVICES,0.022500963814
CONSUMER DISCRETIONARY,0.054895411657
CONSUMER STAPLES,0.087446457062
ENERGY,0.024642170361
FINANCIALS,0.234412511871
HEALTH CARE,0.039716797113
INDUSTRIALS,0.13994347154
MATERIALS,0.076972788404
REAL ESTATE,0.169636421848
TECHNOLOGY,0.027303747674
UTILITIES,0.122529258657
