SECTOR,WEIGHT
COMMUNICATION SERVICES,0.019005382585
CONSUMER DISCRETIONARY,0.069258769396
CONSUMER STAPLES,0.074320636502
ENERGY,0.021104609157
FINANCIALS,0.130186073499
HEALTH CARE,0.077157194393
INDUSTRIALS,0.135539748871
MATERIALS,0.043995774701
REAL ESTATE,0.072861343201
TECHNOLOGY,0.237381328069
UTILITIES,0.119189139626
