SECTOR,WEIGHT
COMMUNICATION SERVICES,0.021263552478
CONSUMER DISCRETIONARY,0.068145795429
CONSUMER STAPLES,0.079790448791
ENERGY,0.024370262311
FINANCIALS,0.135504871275
HEALTH CARE,0.076554398103
INDUSTRIALS,0.133253303034
MATERIALS,0.046297976983
REAL ESTATE,0.075532458643
TECHNOLOGY,0.21326891041
UTILITIES,0.126018022542
