SECTOR,WEIGHT
COMMUNICATION SERVICES,0.013940427239
CONSUMER DISCRETIONARY,0.06839835523
CONSUMER STAPLES,0.063283522214
ENERGY,0.023969511584
FINANCIALS,0.152843245412
HEALTH CARE,0.07160766222
INDUSTRIALS,0.12135192057
MATERIALS,0.03550295858
REAL ESTATE,0.099689098385
TECHNOLOGY,0.229064286431
UTILITIES,0.120349012135
