SECTOR,WEIGHT
COMMUNICATION SERVICES,0.019330366212
CONSUMER DISCRETIONARY,0.068350775222
CONSUMER STAPLES,0.075803822968
ENERGY,0.022707565674
FINANCIALS,0.129399931935
HEALTH CARE,0.075929029411
INDUSTRIALS,0.133767517938
MATERIALS,0.044377279582
REAL ESTATE,0.072471625949
TECHNOLOGY,0.229594395129
UTILITIES,0.119271743928
