SECTOR,WEIGHT
COMMUNICATION SERVICES,0.019263380024
CONSUMER DISCRETIONARY,0.067961495102
CONSUMER STAPLES,0.073234359429
ENERGY,0.019754601265
FINANCIALS,0.13999532378
HEALTH CARE,0.07587921325
INDUSTRIALS,0.133010073986
MATERIALS,0.042316874655
REAL ESTATE,0.071909973401
TECHNOLOGY,0.241109454186
UTILITIES,0.115565250921
