SECTOR,WEIGHT
COMMUNICATION SERVICES,0.020760709369
CONSUMER DISCRETIONARY,0.069195536155
CONSUMER STAPLES,0.080099297923
ENERGY,0.023080460329
FINANCIALS,0.13976709948
HEALTH CARE,0.076241337288
INDUSTRIALS,0.132625843829
MATERIALS,0.045535666454
REAL ESTATE,0.073747764268
TECHNOLOGY,0.218804414115
UTILITIES,0.120141870789
