SECTOR,WEIGHT
COMMUNICATION SERVICES,0.020982799374
CONSUMER DISCRETIONARY,0.069741704013
CONSUMER STAPLES,0.081203286593
ENERGY,0.024143083054
FINANCIALS,0.134676403115
HEALTH CARE,0.076962258691
INDUSTRIALS,0.132419858671
MATERIALS,0.047192409962
REAL ESTATE,0.075473028873
TECHNOLOGY,0.212406273
UTILITIES,0.124798894654
