SECTOR,WEIGHT
COMMUNICATION SERVICES,0.014913010371
CONSUMER DISCRETIONARY,0.070231481542
CONSUMER STAPLES,0.061906470225
ENERGY,0.025075895209
FINANCIALS,0.152421941847
HEALTH CARE,0.078212277189
INDUSTRIALS,0.121718619529
MATERIALS,0.035761348428
REAL ESTATE,0.095907887509
TECHNOLOGY,0.218390121789
UTILITIES,0.125460946362
