SECTOR,WEIGHT
COMMUNICATION SERVICES,0.014175816642
CONSUMER DISCRETIONARY,0.071189022236
CONSUMER STAPLES,0.062208833175
ENERGY,0.024344393345
FINANCIALS,0.153213403613
HEALTH CARE,0.077312926024
INDUSTRIALS,0.121967663067
MATERIALS,0.035821578733
REAL ESTATE,0.096029349673
TECHNOLOGY,0.218140779744
UTILITIES,0.125596233749
