SECTOR,WEIGHT
CONSUMER DISCRETIONARY,0.017020275978
ENERGY,0.000356250069
INDUSTRIALS,0.796773968918
MATERIALS,0.179430948544
TECHNOLOGY,0.003172946794
UTILITIES,0.003245609697
