SECTOR,WEIGHT
CONSUMER DISCRETIONARY,0.015039990932
ENERGY,0.000350167342
INDUSTRIALS,0.791474336074
MATERIALS,0.18684767417
TECHNOLOGY,0.003332662011
UTILITIES,0.002955169472
