SECTOR,WEIGHT
CONSUMER DISCRETIONARY,0.01583882913
ENERGY,0.000359467098
INDUSTRIALS,0.792467999834
MATERIALS,0.184804566346
TECHNOLOGY,0.003319248299
UTILITIES,0.003209889294
