SECTOR,WEIGHT
CONSUMER DISCRETIONARY,0.015667724769
ENERGY,0.000380392339
INDUSTRIALS,0.812788447374
MATERIALS,0.165148796971
TECHNOLOGY,0.003022958746
UTILITIES,0.0029916798
