SECTOR,WEIGHT
CONSUMER DISCRETIONARY,0.016740057879
ENERGY,0.000363256229
INDUSTRIALS,0.802800301906
MATERIALS,0.174130909473
TECHNOLOGY,0.003188582453
UTILITIES,0.00277689206
