SECTOR,WEIGHT
CONSUMER DISCRETIONARY,0.0149613415
ENERGY,0.000401646752
INDUSTRIALS,0.810924791646
MATERIALS,0.168390400643
TECHNOLOGY,0.002510292198
UTILITIES,0.002811527262
