SECTOR,WEIGHT
CONSUMER DISCRETIONARY,0.015655218171
ENERGY,0.000379129334
INDUSTRIALS,0.798175137586
MATERIALS,0.179935185017
TECHNOLOGY,0.003106642225
UTILITIES,0.002748687668
