SECTOR,WEIGHT
CONSUMER DISCRETIONARY,0.016481615767
ENERGY,0.000376186677
INDUSTRIALS,0.797523824316
MATERIALS,0.179720411607
TECHNOLOGY,0.003038741177
UTILITIES,0.002859220456
