SECTOR,WEIGHT
CONSUMER DISCRETIONARY,0.015185674387
ENERGY,0.000351889009
INDUSTRIALS,0.791628268081
MATERIALS,0.186566712711
TECHNOLOGY,0.003321267607
UTILITIES,0.002946188205
