SECTOR,WEIGHT
CONSUMER DISCRETIONARY,0.016292169956
ENERGY,0.000359000526
INDUSTRIALS,0.799199711186
MATERIALS,0.178279056353
TECHNOLOGY,0.003252181735
UTILITIES,0.002617880243
