SECTOR,WEIGHT
CONSUMER DISCRETIONARY,0.0167425367
ENERGY,0.000358242452
INDUSTRIALS,0.795095408543
MATERIALS,0.181560302296
TECHNOLOGY,0.003136387443
UTILITIES,0.003107122566
