SECTOR,WEIGHT
CONSUMER DISCRETIONARY,0.037593954579
ENERGY,0.018429241089
FINANCIALS,0.077137719227
HEALTH CARE,0.224562555565
INDUSTRIALS,0.110665360058
MATERIALS,0.228661197769
TECHNOLOGY,0.302949971713
