SECTOR,WEIGHT
COMMUNICATION SERVICES,0.017304156416
CONSUMER DISCRETIONARY,0.054528033148
ENERGY,0.043704260003
FINANCIALS,0.063777288618
HEALTH CARE,0.196816781044
INDUSTRIALS,0.117781173119
MATERIALS,0.191908843714
TECHNOLOGY,0.314179463939
