SECTOR,WEIGHT
COMMUNICATION SERVICES,0.011402990473
CONSUMER DISCRETIONARY,0.006027415119
ENERGY,0.074681912708
FINANCIALS,0.063508117508
HEALTH CARE,0.045771767768
INDUSTRIALS,0.196298391217
MATERIALS,0.179772150461
TECHNOLOGY,0.422537254745
