SECTOR,WEIGHT
COMMUNICATION SERVICES,0.019183521608
CONSUMER DISCRETIONARY,0.052819634484
ENERGY,0.042414795143
FINANCIALS,0.062572300376
HEALTH CARE,0.192893661516
INDUSTRIALS,0.127440037463
MATERIALS,0.205522305401
TECHNOLOGY,0.29715374401
