SECTOR,WEIGHT
COMMUNICATION SERVICES,0.011342328452
CONSUMER DISCRETIONARY,0.007693378527
ENERGY,0.066835896387
FINANCIALS,0.059868089406
HEALTH CARE,0.051368988988
INDUSTRIALS,0.196923070433
MATERIALS,0.207271956449
TECHNOLOGY,0.398696291359
