SECTOR,WEIGHT
COMMUNICATION SERVICES,0.015747938372
CONSUMER DISCRETIONARY,0.048195335935
ENERGY,0.041870141599
FINANCIALS,0.053954993603
HEALTH CARE,0.184916513456
INDUSTRIALS,0.133939726263
MATERIALS,0.217560666172
TECHNOLOGY,0.3038146846
