SECTOR,WEIGHT
CONSUMER DISCRETIONARY,0.039225600143
ENERGY,0.01704372743
FINANCIALS,0.066231513417
HEALTH CARE,0.220108376261
INDUSTRIALS,0.10081140342
MATERIALS,0.252029521791
TECHNOLOGY,0.304549857538
