SECTOR,WEIGHT
COMMUNICATION SERVICES,0.041774219813
CONSUMER DISCRETIONARY,0.028217533133
CONSUMER STAPLES,0.115918916221
ENERGY,0.144432712966
FINANCIALS,0.122946247065
HEALTH CARE,0.178760420442
INDUSTRIALS,0.057471988906
MATERIALS,0.027433800316
REAL ESTATE,0.117296226841
TECHNOLOGY,0.099801965636
UTILITIES,0.065945968661
