SECTOR,WEIGHT
COMMUNICATION SERVICES,0.042072277773
CONSUMER DISCRETIONARY,0.028455502191
CONSUMER STAPLES,0.117225415322
ENERGY,0.143791302522
FINANCIALS,0.118764401753
HEALTH CARE,0.181754717476
INDUSTRIALS,0.057662651235
MATERIALS,0.028172059943
REAL ESTATE,0.119410020208
TECHNOLOGYQ,0.096772432617
UTILITIES,0.065919218959
