SECTOR,WEIGHT
COMMUNICATION SERVICES,0.039430195286
CONSUMER DISCRETIONARY,0.055245289292
CONSUMER STAPLES,0.128393086286
ENERGY,0.169756918649
FINANCIALS,0.124934151397
HEALTH CARE,0.154899811416
INDUSTRIALS,0.045142788864
MATERIALS,0.016396951482
REAL ESTATE,0.114649820507
TECHNOLOGY,0.091507478427
UTILITIES,0.059643508393
