SECTOR,WEIGHT
COMMUNICATION SERVICES,0.039113244994
CONSUMER DISCRETIONARY,0.058192774736
CONSUMER STAPLES,0.133267212702
ENERGY,0.163315172804
FINANCIALS,0.122832833597
HEALTH CARE,0.154757811414
INDUSTRIALS,0.044784012324
MATERIALS,0.016187710132
REAL ESTATE,0.120634967084
TECHNOLOGY,0.083419642008
UTILITIES,0.063494618206
