SECTOR,WEIGHT
COMMUNICATION SERVICES,0.050155314156
CONSUMER DISCRETIONARY,0.05491574326
CONSUMER STAPLES,0.141698122587
ENERGY,0.154730339301
FINANCIALS,0.11141054021
HEALTH CARE,0.157710763477
INDUSTRIALS,0.048600586143
MATERIALS,0.017833893705
REAL ESTATE,0.119478203665
TECHNOLOGY,0.077733227711
UTILITIES,0.065733265786
