SECTOR,WEIGHT
COMMUNICATION SERVICES,0.039932801203
CONSUMER DISCRETIONARY,0.047284240646
CONSUMER STAPLES,0.113520511029
ENERGY,0.148587264697
FINANCIALS,0.125422741807
HEALTH CARE,0.179434193672
INDUSTRIALS,0.06728153845
MATERIALS,0.002990220774
REAL ESTATE,0.115214096665
TECHNOLOGY,0.097733611653
UTILITIES,0.062598779403
