SECTOR,WEIGHT
COMMUNICATION SERVICES,0.083734551549
CONSUMER DISCRETIONARY,0.113231504837
CONSUMER STAPLES,0.009497536391
ENERGY,0.014715300112
FINANCIALS,0.112483524836
HEALTH CARE,0.180436100491
INDUSTRIALS,0.04577155042
MATERIALS,0.008663096336
REAL ESTATE,0.00052579777
TECHNOLOGY,0.32606700252
UTILITIES,0.104874034739
