SECTOR,WEIGHT
COMMUNICATION SERVICES,0.091883045398
CONSUMER DISCRETIONARY,0.116055638361
CONSUMER STAPLES,0.00961465291
ENERGY,0.016205702435
FINANCIALS,0.110281367602
HEALTH CARE,0.171155229566
INDUSTRIALS,0.042651071096
MATERIALS,0.009349833955
REAL ESTATE,0.000518476956
TECHNOLOGY,0.325644113765
UTILITIES,0.106640867957
