SECTOR,WEIGHT
COMMUNICATION SERVICES,0.092320951651
CONSUMER DISCRETIONARY,0.112059488197
ENERGY,0.015011349458
FINANCIALS,0.101892578507
HEALTH CARE,0.176237792443
INDUSTRIALS,0.039904995265
MATERIALS,0.004667057509
REAL ESTATE,0.001479187649
TECHNOLOGY,0.353270297491
UTILITIES,0.10315630183
