SECTOR,WEIGHT
COMMUNICATION SERVICES,0.090223232741
CONSUMER DISCRETIONARY,0.126601901612
CONSUMER STAPLES,0.035241835469
ENERGY,0.009404712691
FINANCIALS,0.069036792063
HEALTH CARE,0.179723026044
INDUSTRIALS,0.053121124432
MATERIALS,0.001446878876
REAL ESTATE,0.000516742456
TECHNOLOGY,0.337536171972
UTILITIES,0.097147581645
