SECTOR,WEIGHT
COMMUNICATION SERVICES,0.08211959115
CONSUMER DISCRETIONARY,0.110070067053
CONSUMER STAPLES,0.008924382832
ENERGY,0.01459906075
FINANCIALS,0.116270122303
HEALTH CARE,0.176394183681
INDUSTRIALS,0.044153795927
MATERIALS,0.008510510058
REAL ESTATE,0.000531404606
TECHNOLOGY,0.33746904744
UTILITIES,0.1009578342
