SECTOR,WEIGHT
COMMUNICATION SERVICES,0.079615159665
CONSUMER DISCRETIONARY,0.113607432907
CONSUMER STAPLES,0.033983166271
ENERGY,0.017258720936
FINANCIALS,0.073621761207
HEALTH CARE,0.192151005713
INDUSTRIALS,0.066469753727
MATERIALS,0.001591696062
REAL ESTATE,0.000542370686
TECHNOLOGY,0.328565328347
UTILITIES,0.092593604478
