SECTOR,WEIGHT
COMMUNICATION SERVICES,0.087541752484
CONSUMER DISCRETIONARY,0.11456087394
CONSUMER STAPLES,0.008913897659
ENERGY,0.015574191512
FINANCIALS,0.108317727981
HEALTH CARE,0.172052900384
INDUSTRIALS,0.045300250992
MATERIALS,0.008826447378
REAL ESTATE,0.000515655108
TECHNOLOGY,0.334517430248
UTILITIES,0.103878872314
