SECTOR,WEIGHT
COMMUNICATION SERVICES,0.083766882074
CONSUMER DISCRETIONARY,0.117146253592
CONSUMER STAPLES,0.032479196748
ENERGY,0.019606393772
FINANCIALS,0.068149001707
HEALTH CARE,0.18849092636
INDUSTRIALS,0.063096277185
MATERIALS,0.00135785643
REAL ESTATE,0.000569064365
TECHNOLOGY,0.323802686551
UTILITIES,0.101535461216
