SECTOR,WEIGHT
COMMUNICATION SERVICES,0.155459403805
CONSUMER DISCRETIONARY,0.167722837811
CONSUMER STAPLES,0.006602601817
FINANCIALS,0.080563182323
HEALTH CARE,0.069517307315
INDUSTRIALS,0.032388907956
MATERIALS,0.006287997647
TECHNOLOGY,0.475920523632
UTILITIES,0.005537237694
