SECTOR,WEIGHT
COMMUNICATION SERVICES,0.166290719402
CONSUMER DISCRETIONARY,0.15460710084
CONSUMER STAPLES,0.00836077297
FINANCIALS,0.079525634455
HEALTH CARE,0.069494913428
INDUSTRIALS,0.039545172346
MATERIALS,0.007727897761
TECHNOLOGY,0.469025723218
UTILITIES,0.00542206558
