SECTOR,WEIGHT
COMMUNICATION SERVICES,0.158095835143
CONSUMER DISCRETIONARY,0.170364741182
CONSUMER STAPLES,0.006719526539
FINANCIALS,0.073499545951
HEALTH CARE,0.069262424371
INDUSTRIALS,0.033610735116
MATERIALS,0.00668324291
TECHNOLOGY,0.476656020109
UTILITIES,0.005107928678
