SECTOR,WEIGHT
COMMUNICATION SERVICES,0.16112063853
CONSUMER DISCRETIONARY,0.164527429433
CONSUMER STAPLES,0.006958081922
FINANCIALS,0.072985603173
HEALTH CARE,0.066132885918
INDUSTRIALS,0.032697164888
MATERIALS,0.00673832133
TECHNOLOGY,0.481551650262
UTILITIES,0.004460437574
