SECTOR,WEIGHT
COMMUNICATION SERVICES,0.167586922532
CONSUMER DISCRETIONARY,0.166981781543
CONSUMER STAPLES,0.007647055282
FINANCIALS,0.07971001403
HEALTH CARE,0.06556597241
INDUSTRIALS,0.035528700543
MATERIALS,0.007140262248
TECHNOLOGY,0.465555134064
UTILITIES,0.004284157349
