SECTOR,WEIGHT
COMMUNICATION SERVICES,0.169004625726
CONSUMER DISCRETIONARY,0.162138314019
CONSUMER STAPLES,0.008022743152
FINANCIALS,0.082133736478
HEALTH CARE,0.067362131689
INDUSTRIALS,0.035580343878
MATERIALS,0.007341131215
TECHNOLOGY,0.464355409931
UTILITIES,0.004061563913
