SECTOR,WEIGHT
CONSUMER DISCRETIONARY,0.249096072803
CONSUMER STAPLES,0.048532136241
ENERGY,0.131608949694
FINANCIALS,0.0668173212
INDUSTRIALS,0.234720780146
MATERIALS,0.132914961624
REAL ESTATE,0.068976363525
TECHNOLOGY,0.067333414768
