SECTOR,WEIGHT
COMMUNICATION SERVICES,0.025662310306
CONSUMER DISCRETIONARY,0.153780347628
CONSUMER STAPLES,0.083836064915
ENERGY,0.155711259883
FINANCIALS,0.108569930007
HEALTH CARE,0.032140277709
INDUSTRIALS,0.243746477354
MATERIALS,0.105459955777
TECHNOLOGY,0.091093376421
