SECTOR,WEIGHT
CONSUMER DISCRETIONARY,0.249844973445
CONSUMER STAPLES,0.055723880301
ENERGY,0.146166212029
FINANCIALS,0.062909187104
INDUSTRIALS,0.239446681039
MATERIALS,0.149940399117
REAL ESTATE,0.026453581462
TECHNOLOGY,0.069515085503
