SECTOR,WEIGHT
CONSUMER DISCRETIONARY,0.257103543319
CONSUMER STAPLES,0.051136096143
ENERGY,0.14624161677
FINANCIALS,0.063239618063
INDUSTRIALS,0.242021219682
MATERIALS,0.144400195163
REAL ESTATE,0.026532092737
TECHNOLOGY,0.069325618123
