SECTOR,WEIGHT
FINANCIALS,0.097662823122
INDUSTRIALS,0.089412490585
TECHNOLOGY,0.812924686293
