SECTOR,WEIGHT
FINANCIALS,0.10878109954
INDUSTRIALS,0.114194291488
TECHNOLOGY,0.777024608972
