SECTOR,WEIGHT
FINANCIALS,0.111115900782
INDUSTRIALS,0.115997020602
TECHNOLOGY,0.772887078616
