SECTOR,WEIGHT
FINANCIALS,0.103366112331
INDUSTRIALS,0.095914153109
TECHNOLOGY,0.80071973456
