SECTOR,WEIGHT
FINANCIALS,0.102682615004
INDUSTRIALS,0.09603469144
TECHNOLOGY,0.801282693556
