SECTOR,WEIGHT
FINANCIALS,0.102016319482
INDUSTRIALS,0.092220017188
TECHNOLOGY,0.80576366333
