SECTOR,WEIGHT
COMMUNICATION SERVICES,0.011585194982
CONSUMER DISCRETIONARY,0.07015831991
CONSUMER STAPLES,0.070952641118
ENERGY,0.049202553924
FINANCIALS,0.188910348554
HEALTH CARE,0.130508587338
INDUSTRIALS,0.157076010895
MATERIALS,0.031435161011
REAL ESTATE,0.016125325339
TECHNOLOGY,0.237507081353
UTILITIES,0.036538775576
