SECTOR,WEIGHT
COMMUNICATION SERVICES,0.011287771648
CONSUMER DISCRETIONARY,0.070257759965
CONSUMER STAPLES,0.07123856027
ENERGY,0.049749659038
FINANCIALS,0.189494046149
HEALTH CARE,0.132397960984
INDUSTRIALS,0.156785918409
MATERIALS,0.03107614861
REAL ESTATE,0.016073835211
TECHNOLOGY,0.234837663941
UTILITIES,0.036800675774
