SECTOR,WEIGHT
COMMUNICATION SERVICES,0.011888762535
CONSUMER DISCRETIONARY,0.073400186085
CONSUMER STAPLES,0.072573141735
ENERGY,0.059237051587
FINANCIALS,0.199317688411
HEALTH CARE,0.117440297736
INDUSTRIALS,0.138426548124
MATERIALS,0.035046004342
REAL ESTATE,0.01612736483
TECHNOLOGY,0.237051586891
UTILITIES,0.039491367725
