SECTOR,WEIGHT
COMMUNICATION SERVICES,0.010401282028
CONSUMER DISCRETIONARY,0.065739384473
CONSUMER STAPLES,0.064115577004
ENERGY,0.042096423572
FINANCIALS,0.201489891469
HEALTH CARE,0.130437425166
INDUSTRIALS,0.141742285648
MATERIALS,0.029834296678
REAL ESTATE,0.016015219016
TECHNOLOGY,0.263671689023
UTILITIES,0.034456525923
