SECTOR,WEIGHT
COMMUNICATION SERVICES,0.011795461633
CONSUMER DISCRETIONARY,0.070505473499
CONSUMER STAPLES,0.070239189687
ENERGY,0.050738709769
FINANCIALS,0.189423976478
HEALTH CARE,0.130353519604
INDUSTRIALS,0.155759830226
MATERIALS,0.030140695051
REAL ESTATE,0.016193700717
TECHNOLOGY,0.23771044521
UTILITIES,0.037138998125
