SECTOR,WEIGHT
COMMUNICATION SERVICES,0.00963337499
CONSUMER DISCRETIONARY,0.065882360061
CONSUMER STAPLES,0.063026943393
ENERGY,0.039144726557
FINANCIALS,0.211217117572
HEALTH CARE,0.130393999086
INDUSTRIALS,0.144615608065
MATERIALS,0.030491734824
REAL ESTATE,0.016022004158
TECHNOLOGY,0.255823547152
UTILITIES,0.033748584143
