SECTOR,WEIGHT
COMMUNICATION SERVICES,0.13468157891
CONSUMER DISCRETIONARY,0.061165280506
ENERGY,0.007029498979
FINANCIALS,0.075411765788
HEALTH CARE,0.13152217272
INDUSTRIALS,0.015696072815
REAL ESTATE,0.020743827039
TECHNOLOGY,0.553749803244
