SECTOR,WEIGHT
COMMUNICATION SERVICES,0.124390441667
CONSUMER DISCRETIONARY,0.055266878338
ENERGY,0.00766319554
FINANCIALS,0.080374283875
HEALTH CARE,0.142713820991
INDUSTRIALS,0.016772157196
REAL ESTATE,0.020076503369
TECHNOLOGY,0.552742719025
