SECTOR,WEIGHT
COMMUNICATION SERVICES,0.125349668571
CONSUMER DISCRETIONARY,0.061403378381
ENERGY,0.007739821058
FINANCIALS,0.074752091526
HEALTH CARE,0.121272324351
INDUSTRIALS,0.014732675281
REAL ESTATE,0.020045550066
TECHNOLOGY,0.574704490766
