SECTOR,WEIGHT
COMMUNICATION SERVICES,0.138270660683
CONSUMER DISCRETIONARY,0.058393693008
ENERGY,0.006182154392
FINANCIALS,0.062645518756
HEALTH CARE,0.14234351273
INDUSTRIALS,0.013677014946
REAL ESTATE,0.016488986614
TECHNOLOGY,0.56199845887
