SECTOR,WEIGHT
COMMUNICATION SERVICES,0.130138389148
CONSUMER DISCRETIONARY,0.061456696172
ENERGY,0.006625474117
FINANCIALS,0.077715428273
HEALTH CARE,0.130773225147
INDUSTRIALS,0.016914677486
REAL ESTATE,0.016658465457
TECHNOLOGY,0.55769182078
