SECTOR,WEIGHT
COMMUNICATION SERVICES,0.134016543713
CONSUMER DISCRETIONARY,0.061067497415
ENERGY,0.007803028866
FINANCIALS,0.076687533909
HEALTH CARE,0.141236599751
INDUSTRIALS,0.016641303676
REAL ESTATE,0.020917169779
TECHNOLOGY,0.541630322891
