SECTOR,WEIGHT
COMMUNICATION SERVICES,0.119859578736
CONSUMER DISCRETIONARY,0.059378134403
ENERGY,0.006720160481
FINANCIALS,0.067803410231
HEALTH CARE,0.115947843531
INDUSTRIALS,0.014042126379
REAL ESTATE,0.019057171515
TECHNOLOGY,0.597191574724
