SECTOR,WEIGHT
COMMUNICATION SERVICES,0.126971246531
CONSUMER DISCRETIONARY,0.058544947751
ENERGY,0.005329316973
FINANCIALS,0.082548255643
HEALTH CARE,0.127898100547
INDUSTRIALS,0.016015221862
REAL ESTATE,0.015283797348
TECHNOLOGY,0.567409113345
