SECTOR,WEIGHT
COMMUNICATION SERVICES,0.124333673691
CONSUMER DISCRETIONARY,0.059764595611
ENERGY,0.006348113644
FINANCIALS,0.077805130261
HEALTH CARE,0.133266481707
INDUSTRIALS,0.01741398033
REAL ESTATE,0.016022854211
TECHNOLOGY,0.565045170545
