SECTOR,WEIGHT
COMMUNICATION SERVICES,0.126327389301
CONSUMER DISCRETIONARY,0.061009817672
ENERGY,0.007112803045
FINANCIALS,0.073231817271
HEALTH CARE,0.129032258065
INDUSTRIALS,0.015027048688
REAL ESTATE,0.020637146864
TECHNOLOGY,0.567621719094
