SECTOR,WEIGHT
COMMUNICATION SERVICES,0.044064448522
CONSUMER DISCRETIONARY,0.116031027796
CONSUMER STAPLES,0.016368085696
ENERGY,0.343367447313
FINANCIALS,0.053673308788
HEALTH CARE,0.035566735055
INDUSTRIALS,0.15627220788
MATERIALS,0.008605114287
REAL ESTATE,0.037222915922
TECHNOLOGY,0.155047637784
UTILITIES,0.033781070957
