SECTOR,WEIGHT
COMMUNICATION SERVICES,0.044447912367
CONSUMER DISCRETIONARY,0.160541868449
CONSUMER STAPLES,0.016373850971
ENERGY,0.327363249197
FINANCIALS,0.052302085116
HEALTH CARE,0.035011024637
INDUSTRIALS,0.142781631646
MATERIALS,0.007956867996
REAL ESTATE,0.036291694774
TECHNOLOGY,0.144021022321
UTILITIES,0.032908792525
