SECTOR,WEIGHT
COMMUNICATION SERVICES,0.046189357885
CONSUMER DISCRETIONARY,0.106961551056
CONSUMER STAPLES,0.017026700711
ENERGY,0.372606608984
FINANCIALS,0.050577869206
HEALTH CARE,0.033046926636
INDUSTRIALS,0.15847558244
MATERIALS,0.009129590158
REAL ESTATE,0.036186886899
TECHNOLOGY,0.140510710619
UTILITIES,0.029288215406
