SECTOR,WEIGHT
COMMUNICATION SERVICES,0.044340846473
CONSUMER DISCRETIONARY,0.108887648302
CONSUMER STAPLES,0.016723831862
ENERGY,0.359285261019
FINANCIALS,0.052945747954
HEALTH CARE,0.034057135743
INDUSTRIALS,0.157123292073
MATERIALS,0.008288618637
REAL ESTATE,0.036851469561
TECHNOLOGY,0.15019217948
UTILITIES,0.031303968898
