SECTOR,WEIGHT
COMMUNICATION SERVICES,0.045828131972
CONSUMER DISCRETIONARY,0.129216361604
CONSUMER STAPLES,0.016332526182
ENERGY,0.326500122827
FINANCIALS,0.054780991342
HEALTH CARE,0.036007961217
INDUSTRIALS,0.149115392521
MATERIALS,0.007868970807
REAL ESTATE,0.037494923972
TECHNOLOGY,0.163690234475
UTILITIES,0.033164383081
