SECTOR,WEIGHT
COMMUNICATION SERVICES,0.142513288537
CONSUMER DISCRETIONARY,0.114833015746
CONSUMER STAPLES,0.016648280012
ENERGY,0.001704944339
FINANCIALS,0.05937217932
HEALTH CARE,0.076923076923
INDUSTRIALS,0.052151238592
MATERIALS,0.004813960485
TECHNOLOGY,0.531040016047
