SECTOR,WEIGHT
COMMUNICATION SERVICES,0.130029899848
CONSUMER DISCRETIONARY,0.120707467669
CONSUMER STAPLES,0.011056461284
FINANCIALS,0.07296595955
HEALTH CARE,0.085637944446
INDUSTRIALS,0.036403469679
MATERIALS,0.006040741581
TECHNOLOGY,0.537158055943
