SECTOR,WEIGHT
COMMUNICATION SERVICES,0.131618923285
CONSUMER DISCRETIONARY,0.122441244506
CONSUMER STAPLES,0.014756680714
FINANCIALS,0.07044141697
HEALTH CARE,0.086659026121
INDUSTRIALS,0.039175342496
MATERIALS,0.006501482486
TECHNOLOGY,0.528405883421
