SECTOR,WEIGHT
COMMUNICATION SERVICES,0.147212194144
CONSUMER DISCRETIONARY,0.115824308063
CONSUMER STAPLES,0.016145206578
ENERGY,0.001604492579
FINANCIALS,0.058463698355
HEALTH CARE,0.076915363016
INDUSTRIALS,0.052446851183
MATERIALS,0.004412354593
TECHNOLOGY,0.526975531488
