SECTOR,WEIGHT
COMMUNICATION SERVICES,0.130192133139
CONSUMER DISCRETIONARY,0.12234352736
CONSUMER STAPLES,0.011667942822
FINANCIALS,0.074458817385
HEALTH CARE,0.087523262359
INDUSTRIALS,0.035772563854
MATERIALS,0.00628172428
TECHNOLOGY,0.531760028802
