SECTOR,WEIGHT
COMMUNICATION SERVICES,0.138140150923
CONSUMER DISCRETIONARY,0.121947774024
CONSUMER STAPLES,0.01435192421
FINANCIALS,0.064791548946
HEALTH CARE,0.082425630483
INDUSTRIALS,0.037645623189
MATERIALS,0.004181845141
TECHNOLOGY,0.536515503084
