SECTOR,WEIGHT
COMMUNICATION SERVICES,0.139099384645
CONSUMER DISCRETIONARY,0.114698816933
CONSUMER STAPLES,0.011418426556
FINANCIALS,0.066790372975
HEALTH CARE,0.086289161823
INDUSTRIALS,0.036015586995
MATERIALS,0.006072308009
TECHNOLOGY,0.539615942065
