SECTOR,WEIGHT
COMMUNICATION SERVICES,0.139093906563
CONSUMER DISCRETIONARY,0.113543467535
CONSUMER STAPLES,0.016162189482
ENERGY,0.001259521622
FINANCIALS,0.064408085006
HEALTH CARE,0.088000048135
INDUSTRIALS,0.050148214407
MATERIALS,0.004881649091
TECHNOLOGY,0.522502918159
