SECTOR,WEIGHT
COMMUNICATION SERVICES,0.143859832017
CONSUMER DISCRETIONARY,0.114564611373
CONSUMER STAPLES,0.017464863277
ENERGY,0.001651959748
FINANCIALS,0.058492205817
HEALTH CARE,0.076081367037
INDUSTRIALS,0.052021696005
MATERIALS,0.004640122373
TECHNOLOGY,0.531223342352
