SECTOR,WEIGHT
COMMUNICATION SERVICES,0.144843242028
CONSUMER DISCRETIONARY,0.113611126171
CONSUMER STAPLES,0.017051307538
ENERGY,0.001305228746
FINANCIALS,0.064246370962
HEALTH CARE,0.083712351681
INDUSTRIALS,0.048839651644
MATERIALS,0.004537175927
TECHNOLOGY,0.521853545302
