SECTOR,WEIGHT
COMMUNICATION SERVICES,0.145131680398
CONSUMER DISCRETIONARY,0.123879937075
CONSUMER STAPLES,0.015031427434
FINANCIALS,0.067529128905
HEALTH CARE,0.083583238835
INDUSTRIALS,0.041564022431
MATERIALS,0.004402547883
TECHNOLOGY,0.518878017039
