SECTOR,WEIGHT
COMMUNICATION SERVICES,0.141023919244
CONSUMER DISCRETIONARY,0.112245859283
CONSUMER STAPLES,0.011229997975
FINANCIALS,0.067508273417
HEALTH CARE,0.08999132068
INDUSTRIALS,0.036246685121
MATERIALS,0.006190780678
TECHNOLOGYQ,0.535563163602
