SECTOR,WEIGHT
COMMUNICATION SERVICES,0.136321808201
CONSUMER DISCRETIONARY,0.113387490627
CONSUMER STAPLES,0.016316355048
ENERGY,0.001239990858
FINANCIALS,0.068450101645
HEALTH CARE,0.087693516762
INDUSTRIALS,0.047597805908
MATERIALS,0.004784540311
TECHNOLOGY,0.524208390638
