SECTOR,WEIGHT
COMMUNICATION SERVICES,0.150660088924
CONSUMER DISCRETIONARY,0.128891948304
CONSUMER STAPLES,0.003106715215
FINANCIALS,0.051083173821
HEALTH CARE,0.0715470375
INDUSTRIALS,0.031935663722
MATERIALS,0.005893399513
REAL ESTATE,0.003293903109
TECHNOLOGY,0.553588069892
