SECTOR,WEIGHT
COMMUNICATION SERVICES,0.153599552995
CONSUMER DISCRETIONARY,0.130753878127
CONSUMER STAPLES,0.004300208629
FINANCIALS,0.05661120647
HEALTH CARE,0.074513500585
INDUSTRIALS,0.040343976492
MATERIALS,0.007554257598
REAL ESTATE,0.003974602741
TECHNOLOGY,0.528348816362
