SECTOR,WEIGHT
COMMUNICATION SERVICES,0.154558164733
CONSUMER DISCRETIONARY,0.117596921119
CONSUMER STAPLES,0.008288211863
FINANCIALS,0.058565272935
HEALTH CARE,0.071654938602
INDUSTRIALS,0.056006239779
MATERIALS,0.00916869617
REAL ESTATE,0.005582431323
TECHNOLOGY,0.518579123476
