SECTOR,WEIGHT
COMMUNICATION SERVICES,0.151692082085
CONSUMER DISCRETIONARY,0.131999354041
CONSUMER STAPLES,0.004076363611
FINANCIALS,0.059990952559
HEALTH CARE,0.077329540496
INDUSTRIALS,0.04326422038
MATERIALS,0.0073683482
REAL ESTATE,0.004182686087
TECHNOLOGY,0.520096452541
