SECTOR,WEIGHT
COMMUNICATION SERVICES,0.148122646649
CONSUMER DISCRETIONARY,0.13071212173
CONSUMER STAPLES,0.002942128424
FINANCIALS,0.050988181228
HEALTH CARE,0.068613812222
INDUSTRIALS,0.031572344998
MATERIALS,0.005273114354
REAL ESTATE,0.003459790241
TECHNOLOGY,0.558315860153
