SECTOR,WEIGHT
COMMUNICATION SERVICES,0.154193192489
CONSUMER DISCRETIONARY,0.136682600751
CONSUMER STAPLES,0.002014914627
FINANCIALS,0.059391814194
HEALTH CARE,0.075387417279
INDUSTRIALS,0.036746080195
MATERIALS,0.006076179389
REAL ESTATE,0.004006506136
TECHNOLOGY,0.52550129494
