SECTOR,WEIGHT
COMMUNICATION SERVICES,0.159088284297
CONSUMER DISCRETIONARY,0.132820620458
CONSUMER STAPLES,0.005801662869
FINANCIALS,0.059097222292
HEALTH CARE,0.073884081229
INDUSTRIALS,0.044932005957
MATERIALS,0.00854733472
REAL ESTATE,0.004352502488
TECHNOLOGY,0.51147628569
