SECTOR,WEIGHT
COMMUNICATION SERVICES,0.155571876744
CONSUMER DISCRETIONARY,0.119285065144
CONSUMER STAPLES,0.007996825718
FINANCIALS,0.059615980024
HEALTH CARE,0.076104611025
INDUSTRIALS,0.05672926722
MATERIALS,0.009743281955
REAL ESTATE,0.005286461908
TECHNOLOGY,0.509666630261
