SECTOR,WEIGHT
COMMUNICATION SERVICES,0.121955512915
CONSUMER DISCRETIONARY,0.075590779759
CONSUMER STAPLES,0.06501562648
ENERGY,0.00333529608
FINANCIALS,0.128073310631
HEALTH CARE,0.059888123464
INDUSTRIALS,0.093940055259
MATERIALS,0.011055888856
TECHNOLOGY,0.441145406556
