SECTOR,WEIGHT
COMMUNICATION SERVICES,0.121729865082
CONSUMER DISCRETIONARY,0.088086991234
CONSUMER STAPLES,0.072402641914
ENERGY,0.020096612124
FINANCIALS,0.122902234659
HEALTH CARE,0.075400601608
INDUSTRIALS,0.10801021766
MATERIALS,0.00676809058
TECHNOLOGY,0.383181385634
UTILITIES,0.001421359505
