SECTOR,WEIGHT
COMMUNICATION SERVICES,0.123243927673
CONSUMER DISCRETIONARY,0.073294112197
CONSUMER STAPLES,0.066969317954
ENERGY,0.003511372585
FINANCIALS,0.12287333426
HEALTH CARE,0.058345815125
INDUSTRIALS,0.091762017263
MATERIALS,0.010027640092
TECHNOLOGY,0.449972462851
