SECTOR,WEIGHT
COMMUNICATION SERVICES,0.123949930287
CONSUMER DISCRETIONARY,0.073632051866
CONSUMER STAPLES,0.067366129627
ENERGY,0.003584498819
FINANCIALS,0.125174282225
HEALTH CARE,0.060860279717
INDUSTRIALS,0.092447324034
MATERIALS,0.009889550892
TECHNOLOGY,0.443095952533
