SECTOR,WEIGHT
COMMUNICATION SERVICES,0.125623818304
CONSUMER DISCRETIONARY,0.079990571938
CONSUMER STAPLES,0.077772324558
ENERGY,0.001523387
FINANCIALS,0.126994152357
HEALTH CARE,0.061142611675
INDUSTRIALS,0.08179149495
MATERIALS,0.001602974533
TECHNOLOGY,0.443552542567
