SECTOR,WEIGHT
COMMUNICATION SERVICES,0.125346546631
CONSUMER DISCRETIONARY,0.086667405966
CONSUMER STAPLES,0.072554514936
ENERGY,0.018058733983
FINANCIALS,0.12000141139
HEALTH CARE,0.075976127348
INDUSTRIALS,0.107005534665
MATERIALS,0.006853306181
TECHNOLOGY,0.386106882542
UTILITIES,0.001429536358
