SECTOR,WEIGHT
COMMUNICATION SERVICES,0.115059391987
CONSUMER DISCRETIONARY,0.086168713509
CONSUMER STAPLES,0.068351117375
ENERGY,0.016005637206
FINANCIALS,0.116468693376
HEALTH CARE,0.063116569358
INDUSTRIALS,0.11083148782
MATERIALS,0.008053150795
TECHNOLOGY,0.41463660157
UTILITIES,0.001308637004
