SECTOR,WEIGHT
COMMUNICATION SERVICES,0.125801608778
CONSUMER DISCRETIONARY,0.07318580025
CONSUMER STAPLES,0.065089397141
ENERGY,0.003381481344
FINANCIALS,0.124557750841
HEALTH CARE,0.064712532898
INDUSTRIALS,0.092743612872
MATERIALS,0.00982833113
TECHNOLOGY,0.440699484746
