SECTOR,WEIGHT
COMMUNICATION SERVICES,0.128659185144
CONSUMER DISCRETIONARY,0.080299451441
CONSUMER STAPLES,0.082498177936
ENERGY,0.001570956395
FINANCIALS,0.13136523154
HEALTH CARE,0.061680708982
INDUSTRIALS,0.083062660643
MATERIALS,0.001663845954
TECHNOLOGY,0.429199781965
