SECTOR,WEIGHT
COMMUNICATION SERVICES,0.082355998089
CONSUMER DISCRETIONARY,0.109750828365
CONSUMER STAPLES,0.045343555709
ENERGY,0.035372990527
FINANCIALS,0.181677026974
HEALTH CARE,0.107305486578
INDUSTRIALS,0.102146505235
MATERIALS,0.030610424273
REAL ESTATE,0.024219305009
TECHNOLOGY,0.257363336749
UTILITIES,0.023854542492
