SECTOR,WEIGHT
COMMUNICATION SERVICES,0.080784003026
CONSUMER DISCRETIONARY,0.104614084625
CONSUMER STAPLES,0.050765100536
ENERGY,0.044651232015
FINANCIALS,0.179092006383
HEALTH CARE,0.102501484794
INDUSTRIALS,0.112497351048
MATERIALS,0.034957704168
REAL ESTATE,0.025045674345
TECHNOLOGY,0.238879722655
UTILITIES,0.026211636405
