SECTOR,WEIGHT
COMMUNICATION SERVICES,0.078362360873
CONSUMER DISCRETIONARY,0.104938814884
CONSUMER STAPLES,0.049319137434
ENERGY,0.043970828767
FINANCIALS,0.18247906507
HEALTH CARE,0.101102718736
INDUSTRIALS,0.112809317257
MATERIALS,0.034839361532
REAL ESTATE,0.024715468733
TECHNOLOGY,0.242000341262
UTILITIES,0.025462585452
