SECTOR,WEIGHT
COMMUNICATION SERVICES,0.084468257186
CONSUMER DISCRETIONARY,0.108130887933
CONSUMER STAPLES,0.046734879803
ENERGY,0.047656190367
FINANCIALS,0.174435604314
HEALTH CARE,0.098966636714
INDUSTRIALS,0.106722721718
MATERIALS,0.03300168621
REAL ESTATE,0.024106947658
TECHNOLOGY,0.249529338004
UTILITIES,0.024166581686
