SECTOR,WEIGHT
COMMUNICATION SERVICES,0.082191213115
CONSUMER DISCRETIONARY,0.110232446291
CONSUMER STAPLES,0.047311664855
ENERGY,0.046551073872
FINANCIALS,0.172980462432
HEALTH CARE,0.101886207276
INDUSTRIALS,0.107152485499
MATERIALS,0.033501052449
REAL ESTATE,0.02521783852
TECHNOLOGY,0.249134011605
UTILITIES,0.023841544086
