SECTOR,WEIGHT
COMMUNICATION SERVICES,0.082442688173
CONSUMER DISCRETIONARY,0.110752323677
CONSUMER STAPLES,0.046813459068
ENERGY,0.038653050843
FINANCIALS,0.175425659778
HEALTH CARE,0.107530786923
INDUSTRIALS,0.107582420249
MATERIALS,0.032662803038
REAL ESTATE,0.024493380009
TECHNOLOGY,0.249508420034
UTILITIES,0.024135008209
