SECTOR,WEIGHT
COMMUNICATION SERVICES,0.091897604694
CONSUMER DISCRETIONARY,0.109517489643
CONSUMER STAPLES,0.042478344738
ENERGY,0.036732776726
FINANCIALS,0.170204355356
HEALTH CARE,0.10718321364
INDUSTRIALS,0.104642859691
MATERIALS,0.029042945479
REAL ESTATE,0.023223298243
TECHNOLOGY,0.260279310274
UTILITIES,0.024797801517
