SECTOR,WEIGHT
COMMUNICATION SERVICES,0.08275068074
CONSUMER DISCRETIONARY,0.107420296122
CONSUMER STAPLES,0.05003171281
ENERGY,0.041950507427
FINANCIALS,0.186344823399
HEALTH CARE,0.100802860119
INDUSTRIALS,0.10997374805
MATERIALS,0.033944142212
REAL ESTATE,0.024359352669
TECHNOLOGY,0.236936281619
UTILITIES,0.025485594832
