SECTOR,WEIGHT
COMMUNICATION SERVICES,0.085289356536
CONSUMER DISCRETIONARY,0.102488870902
CONSUMER STAPLES,0.04593282072
ENERGY,0.047652772157
FINANCIALS,0.166531768515
HEALTH CARE,0.092169162282
INDUSTRIALS,0.105827600162
MATERIALS,0.032476730069
REAL ESTATE,0.024484014569
TECHNOLOGY,0.272055847835
UTILITIES,0.025091056253
