SECTOR,WEIGHT
COMMUNICATION SERVICES,0.082675325561
CONSUMER DISCRETIONARY,0.111444835824
CONSUMER STAPLES,0.044857177089
ENERGY,0.03716209498
FINANCIALS,0.187990099151
HEALTH CARE,0.102281366159
INDUSTRIALS,0.104066254886
MATERIALS,0.031482648682
REAL ESTATE,0.024315405324
TECHNOLOGY,0.250270667448
UTILITIES,0.023454124896
