SECTOR,WEIGHT
COMMUNICATION SERVICES,0.161753751197
CONSUMER DISCRETIONARY,0.099393423433
CONSUMER STAPLES,0.099606257316
ENERGY,0.056933063744
FINANCIALS,0.050441630308
HEALTH CARE,0.00542726402
INDUSTRIALS,0.024156645738
MATERIALS,0.051825050548
TECHNOLOGY,0.421836756412
UTILITIES,0.028626157284
