SECTOR,WEIGHT
COMMUNICATION SERVICES,0.153412586214
CONSUMER DISCRETIONARY,0.188383091513
CONSUMER STAPLES,0.099883800536
FINANCIALS,0.025036590354
HEALTH CARE,0.032294988234
INDUSTRIALS,0.01228068843
MATERIALS,0.066274922941
TECHNOLOGY,0.368375084491
UTILITIES,0.054058247287
