SECTOR,WEIGHT
COMMUNICATION SERVICES,0.18130208892
CONSUMER DISCRETIONARY,0.104910058438
CONSUMER STAPLES,0.05558794312
ENERGY,0.042289090884
FINANCIALS,0.023221106535
HEALTH CARE,0.006448882318
INDUSTRIALS,0.045686675963
MATERIALS,0.036231968547
TECHNOLOGY,0.480834075656
UTILITIES,0.023488109618
