SECTOR,WEIGHT
COMMUNICATION SERVICES,0.188519476837
CONSUMER DISCRETIONARY,0.110185611834
CONSUMER STAPLES,0.050408204256
ENERGY,0.013030635995
FINANCIALS,0.058038256596
INDUSTRIALS,0.054791526365
MATERIALS,0.084403171115
TECHNOLOGY,0.418636798639
UTILITIES,0.021986318364
