SECTOR,WEIGHT
COMMUNICATION SERVICES,0.172249815069
CONSUMER DISCRETIONARY,0.105357708972
CONSUMER STAPLES,0.079784423544
ENERGY,0.08496248547
FINANCIALS,0.038148578675
INDUSTRIALS,0.007291556589
MATERIALS,0.030117298954
TECHNOLOGY,0.430413188207
UTILITIES,0.051674944521
