SECTOR,WEIGHT
COMMUNICATION SERVICES,0.176167450766
CONSUMER DISCRETIONARY,0.145566534666
CONSUMER STAPLES,0.077470687695
ENERGY,0.021498644908
FINANCIALS,0.064945785255
HEALTH CARE,0.056493913722
INDUSTRIALS,0.022241009083
MATERIALS,0.06422114918
TECHNOLOGY,0.371394824724
