SECTOR,WEIGHT
CONSUMER DISCRETIONARY,0.044186254124
CONSUMER STAPLES,0.245687048054
ENERGY,0.017880732923
FINANCIALS,0.151571961775
HEALTH CARE,0.061475175512
INDUSTRIALS,0.163721150442
MATERIALS,0.127706910854
REAL ESTATE,0.045045885455
UTILITIES,0.14272488086
