SECTOR,WEIGHT
CONSUMER DISCRETIONARY,0.045813164535
CONSUMER STAPLES,0.243434637406
ENERGY,0.016138389422
FINANCIALS,0.150872353255
HEALTH CARE,0.060019455018
INDUSTRIALS,0.174556510979
MATERIALS,0.127499503216
REAL ESTATE,0.045180657574
UTILITIES,0.136485328594
