SECTOR,WEIGHT
CONSUMER DISCRETIONARY,0.044539250067
CONSUMER STAPLES,0.241642263565
ENERGY,0.015582746935
FINANCIALS,0.154770422517
HEALTH CARE,0.067624894731
INDUSTRIALS,0.165709467654
MATERIALS,0.117354484256
REAL ESTATE,0.045904660815
UTILITIES,0.146871809459
