SECTOR,WEIGHT
COMMUNICATION SERVICES,0.154567739138
CONSUMER DISCRETIONARY,0.129075972391
CONSUMER STAPLES,0.045943401151
ENERGY,0.01938458388
FINANCIALS,0.133360235454
HEALTH CARE,0.06344584041
INDUSTRIALS,0.051058819278
MATERIALS,0.007960216984
REAL ESTATE,0.010521941289
TECHNOLOGY,0.384681250025
