SECTOR,WEIGHT
COMMUNICATION SERVICES,0.151838187787
CONSUMER DISCRETIONARY,0.122268712693
CONSUMER STAPLES,0.052641859654
ENERGY,0.021899382245
FINANCIALS,0.135901984688
HEALTH CARE,0.068733327791
INDUSTRIALS,0.05380985342
MATERIALS,0.008800021637
REAL ESTATE,0.012322033712
TECHNOLOGY,0.371784636374
