SECTOR,WEIGHT
COMMUNICATION SERVICES,0.165749724917
CONSUMER DISCRETIONARY,0.113934180254
CONSUMER STAPLES,0.041512453736
ENERGY,0.017505251575
FINANCIALS,0.123737121136
HEALTH CARE,0.045313594078
INDUSTRIALS,0.045613684105
MATERIALS,0.005801740522
REAL ESTATE,0.008802640792
TECHNOLOGY,0.427428228469
UTILITIES,0.004601380414
