SECTOR,WEIGHT
COMMUNICATION SERVICES,0.154939716216
CONSUMER DISCRETIONARY,0.130574204424
CONSUMER STAPLES,0.046533318474
ENERGY,0.018980180495
FINANCIALS,0.1368500631
HEALTH CARE,0.063406151767
INDUSTRIALS,0.05253107559
MATERIALS,0.007988643015
REAL ESTATE,0.01044437015
TECHNOLOGY,0.377752276768
