SECTOR,WEIGHT
COMMUNICATION SERVICES,0.15635839019
CONSUMER DISCRETIONARY,0.12230270606
CONSUMER STAPLES,0.050884153367
ENERGY,0.022481039544
FINANCIALS,0.135650666747
HEALTH CARE,0.068952942002
INDUSTRIALS,0.055305421138
MATERIALS,0.008502900424
REAL ESTATE,0.012251911074
TECHNOLOGY,0.367309869456
