SECTOR,WEIGHT
COMMUNICATION SERVICES,0.16151046178
CONSUMER DISCRETIONARY,0.117485367527
CONSUMER STAPLES,0.052048045582
ENERGY,0.002358218969
FINANCIALS,0.158467307875
HEALTH CARE,0.050833387574
INDUSTRIALS,0.038384394699
MATERIALS,0.005988173857
REAL ESTATE,0.006029229899
TECHNOLOGY,0.402604555218
UTILITIES,0.00429085702
