SECTOR,WEIGHT
COMMUNICATION SERVICES,0.16396531397
CONSUMER DISCRETIONARY,0.116136296023
CONSUMER STAPLES,0.053684814695
ENERGY,0.002351934787
FINANCIALS,0.154505487681
HEALTH CARE,0.051524199987
INDUSTRIALS,0.038802917281
MATERIALS,0.006143277704
REAL ESTATE,0.005955964328
TECHNOLOGY,0.402578513854
UTILITIES,0.004351279691
