SECTOR,WEIGHT
COMMUNICATION SERVICES,0.152329873369
CONSUMER DISCRETIONARY,0.136483177017
CONSUMER STAPLES,0.123526651171
FINANCIALS,0.090532882724
HEALTH CARE,0.103661251114
INDUSTRIALS,0.048001350622
MATERIALS,0.021401933681
TECHNOLOGY,0.324062880302
