SECTOR,WEIGHT
COMMUNICATION SERVICES,0.153534517899
CONSUMER DISCRETIONARY,0.13031659978
CONSUMER STAPLES,0.112335783457
FINANCIALS,0.10148700039
HEALTH CARE,0.101224594448
INDUSTRIALS,0.056154871586
MATERIALS,0.020860270839
TECHNOLOGY,0.324086361601
