SECTOR,WEIGHT
COMMUNICATION SERVICES,0.150414902319
CONSUMER DISCRETIONARY,0.139290214576
CONSUMER STAPLES,0.127930392072
FINANCIALS,0.092509450609
HEALTH CARE,0.104470173055
INDUSTRIALS,0.049162257053
MATERIALS,0.02202428922
TECHNOLOGY,0.314198321098
