SECTOR,WEIGHT
COMMUNICATION SERVICES,0.15668357594
CONSUMER DISCRETIONARY,0.130269605631
CONSUMER STAPLES,0.134760692658
FINANCIALS,0.092282912407
HEALTH CARE,0.109606393029
INDUSTRIALS,0.054830776884
MATERIALS,0.022418327005
TECHNOLOGY,0.299147716446
