SECTOR,WEIGHT
COMMUNICATION SERVICES,0.154050395616
CONSUMER DISCRETIONARY,0.13327114621
CONSUMER STAPLES,0.136038506587
FINANCIALS,0.092275738105
HEALTH CARE,0.106729735498
INDUSTRIALS,0.052716111107
MATERIALS,0.021439528366
TECHNOLOGY,0.30347883851
