SECTOR,WEIGHT
CONSUMER DISCRETIONARY,0.056714750934
CONSUMER STAPLES,0.021305589531
FINANCIALS,0.163364097957
HEALTH CARE,0.270719584652
INDUSTRIALS,0.203234686228
REAL ESTATE,0.039416352293
TECHNOLOGY,0.245244938405
