SECTOR,WEIGHT
CONSUMER DISCRETIONARY,0.068351259204
CONSUMER STAPLES,0.020818326994
FINANCIALS,0.226565844498
HEALTH CARE,0.224187307727
INDUSTRIALS,0.196597098553
REAL ESTATE,0.03946450228
TECHNOLOGY,0.224015660744
