SECTOR,WEIGHT
CONSUMER DISCRETIONARY,0.061735038076
CONSUMER STAPLES,0.020818393576
FINANCIALS,0.158658956825
HEALTH CARE,0.260304260271
INDUSTRIALS,0.20596383306
REAL ESTATE,0.042505610943
TECHNOLOGY,0.250013907249
