SECTOR,WEIGHT
CONSUMER DISCRETIONARY,0.063415471275
CONSUMER STAPLES,0.019672726906
FINANCIALS,0.230422668861
HEALTH CARE,0.214207407557
INDUSTRIALS,0.191474949778
REAL ESTATE,0.037513249412
TECHNOLOGY,0.243293526211
