SECTOR,WEIGHT
CONSUMER DISCRETIONARY,0.078998073218
ENERGY,0.022918568097
FINANCIALS,0.170570936011
HEALTH CARE,0.191359902647
INDUSTRIALS,0.189128891593
MATERIALS,0.02301997769
REAL ESTATE,0.051820302201
TECHNOLOGY,0.272183348545
