SECTOR,WEIGHT
CONSUMER DISCRETIONARY,0.071154071636
CONSUMER STAPLES,0.000290094731
ENERGY,0.024893564547
FINANCIALS,0.160878249162
HEALTH CARE,0.208505334913
INDUSTRIALS,0.203774870317
MATERIALS,0.024086959686
REAL ESTATE,0.055957959512
TECHNOLOGY,0.250458895497
