SECTOR,WEIGHT
CONSUMER DISCRETIONARY,0.052024659646
CONSUMER STAPLES,0.003031081428
ENERGY,0.0025461084
FINANCIALS,0.176764449011
HEALTH CARE,0.224050346776
INDUSTRIALS,0.223477010018
MATERIALS,0.030731055741
REAL ESTATE,0.04799794503
TECHNOLOGY,0.239377343951
