SECTOR,WEIGHT
CONSUMER DISCRETIONARY,0.06686817936
CONSUMER STAPLES,0.000249700511
ENERGY,0.02768137406
FINANCIALS,0.163620556317
HEALTH CARE,0.195050470842
INDUSTRIALS,0.208348286721
MATERIALS,0.024856826579
REAL ESTATE,0.053565308815
TECHNOLOGY,0.259759296795
