SECTOR,WEIGHT
CONSUMER DISCRETIONARY,0.049158442003
CONSUMER STAPLES,0.002430057306
ENERGY,0.003382919963
FINANCIALS,0.186849671237
HEALTH CARE,0.201979069985
INDUSTRIALS,0.225631696435
MATERIALS,0.029471784449
REAL ESTATE,0.053074965053
TECHNOLOGY,0.248021393569
