SECTOR,WEIGHT
CONSUMER DISCRETIONARY,0.057904508031
CONSUMER STAPLES,0.000276219834
ENERGY,0.003848594565
FINANCIALS,0.169270389439
HEALTH CARE,0.203888230571
INDUSTRIALS,0.216429021771
MATERIALS,0.027862263853
REAL ESTATE,0.055861097363
TECHNOLOGY,0.264659674574
