SECTOR,WEIGHT
CONSUMER DISCRETIONARY,0.077792810793
ENERGY,0.023849416518
FINANCIALS,0.173735113765
HEALTH CARE,0.185926055145
INDUSTRIALS,0.196633190599
MATERIALS,0.023084693573
REAL ESTATE,0.052794281414
TECHNOLOGY,0.266184438192
