SECTOR,WEIGHT
CONSUMER DISCRETIONARY,0.081116885764
ENERGY,0.020584938347
FINANCIALS,0.175379598492
HEALTH CARE,0.177825333741
INDUSTRIALS,0.189442576174
MATERIALS,0.023642107409
REAL ESTATE,0.051768062774
TECHNOLOGY,0.2802404973
