SECTOR,WEIGHT
CONSUMER DISCRETIONARY,0.064656723782
CONSUMER STAPLES,0.000246684919
ENERGY,0.028682176812
FINANCIALS,0.166449637858
HEALTH CARE,0.195135858686
INDUSTRIALS,0.208457855297
MATERIALS,0.025465162832
REAL ESTATE,0.054348529394
TECHNOLOGY,0.25655737042
