SECTOR,WEIGHT
COMMUNICATION SERVICES,0.041256856915
CONSUMER DISCRETIONARY,0.13266800695
CONSUMER STAPLES,0.057357313975
ENERGY,0.017008358714
FINANCIALS,0.146888455504
HEALTH CARE,0.141153125389
INDUSTRIALS,0.195306198611
MATERIALS,0.013066761369
REAL ESTATE,0.011347265862
TECHNOLOGY,0.243947656711
