SECTOR,WEIGHT
COMMUNICATION SERVICES,0.041249071407
CONSUMER DISCRETIONARY,0.128335791201
CONSUMER STAPLES,0.05590103832
ENERGY,0.016777329202
FINANCIALS,0.147066047638
HEALTH CARE,0.141106010464
INDUSTRIALS,0.200503871267
MATERIALS,0.012723100382
REAL ESTATE,0.010978699258
TECHNOLOGY,0.24535904086
