SECTOR,WEIGHT
COMMUNICATION SERVICES,0.06484295846
CONSUMER DISCRETIONARY,0.149949341439
CONSUMER STAPLES,0.044275582573
ENERGY,0.00040526849
FINANCIALS,0.130192502533
HEALTH CARE,0.176494427558
INDUSTRIALS,0.167375886525
MATERIALS,0.015400202634
REAL ESTATE,0.018642350557
TECHNOLOGY,0.23242147923
