SECTOR,WEIGHT
COMMUNICATION SERVICES,0.057939043434
CONSUMER DISCRETIONARY,0.141889993848
CONSUMER STAPLES,0.063881457794
ENERGY,0.016550560361
FINANCIALS,0.125920384535
HEALTH CARE,0.135061553626
INDUSTRIALS,0.213411411006
MATERIALS,0.014277098547
REAL ESTATE,0.017064052622
TECHNOLOGY,0.214004444225
