SECTOR,WEIGHT
COMMUNICATION SERVICES,0.039401741894
CONSUMER DISCRETIONARY,0.131149563524
CONSUMER STAPLES,0.056845754247
ENERGY,0.01781012497
FINANCIALS,0.148068981635
HEALTH CARE,0.148111109662
INDUSTRIALS,0.19338569914
MATERIALS,0.013603340552
REAL ESTATE,0.012197066886
TECHNOLOGY,0.239426617491
