SECTOR,WEIGHT
COMMUNICATION SERVICES,0.062751355948
CONSUMER DISCRETIONARY,0.135717837787
CONSUMER STAPLES,0.062105786621
ENERGY,0.016291547178
FINANCIALS,0.127560464124
HEALTH CARE,0.137336804613
INDUSTRIALS,0.203394685956
MATERIALS,0.013767774591
REAL ESTATE,0.017910514004
TECHNOLOGY,0.223163229178
