SECTOR,WEIGHT
COMMUNICATION SERVICES,0.061925781502
CONSUMER DISCRETIONARY,0.131987502422
CONSUMER STAPLES,0.06705539947
ENERGY,0.020033060453
FINANCIALS,0.119862308661
HEALTH CARE,0.139868121488
INDUSTRIALS,0.216149365433
MATERIALS,0.013418951431
REAL ESTATE,0.016643253891
TECHNOLOGY,0.213056255248
