SECTOR,WEIGHT
COMMUNICATION SERVICES,0.060827532674
CONSUMER DISCRETIONARY,0.138171444125
CONSUMER STAPLES,0.061124916203
ENERGY,0.016183712455
FINANCIALS,0.129713654944
HEALTH CARE,0.140168450128
INDUSTRIALS,0.203613965937
MATERIALS,0.013872185567
REAL ESTATE,0.018027490335
TECHNOLOGY,0.218296647631
