SECTOR,WEIGHT
COMMUNICATION SERVICES,0.061564809716
CONSUMER DISCRETIONARY,0.132996195836
CONSUMER STAPLES,0.058516426612
ENERGY,0.016126017349
FINANCIALS,0.130434826539
HEALTH CARE,0.139234418337
INDUSTRIALS,0.19541580572
MATERIALS,0.013327203561
REAL ESTATE,0.018173091982
TECHNOLOGY,0.234211204349
