SECTOR,WEIGHT
COMMUNICATION SERVICES,0.019705283466
CONSUMER DISCRETIONARY,0.11196463563
CONSUMER STAPLES,0.021753607775
ENERGY,0.046204344062
FINANCIALS,0.163691383113
HEALTH CARE,0.148555981813
INDUSTRIALS,0.188945304696
MATERIALS,0.052805397082
REAL ESTATE,0.056573102979
TECHNOLOGYQ,0.164849745826
UTILITIES,0.024951213556
