SECTOR,WEIGHT
COMMUNICATION SERVICES,0.01946234407
CONSUMER DISCRETIONARY,0.11480982702
CONSUMER STAPLES,0.019795248617
ENERGY,0.044925016017
FINANCIALS,0.169206027684
HEALTH CARE,0.137823488176
INDUSTRIALS,0.201554090954
MATERIALS,0.047617419256
REAL ESTATE,0.055045917695
TECHNOLOGY,0.165703992541
UTILITIES,0.024056627969
