SECTOR,WEIGHT
COMMUNICATION SERVICES,0.013725052589
CONSUMER DISCRETIONARY,0.110084192306
CONSUMER STAPLES,0.019095505805
ENERGY,0.056722003811
FINANCIALS,0.151516865223
HEALTH CARE,0.127824461516
INDUSTRIALS,0.220790460427
MATERIALS,0.052877454094
REAL ESTATE,0.049786262425
TECHNOLOGY,0.177372396194
UTILITIES,0.020205345611
