SECTOR,WEIGHT
COMMUNICATION SERVICES,0.013417287632
CONSUMER DISCRETIONARY,0.103873269628
CONSUMER STAPLES,0.017728654246
ENERGY,0.063209839681
FINANCIALS,0.154741141473
HEALTH CARE,0.126068636876
INDUSTRIALS,0.221572367711
MATERIALS,0.051585087957
REAL ESTATE,0.046777419898
TECHNOLOGY,0.180192730394
UTILITIES,0.020833564504
