SECTOR,WEIGHT
COMMUNICATION SERVICES,0.020185484963
CONSUMER DISCRETIONARY,0.114515441249
CONSUMER STAPLES,0.021341481899
ENERGY,0.047922338024
FINANCIALS,0.166701023219
HEALTH CARE,0.139885734149
INDUSTRIALS,0.194528820095
MATERIALS,0.045868018294
REAL ESTATE,0.053657861284
TECHNOLOGY,0.17117950086
UTILITIES,0.024214295964
