SECTOR,WEIGHT
COMMUNICATION SERVICES,0.020343493497
CONSUMER DISCRETIONARY,0.114885288966
CONSUMER STAPLES,0.020076571391
ENERGY,0.046491787361
FINANCIALS,0.160208662579
HEALTH CARE,0.135166332762
INDUSTRIALS,0.209455287525
MATERIALS,0.049261733745
REAL ESTATE,0.054700901189
TECHNOLOGY,0.16820020971
UTILITIES,0.021209731275
