SECTOR,WEIGHT
COMMUNICATION SERVICES,0.010419182091
CONSUMER DISCRETIONARY,0.095190069664
CONSUMER STAPLES,0.017624032809
ENERGY,0.062124461995
FINANCIALS,0.158518891299
HEALTH CARE,0.127192350541
INDUSTRIALS,0.222547804048
MATERIALS,0.055326475823
REAL ESTATE,0.045354743269
TECHNOLOGY,0.186648349307
UTILITIES,0.019053639155
