SECTOR,WEIGHT
COMMUNICATION SERVICES,0.01547470142
CONSUMER DISCRETIONARY,0.116849580374
CONSUMER STAPLES,0.019343124597
ENERGY,0.053168374758
FINANCIALS,0.166897998709
HEALTH CARE,0.127355350226
INDUSTRIALS,0.210136580052
MATERIALS,0.048467761459
REAL ESTATE,0.052445125888
TECHNOLOGY,0.169160547127
UTILITIES,0.020700855391
