SECTOR,WEIGHT
COMMUNICATION SERVICES,0.013203548491
CONSUMER DISCRETIONARY,0.113029308411
CONSUMER STAPLES,0.019604780366
ENERGY,0.055317446481
FINANCIALS,0.154885222244
HEALTH CARE,0.129761999538
INDUSTRIALS,0.211941038527
MATERIALS,0.050732181206
REAL ESTATE,0.048813424044
TECHNOLOGY,0.181779062772
UTILITIES,0.020931987919
