SECTOR,WEIGHT
CONSUMER STAPLES,0.085748373215
FINANCIALS,0.288795111049
HEALTH CARE,0.140187451483
INDUSTRIALS,0.136406120567
MATERIALS,0.036023194386
TECHNOLOGY,0.297290341403
UTILITIES,0.015549407897
