SECTOR,WEIGHT
CONSUMER DISCRETIONARY,0.01817751924
CONSUMER STAPLES,0.077506467844
FINANCIALS,0.29629113586
HEALTH CARE,0.181504973194
INDUSTRIALS,0.096889418068
MATERIALS,0.03678358925
TECHNOLOGY,0.2815979666
UTILITIES,0.011248929943
