SECTOR,WEIGHT
CONSUMER DISCRETIONARY,0.018786194312
CONSUMER STAPLES,0.079475422716
FINANCIALS,0.287373861107
HEALTH CARE,0.185455324973
INDUSTRIALS,0.091775680802
MATERIALS,0.036981030062
TECHNOLOGY,0.288590370148
UTILITIES,0.011562115881
