SECTOR,WEIGHT
CONSUMER STAPLES,0.086585777744
FINANCIALS,0.280038349558
HEALTH CARE,0.174252140863
INDUSTRIALS,0.114227814332
MATERIALS,0.040969256224
TECHNOLOGY,0.289828816465
UTILITIES,0.014097844815
