SECTOR,WEIGHT
CONSUMER STAPLES,0.085999716623
FINANCIALS,0.284095881448
HEALTH CARE,0.142730337594
INDUSTRIALS,0.141585369411
MATERIALS,0.036476456787
TECHNOLOGY,0.293951567533
UTILITIES,0.015160670603
