SECTOR,WEIGHT
CONSUMER STAPLES,0.086596673356
FINANCIALS,0.290308033748
HEALTH CARE,0.141279771545
INDUSTRIALS,0.139599890438
MATERIALS,0.038658094725
TECHNOLOGY,0.288539628218
UTILITIES,0.01501790797
