SECTOR,WEIGHT
CONSUMER STAPLES,0.087413702204
FINANCIALS,0.276836452522
HEALTH CARE,0.14272347821
INDUSTRIALS,0.143119411352
MATERIALS,0.038813951017
TECHNOLOGY,0.296314279225
UTILITIES,0.01477872547
