SECTOR,WEIGHT
COMMUNICATION SERVICES,0.085607278764
CONSUMER DISCRETIONARY,0.105109410024
CONSUMER STAPLES,0.062256649411
ENERGY,0.048102717507
FINANCIALS,0.149440819944
HEALTH CARE,0.113227445335
INDUSTRIALS,0.108173973366
MATERIALS,0.024695949604
REAL ESTATE,0.022903525902
TECHNOLOGY,0.250146361219
UTILITIES,0.030335868925
