SECTOR,WEIGHT
COMMUNICATION SERVICES,0.09284200794
CONSUMER DISCRETIONARY,0.109719911634
CONSUMER STAPLES,0.060148151714
ENERGY,0.038345562318
FINANCIALS,0.154161414571
HEALTH CARE,0.114525265713
INDUSTRIALS,0.105558346645
MATERIALS,0.024331617565
REAL ESTATE,0.022036238707
TECHNOLOGY,0.247872838619
UTILITIES,0.027420200738
