SECTOR,WEIGHT
COMMUNICATION SERVICES,0.09320595417
CONSUMER DISCRETIONARY,0.11136982426
CONSUMER STAPLES,0.059007999486
ENERGY,0.034292255125
FINANCIALS,0.163939310644
HEALTH CARE,0.117491327369
INDUSTRIALS,0.100272468083
MATERIALS,0.020676876529
REAL ESTATE,0.021763337995
TECHNOLOGY,0.250220201562
UTILITIES,0.027760444777
