SECTOR,WEIGHT
COMMUNICATION SERVICES,0.090470320491
CONSUMER DISCRETIONARY,0.110952747289
CONSUMER STAPLES,0.058021004994
ENERGY,0.034604779734
FINANCIALS,0.163763125614
HEALTH CARE,0.1179567523
INDUSTRIALS,0.101371011664
MATERIALS,0.022614821851
REAL ESTATE,0.022026056142
TECHNOLOGY,0.250569457804
UTILITIES,0.027649922116
