SECTOR,WEIGHT
COMMUNICATION SERVICES,0.089342008991
CONSUMER DISCRETIONARY,0.112471408168
CONSUMER STAPLES,0.057777831306
ENERGY,0.03552764036
FINANCIALS,0.164404913529
HEALTH CARE,0.119079521173
INDUSTRIALS,0.103032967298
MATERIALS,0.023260878947
REAL ESTATE,0.021739326804
TECHNOLOGY,0.246529586461
UTILITIES,0.026833916963
