SECTOR,WEIGHT
COMMUNICATION SERVICES,0.089842609949
CONSUMER DISCRETIONARY,0.103955862988
CONSUMER STAPLES,0.06503509759
ENERGY,0.043090954861
FINANCIALS,0.151897997848
HEALTH CARE,0.118103215699
INDUSTRIALS,0.112511872202
MATERIALS,0.025349095406
REAL ESTATE,0.023778504569
TECHNOLOGY,0.236423064618
UTILITIES,0.03001172427
