SECTOR,WEIGHT
COMMUNICATION SERVICES,0.089926098716
CONSUMER DISCRETIONARY,0.112552788422
CONSUMER STAPLES,0.057780193573
ENERGY,0.033923988684
FINANCIALS,0.164453171618
HEALTH CARE,0.11740566279
INDUSTRIALS,0.101487151767
MATERIALS,0.022566517674
REAL ESTATE,0.021788292729
TECHNOLOGY,0.250689721915
UTILITIES,0.027426412112
