SECTOR,WEIGHT
COMMUNICATION SERVICES,0.093149668597
CONSUMER DISCRETIONARY,0.107813224142
CONSUMER STAPLES,0.058019867077
ENERGY,0.035361024458
FINANCIALS,0.159344774512
HEALTH CARE,0.114838380193
INDUSTRIALS,0.100189904404
MATERIALS,0.019896231167
REAL ESTATE,0.021605270274
TECHNOLOGY,0.262668252387
UTILITIES,0.027113402787
