SECTOR,WEIGHT
COMMUNICATION SERVICES,0.085062271863
CONSUMER DISCRETIONARY,0.103630044081
CONSUMER STAPLES,0.063739559952
ENERGY,0.049779394294
FINANCIALS,0.148043922641
HEALTH CARE,0.113052779953
INDUSTRIALS,0.108485274406
MATERIALS,0.025005990089
REAL ESTATE,0.023145303018
TECHNOLOGY,0.249047350275
UTILITIES,0.031008109428
