SECTOR,WEIGHT
COMMUNICATION SERVICES,0.08913352593
CONSUMER DISCRETIONARY,0.105424068156
CONSUMER STAPLES,0.063867503189
ENERGY,0.040595586312
FINANCIALS,0.157649600527
HEALTH CARE,0.115960763211
INDUSTRIALS,0.109822123753
MATERIALS,0.024987449158
REAL ESTATE,0.022554439591
TECHNOLOGY,0.242605524776
UTILITIES,0.027399415396
