SECTOR,WEIGHT
COMMUNICATION SERVICES,0.127996931975
CONSUMER DISCRETIONARY,0.09130278926
CONSUMER STAPLES,0.049458890064
ENERGY,0.028451328143
FINANCIALS,0.142000304399
HEALTH CARE,0.090542792143
TECHNOLOGY,0.470246964017
