SECTOR,WEIGHT
COMMUNICATION SERVICES,0.128554731981
CONSUMER DISCRETIONARY,0.083166331662
CONSUMER STAPLES,0.052530162956
ENERGY,0.033242095838
FINANCIALS,0.143494245828
HEALTH CARE,0.09386745826
TECHNOLOGY,0.465144973475
