SECTOR,WEIGHT
COMMUNICATION SERVICES,0.18583023199
CONSUMER DISCRETIONARY,0.09123758628
CONSUMER STAPLES,0.046786554124
ENERGY,0.030122424616
FINANCIALS,0.125618432596
HEALTH CARE,0.073793280267
TECHNOLOGY,0.446611490127
