SECTOR,WEIGHT
COMMUNICATION SERVICES,0.128322350632
CONSUMER DISCRETIONARY,0.090901716506
CONSUMER STAPLES,0.051040519158
ENERGY,0.02999178801
FINANCIALS,0.141904180103
HEALTH CARE,0.093912111683
TECHNOLOGY,0.463927333908
