SECTOR,WEIGHT
COMMUNICATION SERVICES,0.130865473394
CONSUMER DISCRETIONARY,0.087778064847
CONSUMER STAPLES,0.052438518803
ENERGY,0.032813003831
FINANCIALS,0.146136883911
HEALTH CARE,0.096444214789
TECHNOLOGY,0.453523840424
