SECTOR,WEIGHT
COMMUNICATION SERVICES,0.130308551408
CONSUMER DISCRETIONARY,0.083053724905
CONSUMER STAPLES,0.054071659932
ENERGY,0.034370790841
FINANCIALS,0.142053107562
HEALTH CARE,0.097139375281
TECHNOLOGY,0.459002790071
