SECTOR,WEIGHT
COMMUNICATION SERVICES,0.129247405581
CONSUMER DISCRETIONARY,0.084110782059
CONSUMER STAPLES,0.053755455671
ENERGY,0.035016511077
FINANCIALS,0.139064856712
HEALTH CARE,0.095143889398
TECHNOLOGY,0.463661099502
