SECTOR,WEIGHT
COMMUNICATION SERVICES,0.106463985277
CONSUMER DISCRETIONARY,0.093456854862
CONSUMER STAPLES,0.05385783773
ENERGY,0.034680658273
FINANCIALS,0.127079704336
HEALTH CARE,0.09978060262
INDUSTRIALS,0.093722060487
MATERIALS,0.018535261298
REAL ESTATE,0.017506584935
TECHNOLOGY,0.331684839279
UTILITIES,0.023231610903
