SECTOR,WEIGHT
COMMUNICATION SERVICES,0.110211067317
CONSUMER DISCRETIONARY,0.099666258929
CONSUMER STAPLES,0.048637601494
ENERGY,0.03040114368
FINANCIALS,0.129680806616
HEALTH CARE,0.098996763265
INDUSTRIALS,0.087328410275
MATERIALS,0.016813905375
REAL ESTATE,0.015923929184
TECHNOLOGY,0.341021962478
UTILITIES,0.021318151387
