SECTOR,WEIGHT
COMMUNICATION SERVICES,0.105449679091
CONSUMER DISCRETIONARY,0.096635099495
CONSUMER STAPLES,0.051520113405
ENERGY,0.039666612119
FINANCIALS,0.125191124783
HEALTH CARE,0.095859055073
INDUSTRIALS,0.092764916768
MATERIALS,0.017770714513
REAL ESTATE,0.016789866647
TECHNOLOGY,0.334708059718
UTILITIES,0.023644758387
