SECTOR,WEIGHT
COMMUNICATION SERVICES,0.112807012968
CONSUMER DISCRETIONARY,0.098845083479
CONSUMER STAPLES,0.051192738232
ENERGY,0.032738352017
FINANCIALS,0.13019195772
HEALTH CARE,0.096604874486
INDUSTRIALS,0.090044764051
MATERIALS,0.017521383813
REAL ESTATE,0.016126896352
TECHNOLOGY,0.332570210939
UTILITIES,0.021356725944
