SECTOR,WEIGHT
COMMUNICATION SERVICES,0.110750912882
CONSUMER DISCRETIONARY,0.098990909347
CONSUMER STAPLES,0.048112574667
ENERGY,0.02864379341
FINANCIALS,0.131160695276
HEALTH CARE,0.100927142209
INDUSTRIALS,0.080935136199
MATERIALS,0.016057275536
REAL ESTATE,0.016570457586
TECHNOLOGYQ,0.345782266196
UTILITIES,0.022068836694
