SECTOR,WEIGHT
COMMUNICATION SERVICES,0.108780433422
CONSUMER DISCRETIONARY,0.093065182086
CONSUMER STAPLES,0.05297908818
ENERGY,0.036108820608
FINANCIALS,0.12583449923
HEALTH CARE,0.099481046184
INDUSTRIALS,0.094898142633
MATERIALS,0.018188994804
REAL ESTATE,0.017558255504
TECHNOLOGY,0.32965971213
UTILITIES,0.023445825219
