SECTOR,WEIGHT
COMMUNICATION SERVICES,0.109039363757
CONSUMER DISCRETIONARY,0.093416292431
CONSUMER STAPLES,0.051732356557
ENERGY,0.033783085376
FINANCIALS,0.130332421787
HEALTH CARE,0.097089239569
INDUSTRIALS,0.091805614792
MATERIALS,0.017766627361
REAL ESTATE,0.01657342131
TECHNOLOGY,0.337132391681
UTILITIES,0.021329185378
