SECTOR,WEIGHT
COMMUNICATION SERVICES,0.111824290442
CONSUMER DISCRETIONARY,0.096880954769
CONSUMER STAPLES,0.048139604854
ENERGY,0.034901213519
FINANCIALS,0.118343195266
HEALTH CARE,0.086049543677
INDUSTRIALS,0.08875739645
MATERIALS,0.016748570855
REAL ESTATE,0.016748570855
TECHNOLOGY,0.35944238291
UTILITIES,0.022164276402
