SECTOR,WEIGHT
COMMUNICATION SERVICES,0.108671679198
CONSUMER DISCRETIONARY,0.096741854637
CONSUMER STAPLES,0.049223057644
ENERGY,0.034486215539
FINANCIALS,0.121403508772
HEALTH CARE,0.088220551378
INDUSTRIALS,0.090927318296
MATERIALS,0.017443609023
REAL ESTATE,0.017343358396
TECHNOLOGY,0.35328320802
UTILITIES,0.022255639098
