SECTOR,WEIGHT
CONSUMER DISCRETIONARY,0.049453305246
CONSUMER STAPLES,0.042732470659
ENERGY,0.146955562243
FINANCIALS,0.142642190791
HEALTH CARE,0.025077740997
INDUSTRIALS,0.20824556124
MATERIALS,0.097201324105
TECHNOLOGY,0.050356103922
UTILITIES,0.237335740796
