SECTOR,WEIGHT
CONSUMER DISCRETIONARY,0.040976070472
CONSUMER STAPLES,0.07151988145
ENERGY,0.180074534759
FINANCIALS,0.107571083241
HEALTH CARE,0.023074293128
INDUSTRIALS,0.193219883556
MATERIALS,0.11251199384
TECHNOLOGY,0.041329995278
UTILITIES,0.229722264277
