SECTOR,WEIGHT
CONSUMER DISCRETIONARY,0.043178548293
CONSUMER STAPLES,0.073375297737
ENERGY,0.163849404726
FINANCIALS,0.110580576562
HEALTH CARE,0.023418500315
INDUSTRIALS,0.199123333096
MATERIALS,0.112626065922
TECHNOLOGY,0.040931814018
UTILITIES,0.232916459331
