SECTOR,WEIGHT
CONSUMER DISCRETIONARY,0.050467306631
CONSUMER STAPLES,0.073868325789
ENERGY,0.146383538261
FINANCIALS,0.124930761011
HEALTH CARE,0.02579158637
INDUSTRIALS,0.204206513642
MATERIALS,0.103682056571
TECHNOLOGY,0.050441169227
UTILITIES,0.220228742499
