SECTOR,WEIGHT
CONSUMER DISCRETIONARY,0.048053859791
CONSUMER STAPLES,0.074931612344
ENERGY,0.149615545056
FINANCIALS,0.11968942779
HEALTH CARE,0.023744153958
INDUSTRIALS,0.205924055609
MATERIALS,0.11060149049
TECHNOLOGY,0.047828240692
UTILITIES,0.21961161427
