SECTOR,WEIGHT
CONSUMER DISCRETIONARY,0.044765632842
CONSUMER STAPLES,0.041553748871
ENERGY,0.150055204256
FINANCIALS,0.143631436314
HEALTH CARE,0.024390243902
INDUSTRIALS,0.209173943591
MATERIALS,0.098363946602
TECHNOLOGY,0.050286058416
UTILITIES,0.237779785205
