SECTOR,WEIGHT
CONSUMER DISCRETIONARY,0.048817155557
CONSUMER STAPLES,0.074996389486
ENERGY,0.139524294746
FINANCIALS,0.12744512019
HEALTH CARE,0.026104014891
INDUSTRIALS,0.20507217016
MATERIALS,0.10671074168
TECHNOLOGY,0.049040806829
UTILITIES,0.22228930646
