SECTOR,WEIGHT
CONSUMER DISCRETIONARY,0.048408240826
CONSUMER STAPLES,0.07551785793
ENERGY,0.150115658613
FINANCIALS,0.117015646987
HEALTH CARE,0.023657899062
INDUSTRIALS,0.20969788447
MATERIALS,0.114617284248
TECHNOLOGY,0.046361664682
UTILITIES,0.214607863182
