SECTOR,WEIGHT
CONSUMER DISCRETIONARY,0.042281563948
CONSUMER STAPLES,0.072318430243
ENERGY,0.167438678863
FINANCIALS,0.110596881438
HEALTH CARE,0.023461826209
INDUSTRIALS,0.197875155362
MATERIALS,0.110716063429
TECHNOLOGY,0.041546441416
UTILITIES,0.233764959093
