SECTOR,WEIGHT
COMMUNICATION SERVICES,0.001057349938
CONSUMER DISCRETIONARY,0.06627867045
CONSUMER STAPLES,0.052958872803
ENERGY,0.071673866286
FINANCIALS,0.13212255218
HEALTH CARE,0.10070429748
INDUSTRIALS,0.256434973481
MATERIALS,0.068470688412
TECHNOLOGY,0.148375416463
UTILITIES,0.101923312508
