SECTOR,WEIGHT
COMMUNICATION SERVICES,0.001027698688
CONSUMER DISCRETIONARY,0.064207081286
CONSUMER STAPLES,0.053781559834
ENERGY,0.069772109823
FINANCIALS,0.134879431072
HEALTH CARE,0.100654254663
INDUSTRIALS,0.257008975302
MATERIALS,0.070434493743
TECHNOLOGY,0.144805153748
UTILITIES,0.103429241841
