SECTOR,WEIGHT
COMMUNICATION SERVICES,0.000973039206
CONSUMER DISCRETIONARY,0.06614264034
CONSUMER STAPLES,0.054533241502
ENERGY,0.069387105429
FINANCIALS,0.130319180885
HEALTH CARE,0.099485250247
INDUSTRIALS,0.261295063127
MATERIALS,0.072534466811
TECHNOLOGY,0.144424245094
UTILITIES,0.10090576736
