SECTOR,WEIGHT
COMMUNICATION SERVICES,0.000580882942
CONSUMER DISCRETIONARY,0.059165932217
CONSUMER STAPLES,0.056341639292
ENERGY,0.093218692412
FINANCIALS,0.12022574313
HEALTH CARE,0.089136487461
INDUSTRIALS,0.25804623027
MATERIALS,0.073956413749
TECHNOLOGY,0.139548113132
UTILITIES,0.109779865395
