SECTOR,WEIGHT
COMMUNICATION SERVICES,0.000637827262
CONSUMER DISCRETIONARY,0.061656969089
CONSUMER STAPLES,0.057408458771
ENERGY,0.078596940231
FINANCIALS,0.121826008333
HEALTH CARE,0.09167390105
INDUSTRIALS,0.266412537061
MATERIALS,0.075186516912
TECHNOLOGY,0.139387785958
UTILITIES,0.107213055333
