SECTOR,WEIGHT
CONSUMER DISCRETIONARY,0.063334337047
CONSUMER STAPLES,0.042657833986
ENERGY,0.077185586671
FINANCIALS,0.133092442036
HEALTH CARE,0.097460604236
INDUSTRIALS,0.244906152765
MATERIALS,0.085817524842
TECHNOLOGY,0.142728093948
UTILITIES,0.112817424471
