SECTOR,WEIGHT
CONSUMER DISCRETIONARY,0.059053539202
CONSUMER STAPLES,0.042911570082
ENERGY,0.078303589332
FINANCIALS,0.131140966513
HEALTH CARE,0.09454581913
INDUSTRIALS,0.248847002206
MATERIALS,0.08602366152
TECHNOLOGY,0.146079807499
UTILITIES,0.113094044516
