SECTOR,WEIGHT
COMMUNICATION SERVICES,0.001057933396
CONSUMER DISCRETIONARY,0.065968270028
CONSUMER STAPLES,0.053492886552
ENERGY,0.072260665153
FINANCIALS,0.131400547235
HEALTH CARE,0.102543255825
INDUSTRIALS,0.256119251377
MATERIALS,0.068012871858
TECHNOLOGY,0.145402606892
UTILITIES,0.103741711684
