SECTOR,WEIGHT
COMMUNICATION SERVICES,0.000625628131
CONSUMER DISCRETIONARY,0.058904139756
CONSUMER STAPLES,0.056046270456
ENERGY,0.087144493071
FINANCIALS,0.120501983992
HEALTH CARE,0.089145502084
INDUSTRIALS,0.261355400822
MATERIALS,0.072394684263
TECHNOLOGY,0.142205774598
UTILITIES,0.111676122827
