SECTOR,WEIGHT
COMMUNICATION SERVICES,0.010510498485
CONSUMER DISCRETIONARY,0.121673110383
CONSUMER STAPLES,0.050641401693
ENERGY,0.048339883833
FINANCIALS,0.24139808951
HEALTH CARE,0.062492366649
INDUSTRIALS,0.224033092203
MATERIALS,0.060213873978
REAL ESTATE,0.007804538165
TECHNOLOGY,0.103235940118
UTILITIES,0.069657204982
