SECTOR,WEIGHT
COMMUNICATION SERVICES,0.011577769399
CONSUMER DISCRETIONARY,0.117721026497
CONSUMER STAPLES,0.05000020055
ENERGY,0.045766583505
FINANCIALS,0.247097034262
HEALTH CARE,0.065200911301
INDUSTRIALS,0.22219269676
MATERIALS,0.059274649639
REAL ESTATE,0.008170419631
TECHNOLOGY,0.102376922275
UTILITIES,0.068333507144
