SECTOR,WEIGHT
COMMUNICATION SERVICES,0.008079175924
CONSUMER DISCRETIONARY,0.122500504948
CONSUMER STAPLES,0.048677034942
ENERGY,0.05635225207
FINANCIALS,0.244395071703
HEALTH CARE,0.070288830539
INDUSTRIALS,0.205817006665
MATERIALS,0.060795798829
REAL ESTATE,0.007170268633
TECHNOLOGY,0.11169460715
UTILITIES,0.064229448596
