SECTOR,WEIGHT
COMMUNICATION SERVICES,0.012153601303
CONSUMER DISCRETIONARY,0.11475671236
CONSUMER STAPLES,0.049311389526
ENERGY,0.054927378246
FINANCIALS,0.236897447032
HEALTH CARE,0.06459791025
INDUSTRIALS,0.219961229621
MATERIALS,0.057977060692
REAL ESTATE,0.007755078709
TECHNOLOGY,0.108660356034
UTILITIES,0.073001836228
