SECTOR,WEIGHT
COMMUNICATION SERVICES,0.012151510912
CONSUMER DISCRETIONARY,0.119163918075
CONSUMER STAPLES,0.049978913762
ENERGY,0.042662643339
FINANCIALS,0.251468739526
HEALTH CARE,0.069218218912
INDUSTRIALS,0.216439415061
MATERIALS,0.058445617132
REAL ESTATE,0.008070141182
TECHNOLOGY,0.103663771628
UTILITIES,0.068737110471
