SECTOR,WEIGHT
COMMUNICATION SERVICES,0.01207784998
CONSUMER DISCRETIONARY,0.118432399277
CONSUMER STAPLES,0.049557232505
ENERGY,0.041789099919
FINANCIALS,0.252153101882
HEALTH CARE,0.069324911331
INDUSTRIALS,0.218892082388
MATERIALS,0.058298138479
REAL ESTATE,0.00787655315
TECHNOLOGY,0.103569747049
UTILITIES,0.068028884041
