SECTOR,WEIGHT
COMMUNICATION SERVICES,0.010482723826
CONSUMER DISCRETIONARY,0.120339106906
CONSUMER STAPLES,0.050842011378
ENERGY,0.046016074444
FINANCIALS,0.247848549066
HEALTH CARE,0.063197651197
INDUSTRIALS,0.224012164444
MATERIALS,0.060551944639
REAL ESTATE,0.007902083832
TECHNOLOGY,0.100384693541
UTILITIES,0.068422996726
