SECTOR,WEIGHT
COMMUNICATION SERVICES,0.01036641825
CONSUMER DISCRETIONARY,0.119673271638
CONSUMER STAPLES,0.050372624488
ENERGY,0.047601839849
FINANCIALS,0.2456618902
HEALTH CARE,0.062162473286
INDUSTRIALS,0.225804933959
MATERIALS,0.060055355632
REAL ESTATE,0.008032072233
TECHNOLOGY,0.10389341288
UTILITIES,0.066375707586
