SECTOR,WEIGHT
COMMUNICATION SERVICES,0.012239929106
CONSUMER DISCRETIONARY,0.114555138392
CONSUMER STAPLES,0.04917749804
ENERGY,0.057649905511
FINANCIALS,0.238751880499
HEALTH CARE,0.061994498254
INDUSTRIALS,0.218435966684
MATERIALS,0.059448360165
REAL ESTATE,0.007258049138
TECHNOLOGY,0.106953857394
UTILITIES,0.073534916816
