SECTOR,WEIGHT
ENERGY,0.762800714623
FINANCIALS,0.02464575625
UTILITIES,0.212553529127
