SECTOR,WEIGHT
ENERGY,0.747550156451
FINANCIALS,0.023190555073
UTILITIES,0.229259288475
