SECTOR,WEIGHT
ENERGY,0.756488541667
FINANCIALS,0.02498125
UTILITIES,0.218530208333
