SECTOR,WEIGHT
ENERGY,0.74956508577
FINANCIALS,0.023985079176
UTILITIES,0.226449835054
