SECTOR,WEIGHT
ENERGY,0.763529250582
UTILITIES,0.236470749418
