SECTOR,WEIGHT
ENERGY,0.762227320012
FINANCIALS,0.024364566727
UTILITIES,0.213408113261
