SECTOR,WEIGHT
ENERGY,0.755042795674
FINANCIALS,0.024339907864
UTILITIES,0.220617296462
