SECTOR,WEIGHT
COMMUNICATION SERVICES,0.068427644313
CONSUMER DISCRETIONARY,0.077308436753
FINANCIALS,0.031879767733
INDUSTRIALS,0.222361379939
TECHNOLOGY,0.512011841057
UTILITIES,0.088010930206
