SECTOR,WEIGHT
COMMUNICATION SERVICES,0.069316717856
CONSUMER DISCRETIONARY,0.075976579042
FINANCIALS,0.04666694899
INDUSTRIALS,0.206576055704
TECHNOLOGY,0.531873944073
UTILITIES,0.069589754334
