SECTOR,WEIGHT
COMMUNICATION SERVICES,0.067619975514
CONSUMER DISCRETIONARY,0.071031664987
FINANCIALS,0.044003763237
INDUSTRIALS,0.22211024768
TECHNOLOGY,0.526983818749
UTILITIES,0.068250529833
