SECTOR,WEIGHT
COMMUNICATION SERVICES,0.059027997009
CONSUMER DISCRETIONARY,0.070521447758
FINANCIALS,0.04290105508
INDUSTRIALS,0.189095843372
MATERIALS,0.003237794578
TECHNOLOGY,0.572469330675
UTILITIES,0.062746531528
