SECTOR,WEIGHT
COMMUNICATION SERVICES,0.064458431646
CONSUMER DISCRETIONARY,0.070209718647
FINANCIALS,0.04323966824
INDUSTRIALS,0.223450012513
TECHNOLOGY,0.53036965537
UTILITIES,0.068272513585
