SECTOR,WEIGHT
COMMUNICATION SERVICES,0.058966203719
CONSUMER DISCRETIONARY,0.065820237886
FINANCIALS,0.0407701882
INDUSTRIALS,0.223988447401
TECHNOLOGY,0.541334262441
UTILITIES,0.069120660353
