SECTOR,WEIGHT
COMMUNICATION SERVICES,0.0594495882
CONSUMER DISCRETIONARY,0.063479975357
FINANCIALS,0.039747310044
INDUSTRIALS,0.231451347154
TECHNOLOGY,0.532157684351
UTILITIES,0.073714094893
