SECTOR,WEIGHT
COMMUNICATION SERVICES,0.058426721554
CONSUMER DISCRETIONARY,0.065558585684
FINANCIALS,0.037376556486
INDUSTRIALS,0.223512379829
TECHNOLOGY,0.541867661732
UTILITIES,0.073258094715
