SECTOR,WEIGHT
COMMUNICATION SERVICES,0.191072935009
CONSUMER DISCRETIONARY,0.157632758859
FINANCIALS,0.095941667765
HEALTH CARE,0.00738284213
INDUSTRIALS,0.031986435908
MATERIALS,0.019193314248
TECHNOLOGY,0.496790046082
