SECTOR,WEIGHT
COMMUNICATION SERVICES,0.189537259174
CONSUMER DISCRETIONARY,0.15117173627
FINANCIALS,0.090425548438
HEALTH CARE,0.010399787117
INDUSTRIALS,0.027938814793
MATERIALS,0.017995649153
TECHNOLOGY,0.512531205056
