SECTOR,WEIGHT
COMMUNICATION SERVICES,0.189997327483
CONSUMER DISCRETIONARY,0.157943694828
FINANCIALS,0.089795542076
HEALTH CARE,0.007473725427
INDUSTRIALS,0.03014143624
MATERIALS,0.01755988821
TECHNOLOGY,0.507088385737
