SECTOR,WEIGHT
COMMUNICATION SERVICES,0.196700111806
CONSUMER DISCRETIONARY,0.14849393252
FINANCIALS,0.07650899475
HEALTH CARE,0.007797418407
INDUSTRIALS,0.042593074235
MATERIALS,0.035207027935
TECHNOLOGY,0.492699440347
