SECTOR,WEIGHT
COMMUNICATION SERVICES,0.217701841758
CONSUMER DISCRETIONARY,0.143050481168
FINANCIALS,0.09262173627
HEALTH CARE,0.007224739356
INDUSTRIALS,0.04028864722
MATERIALS,0.038289085861
TECHNOLOGY,0.460823468367
