SECTOR,WEIGHT
COMMUNICATION SERVICES,0.190403610745
CONSUMER DISCRETIONARY,0.12114027804
FINANCIALS,0.104934718267
HEALTH CARE,0.010135351981
INDUSTRIALS,0.011394629731
TECHNOLOGY,0.561991411237
