SECTOR,WEIGHT
COMMUNICATION SERVICES,0.188758356242
CONSUMER DISCRETIONARY,0.155479436447
FINANCIALS,0.094731346963
HEALTH CARE,0.006953263051
INDUSTRIALS,0.029458923648
MATERIALS,0.018322101909
TECHNOLOGY,0.50629657174
