SECTOR,WEIGHT
COMMUNICATION SERVICES,0.185865772605
CONSUMER DISCRETIONARY,0.1222239649
FINANCIALS,0.100330384586
HEALTH CARE,0.010827122497
INDUSTRIALS,0.011496242945
TECHNOLOGY,0.569256512467
