SECTOR,WEIGHT
COMMUNICATION SERVICES,0.221427486842
CONSUMER DISCRETIONARY,0.14141632324
FINANCIALS,0.092737028728
HEALTH CARE,0.007317292249
INDUSTRIALS,0.040851941119
MATERIALS,0.034850970185
TECHNOLOGY,0.461398957636
