SECTOR,WEIGHT
CONSUMER DISCRETIONARY,0.217216399617
CONSUMER STAPLES,0.045491347906
ENERGY,0.017770630644
FINANCIALS,0.101460330522
HEALTH CARE,0.083586838184
INDUSTRIALS,0.294557190593
MATERIALS,0.04694363281
TECHNOLOGY,0.168534302338
UTILITIES,0.024439327386
