SECTOR,WEIGHT
CONSUMER DISCRETIONARY,0.194898646674
CONSUMER STAPLES,0.041601676865
ENERGY,0.019968148588
FINANCIALS,0.082254784634
HEALTH CARE,0.085341479747
INDUSTRIALS,0.304393259314
MATERIALS,0.056475240296
TECHNOLOGY,0.190087094025
UTILITIES,0.024979669857
