SECTOR,WEIGHT
CONSUMER DISCRETIONARY,0.217416993062
CONSUMER STAPLES,0.048241046515
ENERGY,0.017934106443
FINANCIALS,0.097541919463
HEALTH CARE,0.0756562476
INDUSTRIALS,0.297066789545
MATERIALS,0.04628830351
TECHNOLOGY,0.174741315311
UTILITIES,0.02511327855
