SECTOR,WEIGHT
CONSUMER DISCRETIONARY,0.186151080039
CONSUMER STAPLES,0.040688831979
ENERGY,0.016312275316
FINANCIALS,0.15065137669
HEALTH CARE,0.06666659974
INDUSTRIALS,0.274410438089
MATERIALS,0.05701215013
TECHNOLOGY,0.182819155504
UTILITIES,0.025288092511
