SECTOR,WEIGHT
CONSUMER DISCRETIONARY,0.200641067587
CONSUMER STAPLES,0.045903015157
ENERGY,0.018752161733
FINANCIALS,0.105830162791
HEALTH CARE,0.072674753757
INDUSTRIALS,0.297589556789
MATERIALS,0.049370098123
TECHNOLOGY,0.185437005138
UTILITIES,0.023802178924
