SECTOR,WEIGHT
CONSUMER DISCRETIONARY,0.185050015144
CONSUMER STAPLES,0.040783353291
ENERGY,0.016452745869
FINANCIALS,0.151639056542
HEALTH CARE,0.066581218697
INDUSTRIALS,0.275703090368
MATERIALS,0.056938234757
TECHNOLOGY,0.181717343732
UTILITIES,0.025134941601
