SECTOR,WEIGHT
CONSUMER DISCRETIONARY,0.183162399172
CONSUMER STAPLES,0.040670611044
ENERGY,0.015120892809
FINANCIALS,0.145844843347
HEALTH CARE,0.074386997619
INDUSTRIALS,0.263681931874
MATERIALS,0.057568482486
REAL ESTATE,0.012195758958
TECHNOLOGYQ,0.180748561039
UTILITIES,0.026619521652
