SECTOR,WEIGHT
COMMUNICATION SERVICES,0.108267684823
CONSUMER DISCRETIONARY,0.097440714965
CONSUMER STAPLES,0.050370128719
ENERGY,0.037565648511
FINANCIALS,0.126367341678
HEALTH CARE,0.095374599262
INDUSTRIALS,0.081363878015
MATERIALS,0.02084642276
REAL ESTATE,0.01772409099
TECHNOLOGY,0.339092681198
UTILITIES,0.02558680908
