SECTOR,WEIGHT
COMMUNICATION SERVICES,0.103030449488
CONSUMER DISCRETIONARY,0.096624588558
CONSUMER STAPLES,0.051433162866
ENERGY,0.035962233412
FINANCIALS,0.127569468148
HEALTH CARE,0.096608478251
INDUSTRIALS,0.082078994878
MATERIALS,0.021122626624
REAL ESTATE,0.018275129814
TECHNOLOGY,0.341999671752
UTILITIES,0.025295196208
