SECTOR,WEIGHT
COMMUNICATION SERVICES,0.10116786225
CONSUMER DISCRETIONARY,0.102783245484
CONSUMER STAPLES,0.045066200798
ENERGY,0.028737867176
FINANCIALS,0.137711420759
HEALTH CARE,0.093042085719
INDUSTRIALS,0.076438538657
MATERIALS,0.018563944247
REAL ESTATE,0.01713901669
TECHNOLOGY,0.356922914311
UTILITIES,0.022426903909
