SECTOR,WEIGHT
COMMUNICATION SERVICES,0.106400372567
CONSUMER DISCRETIONARY,0.097049905447
CONSUMER STAPLES,0.051938639324
ENERGY,0.036661975977
FINANCIALS,0.128656621332
HEALTH CARE,0.097993419594
INDUSTRIALS,0.082893161135
MATERIALS,0.021360111931
REAL ESTATE,0.017792701071
TECHNOLOGY,0.333527210706
UTILITIES,0.025725880916
