SECTOR,WEIGHT
COMMUNICATION SERVICES,0.1027255641
CONSUMER DISCRETIONARY,0.103312272524
CONSUMER STAPLES,0.047286675852
ENERGY,0.032281102122
FINANCIALS,0.128405184884
HEALTH CARE,0.09199385777
INDUSTRIALS,0.074126563123
MATERIALS,0.019754877267
REAL ESTATE,0.016894167916
TECHNOLOGY,0.357283175832
UTILITIES,0.022481048306
