SECTOR,WEIGHT
COMMUNICATION SERVICES,0.077677857264
CONSUMER DISCRETIONARY,0.061187563033
CONSUMER STAPLES,0.070402366452
ENERGY,0.068540790004
FINANCIALS,0.210315179213
HEALTH CARE,0.134115331821
INDUSTRIALS,0.137962248866
MATERIALS,0.036064463733
REAL ESTATE,0.03363214022
TECHNOLOGY,0.121142598802
UTILITIES,0.048959460593
