SECTOR,WEIGHT
COMMUNICATION SERVICES,0.079274126296
CONSUMER DISCRETIONARY,0.062490215439
CONSUMER STAPLES,0.06906339372
ENERGY,0.06673249395
FINANCIALS,0.21356485437
HEALTH CARE,0.137020684433
INDUSTRIALS,0.137584479768
MATERIALS,0.035859839047
REAL ESTATE,0.033125789799
TECHNOLOGY,0.116846839011
UTILITIES,0.048437284164
