SECTOR,WEIGHT
COMMUNICATION SERVICES,0.074905668326
CONSUMER DISCRETIONARY,0.058483632126
CONSUMER STAPLES,0.07360578688
ENERGY,0.077424188627
FINANCIALS,0.192543936193
HEALTH CARE,0.124390429823
INDUSTRIALS,0.139508572598
MATERIALS,0.036997474459
REAL ESTATE,0.030535178042
TECHNOLOGY,0.14157674817
UTILITIES,0.050028384757
