SECTOR,WEIGHT
COMMUNICATION SERVICES,0.074980821588
CONSUMER DISCRETIONARY,0.058328444719
CONSUMER STAPLES,0.07353379161
ENERGY,0.076408798504
FINANCIALS,0.193452765953
HEALTH CARE,0.123631313207
INDUSTRIALS,0.139884578551
MATERIALS,0.036902774226
REAL ESTATE,0.030466850178
TECHNOLOGY,0.142944099317
UTILITIES,0.049465762148
