SECTOR,WEIGHT
COMMUNICATION SERVICES,0.077634763633
CONSUMER DISCRETIONARY,0.066950772419
CONSUMER STAPLES,0.065469853374
ENERGY,0.069455612123
FINANCIALS,0.225025394454
HEALTH CARE,0.141137182976
INDUSTRIALS,0.127002803059
MATERIALS,0.028879448101
REAL ESTATE,0.033345614953
TECHNOLOGY,0.107714214177
UTILITIES,0.057384340731
