SECTOR,WEIGHT
COMMUNICATION SERVICES,0.074897134426
CONSUMER DISCRETIONARY,0.063649887436
CONSUMER STAPLES,0.067916225014
ENERGY,0.071140924563
FINANCIALS,0.224827844624
HEALTH CARE,0.139577459483
INDUSTRIALS,0.131901106499
MATERIALS,0.028259649916
REAL ESTATE,0.032755086768
TECHNOLOGY,0.112248461726
UTILITIES,0.052826219546
