SECTOR,WEIGHT
COMMUNICATION SERVICES,0.076392863264
CONSUMER DISCRETIONARY,0.065226303008
CONSUMER STAPLES,0.06204201417
ENERGY,0.081434403349
FINANCIALS,0.18985758401
HEALTH CARE,0.112698967938
INDUSTRIALS,0.133032511419
MATERIALS,0.040905632994
REAL ESTATE,0.029881398521
TECHNOLOGY,0.159855910178
UTILITIES,0.048672411149
