SECTOR,WEIGHT
COMMUNICATION SERVICES,0.078889862371
CONSUMER DISCRETIONARY,0.061719469581
CONSUMER STAPLES,0.066568841889
ENERGY,0.064538824591
FINANCIALS,0.229829000656
HEALTH CARE,0.140701234144
INDUSTRIALS,0.133066204297
MATERIALS,0.034722690243
REAL ESTATE,0.032565031012
TECHNOLOGY,0.109591321165
UTILITIES,0.04780752005
