SECTOR,WEIGHT
COMMUNICATION SERVICES,0.077065540793
CONSUMER DISCRETIONARY,0.059506888147
CONSUMER STAPLES,0.071562651826
ENERGY,0.080427302039
FINANCIALS,0.191951648458
HEALTH CARE,0.122486960502
INDUSTRIALS,0.135826597765
MATERIALS,0.039813130644
REAL ESTATE,0.032410028468
TECHNOLOGY,0.137793062465
UTILITIES,0.051156188893
