SECTOR,WEIGHT
COMMUNICATION SERVICES,0.074283725251
CONSUMER DISCRETIONARY,0.058117512995
CONSUMER STAPLES,0.065680002086
ENERGY,0.092120125109
FINANCIALS,0.193698627938
HEALTH CARE,0.119013656417
INDUSTRIALS,0.133460528401
MATERIALS,0.040314215955
REAL ESTATE,0.03137645527
TECHNOLOGY,0.140977877287
UTILITIES,0.050957273291
