SECTOR,WEIGHT
COMMUNICATION SERVICES,0.076444980406
CONSUMER DISCRETIONARY,0.059376495278
CONSUMER STAPLES,0.074742212822
ENERGY,0.076340916719
FINANCIALS,0.204119901772
HEALTH CARE,0.128313586739
INDUSTRIALS,0.143670122193
MATERIALS,0.036754886147
REAL ESTATE,0.031409889519
TECHNOLOGY,0.120777131291
UTILITIES,0.048049877113
