SECTOR,WEIGHT
COMMUNICATION SERVICES,0.012764270083
CONSUMER DISCRETIONARY,0.18423916317
CONSUMER STAPLES,0.019127833437
ENERGY,0.202102114161
FINANCIALS,0.063712931917
HEALTH CARE,0.119321581304
INDUSTRIALS,0.152411307648
MATERIALS,0.003569779348
REAL ESTATE,0.125276567551
TECHNOLOGY,0.101299014195
UTILITIES,0.016175437188
