SECTOR,WEIGHT
COMMUNICATION SERVICES,0.019769738098
CONSUMER DISCRETIONARY,0.1724523435
CONSUMER STAPLES,0.017585042418
ENERGY,0.211659344169
FINANCIALS,0.069349774298
HEALTH CARE,0.102020768169
INDUSTRIALS,0.155754237305
MATERIALS,0.003954550294
REAL ESTATE,0.126572729775
TECHNOLOGY,0.102803240783
UTILITIES,0.01807823119
