SECTOR,WEIGHT
COMMUNICATION SERVICES,0.021464981453
CONSUMER DISCRETIONARY,0.1672418437
CONSUMER STAPLES,0.020162636729
ENERGY,0.231684201076
FINANCIALS,0.070588899907
HEALTH CARE,0.109653188929
INDUSTRIALS,0.148703354925
MATERIALS,0.003871726611
REAL ESTATE,0.120297915139
TECHNOLOGY,0.08760613706
UTILITIES,0.018725114472
