SECTOR,WEIGHT
COMMUNICATION SERVICES,0.012734286982
CONSUMER DISCRETIONARY,0.192906072333
CONSUMER STAPLES,0.019841469072
ENERGY,0.197526041928
FINANCIALS,0.065619433394
HEALTH CARE,0.120696580158
INDUSTRIALS,0.15099498541
MATERIALS,0.00348330244
REAL ESTATE,0.125446081611
TECHNOLOGY,0.094299192484
UTILITIES,0.016452554187
