SECTOR,WEIGHT
COMMUNICATION SERVICES,0.020184776059
CONSUMER DISCRETIONARY,0.175235991163
CONSUMER STAPLES,0.017875075316
ENERGY,0.203253665395
FINANCIALS,0.068186382808
HEALTH CARE,0.103735689898
INDUSTRIALS,0.157160072304
MATERIALS,0.004117292629
REAL ESTATE,0.128740710986
TECHNOLOGY,0.10323358104
UTILITIES,0.018276762402
