SECTOR,WEIGHT
COMMUNICATION SERVICES,0.016452218269
CONSUMER DISCRETIONARY,0.165241256962
CONSUMER STAPLES,0.022810242836
ENERGY,0.221102768285
FINANCIALS,0.061928889086
HEALTH CARE,0.13164087721
INDUSTRIALS,0.158636836315
MATERIALS,0.003917194826
REAL ESTATE,0.125499077775
TECHNOLOGY,0.075778360189
UTILITIES,0.016992278249
