SECTOR,WEIGHT
COMMUNICATION SERVICES,0.016070794752
CONSUMER DISCRETIONARY,0.171303832839
CONSUMER STAPLES,0.023421954135
ENERGY,0.215121207155
FINANCIALS,0.062842307526
HEALTH CARE,0.12978501554
INDUSTRIALS,0.160161964814
MATERIALS,0.003901312872
REAL ESTATE,0.126433707343
TECHNOLOGY,0.072703177458
UTILITIES,0.018254725566
