SECTOR,WEIGHT
COMMUNICATION SERVICES,0.019085886489
CONSUMER DISCRETIONARY,0.170165745856
CONSUMER STAPLES,0.017277749874
ENERGY,0.196986438975
FINANCIALS,0.068106479156
HEALTH CARE,0.100452034154
INDUSTRIALS,0.164239075841
MATERIALS,0.003817177298
REAL ESTATE,0.128277247614
TECHNOLOGY,0.113611250628
UTILITIES,0.017980914114
