SECTOR,WEIGHT
COMMUNICATION SERVICES,0.016363740623
CONSUMER DISCRETIONARY,0.159514781792
CONSUMER STAPLES,0.022079883142
ENERGY,0.234368885352
FINANCIALS,0.061734741612
HEALTH CARE,0.121931295629
INDUSTRIALS,0.155863975526
MATERIALS,0.004002909378
REAL ESTATE,0.124373885216
TECHNOLOGY,0.08204002507
UTILITIES,0.017725876661
