SECTOR,WEIGHT
COMMUNICATION SERVICES,0.015519639298
CONSUMER DISCRETIONARY,0.186350148368
CONSUMER STAPLES,0.021177203051
ENERGY,0.186052910372
FINANCIALS,0.072895610217
HEALTH CARE,0.120510928015
INDUSTRIALS,0.14933397601
MATERIALS,0.003869114863
REAL ESTATE,0.132442623527
TECHNOLOGY,0.094183273333
UTILITIES,0.017664572946
