SECTOR,WEIGHT
COMMUNICATION SERVICES,0.108787878788
CONSUMER DISCRETIONARY,0.057171717172
CONSUMER STAPLES,0.081313131313
ENERGY,0.009494949495
FINANCIALS,0.157676767677
HEALTH CARE,0.130101010101
INDUSTRIALS,0.152323232323
REAL ESTATE,0.007373737374
TECHNOLOGY,0.258080808081
UTILITIES,0.037676767677
