SECTOR,WEIGHT
COMMUNICATION SERVICES,0.092062846186
CONSUMER DISCRETIONARY,0.061667183773
CONSUMER STAPLES,0.082871922159
FINANCIALS,0.172351950846
HEALTH CARE,0.155214209057
INDUSTRIALS,0.138127330156
REAL ESTATE,0.014035105566
TECHNOLOGY,0.246797926829
UTILITIES,0.036871525429
