SECTOR,WEIGHT
COMMUNICATION SERVICES,0.089094747563
CONSUMER DISCRETIONARY,0.060777540309
CONSUMER STAPLES,0.077861293
FINANCIALS,0.191404793315
HEALTH CARE,0.152784405086
INDUSTRIALS,0.132271270986
REAL ESTATE,0.013816768181
TECHNOLOGY,0.246134552847
UTILITIES,0.035854628713
