SECTOR,WEIGHT
COMMUNICATION SERVICES,0.099645843651
CONSUMER DISCRETIONARY,0.06361446076
CONSUMER STAPLES,0.07525797105
FINANCIALS,0.185381657395
HEALTH CARE,0.150457202985
INDUSTRIALS,0.130878848551
REAL ESTATE,0.01370849398
TECHNOLOGY,0.244378008481
UTILITIES,0.036677513148
