SECTOR,WEIGHT
COMMUNICATION SERVICES,0.091485616235
CONSUMER DISCRETIONARY,0.062644274957
CONSUMER STAPLES,0.086038683636
ENERGY,0.010231578053
FINANCIALS,0.163948930078
HEALTH CARE,0.144734513856
INDUSTRIALS,0.145447357272
REAL ESTATE,0.013872640665
TECHNOLOGY,0.239882426337
UTILITIES,0.04171397891
