SECTOR,WEIGHT
COMMUNICATION SERVICES,0.082412468704
CONSUMER DISCRETIONARY,0.063850983785
CONSUMER STAPLES,0.090342038315
ENERGY,0.008427688557
FINANCIALS,0.178956793727
HEALTH CARE,0.145354939999
INDUSTRIALS,0.148103669241
REAL ESTATE,0.014215548369
TECHNOLOGY,0.229226473711
UTILITIES,0.039109395592
