SECTOR,WEIGHT
COMMUNICATION SERVICES,0.088798403868
CONSUMER DISCRETIONARY,0.061874247286
CONSUMER STAPLES,0.087451189905
ENERGY,0.005169518555
FINANCIALS,0.187463967812
HEALTH CARE,0.141632533557
INDUSTRIALS,0.141199895764
REAL ESTATE,0.013899746756
TECHNOLOGY,0.236238345191
UTILITIES,0.036272151307
