SECTOR,WEIGHT
COMMUNICATION SERVICES,0.087590746874
CONSUMER DISCRETIONARY,0.064313485438
CONSUMER STAPLES,0.073622773816
FINANCIALS,0.190163629734
HEALTH CARE,0.152059791167
INDUSTRIALS,0.129607799761
REAL ESTATE,0.014032620894
TECHNOLOGY,0.25228817985
UTILITIES,0.036320972465
