SECTOR,WEIGHT
COMMUNICATION SERVICES,0.094591753394
CONSUMER DISCRETIONARY,0.061651423627
CONSUMER STAPLES,0.087859747863
ENERGY,0.008978028998
FINANCIALS,0.158560968115
HEALTH CARE,0.144866491998
INDUSTRIALS,0.146517147409
REAL ESTATE,0.013963352013
TECHNOLOGY,0.241386874004
UTILITIES,0.041624212578
