SECTOR,WEIGHT
COMMUNICATION SERVICES,0.101080933818
CONSUMER DISCRETIONARY,0.064903629479
CONSUMER STAPLES,0.074754883344
FINANCIALS,0.183998776569
HEALTH CARE,0.156223446329
INDUSTRIALS,0.128779293225
REAL ESTATE,0.013869941573
TECHNOLOGYQ,0.238527547962
UTILITIES,0.037861547701
