SECTOR,WEIGHT
CONSUMER DISCRETIONARY,0.324156077191
CONSUMER STAPLES,0.127359929058
ENERGY,0.181768790182
FINANCIALS,0.064108261924
INDUSTRIALS,0.233289376039
MATERIALS,0.036711800088
TECHNOLOGY,0.032605765518
