SECTOR,WEIGHT
CONSUMER DISCRETIONARY,0.355114334459
CONSUMER STAPLES,0.062087337304
ENERGY,0.19584847412
FINANCIALS,0.06609423378
INDUSTRIALS,0.207744794294
MATERIALS,0.113110826043
