SECTOR,WEIGHT
CONSUMER DISCRETIONARY,0.378172334236
CONSUMER STAPLES,0.100912829772
ENERGY,0.164911224797
FINANCIALS,0.070017052864
HEALTH CARE,0.036111947036
INDUSTRIALS,0.075333533955
MATERIALS,0.137626642592
TECHNOLOGY,0.036914434748
