SECTOR,WEIGHT
CONSUMER DISCRETIONARY,0.386031886137
CONSUMER STAPLES,0.098492956263
ENERGY,0.17397754229
FINANCIALS,0.067048150173
HEALTH CARE,0.032907215254
INDUSTRIALS,0.06623870971
MATERIALS,0.140851667778
TECHNOLOGY,0.034451872395
