SECTOR,WEIGHT
COMMUNICATION SERVICES,0.061730634722
CONSUMER DISCRETIONARY,0.090870517852
CONSUMER STAPLES,0.046056596662
ENERGY,0.132940071396
FINANCIALS,0.357548875545
HEALTH CARE,0.123128679902
INDUSTRIALS,0.07520051118
MATERIALS,0.048961211997
REAL ESTATE,0.016324099438
TECHNOLOGY,0.047238801307
