SECTOR,WEIGHT
COMMUNICATION SERVICES,0.066904078674
CONSUMER DISCRETIONARY,0.096506767456
CONSUMER STAPLES,0.051467242603
ENERGY,0.141646393623
FINANCIALS,0.33416852208
HEALTH CARE,0.129212596992
INDUSTRIALS,0.081618971929
MATERIALS,0.045849435489
REAL ESTATE,0.017188103515
TECHNOLOGY,0.03543788764
