SECTOR,WEIGHT
COMMUNICATION SERVICES,0.073143760669
CONSUMER DISCRETIONARY,0.07292219531
CONSUMER STAPLES,0.051418270078
ENERGY,0.12324573109
FINANCIALS,0.364412574841
HEALTH CARE,0.121866990286
INDUSTRIALS,0.076845916399
MATERIALS,0.047588210709
REAL ESTATE,0.016997084401
TECHNOLOGY,0.051559266216
