SECTOR,WEIGHT
COMMUNICATION SERVICES,0.084471497054
CONSUMER DISCRETIONARY,0.104657012544
CONSUMER STAPLES,0.049504405057
ENERGY,0.123994362192
FINANCIALS,0.323862148105
HEALTH CARE,0.120714995489
INDUSTRIALS,0.078256811312
MATERIALS,0.024508458791
REAL ESTATE,0.019698028014
TECHNOLOGY,0.070332281441
