SECTOR,WEIGHT
COMMUNICATION SERVICES,0.068370658345
CONSUMER DISCRETIONARY,0.105217329739
CONSUMER STAPLES,0.050298681111
ENERGY,0.127507721961
FINANCIALS,0.337220643604
HEALTH CARE,0.138137240087
INDUSTRIALS,0.0805641179
MATERIALS,0.027712408079
REAL ESTATE,0.020104044374
TECHNOLOGY,0.0448671548
