SECTOR,WEIGHT
COMMUNICATION SERVICES,0.081559596717
CONSUMER DISCRETIONARY,0.106123192934
CONSUMER STAPLES,0.046705620131
ENERGY,0.116734366538
FINANCIALS,0.335204974378
HEALTH CARE,0.122057659459
INDUSTRIALS,0.078951589385
MATERIALS,0.024517768612
REAL ESTATE,0.020117277007
TECHNOLOGY,0.068027954839
