SECTOR,WEIGHT
COMMUNICATION SERVICES,0.081976368018
CONSUMER DISCRETIONARY,0.105005100016
CONSUMER STAPLES,0.046577363433
ENERGY,0.11720450385
FINANCIALS,0.336378061702
HEALTH CARE,0.121220961428
INDUSTRIALS,0.079218504669
MATERIALS,0.024400891435
REAL ESTATE,0.020131256375
TECHNOLOGY,0.067886989074
