SECTOR,WEIGHT
COMMUNICATION SERVICES,0.066303460705
CONSUMER DISCRETIONARY,0.100792182745
CONSUMER STAPLES,0.049017634738
ENERGY,0.130198920496
FINANCIALS,0.352081894281
HEALTH CARE,0.125891622766
INDUSTRIALS,0.076211560225
MATERIALS,0.042505615466
REAL ESTATE,0.019313562982
TECHNOLOGY,0.037683545597
