SECTOR,WEIGHT
COMMUNICATION SERVICES,0.075412807088
CONSUMER DISCRETIONARY,0.072895690697
CONSUMER STAPLES,0.051047120419
ENERGY,0.122835279903
FINANCIALS,0.359947643979
HEALTH CARE,0.124244865083
INDUSTRIALS,0.079842931937
MATERIALS,0.04822795006
REAL ESTATE,0.016814337495
TECHNOLOGY,0.048731373339
