SECTOR,WEIGHT
COMMUNICATION SERVICES,0.064408529483
CONSUMER DISCRETIONARY,0.103847641906
CONSUMER STAPLES,0.048676119851
ENERGY,0.124716773189
FINANCIALS,0.32038293578
HEALTH CARE,0.127025014875
INDUSTRIALS,0.076345725106
MATERIALS,0.02808680605
REAL ESTATE,0.020047861922
TECHNOLOGY,0.041485719712
