SECTOR,WEIGHT
COMMUNICATION SERVICES,0.096693375737
CONSUMER DISCRETIONARY,0.121204171181
CONSUMER STAPLES,0.046995880488
ENERGY,0.025230758755
FINANCIALS,0.130007950638
HEALTH CARE,0.076854831765
INDUSTRIALS,0.099801534453
MATERIALS,0.012674959095
REAL ESTATE,0.007567124813
TECHNOLOGY,0.35667523146
UTILITIES,0.026294181615
