SECTOR,WEIGHT
COMMUNICATION SERVICES,0.10016187758
CONSUMER DISCRETIONARY,0.128196631705
CONSUMER STAPLES,0.046731264197
ENERGY,0.025135573724
FINANCIALS,0.13850994541
HEALTH CARE,0.078543161849
INDUSTRIALS,0.097524984908
MATERIALS,0.012220405785
REAL ESTATE,0.008246045912
TECHNOLOGY,0.340731782766
UTILITIES,0.023998326164
