SECTOR,WEIGHT
COMMUNICATION SERVICES,0.098317722486
CONSUMER DISCRETIONARY,0.128149815952
CONSUMER STAPLES,0.042810293824
ENERGY,0.022288495687
FINANCIALS,0.136467347715
HEALTH CARE,0.077966571272
INDUSTRIALS,0.09326657358
MATERIALS,0.01150059877
REAL ESTATE,0.008534353735
TECHNOLOGY,0.356211397408
UTILITIES,0.024486829571
