SECTOR,WEIGHT
COMMUNICATION SERVICES,0.097062541474
CONSUMER DISCRETIONARY,0.126809451032
CONSUMER STAPLES,0.042528041925
ENERGY,0.023193201278
FINANCIALS,0.131536568351
HEALTH CARE,0.075208506609
INDUSTRIALS,0.091427633469
MATERIALS,0.011824298964
REAL ESTATE,0.008299228628
TECHNOLOGY,0.365321194761
UTILITIES,0.023908824586
