SECTOR,WEIGHT
COMMUNICATION SERVICES,0.098609153925
CONSUMER DISCRETIONARY,0.120571041116
CONSUMER STAPLES,0.046917393538
ENERGY,0.027147889193
FINANCIALS,0.128872850809
HEALTH CARE,0.075237090831
INDUSTRIALS,0.097497438548
MATERIALS,0.01238410868
REAL ESTATE,0.007367367849
TECHNOLOGY,0.358908796273
UTILITIES,0.026486869239
