SECTOR,WEIGHT
COMMUNICATION SERVICES,0.09758915002
CONSUMER DISCRETIONARY,0.124230945787
CONSUMER STAPLES,0.042906319278
ENERGY,0.020812804294
FINANCIALS,0.141749059054
HEALTH CARE,0.077720555959
INDUSTRIALS,0.089550304809
MATERIALS,0.010607297942
REAL ESTATE,0.008253803711
TECHNOLOGY,0.361461757979
UTILITIES,0.025118001167
