SECTOR,WEIGHT
COMMUNICATION SERVICES,0.097647191106
CONSUMER DISCRETIONARY,0.127753025341
CONSUMER STAPLES,0.043368745269
ENERGY,0.022999018157
FINANCIALS,0.135336707875
HEALTH CARE,0.079232114496
INDUSTRIALS,0.094292059119
MATERIALS,0.01168373012
REAL ESTATE,0.008519344715
TECHNOLOGY,0.355105884432
UTILITIES,0.02406217937
