SECTOR,WEIGHT
COMMUNICATION SERVICES,0.095982366496
CONSUMER DISCRETIONARY,0.12233243162
CONSUMER STAPLES,0.043382426611
ENERGY,0.024847209698
FINANCIALS,0.125538523194
HEALTH CARE,0.067327923054
INDUSTRIALS,0.09558160505
MATERIALS,0.011622081956
REAL ESTATE,0.007514277127
TECHNOLOGY,0.381524897305
UTILITIES,0.02434625789
