SECTOR,WEIGHT
COMMUNICATION SERVICES,0.097162054726
CONSUMER DISCRETIONARY,0.120968833432
CONSUMER STAPLES,0.043204300579
ENERGY,0.025386812532
FINANCIALS,0.126025743724
HEALTH CARE,0.064910717061
INDUSTRIALS,0.092935263728
MATERIALS,0.011343961133
REAL ESTATE,0.007298633411
TECHNOLOGY,0.386872685967
UTILITIES,0.023890993707
