SECTOR,WEIGHT
COMMUNICATION SERVICES,0.010047214942
CONSUMER DISCRETIONARY,0.094722118225
CONSUMER STAPLES,0.0151919797
ENERGY,0.041266275635
FINANCIALS,0.260270809934
HEALTH CARE,0.135033695245
INDUSTRIALS,0.124913681934
MATERIALS,0.068519905154
REAL ESTATE,0.020354424061
TECHNOLOGY,0.205938266983
UTILITIES,0.023741628188
