SECTOR,WEIGHT
COMMUNICATION SERVICES,0.009961910648
CONSUMER DISCRETIONARY,0.094252679832
CONSUMER STAPLES,0.015234700534
ENERGY,0.042426815071
FINANCIALS,0.257691479367
HEALTH CARE,0.133678957011
INDUSTRIALS,0.126267087408
MATERIALS,0.070231730168
REAL ESTATE,0.020055953165
TECHNOLOGY,0.206024797094
UTILITIES,0.024173889702
