SECTOR,WEIGHT
COMMUNICATION SERVICES,0.011266921906
CONSUMER DISCRETIONARY,0.091941277575
CONSUMER STAPLES,0.015349651111
ENERGY,0.037252829437
FINANCIALS,0.253406164133
HEALTH CARE,0.130422245065
INDUSTRIALS,0.130335113649
MATERIALS,0.067597382323
REAL ESTATE,0.01807250786
TECHNOLOGY,0.223038791114
UTILITIES,0.021317115826
