SECTOR,WEIGHT
COMMUNICATION SERVICES,0.012782392312
CONSUMER DISCRETIONARY,0.10185637137
CONSUMER STAPLES,0.015597599217
ENERGY,0.029007558909
FINANCIALS,0.267793304491
HEALTH CARE,0.144374841937
INDUSTRIALS,0.129923099579
MATERIALS,0.067862617903
REAL ESTATE,0.024833143051
TECHNOLOGY,0.184667165529
UTILITIES,0.021301905703
