SECTOR,WEIGHT
COMMUNICATION SERVICES,0.010625204821
CONSUMER DISCRETIONARY,0.094907954078
CONSUMER STAPLES,0.015406703045
ENERGY,0.036805884281
FINANCIALS,0.257490337649
HEALTH CARE,0.133970380928
INDUSTRIALS,0.127422350071
MATERIALS,0.070193142982
REAL ESTATE,0.020047752561
TECHNOLOGY,0.209130206356
UTILITIES,0.024000083229
