SECTOR,WEIGHT
COMMUNICATION SERVICES,0.011261493956
CONSUMER DISCRETIONARY,0.094017977064
CONSUMER STAPLES,0.01405103833
ENERGY,0.033887798326
FINANCIALS,0.253538588697
HEALTH CARE,0.131625167889
INDUSTRIALS,0.129662155181
MATERIALS,0.067568963736
REAL ESTATE,0.021696456245
TECHNOLOGY,0.220787271412
UTILITIES,0.021903089162
