SECTOR,WEIGHT
COMMUNICATION SERVICES,0.012774741703
CONSUMER DISCRETIONARY,0.10054649355
CONSUMER STAPLES,0.015603404795
ENERGY,0.030206378011
FINANCIALS,0.260680023087
HEALTH CARE,0.141277162185
INDUSTRIALS,0.132154723711
MATERIALS,0.067127711019
REAL ESTATE,0.024931753303
TECHNOLOGY,0.19295330106
UTILITIES,0.021744307576
