SECTOR,WEIGHT
COMMUNICATION SERVICES,0.140095133871
CONSUMER DISCRETIONARY,0.108621463714
CONSUMER STAPLES,0.052272301568
ENERGY,0.021384499031
FINANCIALS,0.119744362454
HEALTH CARE,0.09063394492
INDUSTRIALS,0.047554236823
MATERIALS,0.004451769241
REAL ESTATE,0.003376093611
TECHNOLOGY,0.403412710163
UTILITIES,0.008453484605
