SECTOR,WEIGHT
COMMUNICATION SERVICES,0.139623397436
CONSUMER DISCRETIONARY,0.104667467949
CONSUMER STAPLES,0.054286858974
ENERGY,0.025741185897
FINANCIALS,0.107271634615
HEALTH CARE,0.08343349359
INDUSTRIALS,0.05719150641
MATERIALS,0.005408653846
REAL ESTATE,0.003405448718
TECHNOLOGY,0.409955929487
UTILITIES,0.009014423077
