SECTOR,WEIGHT
COMMUNICATION SERVICES,0.142462964638
CONSUMER DISCRETIONARY,0.104644599358
CONSUMER STAPLES,0.060275177789
ENERGY,0.028890655266
FINANCIALS,0.113807629057
HEALTH CARE,0.09418145194
INDUSTRIALS,0.054398108114
MATERIALS,0.005664454133
REAL ESTATE,0.003600255896
TECHNOLOGY,0.382153724895
UTILITIES,0.009920978915
