SECTOR,WEIGHT
COMMUNICATION SERVICES,0.143773169021
CONSUMER DISCRETIONARY,0.104899308687
CONSUMER STAPLES,0.051998797716
ENERGY,0.024145877167
FINANCIALS,0.1032962629
HEALTH CARE,0.08075343152
INDUSTRIALS,0.056006412183
MATERIALS,0.005109708446
REAL ESTATE,0.003206091574
TECHNOLOGY,0.418194569682
UTILITIES,0.008616371105
