SECTOR,WEIGHT
COMMUNICATION SERVICES,0.137879541679
CONSUMER DISCRETIONARY,0.11102790575
CONSUMER STAPLES,0.051711252837
ENERGY,0.021061377055
FINANCIALS,0.123502673816
HEALTH CARE,0.091672939148
INDUSTRIALS,0.048284236497
MATERIALS,0.004637517051
REAL ESTATE,0.00334412639
TECHNOLOGY,0.39859325294
UTILITIES,0.008285176836
