SECTOR,WEIGHT
COMMUNICATION SERVICES,0.141862471412
CONSUMER DISCRETIONARY,0.105247524859
CONSUMER STAPLES,0.052937742736
ENERGY,0.025955596983
FINANCIALS,0.108858106001
HEALTH CARE,0.084725715769
INDUSTRIALS,0.057004117942
MATERIALS,0.005318174019
REAL ESTATE,0.003401690167
TECHNOLOGY,0.405649667554
UTILITIES,0.009039192558
