SECTOR,WEIGHT
COMMUNICATION SERVICES,0.146546007014
CONSUMER DISCRETIONARY,0.107694428481
CONSUMER STAPLES,0.060385396154
ENERGY,0.026243349507
FINANCIALS,0.122580322104
HEALTH CARE,0.094145215051
INDUSTRIALS,0.054081301996
MATERIALS,0.005187833556
REAL ESTATE,0.003508675319
TECHNOLOGY,0.370386565162
UTILITIES,0.009240905654
