SECTOR,WEIGHT
COMMUNICATION SERVICES,0.141542591921
CONSUMER DISCRETIONARY,0.106926557563
CONSUMER STAPLES,0.059088370051
ENERGY,0.027651208574
FINANCIALS,0.116754207995
HEALTH CARE,0.094168744982
INDUSTRIALS,0.05530267735
MATERIALS,0.005548272383
REAL ESTATE,0.003733733057
TECHNOLOGY,0.379597747104
UTILITIES,0.00968588902
