SECTOR,WEIGHT
COMMUNICATION SERVICES,0.143825391286
CONSUMER DISCRETIONARY,0.105426742566
CONSUMER STAPLES,0.059623871939
ENERGY,0.029895701937
FINANCIALS,0.115406739005
HEALTH CARE,0.092919361866
INDUSTRIALS,0.054751483371
MATERIALS,0.005715092556
REAL ESTATE,0.003674109987
TECHNOLOGY,0.378803260723
UTILITIES,0.009958244764
