SECTOR,WEIGHT
COMMUNICATION SERVICES,0.136574070632
CONSUMER DISCRETIONARY,0.100692958198
CONSUMER STAPLES,0.057758244424
ENERGY,0.0296616074
FINANCIALS,0.112060158567
HEALTH CARE,0.092084222601
INDUSTRIALS,0.059040742473
MATERIALS,0.005775078488
REAL ESTATE,0.003511441896
TECHNOLOGY,0.39288628054
UTILITIES,0.009955194782
