SECTOR,WEIGHT
COMMUNICATION SERVICES,0.137978725888
CONSUMER DISCRETIONARY,0.112526395801
CONSUMER STAPLES,0.053156228022
ENERGY,0.021424781614
FINANCIALS,0.123769710814
HEALTH CARE,0.092272734084
INDUSTRIALS,0.048183898252
MATERIALS,0.004699927911
REAL ESTATE,0.003397270827
TECHNOLOGY,0.394128938284
UTILITIES,0.008461388502
