SECTOR,WEIGHT
ENERGY,0.961585760223
UTILITIES,0.038414239777
