SECTOR,WEIGHT
ENERGY,0.962790372562
UTILITIES,0.037209627438
