SECTOR,WEIGHT
COMMUNICATION SERVICES,0.098218571977
CONSUMER DISCRETIONARY,0.127901371376
CONSUMER STAPLES,0.028246615567
ENERGY,0.081508433079
FINANCIALS,0.105001440184
HEALTH CARE,0.0752156276
INDUSTRIALS,0.119071241119
MATERIALS,0.043081514434
REAL ESTATE,0.012631616847
TECHNOLOGY,0.286170629841
UTILITIES,0.022952937976
