SECTOR,WEIGHT
COMMUNICATION SERVICES,0.102435310045
CONSUMER DISCRETIONARY,0.134342784472
CONSUMER STAPLES,0.025773923101
ENERGY,0.07162246941
FINANCIALS,0.109214235042
HEALTH CARE,0.072640058594
INDUSTRIALS,0.111096324772
MATERIALS,0.040673549985
REAL ESTATE,0.012174048774
TECHNOLOGY,0.296046410872
UTILITIES,0.021225289443
