SECTOR,WEIGHT
COMMUNICATION SERVICES,0.083870748422
CONSUMER DISCRETIONARY,0.080496281588
CONSUMER STAPLES,0.046767610718
ENERGY,0.094564058879
FINANCIALS,0.097878535191
HEALTH CARE,0.125174222473
INDUSTRIALS,0.107155069499
MATERIALS,0.032911799936
REAL ESTATE,0.008276692283
TECHNOLOGY,0.271853047219
UTILITIES,0.051051933794
