SECTOR,WEIGHT
COMMUNICATION SERVICES,0.087873618794
CONSUMER DISCRETIONARY,0.131752867522
CONSUMER STAPLES,0.024607936765
ENERGY,0.067678332963
FINANCIALS,0.118483882012
HEALTH CARE,0.079607906734
INDUSTRIALS,0.113253369051
MATERIALS,0.035570491298
REAL ESTATE,0.015755606409
TECHNOLOGY,0.303294672585
UTILITIES,0.022121315867
