SECTOR,WEIGHT
COMMUNICATION SERVICES,0.097922813041
CONSUMER DISCRETIONARY,0.130878885284
CONSUMER STAPLES,0.027166600138
ENERGY,0.075986446213
FINANCIALS,0.110983389907
HEALTH CARE,0.073355322723
INDUSTRIALS,0.117437145661
MATERIALS,0.042648210786
REAL ESTATE,0.012348272712
TECHNOLOGY,0.290117880335
UTILITIES,0.021155033199
