SECTOR,WEIGHT
COMMUNICATION SERVICES,0.09741301675
CONSUMER DISCRETIONARY,0.135925932612
CONSUMER STAPLES,0.026475561252
ENERGY,0.070542327804
FINANCIALS,0.112179159321
HEALTH CARE,0.07725047285
INDUSTRIALS,0.114009382778
MATERIALS,0.040395288152
REAL ESTATE,0.012414430785
TECHNOLOGY,0.292014409124
UTILITIES,0.021380018573
