SECTOR,WEIGHT
COMMUNICATION SERVICES,0.095048580007
CONSUMER DISCRETIONARY,0.13012980674
CONSUMER STAPLES,0.028331836358
ENERGY,0.077877042671
FINANCIALS,0.107449134522
HEALTH CARE,0.075131477084
INDUSTRIALS,0.118449400577
MATERIALS,0.043485958107
REAL ESTATE,0.012476570173
TECHNOLOGY,0.288506432325
UTILITIES,0.023113761435
