SECTOR,WEIGHT
COMMUNICATION SERVICES,0.049429137826
CONSUMER DISCRETIONARY,0.125415446454
CONSUMER STAPLES,0.028634782935
ENERGY,0.08197400503
FINANCIALS,0.186010609902
HEALTH CARE,0.109539086155
INDUSTRIALS,0.158798044147
MATERIALS,0.047587548914
REAL ESTATE,0.048127464695
TECHNOLOGY,0.148094948191
UTILITIES,0.01638892575
