SECTOR,WEIGHT
COMMUNICATION SERVICES,0.030504564466
CONSUMER DISCRETIONARY,0.118308959938
CONSUMER STAPLES,0.035025685639
ENERGY,0.088527489294
FINANCIALS,0.212955719937
HEALTH CARE,0.118694473993
INDUSTRIALS,0.16838295212
MATERIALS,0.058585897733
REAL ESTATE,0.047404970276
TECHNOLOGY,0.098666100974
UTILITIES,0.022943185631
