SECTOR,WEIGHT
COMMUNICATION SERVICES,0.033134445799
CONSUMER DISCRETIONARY,0.122147659215
CONSUMER STAPLES,0.033456525373
ENERGY,0.081119206135
FINANCIALS,0.209623859981
HEALTH CARE,0.126756658689
INDUSTRIALS,0.161372058985
MATERIALS,0.056351694587
REAL ESTATE,0.04892449884
TECHNOLOGY,0.103937932412
UTILITIES,0.023175459983
