SECTOR,WEIGHT
COMMUNICATION SERVICES,0.029919549995
CONSUMER DISCRETIONARY,0.116848290041
CONSUMER STAPLES,0.035837006184
ENERGY,0.093397251675
FINANCIALS,0.209938831824
HEALTH CARE,0.119437943899
INDUSTRIALS,0.165461807973
MATERIALS,0.055566631191
REAL ESTATE,0.047813005113
TECHNOLOGY,0.101878802564
UTILITIES,0.023900879542
