SECTOR,WEIGHT
COMMUNICATION SERVICES,0.011916784488
CONSUMER DISCRETIONARY,0.09684912139
CONSUMER STAPLES,0.021510805898
ENERGY,0.039688951727
FINANCIALS,0.260452433852
HEALTH CARE,0.129468794183
INDUSTRIALS,0.169662694405
MATERIALS,0.024540496869
REAL ESTATE,0.113916380529
TECHNOLOGY,0.119975762472
UTILITIES,0.012017774187
