SECTOR,WEIGHT
COMMUNICATION SERVICES,0.031664345702
CONSUMER DISCRETIONARY,0.120861767698
CONSUMER STAPLES,0.035011224226
ENERGY,0.104953135545
FINANCIALS,0.181784539725
HEALTH CARE,0.12250411351
INDUSTRIALS,0.166068585014
MATERIALS,0.054364602809
REAL ESTATE,0.046225255221
TECHNOLOGY,0.112822326932
UTILITIES,0.023740103618
