SECTOR,WEIGHT
COMMUNICATION SERVICES,0.012131014962
CONSUMER DISCRETIONARY,0.093914274161
CONSUMER STAPLES,0.0210270926
ENERGY,0.040638900121
FINANCIALS,0.253639304488
HEALTH CARE,0.130509502628
INDUSTRIALS,0.184189243833
MATERIALS,0.024363121715
REAL ESTATE,0.110796603316
TECHNOLOGY,0.117165386171
UTILITIES,0.011625556005
