SECTOR,WEIGHT
COMMUNICATION SERVICES,0.03163198427
CONSUMER DISCRETIONARY,0.116685441586
CONSUMER STAPLES,0.035013517942
ENERGY,0.09710285925
FINANCIALS,0.209592618384
HEALTH CARE,0.118176511552
INDUSTRIALS,0.163281378011
MATERIALS,0.055514705882
REAL ESTATE,0.048072669179
TECHNOLOGY,0.100432164509
UTILITIES,0.024496149435
