SECTOR,WEIGHT
COMMUNICATION SERVICES,0.030039145621
CONSUMER DISCRETIONARY,0.119767469103
CONSUMER STAPLES,0.035963447789
ENERGY,0.111610348786
FINANCIALS,0.18376439694
HEALTH CARE,0.120556900702
INDUSTRIALS,0.166766661336
MATERIALS,0.055140014607
REAL ESTATE,0.044696089207
TECHNOLOGY,0.107963684109
UTILITIES,0.0237318418
