SECTOR,WEIGHT
COMMUNICATION SERVICES,0.037849141946
CONSUMER DISCRETIONARY,0.132652086864
CONSUMER STAPLES,0.057039274061
ENERGY,0.05618253369
FINANCIALS,0.111255962643
HEALTH CARE,0.11094587374
INDUSTRIALS,0.188834559972
MATERIALS,0.049443171263
REAL ESTATE,0.027823206696
TECHNOLOGY,0.169356431185
UTILITIES,0.05861775794
