SECTOR,WEIGHT
COMMUNICATION SERVICES,0.033275280579
CONSUMER DISCRETIONARY,0.124567567765
CONSUMER STAPLES,0.060225693319
ENERGY,0.062258327978
FINANCIALS,0.101495089731
HEALTH CARE,0.104811772101
INDUSTRIALS,0.194554781196
MATERIALS,0.055745343964
REAL ESTATE,0.02769365901
TECHNOLOGY,0.173623645203
UTILITIES,0.061748839154
