SECTOR,WEIGHT
COMMUNICATION SERVICES,0.035935376335
CONSUMER DISCRETIONARY,0.128569960027
CONSUMER STAPLES,0.058128117723
ENERGY,0.057283629353
FINANCIALS,0.106493240325
HEALTH CARE,0.108495409956
INDUSTRIALS,0.193700635601
MATERIALS,0.051513760253
REAL ESTATE,0.027835931172
TECHNOLOGY,0.172503539091
UTILITIES,0.059540400166
