SECTOR,WEIGHT
COMMUNICATION SERVICES,0.034574229349
CONSUMER DISCRETIONARY,0.126679281533
CONSUMER STAPLES,0.060399287855
ENERGY,0.060425807656
FINANCIALS,0.106213396127
HEALTH CARE,0.10685137361
INDUSTRIALS,0.193906606975
MATERIALS,0.05454051495
REAL ESTATE,0.027935586007
TECHNOLOGY,0.169121018516
UTILITIES,0.059352897422
