SECTOR,WEIGHT
COMMUNICATION SERVICES,0.16082377128
CONSUMER DISCRETIONARY,0.133142261067
CONSUMER STAPLES,0.056236011383
ENERGY,0.005843570553
FINANCIALS,0.031815557874
HEALTH CARE,0.055217184351
INDUSTRIALS,0.03611569662
MATERIALS,0.009338572629
REAL ESTATE,0.006016750894
TECHNOLOGY,0.495739358524
UTILITIES,0.009711264824
