SECTOR,WEIGHT
COMMUNICATION SERVICES,0.161282582174
CONSUMER DISCRETIONARY,0.130593958661
CONSUMER STAPLES,0.057659500149
ENERGY,0.005861121095
FINANCIALS,0.032870471147
HEALTH CARE,0.056612618268
INDUSTRIALS,0.037821392231
MATERIALS,0.009653789885
REAL ESTATE,0.006091961587
TECHNOLOGY,0.491667974425
UTILITIES,0.009884630377
