SECTOR,WEIGHT
COMMUNICATION SERVICES,0.156348142949
CONSUMER DISCRETIONARY,0.133345283923
CONSUMER STAPLES,0.056149540358
ENERGY,0.006483701118
FINANCIALS,0.032444837396
HEALTH CARE,0.055450734708
INDUSTRIALS,0.036354097989
MATERIALS,0.009402480659
REAL ESTATE,0.006083660202
TECHNOLOGY,0.498204879689
UTILITIES,0.009732641009
