SECTOR,WEIGHT
COMMUNICATION SERVICES,0.158783373172
CONSUMER DISCRETIONARY,0.131380909938
CONSUMER STAPLES,0.051628651298
ENERGY,0.005861321557
FINANCIALS,0.031256330268
HEALTH CARE,0.049223149536
INDUSTRIALS,0.033015638294
MATERIALS,0.009002147227
REAL ESTATE,0.006000081027
TECHNOLOGY,0.514871571527
UTILITIES,0.008976826156
