SECTOR,WEIGHT
COMMUNICATION SERVICES,0.161267616317
CONSUMER DISCRETIONARY,0.135878881658
CONSUMER STAPLES,0.052372355972
ENERGY,0.004830170361
FINANCIALS,0.03292323407
HEALTH CARE,0.056912271121
INDUSTRIALS,0.037320549968
MATERIALS,0.00810793044
REAL ESTATE,0.005606881172
TECHNOLOGY,0.496248426099
UTILITIES,0.008531682823
