SECTOR,WEIGHT
COMMUNICATION SERVICES,0.159704051341
CONSUMER DISCRETIONARY,0.135025817121
CONSUMER STAPLES,0.053196923186
ENERGY,0.005036993582
FINANCIALS,0.033242134755
HEALTH CARE,0.057938574976
INDUSTRIALS,0.038011095546
MATERIALS,0.008290810521
REAL ESTATE,0.005642848835
TECHNOLOGY,0.495477325943
UTILITIES,0.008433424195
