SECTOR,WEIGHT
COMMUNICATION SERVICES,0.167181636827
CONSUMER DISCRETIONARY,0.135215777379
CONSUMER STAPLES,0.028227570011
ENERGY,0.004916037474
FINANCIALS,0.033250675488
HEALTH CARE,0.059453044115
INDUSTRIALS,0.034729426025
MATERIALS,0.007256382415
REAL ESTATE,0.005751369915
TECHNOLOGYQ,0.514833463801
UTILITIES,0.00918461655
