SECTOR,WEIGHT
COMMUNICATION SERVICES,0.158405674402
CONSUMER DISCRETIONARY,0.130514698436
CONSUMER STAPLES,0.059296046795
ENERGY,0.005609386583
FINANCIALS,0.032592976671
HEALTH CARE,0.056743011306
INDUSTRIALS,0.037012431997
MATERIALS,0.009328048351
REAL ESTATE,0.005955732532
TECHNOLOGY,0.495110648416
UTILITIES,0.009431344511
