SECTOR,WEIGHT
COMMUNICATION SERVICES,0.16166178974
CONSUMER DISCRETIONARY,0.125920808683
CONSUMER STAPLES,0.056206880159
ENERGY,0.005387040557
FINANCIALS,0.033204237212
HEALTH CARE,0.056085504856
INDUSTRIALS,0.037293573481
MATERIALS,0.0088128585
REAL ESTATE,0.005640917233
TECHNOLOGY,0.501166720106
UTILITIES,0.008619669475
