SECTOR,WEIGHT
COMMUNICATION SERVICES,0.02455919482
CONSUMER DISCRETIONARY,0.123000875253
CONSUMER STAPLES,0.088871501066
ENERGY,0.010969442371
FINANCIALS,0.133609419829
HEALTH CARE,0.150774199082
INDUSTRIALS,0.209771610134
MATERIALS,0.049711285276
REAL ESTATE,0.048250302035
TECHNOLOGY,0.076198600227
UTILITIES,0.084283569905
