SECTOR,WEIGHT
COMMUNICATION SERVICES,0.02604008792
CONSUMER DISCRETIONARY,0.116151263336
CONSUMER STAPLES,0.088271606876
ENERGY,0.013579858353
FINANCIALS,0.127247270359
HEALTH CARE,0.144368983959
INDUSTRIALS,0.211829589704
MATERIALS,0.057011078103
REAL ESTATE,0.04744137987
TECHNOLOGY,0.075757606
UTILITIES,0.092301275519
