SECTOR,WEIGHT
COMMUNICATION SERVICES,0.025677588862
CONSUMER DISCRETIONARY,0.116481113247
CONSUMER STAPLES,0.088103130581
ENERGY,0.012814349507
FINANCIALS,0.129459325548
HEALTH CARE,0.140521509451
INDUSTRIALS,0.214603380727
MATERIALS,0.054967355663
REAL ESTATE,0.04838489108
TECHNOLOGY,0.075929217014
UTILITIES,0.093058138321
