SECTOR,WEIGHT
COMMUNICATION SERVICES,0.026231223304
CONSUMER DISCRETIONARY,0.117226321144
CONSUMER STAPLES,0.091292105452
ENERGY,0.012979748068
FINANCIALS,0.128168170607
HEALTH CARE,0.144414711594
INDUSTRIALS,0.210844307663
MATERIALS,0.05574784136
REAL ESTATE,0.049112060757
TECHNOLOGY,0.072316760654
UTILITIES,0.091666749397
