SECTOR,WEIGHT
COMMUNICATION SERVICES,0.024460681673
CONSUMER DISCRETIONARY,0.123093673653
CONSUMER STAPLES,0.088814306022
ENERGY,0.010615002577
FINANCIALS,0.133828107164
HEALTH CARE,0.155260846855
INDUSTRIALS,0.205075257746
MATERIALS,0.049769161409
REAL ESTATE,0.0486441764
TECHNOLOGYQ,0.073463411795
UTILITIES,0.086975374708
