SECTOR,WEIGHT
COMMUNICATION SERVICES,0.015976897534
CONSUMER DISCRETIONARY,0.101622130453
CONSUMER STAPLES,0.121692423472
ENERGY,0.129670906178
FINANCIALS,0.113005913575
HEALTH CARE,0.038240818674
INDUSTRIALS,0.138438148707
MATERIALS,0.102596886614
REAL ESTATE,0.088120079709
TECHNOLOGY,0.04335126458
UTILITIES,0.107284530504
