SECTOR,WEIGHT
COMMUNICATION SERVICES,0.015832275883
CONSUMER DISCRETIONARY,0.106723130003
CONSUMER STAPLES,0.130445595862
ENERGY,0.120852741337
FINANCIALS,0.108508227544
HEALTH CARE,0.036540339236
INDUSTRIALS,0.135100966206
MATERIALS,0.105561376107
REAL ESTATE,0.090192227231
TECHNOLOGY,0.036821117515
UTILITIES,0.113422003076
