SECTOR,WEIGHT
COMMUNICATION SERVICES,0.015312546846
CONSUMER DISCRETIONARY,0.11881035878
CONSUMER STAPLES,0.129035644883
ENERGY,0.104399658838
FINANCIALS,0.120436416688
HEALTH CARE,0.039411126418
INDUSTRIALS,0.143486511673
MATERIALS,0.102099379588
REAL ESTATE,0.087958505059
TECHNOLOGY,0.035417297681
UTILITIES,0.103632553545
