SECTOR,WEIGHT
COMMUNICATION SERVICES,0.01507430191
CONSUMER DISCRETIONARY,0.114522087107
CONSUMER STAPLES,0.131088802073
ENERGY,0.110929612819
FINANCIALS,0.113232959184
HEALTH CARE,0.036837820401
INDUSTRIALS,0.144211849635
MATERIALS,0.10354968629
REAL ESTATE,0.087652251154
TECHNOLOGY,0.03599986869
UTILITIES,0.106900760737
