SECTOR,WEIGHT
COMMUNICATION SERVICES,0.013966968406
CONSUMER DISCRETIONARY,0.117048382715
CONSUMER STAPLES,0.131274031963
ENERGY,0.107567708752
FINANCIALS,0.11704956739
HEALTH CARE,0.037101535273
INDUSTRIALS,0.145916325432
MATERIALS,0.10203133032
REAL ESTATE,0.08764730607
TECHNOLOGY,0.036971401721
UTILITIES,0.103425441959
