SECTOR,WEIGHT
COMMUNICATION SERVICES,0.01568455519
CONSUMER DISCRETIONARY,0.118586963913
CONSUMER STAPLES,0.128228491593
ENERGY,0.098087237213
FINANCIALS,0.127885240374
HEALTH CARE,0.039775946431
INDUSTRIALS,0.138204572431
MATERIALS,0.096734547944
REAL ESTATE,0.090895340946
TECHNOLOGY,0.040021475349
UTILITIES,0.105895628616
