SECTOR,WEIGHT
COMMUNICATION SERVICES,0.015167190116
CONSUMER DISCRETIONARY,0.121514663033
CONSUMER STAPLES,0.126281325515
ENERGY,0.102871399925
FINANCIALS,0.124993884368
HEALTH CARE,0.039821506023
INDUSTRIALS,0.141278344144
MATERIALS,0.098710587366
REAL ESTATE,0.089447245431
TECHNOLOGY,0.03727834857
UTILITIES,0.102635505509
