SECTOR,WEIGHT
COMMUNICATION SERVICES,0.016369699057
CONSUMER DISCRETIONARY,0.105835111191
CONSUMER STAPLES,0.122414520048
ENERGY,0.122274241805
FINANCIALS,0.113633615954
HEALTH CARE,0.037290718
INDUSTRIALS,0.137535785906
MATERIALS,0.104071160221
REAL ESTATE,0.089063305261
TECHNOLOGY,0.041011599125
UTILITIES,0.110500243432
