SECTOR,WEIGHT
COMMUNICATION SERVICES,0.088502842063
CONSUMER DISCRETIONARY,0.124798010556
CONSUMER STAPLES,0.050388753553
ENERGY,0.010966301259
FINANCIALS,0.111739748274
HEALTH CARE,0.127693869265
INDUSTRIALS,0.132579171742
MATERIALS,0.02594498579
REAL ESTATE,0.024394031669
TECHNOLOGY,0.288752537556
UTILITIES,0.014239748274
