SECTOR,WEIGHT
COMMUNICATION SERVICES,0.099266064197
CONSUMER DISCRETIONARY,0.134699764176
CONSUMER STAPLES,0.047787760137
ENERGY,0.010095561271
FINANCIALS,0.122044435126
HEALTH CARE,0.137977081173
INDUSTRIALS,0.121061240027
MATERIALS,0.023533578759
REAL ESTATE,0.024570717274
TECHNOLOGY,0.265144105257
UTILITIES,0.013819692604
