SECTOR,WEIGHT
COMMUNICATION SERVICES,0.08963357446
CONSUMER DISCRETIONARY,0.117865645662
CONSUMER STAPLES,0.050079816772
ENERGY,0.012299200613
FINANCIALS,0.111655077739
HEALTH CARE,0.130004298217
INDUSTRIALS,0.124726534834
MATERIALS,0.024666481732
REAL ESTATE,0.024824997536
TECHNOLOGY,0.299352015843
UTILITIES,0.014892356591
