SECTOR,WEIGHT
COMMUNICATION SERVICES,0.022722682286
CONSUMER DISCRETIONARY,0.099171884468
CONSUMER STAPLES,0.037770147445
ENERGY,0.013734599071
FINANCIALS,0.103817410624
HEALTH CARE,0.109371844072
INDUSTRIALS,0.102504544536
MATERIALS,0.01807715613
REAL ESTATE,0.012118763886
TECHNOLOGY,0.472732781256
UTILITIES,0.007978186225
