SECTOR,WEIGHT
COMMUNICATION SERVICES,0.021605249874
CONSUMER DISCRETIONARY,0.091065118627
CONSUMER STAPLES,0.036042402827
ENERGY,0.014437152953
FINANCIALS,0.099242806663
HEALTH CARE,0.10418980313
INDUSTRIALS,0.09964664311
MATERIALS,0.017667844523
REAL ESTATE,0.011913175164
TECHNOLOGY,0.496617869763
UTILITIES,0.007571933367
