SECTOR,WEIGHT
COMMUNICATION SERVICES,0.089380244632
CONSUMER DISCRETIONARY,0.132386100261
CONSUMER STAPLES,0.048447644715
ENERGY,0.009856079133
FINANCIALS,0.117122718683
HEALTH CARE,0.134101303494
INDUSTRIALS,0.127972824527
MATERIALS,0.024250194495
REAL ESTATE,0.02413253419
TECHNOLOGY,0.278995911304
UTILITIES,0.013354444567
