SECTOR,WEIGHT
COMMUNICATION SERVICES,0.023277850647
CONSUMER DISCRETIONARY,0.105026409813
CONSUMER STAPLES,0.04147498526
ENERGY,0.017101908606
FINANCIALS,0.111408654814
HEALTH CARE,0.116809949466
INDUSTRIALS,0.106005337583
MATERIALS,0.018760422597
REAL ESTATE,0.012526837082
TECHNOLOGY,0.438506042958
UTILITIES,0.009101601174
