SECTOR,WEIGHT
CONSUMER DISCRETIONARY,0.096068612926
CONSUMER STAPLES,0.018219251662
ENERGY,0.088243572177
FINANCIALS,0.266300879518
HEALTH CARE,0.076816332169
INDUSTRIALS,0.246557858393
MATERIALS,0.051730839218
REAL ESTATE,0.092731372228
TECHNOLOGY,0.017760471276
UTILITIES,0.045570810433
