SECTOR,WEIGHT
CONSUMER DISCRETIONARY,0.110340803717
CONSUMER STAPLES,0.016338990821
ENERGY,0.084082976484
FINANCIALS,0.275878056658
HEALTH CARE,0.07974035987
INDUSTRIALS,0.200080225883
MATERIALS,0.044560789339
REAL ESTATE,0.1052105148
TECHNOLOGY,0.02856562373
UTILITIES,0.055201658696
