SECTOR,WEIGHT
CONSUMER DISCRETIONARY,0.113088106641
CONSUMER STAPLES,0.016246607253
ENERGY,0.080166334561
FINANCIALS,0.27934133516
HEALTH CARE,0.078618939325
INDUSTRIALS,0.198032180399
MATERIALS,0.046232082175
REAL ESTATE,0.103311571784
TECHNOLOGY,0.029517294019
UTILITIES,0.055445548684
