SECTOR,WEIGHT
CONSUMER DISCRETIONARY,0.094598149312
CONSUMER STAPLES,0.018706956176
ENERGY,0.103211738287
FINANCIALS,0.273177013773
HEALTH CARE,0.078209884756
INDUSTRIALS,0.216156293831
MATERIALS,0.055103203613
REAL ESTATE,0.093177277838
TECHNOLOGY,0.016585297484
UTILITIES,0.051074184929
