SECTOR,WEIGHT
CONSUMER DISCRETIONARY,0.112612635937
CONSUMER STAPLES,0.017946150158
ENERGY,0.083950990616
FINANCIALS,0.273788306057
HEALTH CARE,0.071311325161
INDUSTRIALS,0.232359614793
MATERIALS,0.04063437554
REAL ESTATE,0.089715216583
TECHNOLOGY,0.020551754278
UTILITIES,0.057129630876
