SECTOR,WEIGHT
CONSUMER DISCRETIONARY,0.117083470173
CONSUMER STAPLES,0.017754078507
ENERGY,0.079629689104
FINANCIALS,0.268983043648
HEALTH CARE,0.075669028421
INDUSTRIALS,0.225769055046
MATERIALS,0.046851414618
REAL ESTATE,0.09259326408
TECHNOLOGY,0.021384252463
UTILITIES,0.054282703941
