SECTOR,WEIGHT
CONSUMER DISCRETIONARY,0.094549231408
CONSUMER STAPLES,0.018020357291
ENERGY,0.0957405484
FINANCIALS,0.262742002493
HEALTH CARE,0.078432696302
INDUSTRIALS,0.238104486913
MATERIALS,0.053026589115
REAL ESTATE,0.096151848774
TECHNOLOGY,0.01448691317
UTILITIES,0.048745326132
