SECTOR,WEIGHT
CONSUMER DISCRETIONARY,0.074921956296
CONSUMER STAPLES,0.019458896982
ENERGY,0.098543184183
FINANCIALS,0.281477627471
HEALTH CARE,0.074921956296
INDUSTRIALS,0.239958376691
MATERIALS,0.057544224766
REAL ESTATE,0.086368366285
TECHNOLOGY,0.018834547347
UTILITIES,0.047970863684
