SECTOR,WEIGHT
COMMUNICATION SERVICES,0.109285470421
CONSUMER DISCRETIONARY,0.137135974577
CONSUMER STAPLES,0.075610959985
FINANCIALS,0.190099689927
HEALTH CARE,0.140880479216
INDUSTRIALS,0.129422695503
TECHNOLOGY,0.217564730371
