SECTOR,WEIGHT
COMMUNICATION SERVICES,0.107667671439
CONSUMER DISCRETIONARY,0.1449197518
CONSUMER STAPLES,0.077477392615
FINANCIALS,0.182002477192
HEALTH CARE,0.152582813577
INDUSTRIALS,0.12985517645
TECHNOLOGY,0.205494716927
