SECTOR,WEIGHT
COMMUNICATION SERVICES,0.104887197336
CONSUMER DISCRETIONARY,0.14543506022
CONSUMER STAPLES,0.0774199364
FINANCIALS,0.185134586974
HEALTH CARE,0.151545684453
INDUSTRIALS,0.131783559106
TECHNOLOGY,0.203793975511
