SECTOR,WEIGHT
COMMUNICATION SERVICES,0.114331187543
CONSUMER DISCRETIONARY,0.139150170925
CONSUMER STAPLES,0.06819686515
FINANCIALS,0.191064805402
HEALTH CARE,0.13751253269
INDUSTRIALS,0.11919702641
TECHNOLOGY,0.230547411881
