SECTOR,WEIGHT
COMMUNICATION SERVICES,0.103061011021
CONSUMER DISCRETIONARY,0.141584646999
CONSUMER STAPLES,0.068020687674
FINANCIALS,0.197837143123
HEALTH CARE,0.142521537983
INDUSTRIALS,0.123710648827
TECHNOLOGY,0.223264324372
