SECTOR,WEIGHT
COMMUNICATION SERVICES,0.116166522794
CONSUMER DISCRETIONARY,0.138157413228
CONSUMER STAPLES,0.067700140263
FINANCIALS,0.184923396828
HEALTH CARE,0.136078033874
INDUSTRIALS,0.120753389017
TECHNOLOGY,0.236221103996
