SECTOR,WEIGHT
COMMUNICATION SERVICES,0.103748508382
CONSUMER DISCRETIONARY,0.139035365007
CONSUMER STAPLES,0.068981651716
FINANCIALS,0.198188115747
HEALTH CARE,0.141970008326
INDUSTRIALS,0.122036676529
TECHNOLOGY,0.226039674294
