SECTOR,WEIGHT
COMMUNICATION SERVICES,0.105840026355
CONSUMER DISCRETIONARY,0.144853641368
CONSUMER STAPLES,0.075811298348
FINANCIALS,0.181578227996
HEALTH CARE,0.147362961198
INDUSTRIALS,0.1303524563
TECHNOLOGY,0.214201388437
