SECTOR,WEIGHT
COMMUNICATION SERVICES,0.037608924471
CONSUMER DISCRETIONARY,0.187907418331
CONSUMER STAPLES,0.048859654306
FINANCIALS,0.226979518544
HEALTH CARE,0.085404997231
INDUSTRIALS,0.231824723364
TECHNOLOGY,0.138607108771
UTILITIES,0.042807654983
