SECTOR,WEIGHT
COMMUNICATION SERVICES,0.037072097657
CONSUMER DISCRETIONARY,0.182476501872
CONSUMER STAPLES,0.050891992255
FINANCIALS,0.213370918318
HEALTH CARE,0.087315969311
INDUSTRIALS,0.247081203401
TECHNOLOGY,0.140561030021
UTILITIES,0.041230287167
