SECTOR,WEIGHT
COMMUNICATION SERVICES,0.037917950342
CONSUMER DISCRETIONARY,0.181708302181
CONSUMER STAPLES,0.051952021776
FINANCIALS,0.20799650426
HEALTH CARE,0.091027534962
INDUSTRIALS,0.246816451624
TECHNOLOGY,0.139040836412
UTILITIES,0.043540398442
