SECTOR,WEIGHT
COMMUNICATION SERVICES,0.036795803585
CONSUMER DISCRETIONARY,0.190561472995
CONSUMER STAPLES,0.050169171501
FINANCIALS,0.218885672938
HEALTH CARE,0.083506380011
INDUSTRIALS,0.243607963087
TECHNOLOGY,0.133860958665
UTILITIES,0.04261257722
