SECTOR,WEIGHT
COMMUNICATION SERVICES,0.042964003322
CONSUMER DISCRETIONARY,0.182028007545
CONSUMER STAPLES,0.049994440165
FINANCIALS,0.213940460675
HEALTH CARE,0.090696442006
INDUSTRIALS,0.235733011698
TECHNOLOGY,0.13836777259
UTILITIES,0.046275862
