SECTOR,WEIGHT
COMMUNICATION SERVICES,0.037483148408
CONSUMER DISCRETIONARY,0.185460656917
CONSUMER STAPLES,0.051143704766
FINANCIALS,0.21845271839
HEALTH CARE,0.082426068336
INDUSTRIALS,0.242683955281
TECHNOLOGY,0.139310832494
UTILITIES,0.043038915409
