SECTOR,WEIGHT
COMMUNICATION SERVICES,0.037582106676
CONSUMER DISCRETIONARY,0.187940567831
CONSUMER STAPLES,0.048432552137
FINANCIALS,0.227605063007
HEALTH CARE,0.085092601214
INDUSTRIALS,0.232038147755
TECHNOLOGY,0.138721113117
UTILITIES,0.042587848262
