SECTOR,WEIGHT
COMMUNICATION SERVICES,0.040902677178
CONSUMER DISCRETIONARY,0.069529336013
CONSUMER STAPLES,0.009513057533
ENERGY,0.135085710177
HEALTH CARE,0.197747529191
INDUSTRIALS,0.22514270474
MATERIALS,0.025740732682
TECHNOLOGY,0.280923101084
UTILITIES,0.015415151403
