SECTOR,WEIGHT
COMMUNICATION SERVICES,0.041848207617
CONSUMER DISCRETIONARY,0.07514925522
CONSUMER STAPLES,0.021126914636
ENERGY,0.084338809496
HEALTH CARE,0.251852196437
INDUSTRIALS,0.209715992834
MATERIALS,0.019569309583
TECHNOLOGY,0.285345538423
UTILITIES,0.011053775755
