SECTOR,WEIGHT
COMMUNICATION SERVICES,0.03418864008
CONSUMER DISCRETIONARY,0.065996610447
CONSUMER STAPLES,0.02344432032
ENERGY,0.10306047992
HEALTH CARE,0.214862608692
INDUSTRIALS,0.229480221368
MATERIALS,0.020903414074
TECHNOLOGY,0.29637938002
UTILITIES,0.011684325078
