SECTOR,WEIGHT
COMMUNICATION SERVICES,0.04476029806
CONSUMER DISCRETIONARY,0.076329894204
CONSUMER STAPLES,0.022249169508
ENERGY,0.079832708713
HEALTH CARE,0.265091367889
INDUSTRIALS,0.191443656478
MATERIALS,0.018656980945
TECHNOLOGY,0.290825723666
UTILITIES,0.010810200538
