SECTOR,WEIGHT
COMMUNICATION SERVICES,0.043895086577
CONSUMER DISCRETIONARY,0.076900831372
CONSUMER STAPLES,0.0211555073
ENERGY,0.083597951541
HEALTH CARE,0.258415465589
INDUSTRIALS,0.20121186663
MATERIALS,0.01910239467
TECHNOLOGY,0.285410356181
UTILITIES,0.010310540139
