SECTOR,WEIGHT
COMMUNICATION SERVICES,0.038008559887
CONSUMER DISCRETIONARY,0.066622859636
CONSUMER STAPLES,0.024422777217
ENERGY,0.10297968746
HEALTH CARE,0.209622095819
INDUSTRIALS,0.219586894985
MATERIALS,0.020016283489
TECHNOLOGY,0.306324235715
UTILITIES,0.01241660579
