SECTOR,WEIGHT
COMMUNICATION SERVICES,0.036942901347
CONSUMER DISCRETIONARY,0.072058409985
CONSUMER STAPLES,0.023243139637
ENERGY,0.092050816834
HEALTH CARE,0.240924147217
INDUSTRIALS,0.217018108367
MATERIALS,0.020724318016
TECHNOLOGY,0.28524252008
UTILITIES,0.011795638516
