SECTOR,WEIGHT
COMMUNICATION SERVICES,0.039247288183
CONSUMER DISCRETIONARY,0.067486512486
CONSUMER STAPLES,0.023992404104
ENERGY,0.106301704175
HEALTH CARE,0.211002981324
INDUSTRIALS,0.222062332658
MATERIALS,0.020126828106
TECHNOLOGY,0.298007757896
UTILITIES,0.011772191069
