SECTOR,WEIGHT
COMMUNICATION SERVICES,0.045121297448
CONSUMER DISCRETIONARY,0.076786301823
CONSUMER STAPLES,0.022016744797
ENERGY,0.081279256661
HEALTH CARE,0.263116660882
INDUSTRIALS,0.19087436777
MATERIALS,0.018593474146
TECHNOLOGY,0.291199401974
UTILITIES,0.0110124945
