SECTOR,WEIGHT
COMMUNICATION SERVICES,0.074919327149
CONSUMER DISCRETIONARY,0.251297209347
CONSUMER STAPLES,0.067589444362
ENERGY,0.140678403137
HEALTH CARE,0.118797540742
INDUSTRIALS,0.122388136676
MATERIALS,0.063594679078
REAL ESTATE,0.019742121682
TECHNOLOGY,0.140993137828
