SECTOR,WEIGHT
COMMUNICATION SERVICES,0.074490930887
CONSUMER DISCRETIONARY,0.248041978254
CONSUMER STAPLES,0.06463221101
ENERGY,0.146879544592
HEALTH CARE,0.11824181024
INDUSTRIALS,0.122908673487
MATERIALS,0.064609144798
REAL ESTATE,0.019586895603
TECHNOLOGY,0.140608811131
