SECTOR,WEIGHT
COMMUNICATION SERVICES,0.086675390931
CONSUMER DISCRETIONARY,0.253665153125
CONSUMER STAPLES,0.06587821614
ENERGY,0.123898317969
HEALTH CARE,0.120960921956
INDUSTRIALS,0.119838575314
MATERIALS,0.049133149379
REAL ESTATE,0.022066003088
TECHNOLOGY,0.157884272097
