SECTOR,WEIGHT
COMMUNICATION SERVICES,0.085419001738
CONSUMER DISCRETIONARY,0.260567142941
CONSUMER STAPLES,0.062619949857
ENERGY,0.127561892774
HEALTH CARE,0.12010001479
INDUSTRIALS,0.120706046059
MATERIALS,0.049816120842
REAL ESTATE,0.022164962009
TECHNOLOGY,0.151044868991
