SECTOR,WEIGHT
COMMUNICATION SERVICES,0.086229716499
CONSUMER DISCRETIONARY,0.252499857068
CONSUMER STAPLES,0.065254788683
ENERGY,0.12441418141
HEALTH CARE,0.122084211387
INDUSTRIALS,0.120162726566
MATERIALS,0.049040824327
REAL ESTATE,0.022014895738
TECHNOLOGY,0.158298798322
