SECTOR,WEIGHT
COMMUNICATION SERVICES,0.081984919777
CONSUMER DISCRETIONARY,0.286293708664
CONSUMER STAPLES,0.04394571029
ENERGY,0.11156091617
HEALTH CARE,0.094785756101
INDUSTRIALS,0.079607804822
MATERIALS,0.017900884005
REAL ESTATE,0.016462834164
TECHNOLOGY,0.267457466008
