SECTOR,WEIGHT
COMMUNICATION SERVICES,0.079976748239
CONSUMER DISCRETIONARY,0.232098648331
CONSUMER STAPLES,0.063266065067
ENERGY,0.167589068308
HEALTH CARE,0.115328140217
INDUSTRIALS,0.11165473568
MATERIALS,0.070561031138
REAL ESTATE,0.019043147018
TECHNOLOGY,0.140482416001
