SECTOR,WEIGHT
COMMUNICATION SERVICES,0.090452155574
CONSUMER DISCRETIONARY,0.189415757265
CONSUMER STAPLES,0.046815548192
ENERGY,0.173897985118
HEALTH CARE,0.155060522299
INDUSTRIALS,0.111281460175
MATERIALS,0.056738834752
REAL ESTATE,0.016072069194
TECHNOLOGY,0.160265667431
