SECTOR,WEIGHT
COMMUNICATION SERVICES,0.080591586409
CONSUMER DISCRETIONARY,0.237677317052
CONSUMER STAPLES,0.065517586047
ENERGY,0.156399456644
HEALTH CARE,0.115980198752
INDUSTRIALS,0.114144030951
MATERIALS,0.067307063721
REAL ESTATE,0.019610030257
TECHNOLOGY,0.142772730168
