SECTOR,WEIGHT
COMMUNICATION SERVICES,0.100159455232
CONSUMER DISCRETIONARY,0.103103631789
CONSUMER STAPLES,0.025906939427
ENERGY,0.022466859115
FINANCIALS,0.081864436847
HEALTH CARE,0.101455658947
INDUSTRIALS,0.135571216617
MATERIALS,0.043818942717
REAL ESTATE,0.02317543704
TECHNOLOGY,0.362477422268
