SECTOR,WEIGHT
COMMUNICATION SERVICES,0.097261663286
CONSUMER DISCRETIONARY,0.105273833671
CONSUMER STAPLES,0.026064908722
ENERGY,0.024340770791
FINANCIALS,0.086409736308
HEALTH CARE,0.082657200811
INDUSTRIALS,0.143103448276
MATERIALS,0.021095334686
REAL ESTATE,0.025760649087
TECHNOLOGY,0.388032454361
