SECTOR,WEIGHT
COMMUNICATION SERVICES,0.095805836294
CONSUMER DISCRETIONARY,0.10175655932
CONSUMER STAPLES,0.02678931444
ENERGY,0.024869758804
FINANCIALS,0.076263372284
HEALTH CARE,0.110622312094
INDUSTRIALS,0.144093369439
MATERIALS,0.042174919884
REAL ESTATE,0.025865232916
TECHNOLOGY,0.351759324526
