SECTOR,WEIGHT
COMMUNICATION SERVICES,0.089347106763
CONSUMER DISCRETIONARY,0.106380682775
CONSUMER STAPLES,0.027713597917
ENERGY,0.026113107382
FINANCIALS,0.079153182173
HEALTH CARE,0.112844163454
INDUSTRIALS,0.142441640589
MATERIALS,0.042716053616
REAL ESTATE,0.025982002297
TECHNOLOGY,0.347308463035
