SECTOR,WEIGHT
COMMUNICATION SERVICES,0.096752947044
CONSUMER DISCRETIONARY,0.101956718698
CONSUMER STAPLES,0.027153129654
ENERGY,0.025317983129
FINANCIALS,0.079011856555
HEALTH CARE,0.113217982224
INDUSTRIALS,0.146388381361
MATERIALS,0.04575497928
REAL ESTATE,0.026153603272
TECHNOLOGY,0.338292418783
