SECTOR,WEIGHT
COMMUNICATION SERVICES,0.115261813538
CONSUMER DISCRETIONARY,0.080473871021
CONSUMER STAPLES,0.024743061347
ENERGY,0.01954889187
FINANCIALS,0.082528574479
HEALTH CARE,0.10798070996
INDUSTRIALS,0.12715995665
MATERIALS,0.041681271177
REAL ESTATE,0.02289987148
TECHNOLOGY,0.377721978478
