SECTOR,WEIGHT
COMMUNICATION SERVICES,0.115998056957
CONSUMER DISCRETIONARY,0.080079979199
CONSUMER STAPLES,0.022988980688
ENERGY,0.019402211925
FINANCIALS,0.081777118451
HEALTH CARE,0.109548121557
INDUSTRIALS,0.120320521477
MATERIALS,0.040983292652
REAL ESTATE,0.023505983323
TECHNOLOGY,0.385395733771
