SECTOR,WEIGHT
COMMUNICATION SERVICES,0.094677187138
CONSUMER DISCRETIONARY,0.102280197289
CONSUMER STAPLES,0.027133299188
ENERGY,0.02501703897
FINANCIALS,0.07678021947
HEALTH CARE,0.109550493828
INDUSTRIALS,0.139523957397
MATERIALS,0.041928972701
REAL ESTATE,0.027272433971
TECHNOLOGY,0.355836200048
