SECTOR,WEIGHT
COMMUNICATION SERVICES,0.164736704001
CONSUMER DISCRETIONARY,0.066413878722
CONSUMER STAPLES,0.004975206937
FINANCIALS,0.115064495152
HEALTH CARE,0.064564640871
INDUSTRIALS,0.04846392949
TECHNOLOGY,0.535781144827
