SECTOR,WEIGHT
COMMUNICATION SERVICES,0.139301801443
CONSUMER DISCRETIONARY,0.087005448002
FINANCIALS,0.106078235727
HEALTH CARE,0.072473193005
INDUSTRIALS,0.058590192747
TECHNOLOGY,0.536551129076
