SECTOR,WEIGHT
COMMUNICATION SERVICES,0.126635304866
CONSUMER DISCRETIONARY,0.104673850588
FINANCIALS,0.116838583004
HEALTH CARE,0.075174092817
INDUSTRIALS,0.051825836511
TECHNOLOGY,0.524852332214
