SECTOR,WEIGHT
COMMUNICATION SERVICES,0.146560931049
CONSUMER DISCRETIONARY,0.117495733178
FINANCIALS,0.118005885415
HEALTH CARE,0.075661175963
INDUSTRIALS,0.046047460748
TECHNOLOGY,0.496228813647
