SECTOR,WEIGHT
COMMUNICATION SERVICES,0.151916094425
CONSUMER DISCRETIONARY,0.085769052615
FINANCIALS,0.082567201518
HEALTH CARE,0.061542779933
INDUSTRIALS,0.061180970759
TECHNOLOGY,0.557023900751
