SECTOR,WEIGHT
COMMUNICATION SERVICES,0.138668904887
CONSUMER DISCRETIONARY,0.098003926012
FINANCIALS,0.115374003227
HEALTH CARE,0.082306195264
INDUSTRIALS,0.050873874747
TECHNOLOGY,0.514773095863
