SECTOR,WEIGHT
COMMUNICATION SERVICES,0.127720861173
CONSUMER DISCRETIONARY,0.10499142411
FINANCIALS,0.117647902107
HEALTH CARE,0.073671761001
INDUSTRIALS,0.049920385019
TECHNOLOGY,0.52604766659
