SECTOR,WEIGHT
COMMUNICATION SERVICES,0.147169747376
CONSUMER DISCRETIONARY,0.084577672952
FINANCIALS,0.100899271242
HEALTH CARE,0.071468287212
INDUSTRIALS,0.057014919366
TECHNOLOGY,0.538870101852
