SECTOR,WEIGHT
COMMUNICATION SERVICES,0.106148608051
CONSUMER DISCRETIONARY,0.100841177649
CONSUMER STAPLES,0.048968555978
ENERGY,0.033747246145
FINANCIALS,0.122771880633
HEALTH CARE,0.084818746245
INDUSTRIALS,0.087722811937
MATERIALS,0.020028039255
REAL ESTATE,0.019026637292
TECHNOLOGY,0.352894051672
UTILITIES,0.023032245143
