SECTOR,WEIGHT
COMMUNICATION SERVICES,0.110435331938
CONSUMER DISCRETIONARY,0.104806842289
CONSUMER STAPLES,0.052735804382
ENERGY,0.03250848228
FINANCIALS,0.129985873712
HEALTH CARE,0.093271542088
INDUSTRIALS,0.086656915423
MATERIALS,0.018986891886
REAL ESTATE,0.018118891081
TECHNOLOGY,0.329756208909
UTILITIES,0.02273721601
