SECTOR,WEIGHT
COMMUNICATION SERVICES,0.107494402793
CONSUMER DISCRETIONARY,0.104749093988
CONSUMER STAPLES,0.049505634238
ENERGY,0.031146193949
FINANCIALS,0.125528569527
HEALTH CARE,0.092997210654
INDUSTRIALS,0.083058852495
MATERIALS,0.018612653241
REAL ESTATE,0.017823989976
TECHNOLOGY,0.344174450713
UTILITIES,0.022550965362
