SECTOR,WEIGHT
COMMUNICATION SERVICES,0.106641102145
CONSUMER DISCRETIONARY,0.099063857907
CONSUMER STAPLES,0.053234946635
ENERGY,0.033515889385
FINANCIALS,0.129869440718
HEALTH CARE,0.093958629528
INDUSTRIALS,0.088666172731
MATERIALS,0.019256492921
REAL ESTATE,0.018622719718
TECHNOLOGY,0.334496085224
UTILITIES,0.022674663089
