SECTOR,WEIGHT
COMMUNICATION SERVICES,0.106121550719
CONSUMER DISCRETIONARY,0.09877208865
CONSUMER STAPLES,0.054382218043
ENERGY,0.035753977582
FINANCIALS,0.125981203703
HEALTH CARE,0.095779085994
INDUSTRIALS,0.091061505604
MATERIALS,0.019655584621
REAL ESTATE,0.019773624164
TECHNOLOGY,0.327744794506
UTILITIES,0.024974366413
