SECTOR,WEIGHT
COMMUNICATION SERVICES,0.11044357665
CONSUMER DISCRETIONARY,0.100430559728
CONSUMER STAPLES,0.048162611395
ENERGY,0.033143086012
FINANCIALS,0.118353860018
HEALTH CARE,0.080004005207
INDUSTRIALS,0.089516371283
MATERIALS,0.019425252829
REAL ESTATE,0.019024732152
TECHNOLOGY,0.358866526484
UTILITIES,0.022629418244
