SECTOR,WEIGHT
COMMUNICATION SERVICES,0.107183265861
CONSUMER DISCRETIONARY,0.105650600428
CONSUMER STAPLES,0.050266009734
ENERGY,0.030198925529
FINANCIALS,0.129129068886
HEALTH CARE,0.094845710342
INDUSTRIALS,0.084153162226
MATERIALS,0.018264597435
REAL ESTATE,0.018263594381
TECHNOLOGY,0.339335938597
UTILITIES,0.022709126581
