SECTOR,WEIGHT
COMMUNICATION SERVICES,0.106930893373
CONSUMER DISCRETIONARY,0.104268863059
CONSUMER STAPLES,0.048540490302
ENERGY,0.029130102976
FINANCIALS,0.130421458088
HEALTH CARE,0.088709305889
INDUSTRIALS,0.082628098942
MATERIALS,0.016553061335
REAL ESTATE,0.017875062845
TECHNOLOGY,0.352514707267
UTILITIES,0.022427955925
