SECTOR,WEIGHT
COMMUNICATION SERVICES,0.109520729798
CONSUMER DISCRETIONARY,0.103776135003
CONSUMER STAPLES,0.049275568352
ENERGY,0.028485701585
FINANCIALS,0.128628665708
HEALTH CARE,0.094764789979
INDUSTRIALS,0.081925049957
MATERIALS,0.016840332702
REAL ESTATE,0.018503241721
TECHNOLOGY,0.344487471617
UTILITIES,0.023792313576
