SECTOR,WEIGHT
COMMUNICATION SERVICES,0.103331063898
CONSUMER DISCRETIONARY,0.099115921424
CONSUMER STAPLES,0.054425398987
ENERGY,0.03394941829
FINANCIALS,0.127196179339
HEALTH CARE,0.095708764693
INDUSTRIALS,0.090883878332
MATERIALS,0.019806163519
REAL ESTATE,0.019874246581
TECHNOLOGY,0.331130979795
UTILITIES,0.024577985142
