SECTOR,WEIGHT
COMMUNICATION SERVICES,0.104456580765
CONSUMER DISCRETIONARY,0.099221250939
CONSUMER STAPLES,0.053657380415
ENERGY,0.034082147175
FINANCIALS,0.124989874362
HEALTH CARE,0.094551956773
INDUSTRIALS,0.090236684911
MATERIALS,0.019769245462
REAL ESTATE,0.019284214906
TECHNOLOGY,0.335058108661
UTILITIES,0.024692555631
