SECTOR,WEIGHT
COMMUNICATION SERVICES,0.107712522245
CONSUMER DISCRETIONARY,0.104751136433
CONSUMER STAPLES,0.04969159325
ENERGY,0.029086076479
FINANCIALS,0.1297731941
HEALTH CARE,0.091039829988
INDUSTRIALS,0.082147660685
MATERIALS,0.016790867274
REAL ESTATE,0.018185933367
TECHNOLOGY,0.347668897637
UTILITIES,0.023152288539
