SECTOR,WEIGHT
CONSUMER DISCRETIONARY,0.111737926682
ENERGY,0.307616984228
FINANCIALS,0.058247592275
HEALTH CARE,0.078516577102
INDUSTRIALS,0.160472122312
MATERIALS,0.112407143385
TECHNOLOGY,0.171001654017
