SECTOR,WEIGHT
COMMUNICATION SERVICES,0.056012174481
CONSUMER DISCRETIONARY,0.074220399541
CONSUMER STAPLES,0.025340358473
ENERGY,0.164906397863
HEALTH CARE,0.07584009725
INDUSTRIALS,0.234255183773
MATERIALS,0.082282464809
TECHNOLOGY,0.25701973345
UTILITIES,0.030123190361
