SECTOR,WEIGHT
CONSUMER DISCRETIONARY,0.074761455384
ENERGY,0.160952081367
FINANCIALS,0.026003984481
HEALTH CARE,0.114081996435
INDUSTRIALS,0.105483904792
MATERIALS,0.033553528363
TECHNOLOGY,0.403481178568
UTILITIES,0.081681870609
