SECTOR,WEIGHT
CONSUMER DISCRETIONARY,0.074482992081
ENERGY,0.33695991137
FINANCIALS,0.077189077182
HEALTH CARE,0.073538221657
INDUSTRIALS,0.183406507735
MATERIALS,0.099840999549
TECHNOLOGY,0.154582290427
