SECTOR,WEIGHT
COMMUNICATION SERVICES,0.051853777733
CONSUMER DISCRETIONARY,0.140184398912
CONSUMER STAPLES,0.026584642539
ENERGY,0.212296989767
FINANCIALS,0.024842372181
HEALTH CARE,0.220552575235
INDUSTRIALS,0.099035950641
MATERIALS,0.10075439685
TECHNOLOGY,0.100064532368
UTILITIES,0.023830363774
