SECTOR,WEIGHT
COMMUNICATION SERVICES,0.025377865966
CONSUMER DISCRETIONARY,0.053211304103
CONSUMER STAPLES,0.029648237386
ENERGY,0.280493460315
FINANCIALS,0.052548810063
HEALTH CARE,0.108134232153
INDUSTRIALS,0.156950268419
MATERIALS,0.138835943668
TECHNOLOGY,0.154799877927
