SECTOR,WEIGHT
COMMUNICATION SERVICES,0.025994486018
CONSUMER DISCRETIONARY,0.150224856844
ENERGY,0.194073789368
FINANCIALS,0.025660817256
HEALTH CARE,0.10390508602
INDUSTRIALS,0.166288473539
MATERIALS,0.105241872895
TECHNOLOGY,0.200777786108
UTILITIES,0.02783283195
