SECTOR,WEIGHT
CONSUMER DISCRETIONARY,0.388114019754
CONSUMER STAPLES,0.047259854908
ENERGY,0.056227602482
HEALTH CARE,0.116048640853
INDUSTRIALS,0.353801022638
TECHNOLOGY,0.038548859365
