SECTOR,WEIGHT
CONSUMER DISCRETIONARY,0.386705202312
ENERGY,0.047398843931
HEALTH CARE,0.084855491329
INDUSTRIALS,0.428092485549
TECHNOLOGY,0.052947976879
