SECTOR,WEIGHT
CONSUMER DISCRETIONARY,0.340343149223
ENERGY,0.062413056916
HEALTH CARE,0.189539299053
INDUSTRIALS,0.365179132621
TECHNOLOGY,0.042525362187
