SECTOR,WEIGHT
CONSUMER DISCRETIONARY,0.336140868082
ENERGY,0.045383864052
HEALTH CARE,0.170860796252
INDUSTRIALS,0.40142209643
TECHNOLOGY,0.046192375183
