SECTOR,WEIGHT
CONSUMER DISCRETIONARY,0.351209040338
ENERGY,0.044688410329
HEALTH CARE,0.155854495482
INDUSTRIALS,0.405316527049
TECHNOLOGY,0.042931526802
