SECTOR,WEIGHT
CONSUMER DISCRETIONARY,0.328435904185
ENERGY,0.051792576994
HEALTH CARE,0.173836272703
INDUSTRIALS,0.403330350092
TECHNOLOGY,0.042604896025
