SECTOR,WEIGHT
COMMUNICATION SERVICES,0.080051123418
CONSUMER DISCRETIONARY,0.091416049753
CONSUMER STAPLES,0.068153070243
ENERGY,0.074958039066
FINANCIALS,0.178593437067
HEALTH CARE,0.117615281077
INDUSTRIALS,0.141233002781
MATERIALS,0.052079194674
REAL ESTATE,0.028675331836
TECHNOLOGY,0.103923245952
UTILITIES,0.063302224132
