SECTOR,WEIGHT
COMMUNICATION SERVICES,0.083407238481
CONSUMER DISCRETIONARY,0.09710466926
CONSUMER STAPLES,0.065837898972
ENERGY,0.059831753772
FINANCIALS,0.178140762784
HEALTH CARE,0.103548580146
INDUSTRIALS,0.139189917175
MATERIALS,0.044186523203
REAL ESTATE,0.025994011365
TECHNOLOGY,0.145610137211
UTILITIES,0.057148507631
