SECTOR,WEIGHT
COMMUNICATION SERVICES,0.076480549657
CONSUMER DISCRETIONARY,0.090661229881
CONSUMER STAPLES,0.067674047325
ENERGY,0.082481815951
FINANCIALS,0.182840195458
HEALTH CARE,0.116522315158
INDUSTRIALS,0.137021340192
MATERIALS,0.052933935581
REAL ESTATE,0.027284909183
TECHNOLOGY,0.101933674041
UTILITIES,0.064165987573
