SECTOR,WEIGHT
COMMUNICATION SERVICES,0.076008522584
CONSUMER DISCRETIONARY,0.0951722188
CONSUMER STAPLES,0.071556381335
ENERGY,0.070051801961
FINANCIALS,0.177665579465
HEALTH CARE,0.114547969828
INDUSTRIALS,0.13711464087
MATERIALS,0.050801264251
REAL ESTATE,0.028085145056
TECHNOLOGY,0.117601559108
UTILITIES,0.061394916743
