SECTOR,WEIGHT
COMMUNICATION SERVICES,0.082417593456
CONSUMER DISCRETIONARY,0.097321887757
CONSUMER STAPLES,0.064032817974
ENERGY,0.065139741571
FINANCIALS,0.170209090032
HEALTH CARE,0.107320360966
INDUSTRIALS,0.139766682202
MATERIALS,0.047322490437
REAL ESTATE,0.025821855614
TECHNOLOGY,0.133480722253
UTILITIES,0.057490718717
