SECTOR,WEIGHT
COMMUNICATION SERVICES,0.081977548839
CONSUMER DISCRETIONARY,0.095690471324
CONSUMER STAPLES,0.064183798922
ENERGY,0.059636213505
FINANCIALS,0.18096481621
HEALTH CARE,0.108054981853
INDUSTRIALS,0.140090443257
MATERIALS,0.04553788519
REAL ESTATE,0.025105274772
TECHNOLOGY,0.142106959778
UTILITIES,0.056651606349
