SECTOR,WEIGHT
COMMUNICATION SERVICES,0.081739102296
CONSUMER DISCRETIONARY,0.096687356782
CONSUMER STAPLES,0.066150728401
ENERGY,0.063863287483
FINANCIALS,0.17334494245
HEALTH CARE,0.108189281185
INDUSTRIALS,0.142312802995
MATERIALS,0.049086945002
REAL ESTATE,0.026335907968
TECHNOLOGY,0.13577407931
UTILITIES,0.056515566126
