SECTOR,WEIGHT
COMMUNICATION SERVICES,0.082262156084
CONSUMER DISCRETIONARY,0.095663569095
CONSUMER STAPLES,0.063522677404
ENERGY,0.059995723061
FINANCIALS,0.179740890475
HEALTH CARE,0.110049083448
INDUSTRIALS,0.139614690373
MATERIALS,0.047995970353
REAL ESTATE,0.025598796782
TECHNOLOGY,0.139761646804
UTILITIES,0.055794796121
