SECTOR,WEIGHT
COMMUNICATION SERVICES,0.07824974216
CONSUMER DISCRETIONARY,0.091700660031
CONSUMER STAPLES,0.068956435552
ENERGY,0.070718595258
FINANCIALS,0.180811860049
HEALTH CARE,0.116675479141
INDUSTRIALS,0.136740778567
MATERIALS,0.049492260771
REAL ESTATE,0.028397610781
TECHNOLOGY,0.115736598841
UTILITIES,0.06251997885
