SECTOR,WEIGHT
COMMUNICATION SERVICES,0.03795525545
CONSUMER DISCRETIONARY,0.116104941873
CONSUMER STAPLES,0.000922737167
ENERGY,0.018776676075
FINANCIALS,0.003839611876
INDUSTRIALS,0.539120467438
MATERIALS,0.145925756568
TECHNOLOGY,0.087181232756
UTILITIES,0.050173320798
