SECTOR,WEIGHT
COMMUNICATION SERVICES,0.044286207279
CONSUMER DISCRETIONARY,0.098281301995
CONSUMER STAPLES,0.001098964303
ENERGY,0.020351380998
FINANCIALS,0.003962433908
INDUSTRIALS,0.541180349286
MATERIALS,0.165514294752
TECHNOLOGY,0.070041000612
UTILITIES,0.055284066866
