SECTOR,WEIGHT
COMMUNICATION SERVICES,0.042083037513
CONSUMER DISCRETIONARY,0.101360224563
CONSUMER STAPLES,0.001095730754
ENERGY,0.019276858741
FINANCIALS,0.004241339828
INDUSTRIALS,0.543573764841
MATERIALS,0.157128610884
TECHNOLOGY,0.07249264383
UTILITIES,0.058747789045
