SECTOR,WEIGHT
COMMUNICATION SERVICES,0.042438390421
CONSUMER DISCRETIONARY,0.100642837931
CONSUMER STAPLES,0.001116907808
ENERGY,0.019432963974
FINANCIALS,0.004289008108
INDUSTRIALS,0.554265499662
MATERIALS,0.147852724208
TECHNOLOGY,0.071417425815
UTILITIES,0.058544242073
