SECTOR,WEIGHT
CONSUMER DISCRETIONARY,0.111818905699
CONSUMER STAPLES,0.000568763508
ENERGY,0.065976566943
FINANCIALS,0.004777613468
INDUSTRIALS,0.535888977363
MATERIALS,0.173700375384
TECHNOLOGY,0.073256739848
UTILITIES,0.034012057786
