SECTOR,WEIGHT
COMMUNICATION SERVICES,0.036631630041
CONSUMER DISCRETIONARY,0.117072924926
CONSUMER STAPLES,0.000912165741
ENERGY,0.018492180775
FINANCIALS,0.004083664212
INDUSTRIALS,0.543424539624
MATERIALS,0.138626568395
TECHNOLOGY,0.08799160026
UTILITIES,0.052764726026
