SECTOR,WEIGHT
COMMUNICATION SERVICES,0.044643003811
CONSUMER DISCRETIONARY,0.094377299757
CONSUMER STAPLES,0.001104704646
ENERGY,0.019718361916
FINANCIALS,0.00399377423
INDUSTRIALS,0.547979704646
MATERIALS,0.165805284513
TECHNOLOGY,0.066240184966
UTILITIES,0.056137681517
