SECTOR,WEIGHT
COMMUNICATION SERVICES,0.038009522201
CONSUMER DISCRETIONARY,0.113993558511
CONSUMER STAPLES,0.000900943571
ENERGY,0.019152515846
FINANCIALS,0.003888987278
INDUSTRIALS,0.537891112475
MATERIALS,0.14743349492
TECHNOLOGY,0.087122787797
UTILITIES,0.051607077401
