SECTOR,WEIGHT
CONSUMER DISCRETIONARY,0.097879097199
CONSUMER STAPLES,0.000453669048
ENERGY,0.059884314393
FINANCIALS,0.004876942271
INDUSTRIALS,0.554270159918
MATERIALS,0.170806396734
TECHNOLOGY,0.079392083475
UTILITIES,0.032437336963
