SECTOR,WEIGHT
COMMUNICATION SERVICES,0.042008152492
CONSUMER DISCRETIONARY,0.111926154782
CONSUMER STAPLES,0.000919879049
ENERGY,0.022082236159
FINANCIALS,0.003781268179
INDUSTRIALS,0.52806915846
MATERIALS,0.152486140146
TECHNOLOGY,0.083580518709
UTILITIES,0.055146492023
