SECTOR,WEIGHT
COMMUNICATION SERVICES,0.048154514119
CONSUMER DISCRETIONARY,0.10061994501
CONSUMER STAPLES,0.000988497022
ENERGY,0.0241600604
FINANCIALS,0.003814096729
INDUSTRIALS,0.525000951467
MATERIALS,0.163436307773
TECHNOLOGY,0.078546940237
UTILITIES,0.055278687243
