SECTOR,WEIGHT
COMMUNICATION SERVICES,0.036608253114
CONSUMER DISCRETIONARY,0.041041123288
CONSUMER STAPLES,0.207855919695
ENERGY,0.126720567856
FINANCIALS,0.164910986885
HEALTH CARE,0.106051208468
INDUSTRIALS,0.048077202482
MATERIALS,0.005555115787
TECHNOLOGY,0.020756533824
UTILITIES,0.2424230886
