SECTOR,WEIGHT
COMMUNICATION SERVICES,0.038171627854
CONSUMER DISCRETIONARY,0.040418735156
CONSUMER STAPLES,0.207629895789
ENERGY,0.126043389709
FINANCIALS,0.166857784888
HEALTH CARE,0.10570968622
INDUSTRIALS,0.045880454294
MATERIALS,0.005053977893
TECHNOLOGY,0.023256352458
UTILITIES,0.240978095738
