SECTOR,WEIGHT
COMMUNICATION SERVICES,0.040670021991
CONSUMER DISCRETIONARY,0.036808290239
CONSUMER STAPLES,0.210451845679
ENERGY,0.136657771948
FINANCIALS,0.150422022801
HEALTH CARE,0.106274336381
INDUSTRIALS,0.047291422864
MATERIALS,0.005891372123
TECHNOLOGY,0.018006038782
UTILITIES,0.247526877192
