SECTOR,WEIGHT
COMMUNICATION SERVICES,0.038090163275
CONSUMER DISCRETIONARY,0.041414984316
CONSUMER STAPLES,0.203795343039
ENERGY,0.125167899944
FINANCIALS,0.1699258023
HEALTH CARE,0.107037722191
INDUSTRIALS,0.0475850559
MATERIALS,0.005241092254
TECHNOLOGY,0.021781750181
UTILITIES,0.2399601866
