SECTOR,WEIGHT
COMMUNICATION SERVICES,0.036916807646
CONSUMER DISCRETIONARY,0.04044462529
CONSUMER STAPLES,0.207634117204
ENERGY,0.130504197301
FINANCIALS,0.163919245047
HEALTH CARE,0.105221170113
INDUSTRIALS,0.047702709204
MATERIALS,0.005315779768
TECHNOLOGY,0.021703094056
UTILITIES,0.240638254372
