SECTOR,WEIGHT
COMMUNICATION SERVICES,0.040439452538
CONSUMER DISCRETIONARY,0.036336492796
CONSUMER STAPLES,0.205953549887
ENERGY,0.142648738553
FINANCIALS,0.143906177985
HEALTH CARE,0.105931507124
INDUSTRIALS,0.045463198605
MATERIALS,0.007751037012
TECHNOLOGY,0.018228363024
UTILITIES,0.253341482476
