SECTOR,WEIGHT
COMMUNICATION SERVICES,0.115944052011
CONSUMER DISCRETIONARY,0.064399637672
CONSUMER STAPLES,0.049188476996
ENERGY,0.004868535483
FINANCIALS,0.156712011264
HEALTH CARE,0.097598671195
INDUSTRIALS,0.052558692565
MATERIALS,0.004235866887
REAL ESTATE,0.015701227779
TECHNOLOGY,0.416225639748
UTILITIES,0.022567188401
