SECTOR,WEIGHT
COMMUNICATION SERVICES,0.115914983304
CONSUMER DISCRETIONARY,0.061274651668
CONSUMER STAPLES,0.047747544563
ENERGY,0.003219361676
FINANCIALS,0.174142917305
HEALTH CARE,0.117440836994
INDUSTRIALS,0.0435551892
MATERIALS,0.004022705182
REAL ESTATE,0.014249617289
TECHNOLOGY,0.396742916107
UTILITIES,0.021689276711
