SECTOR,WEIGHT
COMMUNICATION SERVICES,0.11071332677
CONSUMER DISCRETIONARY,0.064623083135
CONSUMER STAPLES,0.046407018525
ENERGY,0.003668554913
FINANCIALS,0.177731831452
HEALTH CARE,0.114131478675
INDUSTRIALS,0.044700456659
MATERIALS,0.004111034124
REAL ESTATE,0.014602819598
TECHNOLOGY,0.398274532204
UTILITIES,0.021035863946
