SECTOR,WEIGHT
COMMUNICATION SERVICES,0.115200129274
CONSUMER DISCRETIONARY,0.060322080494
CONSUMER STAPLES,0.053395079405
ENERGY,0.004686183225
FINANCIALS,0.160796835241
HEALTH CARE,0.110698038799
INDUSTRIALS,0.050503800493
MATERIALS,0.004451976338
REAL ESTATE,0.016504937777
TECHNOLOGY,0.39955490464
UTILITIES,0.023886034315
