SECTOR,WEIGHT
COMMUNICATION SERVICES,0.108616388024
CONSUMER DISCRETIONARY,0.061892308186
CONSUMER STAPLES,0.047227481308
ENERGY,0.003343307769
FINANCIALS,0.178273312903
HEALTH CARE,0.111909556204
INDUSTRIALS,0.044227128325
MATERIALS,0.003992114046
REAL ESTATE,0.014548503032
TECHNOLOGY,0.404202299201
UTILITIES,0.021767601001
