SECTOR,WEIGHT
COMMUNICATION SERVICES,0.113294754662
CONSUMER DISCRETIONARY,0.059776152507
CONSUMER STAPLES,0.054755828796
ENERGY,0.00471554349
FINANCIALS,0.165080233645
HEALTH CARE,0.112787793502
INDUSTRIALS,0.05211037671
MATERIALS,0.004723590492
REAL ESTATE,0.016532566722
TECHNOLOGY,0.392503613607
UTILITIES,0.023719545867
