SECTOR,WEIGHT
COMMUNICATION SERVICES,0.040666371001
CONSUMER DISCRETIONARY,0.036793287726
CONSUMER STAPLES,0.21046996755
ENERGY,0.136649602357
FINANCIALS,0.15038901409
HEALTH CARE,0.106282020666
INDUSTRIALS,0.047286734589
MATERIALS,0.00588788929
TECHNOLOGY,0.01799177622
UTILITIES,0.247583336511
