SECTOR,WEIGHT
COMMUNICATION SERVICES,0.046048579471
CONSUMER DISCRETIONARY,0.05414482356
CONSUMER STAPLES,0.162647133763
ENERGY,0.104413561485
FINANCIALS,0.224294349783
HEALTH CARE,0.068763404295
INDUSTRIALS,0.040966734277
MATERIALS,0.012459849812
TECHNOLOGY,0.035282009305
UTILITIES,0.25097955425
