SECTOR,WEIGHT
COMMUNICATION SERVICES,0.046225562613
CONSUMER DISCRETIONARY,0.05501414618
CONSUMER STAPLES,0.15985834765
ENERGY,0.102771166867
FINANCIALS,0.227597536429
HEALTH CARE,0.06923755051
INDUSTRIALS,0.041534908118
MATERIALS,0.012768168137
TECHNOLOGY,0.035650779419
UTILITIES,0.249341834079
