SECTOR,WEIGHT
COMMUNICATION SERVICES,0.038171020589
CONSUMER DISCRETIONARY,0.040417026152
CONSUMER STAPLES,0.20762615031
ENERGY,0.126042087184
FINANCIALS,0.166864823888
HEALTH CARE,0.105710250181
INDUSTRIALS,0.045882541258
MATERIALS,0.005053764199
TECHNOLOGY,0.023255369121
UTILITIES,0.240976967117
