SECTOR,WEIGHT
COMMUNICATION SERVICES,0.036605567034
CONSUMER DISCRETIONARY,0.041026907531
CONSUMER STAPLES,0.207862235688
ENERGY,0.126675822576
FINANCIALS,0.164896724955
HEALTH CARE,0.106065990816
INDUSTRIALS,0.048072540504
MATERIALS,0.005545750433
TECHNOLOGY,0.020742351503
UTILITIES,0.242506108959
