SECTOR,WEIGHT
COMMUNICATION SERVICES,0.037170571892
CONSUMER DISCRETIONARY,0.040842259945
CONSUMER STAPLES,0.209657603546
ENERGY,0.126037869176
FINANCIALS,0.163974296176
HEALTH CARE,0.106121621405
INDUSTRIALS,0.047815255272
MATERIALS,0.005612924984
TECHNOLOGY,0.021590489344
UTILITIES,0.24117710826
