SECTOR,WEIGHT
COMMUNICATION SERVICES,0.045148991673
CONSUMER DISCRETIONARY,0.056285742952
CONSUMER STAPLES,0.158021470854
ENERGY,0.092605598475
FINANCIALS,0.245008528143
HEALTH CARE,0.068225142972
INDUSTRIALS,0.043242700913
MATERIALS,0.012541386576
TECHNOLOGY,0.037323166449
UTILITIES,0.241597270994
