SECTOR,WEIGHT
COMMUNICATION SERVICES,0.038005751711
CONSUMER DISCRETIONARY,0.040115114687
CONSUMER STAPLES,0.208010147474
ENERGY,0.125714814528
FINANCIALS,0.162447102468
HEALTH CARE,0.107030304615
INDUSTRIALS,0.04471608095
MATERIALS,0.00482125739
TECHNOLOGY,0.023135597738
UTILITIES,0.246003828438
