SECTOR,WEIGHT
COMMUNICATION SERVICES,0.040440782281
CONSUMER DISCRETIONARY,0.036337382622
CONSUMER STAPLES,0.205961603402
ENERGY,0.142656016867
FINANCIALS,0.143907578814
HEALTH CARE,0.105935850686
INDUSTRIALS,0.045466069043
MATERIALS,0.007750866023
TECHNOLOGY,0.018228313357
UTILITIES,0.253315536904
