SECTOR,WEIGHT
COMMUNICATION SERVICES,0.037556959502
CONSUMER DISCRETIONARY,0.085972411016
CONSUMER STAPLES,0.081813328098
ENERGY,0.048911295937
FINANCIALS,0.163633668137
HEALTH CARE,0.114066254832
INDUSTRIALS,0.211359945988
MATERIALS,0.04600935393
REAL ESTATE,0.003385765959
TECHNOLOGY,0.121795417596
UTILITIES,0.085495599005
