SECTOR,WEIGHT
COMMUNICATION SERVICES,0.037509986458
CONSUMER DISCRETIONARY,0.088727858132
CONSUMER STAPLES,0.077874821697
ENERGY,0.044365432673
FINANCIALS,0.168912220417
HEALTH CARE,0.116355135971
INDUSTRIALS,0.205235359628
MATERIALS,0.045030027035
REAL ESTATE,0.004055729696
TECHNOLOGY,0.128131387198
UTILITIES,0.080125220404
