SECTOR,WEIGHT
COMMUNICATION SERVICES,0.038634555957
CONSUMER DISCRETIONARY,0.09072535955
CONSUMER STAPLES,0.074909052977
ENERGY,0.041523195879
FINANCIALS,0.178996378167
HEALTH CARE,0.121159387729
INDUSTRIALS,0.201455553561
MATERIALS,0.043260391832
REAL ESTATE,0.003963855893
TECHNOLOGY,0.12702493157
UTILITIES,0.078347336885
