SECTOR,WEIGHT
COMMUNICATION SERVICES,0.035357526839
CONSUMER DISCRETIONARY,0.084154404095
CONSUMER STAPLES,0.074931399137
ENERGY,0.06063955261
FINANCIALS,0.183329789624
HEALTH CARE,0.101567389316
INDUSTRIALS,0.199326628368
MATERIALS,0.049082714187
REAL ESTATE,0.003383908083
TECHNOLOGY,0.114021855994
UTILITIES,0.094204831747
