SECTOR,WEIGHT
COMMUNICATION SERVICES,0.035296394647
CONSUMER DISCRETIONARY,0.085101646236
CONSUMER STAPLES,0.073451840383
ENERGY,0.059150567999
FINANCIALS,0.185094225339
HEALTH CARE,0.102548777357
INDUSTRIALS,0.199347362172
MATERIALS,0.048776354213
REAL ESTATE,0.003422638149
TECHNOLOGY,0.115225474937
UTILITIES,0.092584718567
