SECTOR,WEIGHT
COMMUNICATION SERVICES,0.036625782228
CONSUMER DISCRETIONARY,0.086961702128
CONSUMER STAPLES,0.082565206508
ENERGY,0.047117897372
FINANCIALS,0.164120150188
HEALTH CARE,0.114138673342
INDUSTRIALS,0.209387734668
MATERIALS,0.046339924906
REAL ESTATE,0.003459324155
TECHNOLOGY,0.124235294118
UTILITIES,0.085048310388
