SECTOR,WEIGHT
COMMUNICATION SERVICES,0.039629622203
CONSUMER DISCRETIONARY,0.089520333681
CONSUMER STAPLES,0.075954519933
ENERGY,0.041156653565
FINANCIALS,0.179281302639
HEALTH CARE,0.120230408278
INDUSTRIALS,0.19837871982
MATERIALS,0.042528274645
REAL ESTATE,0.003945415898
TECHNOLOGY,0.128829108847
UTILITIES,0.080545640491
