SECTOR,WEIGHT
COMMUNICATION SERVICES,0.036577369004
CONSUMER DISCRETIONARY,0.088012542185
CONSUMER STAPLES,0.082188955709
ENERGY,0.046450535556
FINANCIALS,0.165938676643
HEALTH CARE,0.113965895428
INDUSTRIALS,0.210390952167
MATERIALS,0.046670784657
REAL ESTATE,0.003249675383
TECHNOLOGY,0.12199597745
UTILITIES,0.084558635817
