SECTOR,WEIGHT
COMMUNICATION SERVICES,0.037647577181
CONSUMER DISCRETIONARY,0.084617926559
CONSUMER STAPLES,0.080487267557
ENERGY,0.05265613891
FINANCIALS,0.16119683967
HEALTH CARE,0.111768122328
INDUSTRIALS,0.207131770526
MATERIALS,0.044877482151
REAL ESTATE,0.003399657531
TECHNOLOGY,0.127524708851
UTILITIES,0.088692508737
