SECTOR,WEIGHT
COMMUNICATION SERVICES,0.037506828855
CONSUMER DISCRETIONARY,0.088711463956
CONSUMER STAPLES,0.077871502248
ENERGY,0.044370266789
FINANCIALS,0.16891655515
HEALTH CARE,0.116357676636
INDUSTRIALS,0.205241553521
MATERIALS,0.04502683928
REAL ESTATE,0.004053708632
TECHNOLOGY,0.128138892648
UTILITIES,0.080128908736
