SECTOR,WEIGHT
COMMUNICATION SERVICES,0.037648427752
CONSUMER DISCRETIONARY,0.084607573946
CONSUMER STAPLES,0.080489949271
ENERGY,0.052655927998
FINANCIALS,0.161195192633
HEALTH CARE,0.111770678747
INDUSTRIALS,0.207133944969
MATERIALS,0.044877302395
REAL ESTATE,0.003399643914
TECHNOLOGY,0.127529204894
UTILITIES,0.088692153482
