SECTOR,WEIGHT
COMMUNICATION SERVICES,0.037556733777
CONSUMER DISCRETIONARY,0.085981911303
CONSUMER STAPLES,0.081813838083
ENERGY,0.04891000027
FINANCIALS,0.163635689766
HEALTH CARE,0.114069576071
INDUSTRIALS,0.211359677373
MATERIALS,0.046004068905
REAL ESTATE,0.00338574561
TECHNOLOGY,0.121787673682
UTILITIES,0.08549508516
