SECTOR,WEIGHT
COMMUNICATION SERVICES,0.035635414575
CONSUMER DISCRETIONARY,0.086227665127
CONSUMER STAPLES,0.070568159004
ENERGY,0.051596065047
FINANCIALS,0.190122465368
HEALTH CARE,0.09797229472
INDUSTRIALS,0.200260991769
MATERIALS,0.049287291708
REAL ESTATE,0.003814495081
TECHNOLOGY,0.127082915077
UTILITIES,0.087432242522
