SECTOR,WEIGHT
COMMUNICATION SERVICES,0.035297904729
CONSUMER DISCRETIONARY,0.085113487993
CONSUMER STAPLES,0.073452814787
ENERGY,0.059152745994
FINANCIALS,0.185092629548
HEALTH CARE,0.10254934326
INDUSTRIALS,0.199343560657
MATERIALS,0.048775669426
REAL ESTATE,0.003422590097
TECHNOLOGY,0.115215834769
UTILITIES,0.092583418739
