SECTOR,WEIGHT
COMMUNICATION SERVICES,0.038415238386
CONSUMER DISCRETIONARY,0.08979418902
CONSUMER STAPLES,0.076399758637
ENERGY,0.043027637245
FINANCIALS,0.175343445002
HEALTH CARE,0.121631186804
INDUSTRIALS,0.199012862308
MATERIALS,0.04177162702
REAL ESTATE,0.003883491247
TECHNOLOGY,0.129268652655
UTILITIES,0.081451911676
