SECTOR,WEIGHT
COMMUNICATION SERVICES,0.043605418898
CONSUMER DISCRETIONARY,0.046217654065
CONSUMER STAPLES,0.075949041889
ENERGY,0.043790392277
FINANCIALS,0.141876637143
HEALTH CARE,0.13280985867
INDUSTRIALS,0.140286893711
MATERIALS,0.038302848693
REAL ESTATE,0.021326402997
TECHNOLOGY,0.240588708608
UTILITIES,0.075246143048
