SECTOR,WEIGHT
COMMUNICATION SERVICES,0.035699189892
CONSUMER DISCRETIONARY,0.057454994567
CONSUMER STAPLES,0.105910964398
ENERGY,0.060492126755
FINANCIALS,0.124779122345
HEALTH CARE,0.145123578084
INDUSTRIALS,0.113875962119
MATERIALS,0.044039447667
REAL ESTATE,0.017764027406
TECHNOLOGY,0.205418796405
UTILITIES,0.089441790362
