SECTOR,WEIGHT
COMMUNICATION SERVICES,0.035053289887
CONSUMER DISCRETIONARY,0.057119633262
CONSUMER STAPLES,0.1069769775
ENERGY,0.055284098413
FINANCIALS,0.130953587483
HEALTH CARE,0.147685311729
INDUSTRIALS,0.125553450099
MATERIALS,0.044634310886
REAL ESTATE,0.017010176828
TECHNOLOGY,0.195025321782
UTILITIES,0.084703842134
