SECTOR,WEIGHT
COMMUNICATION SERVICES,0.04358306718
CONSUMER DISCRETIONARY,0.048210902654
CONSUMER STAPLES,0.086962600058
ENERGY,0.047891209888
FINANCIALS,0.125769806817
HEALTH CARE,0.136833643603
INDUSTRIALS,0.142319818176
MATERIALS,0.039560694854
REAL ESTATE,0.019812727884
TECHNOLOGY,0.230422415911
UTILITIES,0.071560809984
