SECTOR,WEIGHT
COMMUNICATION SERVICES,0.04322757704
CONSUMER DISCRETIONARY,0.044971038036
CONSUMER STAPLES,0.072178259657
ENERGY,0.043210142431
FINANCIALS,0.145954350038
HEALTH CARE,0.135643316596
INDUSTRIALS,0.149469987857
MATERIALS,0.038953020905
REAL ESTATE,0.020041596928
TECHNOLOGY,0.235100587444
UTILITIES,0.071250123068
