SECTOR,WEIGHT
COMMUNICATION SERVICES,0.050859747255
CONSUMER DISCRETIONARY,0.058214211726
CONSUMER STAPLES,0.10296250259
ENERGY,0.035840066294
FINANCIALS,0.12844416822
HEALTH CARE,0.140563496996
INDUSTRIALS,0.111767143153
MATERIALS,0.040812098612
REAL ESTATE,0.01781644914
TECHNOLOGY,0.228506318624
UTILITIES,0.08421379739
