SECTOR,WEIGHT
COMMUNICATION SERVICES,0.0495456778
CONSUMER DISCRETIONARY,0.115768537023
CONSUMER STAPLES,0.03328661676
ENERGY,0.059583742633
FINANCIALS,0.072249085428
HEALTH CARE,0.148250668993
INDUSTRIALS,0.168419949529
MATERIALS,0.039414462096
REAL ESTATE,0.017836274643
TECHNOLOGY,0.269381732267
UTILITIES,0.026263252828
