SECTOR,WEIGHT
COMMUNICATION SERVICES,0.070222636072
CONSUMER DISCRETIONARY,0.096107660804
CONSUMER STAPLES,0.034736325409
ENERGY,0.065051740556
FINANCIALS,0.062936613606
HEALTH CARE,0.129036437486
INDUSTRIALS,0.166824318061
MATERIALS,0.041908586067
REAL ESTATE,0.01708428486
TECHNOLOGY,0.289493254346
UTILITIES,0.026598142733
