SECTOR,WEIGHT
COMMUNICATION SERVICES,0.07088021874
CONSUMER DISCRETIONARY,0.092438742244
CONSUMER STAPLES,0.025765064676
ENERGY,0.022399831738
FINANCIALS,0.068882111684
HEALTH CARE,0.122200021033
INDUSTRIALS,0.148385739825
MATERIALS,0.061100010516
REAL ESTATE,0.011357661163
TECHNOLOGY,0.355137238406
UTILITIES,0.021453359975
