SECTOR,WEIGHT
COMMUNICATION SERVICES,0.056051172973
CONSUMER DISCRETIONARY,0.088105699514
CONSUMER STAPLES,0.0567001506
ENERGY,0.072121390903
FINANCIALS,0.059837393325
HEALTH CARE,0.129240737578
INDUSTRIALS,0.152445569201
MATERIALS,0.054298829874
REAL ESTATE,0.010634124631
TECHNOLOGY,0.299598917336
UTILITIES,0.020966014066
