SECTOR,WEIGHT
COMMUNICATION SERVICES,0.050671510017
CONSUMER DISCRETIONARY,0.108802452322
CONSUMER STAPLES,0.033688278434
ENERGY,0.05857238603
FINANCIALS,0.067018890784
HEALTH CARE,0.15535596905
INDUSTRIALS,0.166531691578
MATERIALS,0.039793305522
REAL ESTATE,0.018363414519
TECHNOLOGY,0.272617814993
UTILITIES,0.028584286752
