SECTOR,WEIGHT
COMMUNICATION SERVICES,0.070541345941
CONSUMER DISCRETIONARY,0.101285709773
CONSUMER STAPLES,0.035126938831
ENERGY,0.065449050723
FINANCIALS,0.065640696242
HEALTH CARE,0.12819505723
INDUSTRIALS,0.164979413902
MATERIALS,0.045282045342
REAL ESTATE,0.017833563238
TECHNOLOGY,0.279231733128
UTILITIES,0.02643444565
