SECTOR,WEIGHT
COMMUNICATION SERVICES,0.049456588364
CONSUMER DISCRETIONARY,0.116384357523
CONSUMER STAPLES,0.031420014288
ENERGY,0.058920320763
FINANCIALS,0.069873098271
HEALTH CARE,0.151710341096
INDUSTRIALS,0.168792615858
MATERIALS,0.039743448836
REAL ESTATE,0.017416226681
TECHNOLOGY,0.270817040848
UTILITIES,0.025465947472
