SECTOR,WEIGHT
COMMUNICATION SERVICES,0.05399810425
CONSUMER DISCRETIONARY,0.087436346701
CONSUMER STAPLES,0.056722732178
ENERGY,0.07278839407
FINANCIALS,0.06643127085
HEALTH CARE,0.128829969266
INDUSTRIALS,0.149298531409
MATERIALS,0.05709716335
REAL ESTATE,0.010712834885
TECHNOLOGY,0.295404652384
UTILITIES,0.021280000657
