SECTOR,WEIGHT
COMMUNICATION SERVICES,0.059709852746
CONSUMER DISCRETIONARY,0.095870333836
CONSUMER STAPLES,0.034638729759
ENERGY,0.061787421052
FINANCIALS,0.064376556827
HEALTH CARE,0.141287595892
INDUSTRIALS,0.176641872553
MATERIALS,0.04377571328
REAL ESTATE,0.018199498362
TECHNOLOGY,0.277441169741
UTILITIES,0.026271255952
