SECTOR,WEIGHT
COMMUNICATION SERVICES,0.049860420599
CONSUMER DISCRETIONARY,0.116118363332
CONSUMER STAPLES,0.033189588706
ENERGY,0.059416691038
FINANCIALS,0.072567463377
HEALTH CARE,0.147843564725
INDUSTRIALS,0.169203201021
MATERIALS,0.039104564911
REAL ESTATE,0.017644963178
TECHNOLOGY,0.268939994151
UTILITIES,0.026111184963
