SECTOR,WEIGHT
COMMUNICATION SERVICES,0.156301243974
CONSUMER DISCRETIONARY,0.141156900898
FINANCIALS,0.095242300248
HEALTH CARE,0.054378552103
INDUSTRIALS,0.119181225902
TECHNOLOGY,0.42739925762
UTILITIES,0.006340519255
