SECTOR,WEIGHT
COMMUNICATION SERVICES,0.153883141273
CONSUMER DISCRETIONARY,0.144337454593
FINANCIALS,0.090093531461
HEALTH CARE,0.054950248346
INDUSTRIALS,0.124718911394
TECHNOLOGY,0.432016712931
