SECTOR,WEIGHT
COMMUNICATION SERVICES,0.143311343714
CONSUMER DISCRETIONARY,0.151130138937
CONSUMER STAPLES,0.009312352984
FINANCIALS,0.099959507085
HEALTH CARE,0.056408258113
INDUSTRIALS,0.088310163518
TECHNOLOGY,0.445670310351
UTILITIES,0.005897925298
