SECTOR,WEIGHT
COMMUNICATION SERVICES,0.147201429828
CONSUMER DISCRETIONARY,0.161715068945
CONSUMER STAPLES,0.01141205572
FINANCIALS,0.096408724688
HEALTH CARE,0.058056569178
INDUSTRIALS,0.099399609132
TECHNOLOGY,0.420866350135
UTILITIES,0.004940192375
