SECTOR,WEIGHT
COMMUNICATION SERVICES,0.139645934184
CONSUMER DISCRETIONARY,0.166813680468
CONSUMER STAPLES,0.010217206576
FINANCIALS,0.10776263182
HEALTH CARE,0.061332541176
INDUSTRIALS,0.089905759607
TECHNOLOGY,0.418774117084
UTILITIES,0.005548129085
