SECTOR,WEIGHT
COMMUNICATION SERVICES,0.163708086785
CONSUMER DISCRETIONARY,0.147409944981
CONSUMER STAPLES,0.011003840963
FINANCIALS,0.08367071525
HEALTH CARE,0.045157271878
INDUSTRIALS,0.090210733935
TECHNOLOGY,0.452818436624
UTILITIES,0.006020969584
