SECTOR,WEIGHT
COMMUNICATION SERVICES,0.148158507299
CONSUMER DISCRETIONARY,0.139571909808
CONSUMER STAPLES,0.012625300188
FINANCIALS,0.091766251117
HEALTH CARE,0.058409558468
INDUSTRIALS,0.103141623022
TECHNOLOGY,0.439489127673
UTILITIES,0.006837722426
