SECTOR,WEIGHT
COMMUNICATION SERVICES,0.155874730569
CONSUMER DISCRETIONARY,0.14540991505
CONSUMER STAPLES,0.013660961075
FINANCIALS,0.092872828705
HEALTH CARE,0.0501787752
INDUSTRIALS,0.101069608216
TECHNOLOGY,0.440933181184
