SECTOR,WEIGHT
COMMUNICATION SERVICES,0.141987064772
CONSUMER DISCRETIONARY,0.153231538566
CONSUMER STAPLES,0.009330906928
FINANCIALS,0.10205622741
HEALTH CARE,0.063281797422
INDUSTRIALS,0.089143179767
TECHNOLOGY,0.434759770735
UTILITIES,0.0062095144
