SECTOR,WEIGHT
COMMUNICATION SERVICES,0.185949208187
CONSUMER DISCRETIONARY,0.153418575166
CONSUMER STAPLES,0.022330252349
ENERGY,0.020380902011
FINANCIALS,0.068412267215
HEALTH CARE,0.107775556087
INDUSTRIALS,0.104097398532
MATERIALS,0.015910461583
REAL ESTATE,0.008955514048
TECHNOLOGY,0.312769864821
