SECTOR,WEIGHT
COMMUNICATION SERVICES,0.17811426755
CONSUMER DISCRETIONARY,0.157088273853
CONSUMER STAPLES,0.02199522552
ENERGY,0.016540309863
FINANCIALS,0.067456665053
HEALTH CARE,0.120021649294
INDUSTRIALS,0.104052697955
MATERIALS,0.015445379164
REAL ESTATE,0.004069111527
TECHNOLOGY,0.312573627337
UTILITIES,0.002642792884
