SECTOR,WEIGHT
COMMUNICATION SERVICES,0.185239248598
CONSUMER DISCRETIONARY,0.152586417676
CONSUMER STAPLES,0.01993964712
ENERGY,0.015295108449
FINANCIALS,0.073374306976
HEALTH CARE,0.126070229186
INDUSTRIALS,0.100343977982
MATERIALS,0.011859508191
REAL ESTATE,0.003733394076
TECHNOLOGY,0.305865597813
UTILITIES,0.005692563932
