SECTOR,WEIGHT
COMMUNICATION SERVICES,0.178760237272
CONSUMER DISCRETIONARY,0.15679246735
CONSUMER STAPLES,0.023008231984
ENERGY,0.019261725227
FINANCIALS,0.071382865793
HEALTH CARE,0.111471753089
INDUSTRIALS,0.111872336254
MATERIALS,0.0154456435
REAL ESTATE,0.006133139086
TECHNOLOGY,0.304003617898
UTILITIES,0.001867982547
