SECTOR,WEIGHT
COMMUNICATION SERVICES,0.181048595329
CONSUMER DISCRETIONARY,0.166631820814
CONSUMER STAPLES,0.020351371637
ENERGY,0.014631076507
FINANCIALS,0.079697342864
HEALTH CARE,0.121909608465
INDUSTRIALS,0.095518056772
MATERIALS,0.013162323828
REAL ESTATE,0.003567866828
TECHNOLOGY,0.29925966502
UTILITIES,0.004222271936
