SECTOR,WEIGHT
COMMUNICATION SERVICES,0.183274518399
CONSUMER DISCRETIONARY,0.147794099954
CONSUMER STAPLES,0.021213132557
ENERGY,0.019785043884
FINANCIALS,0.066083364807
HEALTH CARE,0.111213059322
INDUSTRIALS,0.100127324829
MATERIALS,0.015706882969
REAL ESTATE,0.008806023709
TECHNOLOGY,0.322343153492
UTILITIES,0.003653396079
