SECTOR,WEIGHT
COMMUNICATION SERVICES,0.033267285431
CONSUMER DISCRETIONARY,0.139743456043
CONSUMER STAPLES,0.060173115028
ENERGY,0.034623005527
FINANCIALS,0.185733653144
HEALTH CARE,0.0901032433
INDUSTRIALS,0.208676608614
MATERIALS,0.037125873397
REAL ESTATE,0.033267285431
TECHNOLOGY,0.14454061946
UTILITIES,0.032745854625
