SECTOR,WEIGHT
COMMUNICATION SERVICES,0.018983785683
CONSUMER DISCRETIONARY,0.161934766797
CONSUMER STAPLES,0.072701882136
ENERGY,0.020092186236
FINANCIALS,0.261579465679
HEALTH CARE,0.088214382033
INDUSTRIALS,0.198501769355
MATERIALS,0.022541904692
REAL ESTATE,0.020126919525
TECHNOLOGY,0.114266392069
UTILITIES,0.021056545795
