SECTOR,WEIGHT
COMMUNICATION SERVICES,0.030689988196
CONSUMER DISCRETIONARY,0.148728404335
CONSUMER STAPLES,0.054726902028
ENERGY,0.033587294774
FINANCIALS,0.188539542869
HEALTH CARE,0.089601888615
INDUSTRIALS,0.2020603069
MATERIALS,0.033909217727
REAL ESTATE,0.034553063633
TECHNOLOGY,0.151518403262
UTILITIES,0.03208498766
