SECTOR,WEIGHT
COMMUNICATION SERVICES,0.034041363596
CONSUMER DISCRETIONARY,0.145955155153
CONSUMER STAPLES,0.068456170518
ENERGY,0.036935021916
FINANCIALS,0.190341109886
HEALTH CARE,0.098277835506
INDUSTRIALS,0.20419965504
MATERIALS,0.03254126074
REAL ESTATE,0.033607789564
TECHNOLOGY,0.118263383038
UTILITIES,0.037381255044
