SECTOR,WEIGHT
COMMUNICATION SERVICES,0.086846112114
CONSUMER DISCRETIONARY,0.108956916933
CONSUMER STAPLES,0.012813584435
ENERGY,0.033451105121
FINANCIALS,0.122889105987
HEALTH CARE,0.098908363616
INDUSTRIALS,0.14719409679
MATERIALS,0.030009244753
REAL ESTATE,0.017005728389
TECHNOLOGYQ,0.320172764601
UTILITIES,0.021752977262
