SECTOR,WEIGHT
COMMUNICATION SERVICES,0.097513112788
CONSUMER DISCRETIONARY,0.092612220836
CONSUMER STAPLES,0.032494276404
ENERGY,0.037295232558
FINANCIALS,0.115164399436
HEALTH CARE,0.080553301112
INDUSTRIALS,0.11301325613
MATERIALS,0.031090127958
REAL ESTATE,0.020832071518
TECHNOLOGY,0.36316972127
UTILITIES,0.01626227999
