SECTOR,WEIGHT
COMMUNICATION SERVICES,0.082491693345
CONSUMER DISCRETIONARY,0.106835235058
CONSUMER STAPLES,0.012812995486
ENERGY,0.041233826977
FINANCIALS,0.117015394617
HEALTH CARE,0.096893379029
INDUSTRIALS,0.149728825216
MATERIALS,0.031455020731
REAL ESTATE,0.015861817399
TECHNOLOGY,0.324044721629
UTILITIES,0.021627090512
