SECTOR,WEIGHT
COMMUNICATION SERVICES,0.084543135315
CONSUMER DISCRETIONARY,0.10857083355
CONSUMER STAPLES,0.012321549435
ENERGY,0.035627635758
FINANCIALS,0.123809027959
HEALTH CARE,0.09537772687
INDUSTRIALS,0.144676420055
MATERIALS,0.029707918988
REAL ESTATE,0.016441922216
TECHNOLOGY,0.328101213099
UTILITIES,0.020822616754
