SECTOR,WEIGHT
COMMUNICATION SERVICES,0.089582413857
CONSUMER DISCRETIONARY,0.085217506349
CONSUMER STAPLES,0.016434295377
ENERGY,0.045499225314
FINANCIALS,0.121678902809
HEALTH CARE,0.089217551827
INDUSTRIALS,0.13834575897
MATERIALS,0.032550240881
REAL ESTATE,0.022280356676
TECHNOLOGY,0.333483894907
UTILITIES,0.025709853032
