SECTOR,WEIGHT
COMMUNICATION SERVICES,0.0837814511
CONSUMER DISCRETIONARY,0.105226554114
CONSUMER STAPLES,0.012441449705
ENERGY,0.036369637032
FINANCIALS,0.129358802039
HEALTH CARE,0.095855383504
INDUSTRIALS,0.14124845523
MATERIALS,0.029375355935
REAL ESTATE,0.015318079457
TECHNOLOGY,0.329752555703
UTILITIES,0.021272276181
