SECTOR,WEIGHT
COMMUNICATION SERVICES,0.083283931365
CONSUMER DISCRETIONARY,0.104592358493
CONSUMER STAPLES,0.012489786511
ENERGY,0.036643974638
FINANCIALS,0.129322758717
HEALTH CARE,0.096350968192
INDUSTRIALS,0.140893720534
MATERIALS,0.029660906968
REAL ESTATE,0.015514121349
TECHNOLOGY,0.329711675926
UTILITIES,0.021535797306
