SECTOR,WEIGHT
COMMUNICATION SERVICES,0.083038114489
CONSUMER DISCRETIONARY,0.106461124888
CONSUMER STAPLES,0.012898284952
ENERGY,0.036854773168
FINANCIALS,0.130717694376
HEALTH CARE,0.09698980974
INDUSTRIALS,0.142413570342
MATERIALS,0.030243607644
REAL ESTATE,0.015853251922
TECHNOLOGY,0.322386271282
UTILITIES,0.022143497197
