SECTOR,WEIGHT
COMMUNICATION SERVICES,0.083583169215
CONSUMER DISCRETIONARY,0.106741596524
CONSUMER STAPLES,0.012862889232
ENERGY,0.03928590842
FINANCIALS,0.117970621809
HEALTH CARE,0.09599447225
INDUSTRIALS,0.14840878586
MATERIALS,0.031613124433
REAL ESTATE,0.015769975372
TECHNOLOGY,0.326131996973
UTILITIES,0.021637459911
