SECTOR,WEIGHT
COMMUNICATION SERVICES,0.085907809801
CONSUMER DISCRETIONARY,0.095091472962
CONSUMER STAPLES,0.044362618824
ENERGY,0.059910496914
FINANCIALS,0.18139931913
HEALTH CARE,0.11197684638
INDUSTRIALS,0.18365002879
MATERIALS,0.066016102474
REAL ESTATE,0.008183572244
TECHNOLOGY,0.128407633017
UTILITIES,0.035094099464
