SECTOR,WEIGHT
COMMUNICATION SERVICES,0.124194276253
CONSUMER DISCRETIONARY,0.076078536512
CONSUMER STAPLES,0.043551805261
ENERGY,0.099248178775
FINANCIALS,0.220215978478
HEALTH CARE,0.100092404324
INDUSTRIALS,0.124068409899
MATERIALS,0.044767490051
REAL ESTATE,0.007990978555
TECHNOLOGY,0.119194414399
UTILITIES,0.040597527494
