SECTOR,WEIGHT
COMMUNICATION SERVICES,0.123758035938
CONSUMER DISCRETIONARY,0.063275176215
CONSUMER STAPLES,0.045429429527
ENERGY,0.102390035335
FINANCIALS,0.219449162305
HEALTH CARE,0.098484462324
INDUSTRIALS,0.141149100933
MATERIALS,0.039390114853
REAL ESTATE,0.008499285355
TECHNOLOGY,0.115280159363
UTILITIES,0.042895037853
