SECTOR,WEIGHT
COMMUNICATION SERVICES,0.12472977406
CONSUMER DISCRETIONARY,0.073994535374
CONSUMER STAPLES,0.047264325286
ENERGY,0.098012807844
FINANCIALS,0.227476757003
HEALTH CARE,0.096490781246
INDUSTRIALS,0.127052545574
MATERIALS,0.044470886912
REAL ESTATE,0.008574898175
TECHNOLOGY,0.108407210372
UTILITIES,0.043525478155
