SECTOR,WEIGHT
COMMUNICATION SERVICES,0.086701711331
CONSUMER DISCRETIONARY,0.095060924189
CONSUMER STAPLES,0.044005797014
ENERGY,0.058760913585
FINANCIALS,0.179319608348
HEALTH CARE,0.110666404084
INDUSTRIALS,0.185413542187
MATERIALS,0.064957860559
REAL ESTATE,0.00800674635
TECHNOLOGY,0.132693036009
UTILITIES,0.034413456343
