SECTOR,WEIGHT
COMMUNICATION SERVICES,0.083811231132
CONSUMER DISCRETIONARY,0.092584631864
CONSUMER STAPLES,0.049299947053
ENERGY,0.074907748702
FINANCIALS,0.181659090424
HEALTH CARE,0.101597870725
INDUSTRIALS,0.182992427822
MATERIALS,0.057316231655
REAL ESTATE,0.008279496787
TECHNOLOGY,0.135744316294
UTILITIES,0.031807007542
