SECTOR,WEIGHT
COMMUNICATION SERVICES,0.083120688738
CONSUMER DISCRETIONARY,0.101460845778
CONSUMER STAPLES,0.053264081993
FINANCIALS,0.11932801295
HEALTH CARE,0.113499492364
INDUSTRIALS,0.07998047787
MATERIALS,0.032608182624
REAL ESTATE,0.022854147398
TECHNOLOGY,0.383815712703
UTILITIES,0.01006835758
