SECTOR,WEIGHT
COMMUNICATION SERVICES,0.097433238163
CONSUMER DISCRETIONARY,0.108005951266
CONSUMER STAPLES,0.049362284816
FINANCIALS,0.144871185888
HEALTH CARE,0.110006249032
INDUSTRIALS,0.09869621098
MATERIALS,0.01996145249
REAL ESTATE,0.030598985368
TECHNOLOGY,0.341064441998
