SECTOR,WEIGHT
COMMUNICATION SERVICES,0.099300131859
CONSUMER DISCRETIONARY,0.101734455827
CONSUMER STAPLES,0.047672177706
FINANCIALS,0.135916421544
HEALTH CARE,0.100517293843
INDUSTRIALS,0.10102444467
MATERIALS,0.020184602901
REAL ESTATE,0.031341921087
TECHNOLOGY,0.362308550563
