SECTOR,WEIGHT
COMMUNICATION SERVICES,0.088736803727
CONSUMER DISCRETIONARY,0.100977159438
CONSUMER STAPLES,0.052034819779
FINANCIALS,0.122832426547
HEALTH CARE,0.113264720918
INDUSTRIALS,0.082851148155
MATERIALS,0.032828097678
REAL ESTATE,0.023389956822
TECHNOLOGY,0.372757851475
UTILITIES,0.01032701546
