SECTOR,WEIGHT
COMMUNICATION SERVICES,0.106678446399
CONSUMER DISCRETIONARY,0.102764459839
CONSUMER STAPLES,0.048460027297
ENERGY,0.028992381615
FINANCIALS,0.129346074431
HEALTH CARE,0.089231472744
INDUSTRIALS,0.082165638949
MATERIALS,0.016514355797
REAL ESTATE,0.017947378291
TECHNOLOGY,0.355578107748
UTILITIES,0.022321656891
