SECTOR,WEIGHT
COMMUNICATION SERVICES,0.105323208758
CONSUMER DISCRETIONARY,0.105070995133
CONSUMER STAPLES,0.047202980925
ENERGY,0.027944669135
FINANCIALS,0.132674375196
HEALTH CARE,0.094557089855
INDUSTRIALS,0.082541913
MATERIALS,0.018200415752
REAL ESTATE,0.017849118203
TECHNOLOGY,0.346235261266
UTILITIES,0.022399972777
