SECTOR,WEIGHT
COMMUNICATION SERVICES,0.1069141056
CONSUMER DISCRETIONARY,0.099598772008
CONSUMER STAPLES,0.048746550149
ENERGY,0.034420980293
FINANCIALS,0.120345390179
HEALTH CARE,0.082689377912
INDUSTRIALS,0.088925367192
MATERIALS,0.019451204934
REAL ESTATE,0.018711969118
TECHNOLOGY,0.357065904023
UTILITIES,0.023130378591
