SECTOR,WEIGHT
COMMUNICATION SERVICES,0.107028141977
CONSUMER DISCRETIONARY,0.099878861357
CONSUMER STAPLES,0.05251075093
ENERGY,0.036154533296
FINANCIALS,0.122566098585
HEALTH CARE,0.091594218556
INDUSTRIALS,0.089761633961
MATERIALS,0.020261463407
REAL ESTATE,0.019163113033
TECHNOLOGY,0.336557361798
UTILITIES,0.0245238231
