SECTOR,WEIGHT
COMMUNICATION SERVICES,0.100869406846
CONSUMER DISCRETIONARY,0.098115484608
CONSUMER STAPLES,0.052384564426
ENERGY,0.040649373263
FINANCIALS,0.126058989174
HEALTH CARE,0.094591024535
INDUSTRIALS,0.090741337454
MATERIALS,0.020533332266
REAL ESTATE,0.01894922656
TECHNOLOGY,0.332023752579
UTILITIES,0.025083508289
