SECTOR,WEIGHT
COMMUNICATION SERVICES,0.105505769291
CONSUMER DISCRETIONARY,0.105892828672
CONSUMER STAPLES,0.050158283221
ENERGY,0.030853445881
FINANCIALS,0.127591217161
HEALTH CARE,0.096025822677
INDUSTRIALS,0.087655914237
MATERIALS,0.019749053158
REAL ESTATE,0.018406378257
TECHNOLOGY,0.335468176399
UTILITIES,0.022693111045
