SECTOR,WEIGHT
COMMUNICATION SERVICES,0.107076461889
CONSUMER DISCRETIONARY,0.105413507353
CONSUMER STAPLES,0.049005128944
ENERGY,0.031155883477
FINANCIALS,0.124288341508
HEALTH CARE,0.092314988804
INDUSTRIALS,0.084766656061
MATERIALS,0.019815374025
REAL ESTATE,0.017824231109
TECHNOLOGY,0.343736304639
UTILITIES,0.022468897147
