SECTOR,WEIGHT
COMMUNICATION SERVICES,0.110042766052
CONSUMER DISCRETIONARY,0.105350810733
CONSUMER STAPLES,0.052167977605
ENERGY,0.032489388555
FINANCIALS,0.128666465831
HEALTH CARE,0.092643098132
INDUSTRIALS,0.088046222966
MATERIALS,0.020184015125
REAL ESTATE,0.018102260205
TECHNOLOGY,0.329666909204
UTILITIES,0.022640085592
