SECTOR,WEIGHT
COMMUNICATION SERVICES,0.105340325664
CONSUMER DISCRETIONARY,0.105342327285
CONSUMER STAPLES,0.046311512325
ENERGY,0.02818182728
FINANCIALS,0.132777549815
HEALTH CARE,0.096883475615
INDUSTRIALS,0.083521652539
MATERIALS,0.018602067675
REAL ESTATE,0.017636285391
TECHNOLOGY,0.343552277345
UTILITIES,0.021850699066
