SECTOR,WEIGHT
COMMUNICATION SERVICES,0.106941468789
CONSUMER DISCRETIONARY,0.100142798102
CONSUMER STAPLES,0.052893337723
ENERGY,0.037499762337
FINANCIALS,0.12342979627
HEALTH CARE,0.091070565478
INDUSTRIALS,0.08876998498
MATERIALS,0.020307951563
REAL ESTATE,0.019409334213
TECHNOLOGY,0.334306668681
UTILITIES,0.025228331864
