SECTOR,WEIGHT
COMMUNICATION SERVICES,0.107793445275
CONSUMER DISCRETIONARY,0.071852955071
FINANCIALS,0.147763578275
HEALTH CARE,0.059686957009
INDUSTRIALS,0.014685275489
MATERIALS,0.013239968932
TECHNOLOGY,0.584977819949
