SECTOR,WEIGHT
COMMUNICATION SERVICES,0.104988965124
CONSUMER DISCRETIONARY,0.074978105404
FINANCIALS,0.148541945041
HEALTH CARE,0.05595908338
INDUSTRIALS,0.013896437311
MATERIALS,0.014764213972
TECHNOLOGY,0.586871249769
