SECTOR,WEIGHT
COMMUNICATION SERVICES,0.100384271412
CONSUMER DISCRETIONARY,0.077072606967
FINANCIALS,0.154661982368
HEALTH CARE,0.056142483874
INDUSTRIALS,0.01461072615
MATERIALS,0.011704404449
TECHNOLOGY,0.585423524781
