SECTOR,WEIGHT
COMMUNICATION SERVICES,0.106319947334
CONSUMER DISCRETIONARY,0.076255975476
FINANCIALS,0.116417976152
HEALTH CARE,0.067839784213
INDUSTRIALS,0.022614261902
MATERIALS,0.022299104954
TECHNOLOGYQ,0.588252949969
