SECTOR,WEIGHT
COMMUNICATION SERVICES,0.111214047248
CONSUMER DISCRETIONARY,0.064252491894
FINANCIALS,0.123591728603
HEALTH CARE,0.065117889111
INDUSTRIALS,0.021753985079
MATERIALS,0.022724430514
TECHNOLOGY,0.591345427551
