SECTOR,WEIGHT
COMMUNICATION SERVICES,0.118827087733
CONSUMER DISCRETIONARY,0.041043903956
ENERGY,0.064283457142
FINANCIALS,0.315694172055
HEALTH CARE,0.130623423134
INDUSTRIALS,0.135281164887
MATERIALS,0.026097598901
TECHNOLOGY,0.168149192193
