SECTOR,WEIGHT
COMMUNICATION SERVICES,0.151139424988
CONSUMER DISCRETIONARY,0.02830395105
ENERGY,0.068585314346
FINANCIALS,0.31030360577
HEALTH CARE,0.145947172114
INDUSTRIALS,0.109804153802
MATERIALS,0.021824926829
TECHNOLOGYQ,0.164091451101
