SECTOR,WEIGHT
COMMUNICATION SERVICES,0.117047807242
CONSUMER DISCRETIONARY,0.044510501897
ENERGY,0.065909704458
FINANCIALS,0.283263702043
HEALTH CARE,0.129992904734
INDUSTRIALS,0.142962087995
MATERIALS,0.020892397829
REAL ESTATE,0.010941964335
TECHNOLOGY,0.184478929468
