SECTOR,WEIGHT
COMMUNICATION SERVICES,0.127765118388
CONSUMER DISCRETIONARY,0.043379361806
ENERGY,0.059201816533
FINANCIALS,0.301199321207
HEALTH CARE,0.131876188489
INDUSTRIALS,0.123773398699
MATERIALS,0.024551081977
REAL ESTATE,0.011422536567
TECHNOLOGY,0.176831176334
