SECTOR,WEIGHT
COMMUNICATION SERVICES,0.114331561528
CONSUMER DISCRETIONARY,0.044127971116
ENERGY,0.056062581486
FINANCIALS,0.260655902116
HEALTH CARE,0.127068498646
INDUSTRIALS,0.164978437469
MATERIALS,0.021361949654
REAL ESTATE,0.016347407482
TECHNOLOGY,0.195065690502
