SECTOR,WEIGHT
COMMUNICATION SERVICES,0.129137497383
CONSUMER DISCRETIONARY,0.037140690687
ENERGY,0.057535566576
FINANCIALS,0.308022625581
HEALTH CARE,0.130031983124
INDUSTRIALS,0.13658887412
MATERIALS,0.023034259906
REAL ESTATE,0.006176258766
TECHNOLOGY,0.172332243857
