SECTOR,WEIGHT
COMMUNICATION SERVICES,0.128228051059
CONSUMER DISCRETIONARY,0.047829035954
ENERGY,0.056321451577
FINANCIALS,0.307892207326
HEALTH CARE,0.132103016694
INDUSTRIALS,0.137722820558
MATERIALS,0.022855474417
REAL ESTATE,0.006057267617
TECHNOLOGY,0.160990674798
