SECTOR,WEIGHT
COMMUNICATION SERVICES,0.13496992763
CONSUMER DISCRETIONARY,0.038014842784
ENERGY,0.060095638354
FINANCIALS,0.300370969391
HEALTH CARE,0.133616119833
INDUSTRIALS,0.136893917986
MATERIALS,0.023425584663
REAL ESTATE,0.006377226367
TECHNOLOGY,0.166235772993
