SECTOR,WEIGHT
COMMUNICATION SERVICES,0.087002112474
CONSUMER DISCRETIONARY,0.134796458877
CONSUMER STAPLES,0.028611734177
ENERGY,0.025633257749
FINANCIALS,0.06917613506
HEALTH CARE,0.057139826208
INDUSTRIALS,0.222652333259
MATERIALS,0.05302300057
REAL ESTATE,0.01641426119
TECHNOLOGY,0.267448822737
UTILITIES,0.038102057699
