SECTOR,WEIGHT
COMMUNICATION SERVICES,0.06999935372
CONSUMER DISCRETIONARY,0.158596196793
CONSUMER STAPLES,0.025903535975
ENERGY,0.045358629229
FINANCIALS,0.053359170873
HEALTH CARE,0.082023247631
INDUSTRIALS,0.189358120411
MATERIALS,0.024581225655
REAL ESTATE,0.016592994115
TECHNOLOGY,0.296548349472
UTILITIES,0.037679176126
