SECTOR,WEIGHT
COMMUNICATION SERVICES,0.079926060666
CONSUMER DISCRETIONARY,0.105917688603
CONSUMER STAPLES,0.045982294011
ENERGY,0.026855880322
FINANCIALS,0.042021984547
HEALTH CARE,0.019127430456
INDUSTRIALS,0.330509431027
MATERIALS,0.05665733613
REAL ESTATE,0.016589578743
TECHNOLOGY,0.237636869617
UTILITIES,0.038775445878
