SECTOR,WEIGHT
COMMUNICATION SERVICES,0.08678483946
CONSUMER DISCRETIONARY,0.130983768181
CONSUMER STAPLES,0.025277729781
ENERGY,0.024214581195
FINANCIALS,0.066816754246
HEALTH CARE,0.057213859555
INDUSTRIALS,0.210730076128
MATERIALS,0.055630317013
REAL ESTATE,0.01523778548
TECHNOLOGY,0.291090286318
UTILITIES,0.036020002643
