SECTOR,WEIGHT
CONSUMER DISCRETIONARY,0.162240623239
FINANCIALS,0.08211862123
HEALTH CARE,0.114921972611
INDUSTRIALS,0.00100443421
REAL ESTATE,0.39119037703
TECHNOLOGY,0.24852397168
