SECTOR,WEIGHT
CONSUMER DISCRETIONARY,0.174552727047
FINANCIALS,0.082230008372
HEALTH CARE,0.121686149267
INDUSTRIALS,0.00094570711
REAL ESTATE,0.375926327866
TECHNOLOGY,0.244659080339
