SECTOR,WEIGHT
CONSUMER DISCRETIONARY,0.195627303928
FINANCIALS,0.069131453268
HEALTH CARE,0.114056910421
INDUSTRIALS,0.00098058799
REAL ESTATE,0.367974722621
TECHNOLOGY,0.252229021773
