SECTOR,WEIGHT
CONSUMER DISCRETIONARY,0.045805408374
FINANCIALS,0.031659022262
HEALTH CARE,0.688515087106
INDUSTRIALS,0.000244078553
REAL ESTATE,0.159820602264
TECHNOLOGY,0.073955801442
