SECTOR,WEIGHT
CONSUMER DISCRETIONARY,0.172267857701
FINANCIALS,0.078614486054
HEALTH CARE,0.118655714152
INDUSTRIALS,0.001046319143
REAL ESTATE,0.380454133741
TECHNOLOGY,0.248961489209
