SECTOR,WEIGHT
CONSUMER DISCRETIONARY,0.162271367324
FINANCIALS,0.082523672928
HEALTH CARE,0.115665772185
INDUSTRIALS,0.000909904075
REAL ESTATE,0.393726288517
TECHNOLOGY,0.244902994972
