SECTOR,WEIGHT
CONSUMER DISCRETIONARY,0.145191409897
FINANCIALS,0.085978835979
HEALTH CARE,0.123653906007
INDUSTRIALS,0.000902583256
REAL ESTATE,0.4104886399
TECHNOLOGY,0.233784624961
