SECTOR,WEIGHT
CONSUMER DISCRETIONARY,0.166666666667
FINANCIALS,0.102996254682
HEALTH CARE,0.061797752809
REAL ESTATE,0.531835205993
TECHNOLOGY,0.13670411985
