SECTOR,WEIGHT
COMMUNICATION SERVICES,0.13597945865
CONSUMER DISCRETIONARY,0.116187011875
FINANCIALS,0.006312185728
HEALTH CARE,0.0438643415
INDUSTRIALS,0.070717877394
TECHNOLOGY,0.599229699369
UTILITIES,0.027709425484
