SECTOR,WEIGHT
COMMUNICATION SERVICES,0.117973856209
CONSUMER DISCRETIONARY,0.119498910675
FINANCIALS,0.009368191721
HEALTH CARE,0.043464052288
INDUSTRIALS,0.08082788671
TECHNOLOGY,0.601633986928
UTILITIES,0.027233115468
