SECTOR,WEIGHT
CONSUMER DISCRETIONARY,0.045024015107
ENERGY,0.020420770539
INDUSTRIALS,0.515583753805
TECHNOLOGY,0.210570714855
UTILITIES,0.208400745695
