SECTOR,WEIGHT
CONSUMER DISCRETIONARY,0.036888548521
ENERGY,0.029774956055
INDUSTRIALS,0.497013126178
TECHNOLOGY,0.225601718866
UTILITIES,0.21072165038
