SECTOR,WEIGHT
CONSUMER DISCRETIONARY,0.037105135001
ENERGY,0.030817648559
INDUSTRIALS,0.515336684003
TECHNOLOGY,0.204953400975
UTILITIES,0.211787131461
