SECTOR,WEIGHT
CONSUMER DISCRETIONARY,0.044766590211
ENERGY,0.021322442391
INDUSTRIALS,0.507378037697
TECHNOLOGY,0.210806356911
UTILITIES,0.21572657279
