SECTOR,WEIGHT
CONSUMER DISCRETIONARY,0.036460781316
ENERGY,0.015493176843
INDUSTRIALS,0.53677326819
TECHNOLOGY,0.236827133728
UTILITIES,0.174445639923
