SECTOR,WEIGHT
CONSUMER DISCRETIONARY,0.033983572895
ENERGY,0.027823408624
INDUSTRIALS,0.547022587269
TECHNOLOGY,0.19887063655
UTILITIES,0.192299794661
