SECTOR,WEIGHT
CONSUMER DISCRETIONARY,0.039329745957
ENERGY,0.023989926521
INDUSTRIALS,0.51810209206
TECHNOLOGY,0.213157711622
UTILITIES,0.20542052384
