SECTOR,WEIGHT
CONSUMER DISCRETIONARY,0.03690780918
ENERGY,0.029141271753
INDUSTRIALS,0.501981384797
TECHNOLOGY,0.2194106831
UTILITIES,0.21255885117
