SECTOR,WEIGHT
CONSUMER DISCRETIONARY,0.0348063266
ENERGY,0.03073941683
INDUSTRIALS,0.543246102059
TECHNOLOGY,0.195777018034
UTILITIES,0.195431136477
