SECTOR,WEIGHT
CONSUMER DISCRETIONARY,0.041191936216
ENERGY,0.021026192539
INDUSTRIALS,0.537108956293
TECHNOLOGY,0.201883061169
UTILITIES,0.198789853783
