SECTOR,WEIGHT
CONSUMER DISCRETIONARY,0.039390283302
ENERGY,0.027582652207
INDUSTRIALS,0.505231634713
TECHNOLOGY,0.222099943092
UTILITIES,0.205695486686
