SECTOR,WEIGHT
CONSUMER DISCRETIONARY,0.038207409992
ENERGY,0.026659052024
INDUSTRIALS,0.520791015913
TECHNOLOGY,0.210424089078
UTILITIES,0.203918432993
