SECTOR,WEIGHT
COMMUNICATION SERVICES,0.059948970938
CONSUMER DISCRETIONARY,0.029757415731
CONSUMER STAPLES,0.040665461863
ENERGY,0.045536622988
HEALTH CARE,0.237890223015
INDUSTRIALS,0.028787804143
MATERIALS,0.054026463923
TECHNOLOGY,0.492047089108
UTILITIES,0.011339948293
