SECTOR,WEIGHT
COMMUNICATION SERVICES,0.05000787386
CONSUMER DISCRETIONARY,0.037177259991
CONSUMER STAPLES,0.027427691861
ENERGY,0.084100731064
HEALTH CARE,0.210465251562
INDUSTRIALS,0.02555000749
MATERIALS,0.065158184952
TECHNOLOGY,0.485779047814
UTILITIES,0.014333951406
