SECTOR,WEIGHT
COMMUNICATION SERVICES,0.051946752077
CONSUMER DISCRETIONARY,0.038034230808
CONSUMER STAPLES,0.026523871484
ENERGY,0.078971073967
HEALTH CARE,0.214192773496
INDUSTRIALS,0.025723150836
MATERIALS,0.068561705535
TECHNOLOGY,0.481733560204
UTILITIES,0.014312881593
