SECTOR,WEIGHT
COMMUNICATION SERVICES,0.057763795507
CONSUMER DISCRETIONARY,0.039570048328
CONSUMER STAPLES,0.023562642739
ENERGY,0.036543488545
HEALTH CARE,0.152991900921
INDUSTRIALS,0.029003023036
MATERIALS,0.071312536464
TECHNOLOGY,0.579669559682
UTILITIES,0.009583004778
