SECTOR,WEIGHT
COMMUNICATION SERVICES,0.05839800292
CONSUMER DISCRETIONARY,0.02960055341
CONSUMER STAPLES,0.040102983194
ENERGY,0.044461956261
HEALTH CARE,0.237348931522
INDUSTRIALS,0.028450997044
MATERIALS,0.055536381819
TECHNOLOGY,0.494989724201
UTILITIES,0.011110469629
