SECTOR,WEIGHT
COMMUNICATION SERVICES,0.058197647687
CONSUMER DISCRETIONARY,0.040932657339
CONSUMER STAPLES,0.023800161414
ENERGY,0.035276872108
HEALTH CARE,0.151019155192
INDUSTRIALS,0.029268902932
MATERIALS,0.075638791338
TECHNOLOGY,0.576756459963
UTILITIES,0.009109352026
