SECTOR,WEIGHT
COMMUNICATION SERVICES,0.050774478552
CONSUMER DISCRETIONARY,0.028104754394
CONSUMER STAPLES,0.041390154907
ENERGY,0.047835718492
HEALTH CARE,0.233465278966
INDUSTRIALS,0.028068180094
MATERIALS,0.069865455139
TECHNOLOGY,0.488498040866
UTILITIES,0.011997938591
