SECTOR,WEIGHT
COMMUNICATION SERVICES,0.048930099459
CONSUMER DISCRETIONARY,0.037279212019
CONSUMER STAPLES,0.027783017227
ENERGY,0.081863540689
HEALTH CARE,0.224729126768
INDUSTRIALS,0.026546047361
MATERIALS,0.072741785482
TECHNOLOGY,0.464302465527
UTILITIES,0.015824705468
