SECTOR,WEIGHT
COMMUNICATION SERVICES,0.062537747245
CONSUMER DISCRETIONARY,0.029561060116
CONSUMER STAPLES,0.040376391357
ENERGY,0.043818369129
HEALTH CARE,0.238900142213
INDUSTRIALS,0.02842900155
MATERIALS,0.057440398334
TECHNOLOGY,0.488139494189
UTILITIES,0.010797395868
