SECTOR,WEIGHT
COMMUNICATION SERVICES,0.056122873917
CONSUMER DISCRETIONARY,0.028384293528
CONSUMER STAPLES,0.041958089494
ENERGY,0.046075980218
HEALTH CARE,0.236247494541
INDUSTRIALS,0.028361524765
MATERIALS,0.063815509476
TECHNOLOGY,0.487051248192
UTILITIES,0.01198298587
