SECTOR,WEIGHT
COMMUNICATION SERVICES,0.0321369303
CONSUMER STAPLES,0.055818424674
ENERGY,0.057792641464
FINANCIALS,0.146450254999
HEALTH CARE,0.149297741439
INDUSTRIALS,0.293777827248
MATERIALS,0.028792600988
TECHNOLOGY,0.175322796082
UTILITIES,0.060610782806
