SECTOR,WEIGHT
COMMUNICATION SERVICES,0.1494939548
CONSUMER DISCRETIONARY,0.155009953416
CONSUMER STAPLES,0.021350657894
ENERGY,0.168994175259
FINANCIALS,0.056486771996
HEALTH CARE,0.044182472907
INDUSTRIALS,0.182911805569
MATERIALS,0.077327903769
TECHNOLOGY,0.122054207525
UTILITIES,0.022188096864
