SECTOR,WEIGHT
COMMUNICATION SERVICES,0.137457612101
CONSUMER DISCRETIONARY,0.181078887806
CONSUMER STAPLES,0.022299457918
ENERGY,0.168953532392
FINANCIALS,0.052113958003
HEALTH CARE,0.040586664626
INDUSTRIALS,0.163312216575
MATERIALS,0.072804488083
TECHNOLOGY,0.146134545835
UTILITIES,0.01525863666
