SECTOR,WEIGHT
COMMUNICATION SERVICES,0.028601362817
CONSUMER STAPLES,0.057105641594
ENERGY,0.055203401178
FINANCIALS,0.148738817638
HEALTH CARE,0.145073895113
INDUSTRIALS,0.300454879181
MATERIALS,0.030102120275
TECHNOLOGY,0.180929256073
UTILITIES,0.053790626131
