SECTOR,WEIGHT
COMMUNICATION SERVICES,0.052826017425
CONSUMER DISCRETIONARY,0.027485702446
CONSUMER STAPLES,0.02491184097
ENERGY,0.093056307117
FINANCIALS,0.146283641747
HEALTH CARE,0.083280863707
INDUSTRIALS,0.306728047748
MATERIALS,0.082413857614
TECHNOLOGY,0.15445180472
UTILITIES,0.028561916506
