SECTOR,WEIGHT
COMMUNICATION SERVICES,0.031940915076
CONSUMER STAPLES,0.055141139336
ENERGY,0.057980826545
FINANCIALS,0.14321698307
HEALTH CARE,0.150108739982
INDUSTRIALS,0.29232080167
MATERIALS,0.028704521741
TECHNOLOGY,0.177410622211
UTILITIES,0.063175450368
