SECTOR,WEIGHT
COMMUNICATION SERVICES,0.03213381665
CONSUMER STAPLES,0.057930175574
ENERGY,0.066005143679
FINANCIALS,0.138805410988
HEALTH CARE,0.151088475325
INDUSTRIALS,0.287110427087
MATERIALS,0.028459326462
TECHNOLOGY,0.182748425508
UTILITIES,0.055718798728
