SECTOR,WEIGHT
COMMUNICATION SERVICES,0.14520664146
CONSUMER DISCRETIONARY,0.18035729937
CONSUMER STAPLES,0.022190924358
ENERGY,0.162229388493
FINANCIALS,0.051818785368
HEALTH CARE,0.038918490892
INDUSTRIALS,0.166087891253
MATERIALS,0.070727463775
TECHNOLOGY,0.147351485423
UTILITIES,0.015111629608
