SECTOR,WEIGHT
COMMUNICATION SERVICES,0.149508577195
CONSUMER DISCRETIONARY,0.154013118063
CONSUMER STAPLES,0.020607467205
ENERGY,0.1727790111
FINANCIALS,0.056575176589
HEALTH CARE,0.04345913219
INDUSTRIALS,0.17902926337
MATERIALS,0.077242179617
TECHNOLOGY,0.123708375378
UTILITIES,0.023077699294
