SECTOR,WEIGHT
COMMUNICATION SERVICES,0.151597849963
CONSUMER DISCRETIONARY,0.161930984219
CONSUMER STAPLES,0.019495085485
ENERGY,0.157479071557
FINANCIALS,0.057696707123
HEALTH CARE,0.044986790027
INDUSTRIALS,0.178894411321
MATERIALS,0.072300559779
TECHNOLOGY,0.132159450951
UTILITIES,0.023459089575
