SECTOR,WEIGHT
COMMUNICATION SERVICES,0.111697860744
CONSUMER DISCRETIONARY,0.106476972319
CONSUMER STAPLES,0.110147139857
ENERGY,0.192754582986
HEALTH CARE,0.227635202473
INDUSTRIALS,0.095359432277
MATERIALS,0.037185745805
TECHNOLOGY,0.118743063538
