SECTOR,WEIGHT
COMMUNICATION SERVICES,0.101108839333
CONSUMER DISCRETIONARY,0.096781017251
CONSUMER STAPLES,0.09244607857
ENERGY,0.160692984852
HEALTH CARE,0.214969341982
INDUSTRIALS,0.094613825566
MATERIALS,0.031886124087
TECHNOLOGY,0.207501788359
