SECTOR,WEIGHT
COMMUNICATION SERVICES,0.080718716629
CONSUMER DISCRETIONARY,0.100093420596
CONSUMER STAPLES,0.094274383862
ENERGY,0.165085226898
HEALTH CARE,0.21159460833
INDUSTRIALS,0.121562258892
MATERIALS,0.038809860375
TECHNOLOGY,0.187861524418
