SECTOR,WEIGHT
COMMUNICATION SERVICES,0.087633435114
CONSUMER DISCRETIONARY,0.096197639064
CONSUMER STAPLES,0.092811962853
ENERGY,0.16838391262
HEALTH CARE,0.218104487935
INDUSTRIALS,0.118364049622
MATERIALS,0.038395710901
TECHNOLOGY,0.180108801892
