SECTOR,WEIGHT
COMMUNICATION SERVICES,0.110247637131
CONSUMER DISCRETIONARY,0.119430936823
CONSUMER STAPLES,0.104063608445
ENERGY,0.159257212955
HEALTH CARE,0.220922906881
INDUSTRIALS,0.103307312823
MATERIALS,0.035195396132
TECHNOLOGY,0.14757498881
