SECTOR,WEIGHT
COMMUNICATION SERVICES,0.079671704534
CONSUMER DISCRETIONARY,0.096186567911
CONSUMER STAPLES,0.095986387749
ENERGY,0.16324692223
HEALTH CARE,0.209288359524
INDUSTRIALS,0.119207286558
MATERIALS,0.039635672105
TECHNOLOGY,0.196777099389
