SECTOR,WEIGHT
COMMUNICATION SERVICES,0.10544929295
CONSUMER DISCRETIONARY,0.098701665923
CONSUMER STAPLES,0.093572059696
ENERGY,0.157469624353
HEALTH CARE,0.20868634759
INDUSTRIALS,0.092851324816
MATERIALS,0.03331191999
TECHNOLOGY,0.209957764682
