SECTOR,WEIGHT
COMMUNICATION SERVICES,0.076504797674
CONSUMER DISCRETIONARY,0.133787902423
CONSUMER STAPLES,0.148928872837
ENERGY,0.039803293376
FINANCIALS,0.018290756229
HEALTH CARE,0.126691384986
INDUSTRIALS,0.105386833695
MATERIALS,0.062066779459
TECHNOLOGY,0.270863581276
UTILITIES,0.017675798046
