SECTOR,WEIGHT
COMMUNICATION SERVICES,0.040989357248
CONSUMER DISCRETIONARY,0.098825716374
CONSUMER STAPLES,0.064384104459
ENERGY,0.05103155333
FINANCIALS,0.050609480255
HEALTH CARE,0.227445750701
INDUSTRIALS,0.172200201832
MATERIALS,0.122429255052
TECHNOLOGY,0.17208458075
