SECTOR,WEIGHT
COMMUNICATION SERVICES,0.043602672411
CONSUMER DISCRETIONARY,0.096592816381
CONSUMER STAPLES,0.069816260117
ENERGY,0.047947903845
FINANCIALS,0.042027992242
HEALTH CARE,0.227568675171
INDUSTRIALS,0.190113199806
MATERIALS,0.12266420499
TECHNOLOGY,0.159666275036
