SECTOR,WEIGHT
COMMUNICATION SERVICES,0.044027422454
CONSUMER DISCRETIONARY,0.09522110507
CONSUMER STAPLES,0.072162337684
ENERGY,0.050788491214
FINANCIALS,0.05312734603
HEALTH CARE,0.223494573249
INDUSTRIALS,0.170455018689
MATERIALS,0.127911046981
TECHNOLOGY,0.16281265863
