SECTOR,WEIGHT
COMMUNICATION SERVICES,0.041812131168
CONSUMER DISCRETIONARY,0.085076457992
CONSUMER STAPLES,0.062250642003
ENERGY,0.08693034795
FINANCIALS,0.052727547847
HEALTH CARE,0.222273023669
INDUSTRIALS,0.164885168771
MATERIALS,0.114191130285
TECHNOLOGY,0.169853550314
