SECTOR,WEIGHT
COMMUNICATION SERVICES,0.07801781171
CONSUMER DISCRETIONARY,0.042474462476
CONSUMER STAPLES,0.094860667108
ENERGY,0.036407111072
FINANCIALS,0.061027826543
HEALTH CARE,0.159370564838
INDUSTRIALS,0.167044333102
MATERIALS,0.05300475019
TECHNOLOGY,0.307792472961
