SECTOR,WEIGHT
COMMUNICATION SERVICES,0.081552180087
CONSUMER DISCRETIONARY,0.12762782202
CONSUMER STAPLES,0.149741320046
ENERGY,0.048852625188
FINANCIALS,0.017102483428
HEALTH CARE,0.134510565483
INDUSTRIALS,0.099603073048
MATERIALS,0.058430056052
TECHNOLOGYQ,0.264841103768
UTILITIES,0.017738770881
