SECTOR,WEIGHT
COMMUNICATION SERVICES,0.034412855824
CONSUMER DISCRETIONARY,0.140742422431
CONSUMER STAPLES,0.048310799611
ENERGY,0.109322119881
FINANCIALS,0.257922129324
HEALTH CARE,0.004005139276
INDUSTRIALS,0.082587036689
MATERIALS,0.057898221043
TECHNOLOGY,0.011599534291
UTILITIES,0.25319974163
