SECTOR,WEIGHT
COMMUNICATION SERVICES,0.032993331583
CONSUMER DISCRETIONARY,0.143508264869
CONSUMER STAPLES,0.049269520704
ENERGY,0.099406917756
FINANCIALS,0.268076581569
HEALTH CARE,0.004198076241
INDUSTRIALS,0.083266021138
MATERIALS,0.058689887537
TECHNOLOGY,0.011714326374
UTILITIES,0.24887707223
