SECTOR,WEIGHT
COMMUNICATION SERVICES,0.032415036019
CONSUMER DISCRETIONARY,0.15689314702
CONSUMER STAPLES,0.056221097404
ENERGY,0.122336899345
FINANCIALS,0.255347763863
INDUSTRIALS,0.068207871034
MATERIALS,0.060523578902
TECHNOLOGY,0.020638873372
UTILITIES,0.227415733042
