SECTOR,WEIGHT
COMMUNICATION SERVICES,0.03670275208
CONSUMER DISCRETIONARY,0.134650210543
CONSUMER STAPLES,0.046724066781
ENERGY,0.114566514285
FINANCIALS,0.254102679162
HEALTH CARE,0.003806196488
INDUSTRIALS,0.082066604432
MATERIALS,0.055597512751
TECHNOLOGY,0.011431610662
UTILITIES,0.260351852816
