SECTOR,WEIGHT
COMMUNICATION SERVICES,0.03315614698
CONSUMER DISCRETIONARY,0.149036423648
CONSUMER STAPLES,0.052198657643
ENERGY,0.091105325434
FINANCIALS,0.262502988262
HEALTH CARE,0.004846508806
INDUSTRIALS,0.088106014492
MATERIALS,0.055949303007
TECHNOLOGYQ,0.00915462824
UTILITIES,0.253944003487
