SECTOR,WEIGHT
COMMUNICATION SERVICES,0.033030646307
CONSUMER DISCRETIONARY,0.150110766148
CONSUMER STAPLES,0.051892078963
ENERGY,0.09732129024
FINANCIALS,0.271135609556
HEALTH CARE,0.004431651955
INDUSTRIALS,0.086383510432
MATERIALS,0.05586295984
TECHNOLOGY,0.009635950607
UTILITIES,0.240195535953
