SECTOR,WEIGHT
COMMUNICATION SERVICES,0.033152134609
CONSUMER DISCRETIONARY,0.151064894053
CONSUMER STAPLES,0.051450795105
ENERGY,0.091045327805
FINANCIALS,0.271776992985
HEALTH CARE,0.004339126871
INDUSTRIALS,0.087695562037
MATERIALS,0.056159551302
TECHNOLOGY,0.009434587662
UTILITIES,0.24388102757
