SECTOR,WEIGHT
COMMUNICATION SERVICES,0.036586591617
CONSUMER DISCRETIONARY,0.159714544175
CONSUMER STAPLES,0.052568097296
ENERGY,0.110563875766
FINANCIALS,0.265654839682
INDUSTRIALS,0.068549602975
MATERIALS,0.060207055986
TECHNOLOGY,0.023117901297
UTILITIES,0.223037491205
