SECTOR,WEIGHT
COMMUNICATION SERVICES,0.032495734684
CONSUMER DISCRETIONARY,0.152785183712
CONSUMER STAPLES,0.052197026982
ENERGY,0.088724602665
FINANCIALS,0.272759315662
HEALTH CARE,0.00415636112
INDUSTRIALS,0.087378982008
MATERIALS,0.056394560077
TECHNOLOGY,0.009244614756
UTILITIES,0.243863618334
