SECTOR,WEIGHT
COMMUNICATION SERVICES,0.039146767585
FINANCIALS,0.03095095215
HEALTH CARE,0.100885478585
INDUSTRIALS,0.416807050777
MATERIALS,0.109210402643
REAL ESTATE,0.065915633195
TECHNOLOGY,0.173571568009
UTILITIES,0.063512147056
