SECTOR,WEIGHT
COMMUNICATION SERVICES,0.035216975868
FINANCIALS,0.029113348786
HEALTH CARE,0.113792892836
INDUSTRIALS,0.431622502673
MATERIALS,0.091775942227
REAL ESTATE,0.064480430815
TECHNOLOGY,0.179560095778
UTILITIES,0.054437811017
