SECTOR,WEIGHT
COMMUNICATION SERVICES,0.035574625358
FINANCIALS,0.029894310518
HEALTH CARE,0.17858772352
INDUSTRIALS,0.393836551102
MATERIALS,0.081843201227
REAL ESTATE,0.060035500666
TECHNOLOGY,0.22022808761
