SECTOR,WEIGHT
COMMUNICATION SERVICES,0.041380789022
FINANCIALS,0.03569897084
HEALTH CARE,0.137221269297
INDUSTRIALS,0.41423670669
MATERIALS,0.092088336192
REAL ESTATE,0.063357632933
TECHNOLOGY,0.216016295026
