SECTOR,WEIGHT
COMMUNICATION SERVICES,0.041070072358
FINANCIALS,0.025886069082
HEALTH CARE,0.151072723266
INDUSTRIALS,0.463231223009
MATERIALS,0.039225621426
REAL ESTATE,0.064469656042
TECHNOLOGY,0.130189825208
UTILITIES,0.08485480961
