SECTOR,WEIGHT
COMMUNICATION SERVICES,0.037938260407
FINANCIALS,0.030325587214
HEALTH CARE,0.136381738759
INDUSTRIALS,0.428436493291
MATERIALS,0.121960195582
REAL ESTATE,0.063240859475
TECHNOLOGY,0.181716865272
