SECTOR,WEIGHT
COMMUNICATION SERVICES,0.038707120377
FINANCIALS,0.026132792338
HEALTH CARE,0.153286779993
INDUSTRIALS,0.456304461978
MATERIALS,0.039776346918
REAL ESTATE,0.061011969739
TECHNOLOGY,0.152461628203
UTILITIES,0.072318900454
