SECTOR,WEIGHT
COMMUNICATION SERVICES,0.033469905103
FINANCIALS,0.026807766705
HEALTH CARE,0.189608346076
INDUSTRIALS,0.410495866145
MATERIALS,0.082516849193
REAL ESTATE,0.059782456989
TECHNOLOGY,0.197318809789
