SECTOR,WEIGHT
COMMUNICATION SERVICES,0.041662192634
FINANCIALS,0.033394180178
HEALTH CARE,0.127134113605
INDUSTRIALS,0.399656394288
MATERIALS,0.08901535488
REAL ESTATE,0.057339203264
TECHNOLOGY,0.251798561151
