SECTOR,WEIGHT
COMMUNICATION SERVICES,0.083642801107
CONSUMER DISCRETIONARY,0.092610747391
CONSUMER STAPLES,0.051924213129
ENERGY,0.031119056505
FINANCIALS,0.12554363142
HEALTH CARE,0.095225400984
INDUSTRIALS,0.111978551789
MATERIALS,0.026296690826
REAL ESTATE,0.047952725148
TECHNOLOGY,0.286910084424
UTILITIES,0.046796097279
