SECTOR,WEIGHT
COMMUNICATION SERVICES,0.080861688424
CONSUMER DISCRETIONARY,0.082567948231
CONSUMER STAPLES,0.053145583052
ENERGY,0.032965549232
FINANCIALS,0.124881449243
HEALTH CARE,0.099757944126
INDUSTRIALS,0.112923475282
MATERIALS,0.026450838049
REAL ESTATE,0.044719904441
TECHNOLOGY,0.288033423964
UTILITIES,0.053692195957
