SECTOR,WEIGHT
COMMUNICATION SERVICES,0.083402599386
CONSUMER DISCRETIONARY,0.089372576841
CONSUMER STAPLES,0.037131400377
ENERGY,0.02540837457
FINANCIALS,0.130582465709
HEALTH CARE,0.097139966863
INDUSTRIALS,0.113025596527
MATERIALS,0.029970526418
REAL ESTATE,0.055102205704
TECHNOLOGY,0.292667242931
UTILITIES,0.046197044673
