SECTOR,WEIGHT
COMMUNICATION SERVICES,0.089366056114
CONSUMER DISCRETIONARY,0.093657017632
CONSUMER STAPLES,0.045705661079
ENERGY,0.029341318028
FINANCIALS,0.133858067174
HEALTH CARE,0.091267367321
INDUSTRIALS,0.107963913844
MATERIALS,0.023807915523
REAL ESTATE,0.052189165516
TECHNOLOGY,0.293914807527
UTILITIES,0.038928710242
