SECTOR,WEIGHT
COMMUNICATION SERVICES,0.08787330457
CONSUMER DISCRETIONARY,0.096580791481
CONSUMER STAPLES,0.047051215039
ENERGY,0.027596410252
FINANCIALS,0.137210193396
HEALTH CARE,0.09081123701
INDUSTRIALS,0.108517457055
MATERIALS,0.024724921818
REAL ESTATE,0.053155204337
TECHNOLOGY,0.287608414469
UTILITIES,0.038870850572
