SECTOR,WEIGHT
COMMUNICATION SERVICES,0.088244587264
CONSUMER DISCRETIONARY,0.093898733139
CONSUMER STAPLES,0.045612327368
ENERGY,0.028806210248
FINANCIALS,0.134767121253
HEALTH CARE,0.089584952433
INDUSTRIALS,0.108140528807
MATERIALS,0.02406892293
REAL ESTATE,0.051686653888
TECHNOLOGY,0.297096540661
UTILITIES,0.038093422011
