SECTOR,WEIGHT
COMMUNICATION SERVICES,0.080712936836
CONSUMER DISCRETIONARY,0.082993881138
CONSUMER STAPLES,0.052206584646
ENERGY,0.033972114038
FINANCIALS,0.126036346826
HEALTH CARE,0.098823111243
INDUSTRIALS,0.112781356442
MATERIALS,0.025497075768
REAL ESTATE,0.044890553925
TECHNOLOGY,0.287611594001
UTILITIES,0.054474445137
