SECTOR,WEIGHT
COMMUNICATION SERVICES,0.071342682342
CONSUMER DISCRETIONARY,0.085928561251
CONSUMER STAPLES,0.057868581371
ENERGY,0.034674518913
FINANCIALS,0.138976559835
HEALTH CARE,0.100252146919
INDUSTRIALS,0.114730086222
MATERIALS,0.032120667844
REAL ESTATE,0.047110240878
TECHNOLOGY,0.270944601077
UTILITIES,0.046051353347
