SECTOR,WEIGHT
CONSUMER DISCRETIONARY,0.115961023479
CONSUMER STAPLES,0.0494769369
ENERGY,0.020527895497
FINANCIALS,0.05054027014
HEALTH CARE,0.220059493083
INDUSTRIALS,0.284868211591
MATERIALS,0.036700452226
REAL ESTATE,0.015498700199
TECHNOLOGY,0.206367016887
