SECTOR,WEIGHT
CONSUMER DISCRETIONARY,0.116318843762
CONSUMER STAPLES,0.050379245404
ENERGY,0.020084157052
FINANCIALS,0.045147917103
HEALTH CARE,0.222947817241
INDUSTRIALS,0.323963212885
MATERIALS,0.03329196613
REAL ESTATE,0.015757175207
TECHNOLOGY,0.172109665216
