SECTOR,WEIGHT
CONSUMER DISCRETIONARY,0.12177919773
CONSUMER STAPLES,0.051886563821
ENERGY,0.02087404723
FINANCIALS,0.050767629912
HEALTH CARE,0.222124365637
INDUSTRIALS,0.271458522615
MATERIALS,0.037416737395
REAL ESTATE,0.016275589812
TECHNOLOGY,0.207417345848
