SECTOR,WEIGHT
CONSUMER DISCRETIONARY,0.118218073473
CONSUMER STAPLES,0.047911531475
ENERGY,0.01954211672
FINANCIALS,0.043150533374
HEALTH CARE,0.21521543362
INDUSTRIALS,0.319489113822
MATERIALS,0.059619511241
REAL ESTATE,0.016233295082
TECHNOLOGY,0.160620391192
