SECTOR,WEIGHT
CONSUMER DISCRETIONARY,0.115447756041
CONSUMER STAPLES,0.049324941955
ENERGY,0.020588214077
FINANCIALS,0.050745032004
HEALTH CARE,0.222053441966
INDUSTRIALS,0.282427879933
MATERIALS,0.037009937539
REAL ESTATE,0.015600379653
TECHNOLOGY,0.206802416832
