SECTOR,WEIGHT
CONSUMER DISCRETIONARY,0.093491650289
CONSUMER STAPLES,0.066350154257
ENERGY,0.026572462205
FINANCIALS,0.039690615701
HEALTH CARE,0.194957874284
INDUSTRIALS,0.329299470758
MATERIALS,0.065760870115
REAL ESTATE,0.01595420999
TECHNOLOGY,0.167922692401
