SECTOR,WEIGHT
CONSUMER DISCRETIONARY,0.124056869616
CONSUMER STAPLES,0.049731549778
ENERGY,0.022882406336
FINANCIALS,0.049611002183
HEALTH CARE,0.21616862651
INDUSTRIALS,0.277087405249
MATERIALS,0.034919650391
REAL ESTATE,0.016249197637
TECHNOLOGY,0.209293292299
