SECTOR,WEIGHT
CONSUMER DISCRETIONARY,0.088670957197
CONSUMER STAPLES,0.060986821943
ENERGY,0.023802226989
FINANCIALS,0.043109612831
HEALTH CARE,0.215548064154
INDUSTRIALS,0.271222801103
MATERIALS,0.065992440494
REAL ESTATE,0.016447032383
TECHNOLOGY,0.214220042905
