SECTOR,WEIGHT
CONSUMER DISCRETIONARY,0.115318664682
CONSUMER STAPLES,0.047869990371
ENERGY,0.019440682592
FINANCIALS,0.050414776443
HEALTH CARE,0.224767122723
INDUSTRIALS,0.288272459977
MATERIALS,0.036065725717
REAL ESTATE,0.015034938028
TECHNOLOGY,0.202815639466
