SECTOR,WEIGHT
CONSUMER DISCRETIONARY,0.094218629668
CONSUMER STAPLES,0.060637482895
ENERGY,0.024259844318
FINANCIALS,0.047440305461
HEALTH CARE,0.207189015356
INDUSTRIALS,0.273865182212
MATERIALS,0.068238644748
REAL ESTATE,0.016933581551
TECHNOLOGY,0.207217313791
