SECTOR,WEIGHT
COMMUNICATION SERVICES,0.084663236342
CONSUMER DISCRETIONARY,0.062877997173
CONSUMER STAPLES,0.081481225526
ENERGY,0.059112634646
FINANCIALS,0.2243881667
HEALTH CARE,0.173233099823
INDUSTRIALS,0.121326993025
MATERIALS,0.026378879822
TECHNOLOGY,0.130967540644
UTILITIES,0.035570226298
