SECTOR,WEIGHT
COMMUNICATION SERVICES,0.081103367504
CONSUMER DISCRETIONARY,0.066218190396
CONSUMER STAPLES,0.089758021462
ENERGY,0.079450033729
FINANCIALS,0.205770734958
HEALTH CARE,0.163423456233
INDUSTRIALS,0.135405759975
MATERIALS,0.027053423994
TECHNOLOGY,0.113482016115
UTILITIES,0.038334995634
