SECTOR,WEIGHT
COMMUNICATION SERVICES,0.083970098054
CONSUMER DISCRETIONARY,0.060371534444
CONSUMER STAPLES,0.086479995991
ENERGY,0.068545578581
FINANCIALS,0.222044145157
HEALTH CARE,0.159397951784
INDUSTRIALS,0.134351134108
MATERIALS,0.028725751205
TECHNOLOGY,0.122010291195
UTILITIES,0.034103519482
