SECTOR,WEIGHT
COMMUNICATION SERVICES,0.0851821024
CONSUMER DISCRETIONARY,0.062374639652
CONSUMER STAPLES,0.085369889155
ENERGY,0.059404563726
FINANCIALS,0.214065735515
HEALTH CARE,0.176925575541
INDUSTRIALS,0.122823703764
MATERIALS,0.028098988997
TECHNOLOGY,0.127289983353
UTILITIES,0.038464817898
