SECTOR,WEIGHT
COMMUNICATION SERVICES,0.075710588632
CONSUMER DISCRETIONARY,0.063690358366
CONSUMER STAPLES,0.08821049699
ENERGY,0.079322836971
FINANCIALS,0.214079913532
HEALTH CARE,0.160078424226
INDUSTRIALS,0.136470511842
MATERIALS,0.027975287152
TECHNOLOGY,0.115191866
UTILITIES,0.039269716288
