SECTOR,WEIGHT
COMMUNICATION SERVICES,0.084921619488
CONSUMER DISCRETIONARY,0.060942638816
CONSUMER STAPLES,0.080193083576
ENERGY,0.060708955262
FINANCIALS,0.221661043021
HEALTH CARE,0.171740139824
INDUSTRIALS,0.123973189384
MATERIALS,0.026412337679
TECHNOLOGY,0.133968749397
UTILITIES,0.035478243553
