SECTOR,WEIGHT
COMMUNICATION SERVICES,0.078935253046
CONSUMER DISCRETIONARY,0.064411472032
CONSUMER STAPLES,0.090066022817
ENERGY,0.073951541978
FINANCIALS,0.210050828072
HEALTH CARE,0.164408788178
INDUSTRIALS,0.138804817725
MATERIALS,0.029764976939
TECHNOLOGY,0.11236575567
UTILITIES,0.037240543542
