SECTOR,WEIGHT
CONSUMER DISCRETIONARY,0.042699473396
ENERGY,0.022405683989
INDUSTRIALS,0.64789321654
TECHNOLOGY,0.218888810436
UTILITIES,0.068112815638
