SECTOR,WEIGHT
CONSUMER DISCRETIONARY,0.039445020882
ENERGY,0.022870729075
INDUSTRIALS,0.637685814246
TECHNOLOGY,0.233130855984
UTILITIES,0.066867579813
