SECTOR,WEIGHT
CONSUMER DISCRETIONARY,0.045619739762
ENERGY,0.021607529773
INDUSTRIALS,0.62170417821
TECHNOLOGY,0.236821167895
UTILITIES,0.07424738436
