SECTOR,WEIGHT
CONSUMER DISCRETIONARY,0.035274075559
ENERGY,0.027357450646
INDUSTRIALS,0.655977552861
TECHNOLOGY,0.218659184287
UTILITIES,0.062731736647
