SECTOR,WEIGHT
CONSUMER DISCRETIONARY,0.040689973467
ENERGY,0.029047266225
INDUSTRIALS,0.608014023817
TECHNOLOGY,0.252930597006
UTILITIES,0.069318139485
