SECTOR,WEIGHT
CONSUMER DISCRETIONARY,0.04575791903
ENERGY,0.021251616776
INDUSTRIALS,0.628818971858
TECHNOLOGY,0.233866059125
UTILITIES,0.070305433211
