SECTOR,WEIGHT
CONSUMER DISCRETIONARY,0.036174172387
ENERGY,0.031165348318
INDUSTRIALS,0.658935960611
TECHNOLOGY,0.212749752215
UTILITIES,0.06097476647
