SECTOR,WEIGHT
CONSUMER DISCRETIONARY,0.040335224107
ENERGY,0.023092661748
INDUSTRIALS,0.632647650811
TECHNOLOGY,0.239074338992
UTILITIES,0.064850124342
