SECTOR,WEIGHT
CONSUMER DISCRETIONARY,0.039559670303
ENERGY,0.032523077946
INDUSTRIALS,0.603464392246
TECHNOLOGY,0.255866077289
UTILITIES,0.068586782216
