SECTOR,WEIGHT
CONSUMER DISCRETIONARY,0.039090767392
ENERGY,0.032972411285
INDUSTRIALS,0.600103912298
TECHNOLOGY,0.25855665818
UTILITIES,0.069276250844
