SECTOR,WEIGHT
CONSUMER DISCRETIONARY,0.048239114969
ENERGY,0.02061241586
INDUSTRIALS,0.62533519118
TECHNOLOGY,0.236248216173
UTILITIES,0.069565061818
