SECTOR,WEIGHT
COMMUNICATION SERVICES,0.014669851245
CONSUMER DISCRETIONARY,0.05534747661
CONSUMER STAPLES,0.143609882246
ENERGY,0.067378742137
FINANCIALS,0.103672431577
HEALTH CARE,0.192070764356
INDUSTRIALS,0.144450574492
MATERIALS,0.084201725018
REAL ESTATE,0.054008765587
TECHNOLOGY,0.081211327871
UTILITIES,0.05937845886
