SECTOR,WEIGHT
COMMUNICATION SERVICES,0.013882139997
CONSUMER DISCRETIONARY,0.046267759024
CONSUMER STAPLES,0.14684984386
ENERGY,0.071727032908
FINANCIALS,0.097922549529
HEALTH CARE,0.18929253869
INDUSTRIALS,0.147633659206
MATERIALS,0.096233721956
REAL ESTATE,0.056979524523
TECHNOLOGY,0.075016338925
UTILITIES,0.058194891382
