SECTOR,WEIGHT
COMMUNICATION SERVICES,0.015773767066
CONSUMER DISCRETIONARY,0.038194553179
CONSUMER STAPLES,0.148708348846
ENERGY,0.072922357111
FINANCIALS,0.111286246319
HEALTH CARE,0.190809229046
INDUSTRIALS,0.126520689731
MATERIALS,0.07790965111
REAL ESTATE,0.056033987829
TECHNOLOGY,0.097037663348
UTILITIES,0.064803506416
