SECTOR,WEIGHT
COMMUNICATION SERVICES,0.014651818156
CONSUMER DISCRETIONARY,0.0444716238
CONSUMER STAPLES,0.161950810136
ENERGY,0.070182340095
FINANCIALS,0.097069636369
HEALTH CARE,0.191602532925
INDUSTRIALS,0.14138271393
MATERIALS,0.077016517419
REAL ESTATE,0.05926768327
TECHNOLOGY,0.079523455307
UTILITIES,0.062880868595
