SECTOR,WEIGHT
COMMUNICATION SERVICES,0.014664597119
CONSUMER DISCRETIONARY,0.056319085984
CONSUMER STAPLES,0.141910310048
ENERGY,0.068652531489
FINANCIALS,0.099915813056
HEALTH CARE,0.208451763676
INDUSTRIALS,0.130830935616
MATERIALS,0.085276832987
REAL ESTATE,0.053239217842
TECHNOLOGY,0.081551880932
UTILITIES,0.059187031252
