SECTOR,WEIGHT
COMMUNICATION SERVICES,0.01808318264
CONSUMER DISCRETIONARY,0.037522603978
CONSUMER STAPLES,0.14986437613
ENERGY,0.070298372514
FINANCIALS,0.114602169982
HEALTH CARE,0.203774864376
INDUSTRIALS,0.10691681736
MATERIALS,0.066342676311
REAL ESTATE,0.061708860759
TECHNOLOGY,0.104769439421
UTILITIES,0.066116636528
