SECTOR,WEIGHT
COMMUNICATION SERVICES,0.016178447403
CONSUMER DISCRETIONARY,0.037320221723
CONSUMER STAPLES,0.14928669603
ENERGY,0.080762112342
FINANCIALS,0.1076212396
HEALTH CARE,0.189595137984
INDUSTRIALS,0.123555703237
MATERIALS,0.082077301028
REAL ESTATE,0.054265475251
TECHNOLOGY,0.094907361687
UTILITIES,0.064430303713
