SECTOR,WEIGHT
COMMUNICATION SERVICES,0.014064683077
CONSUMER DISCRETIONARY,0.048135175255
CONSUMER STAPLES,0.156172973445
ENERGY,0.070740155238
FINANCIALS,0.093335950873
HEALTH CARE,0.185918785094
INDUSTRIALS,0.152754099377
MATERIALS,0.088769033129
REAL ESTATE,0.057670826029
TECHNOLOGY,0.074920182263
UTILITIES,0.05751813622
