SECTOR,WEIGHT
COMMUNICATION SERVICES,0.013863767198
CONSUMER DISCRETIONARY,0.056174940077
CONSUMER STAPLES,0.142629891917
ENERGY,0.073198647005
FINANCIALS,0.098097791221
HEALTH CARE,0.196172873569
INDUSTRIALS,0.144066228158
MATERIALS,0.086859169786
REAL ESTATE,0.054187913656
TECHNOLOGY,0.076801409767
UTILITIES,0.057947367644
