SECTOR,WEIGHT
COMMUNICATION SERVICES,0.014022716013
CONSUMER DISCRETIONARY,0.041829690097
CONSUMER STAPLES,0.156099661529
ENERGY,0.066765908386
FINANCIALS,0.109288978613
HEALTH CARE,0.189299720796
INDUSTRIALS,0.135124623213
MATERIALS,0.080601099222
REAL ESTATE,0.057381546597
TECHNOLOGY,0.088606803691
UTILITIES,0.060979251844
