SECTOR,WEIGHT
COMMUNICATION SERVICES,0.084756935999
CONSUMER DISCRETIONARY,0.091859478081
CONSUMER STAPLES,0.052099538841
ENERGY,0.00411220706
FINANCIALS,0.140474263958
HEALTH CARE,0.106998793739
INDUSTRIALS,0.110798266559
MATERIALS,0.025562797532
REAL ESTATE,0.02734786472
TECHNOLOGY,0.337666605444
UTILITIES,0.018323248068
