SECTOR,WEIGHT
COMMUNICATION SERVICES,0.086081764357
CONSUMER DISCRETIONARY,0.087633819523
CONSUMER STAPLES,0.055751349504
ENERGY,0.004934610629
FINANCIALS,0.133941154592
HEALTH CARE,0.101965199385
INDUSTRIALS,0.114298207698
MATERIALS,0.025845136257
REAL ESTATE,0.029217639549
TECHNOLOGY,0.339975472703
UTILITIES,0.020355645802
