SECTOR,WEIGHT
COMMUNICATION SERVICES,0.085771275257
CONSUMER DISCRETIONARY,0.089083253327
CONSUMER STAPLES,0.050964811114
ENERGY,0.003734655307
FINANCIALS,0.139380838229
HEALTH CARE,0.104523048992
INDUSTRIALS,0.1051550521
MATERIALS,0.024225443962
REAL ESTATE,0.026825915348
TECHNOLOGY,0.351772124637
UTILITIES,0.018563581727
