SECTOR,WEIGHT
COMMUNICATION SERVICES,0.083464455354
CONSUMER DISCRETIONARY,0.089470975538
CONSUMER STAPLES,0.049569536
ENERGY,0.003624183132
FINANCIALS,0.146436482328
HEALTH CARE,0.105623830849
INDUSTRIALS,0.104541397657
MATERIALS,0.024437405349
REAL ESTATE,0.026698706689
TECHNOLOGY,0.347828097801
UTILITIES,0.018304929302
