SECTOR,WEIGHT
COMMUNICATION SERVICES,0.085660123094
CONSUMER DISCRETIONARY,0.091714268474
CONSUMER STAPLES,0.051428054226
ENERGY,0.004284162678
FINANCIALS,0.139495756064
HEALTH CARE,0.102235608834
INDUSTRIALS,0.109261233356
MATERIALS,0.025450541052
REAL ESTATE,0.027035480108
TECHNOLOGY,0.342476567843
UTILITIES,0.018328372018
