SECTOR,WEIGHT
COMMUNICATION SERVICES,0.028471177945
CONSUMER DISCRETIONARY,0.091127819549
CONSUMER STAPLES,0.057243107769
ENERGY,0.010526315789
FINANCIALS,0.14015037594
HEALTH CARE,0.101954887218
INDUSTRIALS,0.213533834586
MATERIALS,0.041503759398
REAL ESTATE,0.06626566416
TECHNOLOGY,0.189874686717
UTILITIES,0.059348370927
