SECTOR,WEIGHT
COMMUNICATION SERVICES,0.030028150137
CONSUMER DISCRETIONARY,0.09805898487
CONSUMER STAPLES,0.06062110879
ENERGY,0.009630837943
FINANCIALS,0.148289824017
HEALTH CARE,0.110814829083
INDUSTRIALS,0.209683406267
MATERIALS,0.043496275073
REAL ESTATE,0.065730468962
TECHNOLOGY,0.166126938457
UTILITIES,0.057519176403
