SECTOR,WEIGHT
COMMUNICATION SERVICES,0.029851211577
CONSUMER DISCRETIONARY,0.09603716945
CONSUMER STAPLES,0.062177369477
ENERGY,0.010424743429
FINANCIALS,0.140689786949
HEALTH CARE,0.108266079357
INDUSTRIALS,0.211562152731
MATERIALS,0.043825959281
REAL ESTATE,0.066547997969
TECHNOLOGY,0.17050378885
UTILITIES,0.06011374093
