SECTOR,WEIGHT
COMMUNICATION SERVICES,0.03073633798
CONSUMER DISCRETIONARY,0.094814896796
CONSUMER STAPLES,0.062548231471
ENERGY,0.010688144239
FINANCIALS,0.141345500828
HEALTH CARE,0.108762909936
INDUSTRIALS,0.212963009543
MATERIALS,0.044002193369
REAL ESTATE,0.067769052374
TECHNOLOGY,0.165638567066
UTILITIES,0.060731156398
