SECTOR,WEIGHT
COMMUNICATION SERVICES,0.033362256888
CONSUMER DISCRETIONARY,0.098445085186
CONSUMER STAPLES,0.061940532142
ENERGY,0.007846077734
FINANCIALS,0.148098582295
HEALTH CARE,0.117220594601
INDUSTRIALS,0.204399987632
MATERIALS,0.04152333725
REAL ESTATE,0.067193152655
TECHNOLOGY,0.161277480597
UTILITIES,0.058692913021
