SECTOR,WEIGHT
COMMUNICATION SERVICES,0.029267822659
CONSUMER DISCRETIONARY,0.092629246143
CONSUMER STAPLES,0.062719057006
ENERGY,0.012127678367
FINANCIALS,0.140566848269
HEALTH CARE,0.109456236776
INDUSTRIALS,0.210738360119
MATERIALS,0.042527671943
REAL ESTATE,0.067507698361
TECHNOLOGY,0.167293308549
UTILITIES,0.065166071809
