SECTOR,WEIGHT
COMMUNICATION SERVICES,0.031170492619
CONSUMER DISCRETIONARY,0.094423659545
CONSUMER STAPLES,0.062663899613
ENERGY,0.010973946775
FINANCIALS,0.140195229506
HEALTH CARE,0.107712511595
INDUSTRIALS,0.208715808613
MATERIALS,0.042189688542
REAL ESTATE,0.068650156212
TECHNOLOGY,0.169984594722
UTILITIES,0.063320012258
