SECTOR,WEIGHT
CONSUMER STAPLES,0.096651792435
FINANCIALS,0.107576800337
HEALTH CARE,0.27992197132
INDUSTRIALS,0.348859710064
TECHNOLOGY,0.121898529771
UTILITIES,0.045091196074
