SECTOR,WEIGHT
CONSUMER STAPLES,0.097252752144
FINANCIALS,0.112560244027
HEALTH CARE,0.276101330283
INDUSTRIALS,0.347870429275
TECHNOLOGY,0.121820310863
UTILITIES,0.044394933407
