SECTOR,WEIGHT
CONSUMER STAPLES,0.100889240356
FINANCIALS,0.108218205842
HEALTH CARE,0.250768298827
INDUSTRIALS,0.38145542751
TECHNOLOGY,0.119169008686
UTILITIES,0.03949981878
