SECTOR,WEIGHT
CONSUMER STAPLES,0.079925176617
FINANCIALS,0.121564866407
HEALTH CARE,0.283514566204
INDUSTRIALS,0.323681512845
TECHNOLOGY,0.152321694542
UTILITIES,0.038992183385
