SECTOR,WEIGHT
CONSUMER STAPLES,0.085413203576
FINANCIALS,0.107316577603
HEALTH CARE,0.292057645268
INDUSTRIALS,0.345835426772
TECHNOLOGY,0.12831981849
UTILITIES,0.041057328291
