SECTOR,WEIGHT
CONSUMER STAPLES,0.082913675552
FINANCIALS,0.110572470527
HEALTH CARE,0.296566125537
INDUSTRIALS,0.340600195325
TECHNOLOGY,0.129690593155
UTILITIES,0.039656939904
