SECTOR,WEIGHT
CONSUMER STAPLES,0.092804376741
FINANCIALS,0.106801931624
HEALTH CARE,0.286268790868
INDUSTRIALS,0.342535368381
TECHNOLOGY,0.127115360745
UTILITIES,0.04447417164
