SECTOR,WEIGHT
CONSUMER STAPLES,0.095075376884
FINANCIALS,0.11135678392
HEALTH CARE,0.260502512563
INDUSTRIALS,0.371557788945
TECHNOLOGY,0.121005025126
UTILITIES,0.040502512563
