SECTOR,WEIGHT
COMMUNICATION SERVICES,0.015435419647
CONSUMER DISCRETIONARY,0.053893039236
CONSUMER STAPLES,0.014923928416
FINANCIALS,0.234361817893
HEALTH CARE,0.084581494206
INDUSTRIALS,0.233652658735
MATERIALS,0.115243457599
REAL ESTATE,0.093359376592
TECHNOLOGY,0.076814367402
UTILITIES,0.077734440274
