SECTOR,WEIGHT
CONSUMER DISCRETIONARY,0.077191583132
CONSUMER STAPLES,0.029635854399
ENERGY,0.007945623854
FINANCIALS,0.266014603263
HEALTH CARE,0.120004354324
INDUSTRIALS,0.159097637576
MATERIALS,0.05802543617
REAL ESTATE,0.099100547241
TECHNOLOGY,0.084819788978
UTILITIES,0.098164571063
