SECTOR,WEIGHT
CONSUMER DISCRETIONARY,0.057619597846
CONSUMER STAPLES,0.033042147988
FINANCIALS,0.238395278273
HEALTH CARE,0.073291057184
INDUSTRIALS,0.221743845493
MATERIALS,0.137840467222
REAL ESTATE,0.081274898782
TECHNOLOGY,0.077804413127
UTILITIES,0.078988294085
