SECTOR,WEIGHT
CONSUMER DISCRETIONARY,0.055235470942
CONSUMER STAPLES,0.032864509507
FINANCIALS,0.241404557082
HEALTH CARE,0.083002386888
INDUSTRIALS,0.223130203496
MATERIALS,0.131742142822
REAL ESTATE,0.080398602082
TECHNOLOGY,0.079349756423
UTILITIES,0.072872370758
