SECTOR,WEIGHT
CONSUMER DISCRETIONARY,0.055821688327
CONSUMER STAPLES,0.032652861708
FINANCIALS,0.237045885499
HEALTH CARE,0.085018218553
INDUSTRIALS,0.225741013436
MATERIALS,0.130700044604
REAL ESTATE,0.0814498669
TECHNOLOGY,0.078579095407
UTILITIES,0.072991325565
