SECTOR,WEIGHT
CONSUMER DISCRETIONARY,0.068853846947
CONSUMER STAPLES,0.031919035033
FINANCIALS,0.23319459553
HEALTH CARE,0.073631444478
INDUSTRIALS,0.217865052384
MATERIALS,0.132188537969
REAL ESTATE,0.078892405982
TECHNOLOGY,0.083996249176
UTILITIES,0.079458832501
