SECTOR,WEIGHT
CONSUMER DISCRETIONARY,0.065779197373
CONSUMER STAPLES,0.035191044537
FINANCIALS,0.236783082345
HEALTH CARE,0.071005887536
INDUSTRIALS,0.214693808074
MATERIALS,0.131119833387
REAL ESTATE,0.078828900993
TECHNOLOGY,0.085563521307
UTILITIES,0.081034724447
