SECTOR,WEIGHT
CONSUMER DISCRETIONARY,0.062375719519
CONSUMER STAPLES,0.031397174254
ENERGY,0.007639979069
FINANCIALS,0.276085818943
HEALTH CARE,0.122239665097
INDUSTRIALS,0.158032443747
MATERIALS,0.060073260073
REAL ESTATE,0.096389324961
TECHNOLOGY,0.086551543694
UTILITIES,0.099215070644
