SECTOR,WEIGHT
COMMUNICATION SERVICES,0.015272843854
CONSUMER DISCRETIONARY,0.054416745523
CONSUMER STAPLES,0.014769195766
FINANCIALS,0.235193315028
HEALTH CARE,0.084224025151
INDUSTRIALS,0.234691735311
MATERIALS,0.115120301568
REAL ESTATE,0.092163463279
TECHNOLOGY,0.077070567612
UTILITIES,0.077077806907
