SECTOR,WEIGHT
COMMUNICATION SERVICES,0.14236844753
CONSUMER DISCRETIONARY,0.135124257974
CONSUMER STAPLES,0.105040748566
ENERGY,0.063487272361
FINANCIALS,0.100714357581
HEALTH CARE,0.114095985512
INDUSTRIALS,0.096287352852
MATERIALS,0.022839319851
REAL ESTATE,0.00603682463
TECHNOLOGY,0.211087634571
UTILITIES,0.002917798571
