SECTOR,WEIGHT
COMMUNICATION SERVICES,0.152247401001
CONSUMER DISCRETIONARY,0.147972409594
CONSUMER STAPLES,0.109345597792
ENERGY,0.053097826103
FINANCIALS,0.070647543853
HEALTH CARE,0.131379364752
INDUSTRIALS,0.092711871979
MATERIALS,0.019772930672
REAL ESTATE,0.005858055265
TECHNOLOGY,0.213638373689
UTILITIES,0.003328625299
