SECTOR,WEIGHT
COMMUNICATION SERVICES,0.14566935695
CONSUMER DISCRETIONARY,0.140348839186
CONSUMER STAPLES,0.114331692268
ENERGY,0.06423594172
FINANCIALS,0.064244957024
HEALTH CARE,0.12952753021
INDUSTRIALS,0.100458336353
MATERIALS,0.023037972221
REAL ESTATE,0.006221522679
TECHNOLOGY,0.208807386077
UTILITIES,0.003116465312
