SECTOR,WEIGHT
COMMUNICATION SERVICES,0.152359377689
CONSUMER DISCRETIONARY,0.146953931309
CONSUMER STAPLES,0.108891068525
ENERGY,0.053893668661
FINANCIALS,0.070002558316
HEALTH CARE,0.12658799782
INDUSTRIALS,0.094131866817
MATERIALS,0.0198876015
REAL ESTATE,0.005787278883
TECHNOLOGY,0.218252981984
UTILITIES,0.003251668496
