SECTOR,WEIGHT
COMMUNICATION SERVICES,0.144661878869
CONSUMER DISCRETIONARY,0.137743872303
CONSUMER STAPLES,0.117678965282
ENERGY,0.062391075191
FINANCIALS,0.063179127904
HEALTH CARE,0.132899716969
INDUSTRIALS,0.102119716806
MATERIALS,0.023887454703
REAL ESTATE,0.006155387031
TECHNOLOGY,0.206009968027
UTILITIES,0.003272836916
