SECTOR,WEIGHT
COMMUNICATION SERVICES,0.150861168945
CONSUMER DISCRETIONARY,0.146971233743
CONSUMER STAPLES,0.106781743889
ENERGY,0.052881601029
FINANCIALS,0.07259877068
HEALTH CARE,0.128093783072
INDUSTRIALS,0.093518929355
MATERIALS,0.020972095307
REAL ESTATE,0.005742430102
TECHNOLOGY,0.218441889275
UTILITIES,0.003136354603
