SECTOR,WEIGHT
COMMUNICATION SERVICES,0.146901087151
CONSUMER DISCRETIONARY,0.136266354399
CONSUMER STAPLES,0.116948634829
ENERGY,0.067112786147
FINANCIALS,0.062195569476
HEALTH CARE,0.130706221119
INDUSTRIALS,0.098320133262
MATERIALS,0.023247792098
REAL ESTATE,0.006059245278
TECHNOLOGY,0.209177326405
UTILITIES,0.003064849836
