SECTOR,WEIGHT
COMMUNICATION SERVICES,0.143240163121
CONSUMER DISCRETIONARY,0.137616227818
CONSUMER STAPLES,0.115606099736
ENERGY,0.062272494986
FINANCIALS,0.063029855354
HEALTH CARE,0.131443340519
INDUSTRIALS,0.103444662429
MATERIALS,0.0235616067
REAL ESTATE,0.006098108853
TECHNOLOGY,0.210438366707
UTILITIES,0.003249073777
