SECTOR,WEIGHT
COMMUNICATION SERVICES,0.148177974633
CONSUMER DISCRETIONARY,0.132574994967
CONSUMER STAPLES,0.104187638414
ENERGY,0.062109925508
FINANCIALS,0.097644453392
HEALTH CARE,0.10942218643
INDUSTRIALS,0.097040467083
MATERIALS,0.022146164687
REAL ESTATE,0.006039863096
TECHNOLOGY,0.217837729011
UTILITIES,0.002818602778
