SECTOR,WEIGHT
COMMUNICATION SERVICES,0.1498233464
CONSUMER DISCRETIONARY,0.149102198784
CONSUMER STAPLES,0.109436905268
ENERGY,0.052266660843
FINANCIALS,0.072575245274
HEALTH CARE,0.128005432437
INDUSTRIALS,0.094201569477
MATERIALS,0.020847120985
REAL ESTATE,0.005789496662
TECHNOLOGY,0.214800001361
UTILITIES,0.003152022508
