SECTOR,WEIGHT
CONSUMER DISCRETIONARY,0.16279570309
ENERGY,0.003919951013
FINANCIALS,0.018522153973
INDUSTRIALS,0.325154533644
MATERIALS,0.103610890164
TECHNOLOGY,0.300529804689
UTILITIES,0.085466963427
