SECTOR,WEIGHT
CONSUMER DISCRETIONARY,0.155101669329
ENERGY,0.003884003257
FINANCIALS,0.017634554194
INDUSTRIALS,0.329935796069
MATERIALS,0.0989526399
TECHNOLOGY,0.309881593009
UTILITIES,0.084609744242
