SECTOR,WEIGHT
CONSUMER DISCRETIONARY,0.165490547388
ENERGY,0.003829221011
FINANCIALS,0.017128394732
INDUSTRIALS,0.317362644794
MATERIALS,0.111913292096
TECHNOLOGY,0.301938524984
UTILITIES,0.082337374996
