SECTOR,WEIGHT
CONSUMER DISCRETIONARY,0.197782287112
ENERGY,0.004457272898
FINANCIALS,0.017257001899
INDUSTRIALS,0.282364581627
MATERIALS,0.110557427114
TECHNOLOGY,0.301395725433
UTILITIES,0.086185703916
