SECTOR,WEIGHT
CONSUMER DISCRETIONARY,0.202209177325
ENERGY,0.00409526719
FINANCIALS,0.017435416256
INDUSTRIALS,0.286640909567
MATERIALS,0.101696015721
TECHNOLOGY,0.302592935063
UTILITIES,0.085330278878
