SECTOR,WEIGHT
CONSUMER DISCRETIONARY,0.106536769327
ENERGY,0.003142677561
FINANCIALS,0.017284726587
INDUSTRIALS,0.329038340666
MATERIALS,0.092080452546
TECHNOLOGY,0.411586004609
UTILITIES,0.040331028703
