SECTOR,WEIGHT
CONSUMER DISCRETIONARY,0.119375812557
ENERGY,0.003556657571
FINANCIALS,0.018155158417
INDUSTRIALS,0.288953362647
MATERIALS,0.095261949085
TECHNOLOGY,0.389452903303
UTILITIES,0.08524415642
