SECTOR,WEIGHT
CONSUMER DISCRETIONARY,0.159038498958
ENERGY,0.003658024904
FINANCIALS,0.018046718962
INDUSTRIALS,0.317427777631
MATERIALS,0.107023246118
TECHNOLOGY,0.310346554373
UTILITIES,0.084459179054
