SECTOR,WEIGHT
COMMUNICATION SERVICES,0.078538812785
CONSUMER DISCRETIONARY,0.065651953323
CONSUMER STAPLES,0.074277016743
ENERGY,0.037442922374
FINANCIALS,0.123795027905
HEALTH CARE,0.112328767123
INDUSTRIALS,0.07935058346
MATERIALS,0.02729578894
REAL ESTATE,0.050025367834
TECHNOLOGY,0.32298325723
UTILITIES,0.028310502283
