SECTOR,WEIGHT
COMMUNICATION SERVICES,0.072254921859
CONSUMER DISCRETIONARY,0.068804546377
CONSUMER STAPLES,0.073168256546
ENERGY,0.038664501725
FINANCIALS,0.125329815303
HEALTH CARE,0.11457276233
INDUSTRIALS,0.081997158514
MATERIALS,0.027400040593
REAL ESTATE,0.048914146539
TECHNOLOGY,0.320073066775
UTILITIES,0.028820783438
