SECTOR,WEIGHT
COMMUNICATION SERVICES,0.06929218656
CONSUMER DISCRETIONARY,0.07633114088
CONSUMER STAPLES,0.075186115032
ENERGY,0.016564430934
FINANCIALS,0.139245918806
HEALTH CARE,0.127002199499
INDUSTRIALS,0.082252076559
MATERIALS,0.031293904245
REAL ESTATE,0.041445527631
TECHNOLOGY,0.307289882057
UTILITIES,0.034096617797
