SECTOR,WEIGHT
COMMUNICATION SERVICES,0.069833984662
CONSUMER DISCRETIONARY,0.073757989089
CONSUMER STAPLES,0.073204337982
ENERGY,0.017915987775
FINANCIALS,0.126819440066
HEALTH CARE,0.125472161463
INDUSTRIALS,0.0815365987
MATERIALS,0.030389089703
REAL ESTATE,0.041021122202
TECHNOLOGY,0.327639603531
UTILITIES,0.032409684828
