SECTOR,WEIGHT
COMMUNICATION SERVICES,0.071668520051
CONSUMER DISCRETIONARY,0.076662869509
CONSUMER STAPLES,0.07707789908
ENERGY,0.017537074783
FINANCIALS,0.128559165243
HEALTH CARE,0.129594143262
INDUSTRIALS,0.087281703251
MATERIALS,0.043465412185
REAL ESTATE,0.040504904959
TECHNOLOGY,0.294407858087
UTILITIES,0.033240449589
