SECTOR,WEIGHT
COMMUNICATION SERVICES,0.071802166425
CONSUMER DISCRETIONARY,0.074115106368
CONSUMER STAPLES,0.07704385782
ENERGY,0.018107931434
FINANCIALS,0.127228433718
HEALTH CARE,0.130017815876
INDUSTRIALS,0.086845824756
MATERIALS,0.044627913281
REAL ESTATE,0.039850712892
TECHNOLOGY,0.296747970556
UTILITIES,0.033612266874
