SECTOR,WEIGHT
COMMUNICATION SERVICES,0.070911684864
CONSUMER DISCRETIONARY,0.069394120265
CONSUMER STAPLES,0.086562091411
ENERGY,0.040681919653
FINANCIALS,0.119906188397
HEALTH CARE,0.123278305325
INDUSTRIALS,0.08221714908
MATERIALS,0.035066904161
REAL ESTATE,0.048944314313
TECHNOLOGY,0.292183226292
UTILITIES,0.030854096239
