SECTOR,WEIGHT
COMMUNICATION SERVICES,0.067789688067
CONSUMER DISCRETIONARY,0.069837824385
CONSUMER STAPLES,0.075813870632
ENERGY,0.042650386859
FINANCIALS,0.12267009985
HEALTH CARE,0.131395138892
INDUSTRIALS,0.081910388221
MATERIALS,0.036832674178
REAL ESTATE,0.050076805826
TECHNOLOGY,0.289995197488
UTILITIES,0.031027925603
