SECTOR,WEIGHT
COMMUNICATION SERVICES,0.06879991327
CONSUMER DISCRETIONARY,0.075050231892
CONSUMER STAPLES,0.071949476659
ENERGY,0.016847700786
FINANCIALS,0.130265456382
HEALTH CARE,0.135896380118
INDUSTRIALS,0.081879369586
MATERIALS,0.031030988092
REAL ESTATE,0.040316250058
TECHNOLOGY,0.316124321899
UTILITIES,0.031839911259
