SECTOR,WEIGHT
COMMUNICATION SERVICES,0.069662776419
CONSUMER DISCRETIONARY,0.078859395528
CONSUMER STAPLES,0.06713167589
ENERGY,0.033871452226
FINANCIALS,0.133234124924
HEALTH CARE,0.111674082598
INDUSTRIALS,0.106112313804
MATERIALS,0.00490658393
REAL ESTATE,0.051857997619
TECHNOLOGY,0.322799952638
UTILITIES,0.019889644425
