SECTOR,WEIGHT
COMMUNICATION SERVICES,0.071096275581
CONSUMER DISCRETIONARY,0.06856074096
CONSUMER STAPLES,0.058496897813
ENERGY,0.034640535741
FINANCIALS,0.133553496459
HEALTH CARE,0.10168365398
INDUSTRIALS,0.111967202591
MATERIALS,0.004529562828
REAL ESTATE,0.051001774206
TECHNOLOGY,0.346012425928
UTILITIES,0.018457433912
