SECTOR,WEIGHT
COMMUNICATION SERVICES,0.0686055467
CONSUMER DISCRETIONARY,0.075746432613
CONSUMER STAPLES,0.063437169255
ENERGY,0.035078468421
FINANCIALS,0.123638431619
HEALTH CARE,0.123418691592
INDUSTRIALS,0.110564355669
MATERIALS,0.00399578968
REAL ESTATE,0.050760382735
TECHNOLOGY,0.328482993002
UTILITIES,0.016271738713
