SECTOR,WEIGHT
COMMUNICATION SERVICES,0.077622801698
CONSUMER DISCRETIONARY,0.063776025874
CONSUMER STAPLES,0.058621386699
ENERGY,0.034768546594
FINANCIALS,0.130685263796
HEALTH CARE,0.096523145341
INDUSTRIALS,0.103294926218
MATERIALS,0.004244996968
REAL ESTATE,0.051142106327
TECHNOLOGY,0.361835455832
UTILITIES,0.017485344653
