SECTOR,WEIGHT
COMMUNICATION SERVICES,0.070283536074
CONSUMER DISCRETIONARY,0.073423773251
CONSUMER STAPLES,0.05851177512
ENERGY,0.028563551383
FINANCIALS,0.125644868704
HEALTH CARE,0.108736009944
INDUSTRIALS,0.109612556045
MATERIALS,0.003356115232
REAL ESTATE,0.051244298513
TECHNOLOGY,0.354407768014
UTILITIES,0.01621574772
