SECTOR,WEIGHT
COMMUNICATION SERVICES,0.076075161227
CONSUMER DISCRETIONARY,0.064263688162
CONSUMER STAPLES,0.058625285132
ENERGY,0.037561683913
FINANCIALS,0.13323081182
HEALTH CARE,0.109335737395
INDUSTRIALS,0.103126147222
MATERIALS,0.004263007168
REAL ESTATE,0.050492549528
TECHNOLOGY,0.345000716352
UTILITIES,0.018025212082
