SECTOR,WEIGHT
COMMUNICATION SERVICES,0.070000974523
CONSUMER DISCRETIONARY,0.067241971706
CONSUMER STAPLES,0.065392014926
ENERGY,0.035800762717
FINANCIALS,0.129113272896
HEALTH CARE,0.122731585246
INDUSTRIALS,0.10252096734
MATERIALS,0.004338493073
REAL ESTATE,0.051663387666
TECHNOLOGY,0.331819149831
UTILITIES,0.019377420076
