SECTOR,WEIGHT
COMMUNICATION SERVICES,0.036532879592
CONSUMER DISCRETIONARY,0.039735762186
CONSUMER STAPLES,0.222300070063
ENERGY,0.135321789611
FINANCIALS,0.069862876589
HEALTH CARE,0.142228005205
INDUSTRIALS,0.163747372635
MATERIALS,0.123310979882
TECHNOLOGY,0.066960264238
