SECTOR,WEIGHT
COMMUNICATION SERVICES,0.036587911548
CONSUMER DISCRETIONARY,0.054391613192
CONSUMER STAPLES,0.215700777381
ENERGY,0.108353689501
FINANCIALS,0.075398776823
HEALTH CARE,0.151612469416
INDUSTRIALS,0.170558257445
MATERIALS,0.115493234794
TECHNOLOGY,0.0719032699
