SECTOR,WEIGHT
COMMUNICATION SERVICES,0.039019714951
CONSUMER DISCRETIONARY,0.049875643542
CONSUMER STAPLES,0.223575503278
ENERGY,0.114125813119
FINANCIALS,0.06805889874
HEALTH CARE,0.151331704594
INDUSTRIALS,0.172603361926
MATERIALS,0.119644318521
TECHNOLOGY,0.061765041329
