SECTOR,WEIGHT
COMMUNICATION SERVICES,0.037880561944
CONSUMER DISCRETIONARY,0.042515056352
CONSUMER STAPLES,0.221746196632
ENERGY,0.137407605334
FINANCIALS,0.069133126377
HEALTH CARE,0.14360527838
INDUSTRIALS,0.165050448038
MATERIALS,0.121256427346
TECHNOLOGY,0.061405299596
