SECTOR,WEIGHT
COMMUNICATION SERVICES,0.040710243387
CONSUMER DISCRETIONARY,0.045630206452
CONSUMER STAPLES,0.219840716446
ENERGY,0.132462852678
FINANCIALS,0.06327924842
HEALTH CARE,0.150155912209
INDUSTRIALS,0.166010238085
MATERIALS,0.124722764383
TECHNOLOGY,0.057187817939
