SECTOR,WEIGHT
COMMUNICATION SERVICES,0.042554937686
CONSUMER DISCRETIONARY,0.065085494209
CONSUMER STAPLES,0.227361349651
ENERGY,0.158207323957
FINANCIALS,0.053033032672
HEALTH CARE,0.108964581257
INDUSTRIALS,0.170378888876
MATERIALS,0.080123547239
REAL ESTATE,0.014848888836
TECHNOLOGY,0.079441955617
