SECTOR,WEIGHT
COMMUNICATION SERVICES,0.040440687226
CONSUMER DISCRETIONARY,0.04663816401
CONSUMER STAPLES,0.224524958502
ENERGY,0.121639239613
FINANCIALS,0.063266492502
HEALTH CARE,0.150914663126
INDUSTRIALS,0.173123122071
MATERIALS,0.121941409131
TECHNOLOGY,0.057511263819
