SECTOR,WEIGHT
COMMUNICATION SERVICES,0.094253221469
CONSUMER DISCRETIONARY,0.116020000822
CONSUMER STAPLES,0.042884103275
ENERGY,0.018747012054
FINANCIALS,0.062527123283
HEALTH CARE,0.150536351965
INDUSTRIALS,0.141175374013
MATERIALS,0.007482768885
REAL ESTATE,0.008422875664
TECHNOLOGY,0.348209337124
UTILITIES,0.009741831444
