SECTOR,WEIGHT
COMMUNICATION SERVICES,0.09026247245
CONSUMER DISCRETIONARY,0.116609897816
CONSUMER STAPLES,0.041374474053
ENERGY,0.01683029453
FINANCIALS,0.060108194751
HEALTH CARE,0.130835503907
INDUSTRIALS,0.140853536365
MATERIALS,0.007112803045
REAL ESTATE,0.008916048888
TECHNOLOGY,0.37828090563
UTILITIES,0.008815868563
