SECTOR,WEIGHT
COMMUNICATION SERVICES,0.089055470462
CONSUMER DISCRETIONARY,0.116298336177
CONSUMER STAPLES,0.042559777529
ENERGY,0.017716127236
FINANCIALS,0.062549900175
HEALTH CARE,0.126795780186
INDUSTRIALS,0.143067369368
MATERIALS,0.007022338248
REAL ESTATE,0.009007826752
TECHNOLOGY,0.3765155378
UTILITIES,0.009411536069
