SECTOR,WEIGHT
COMMUNICATION SERVICES,0.119835343653
CONSUMER DISCRETIONARY,0.115848073286
CONSUMER STAPLES,0.019452833985
ENERGY,0.011366173171
FINANCIALS,0.050319892605
HEALTH CARE,0.159541869342
INDUSTRIALS,0.068322173047
MATERIALS,0.005574970794
REAL ESTATE,0.016905105368
TECHNOLOGY,0.424343471858
UTILITIES,0.008490092889
