SECTOR,WEIGHT
COMMUNICATION SERVICES,0.093737478019
CONSUMER DISCRETIONARY,0.119533135358
CONSUMER STAPLES,0.043357311933
ENERGY,0.019977926164
FINANCIALS,0.062287785376
HEALTH CARE,0.143812346284
INDUSTRIALS,0.139209780778
MATERIALS,0.007236763482
REAL ESTATE,0.008588509755
TECHNOLOGY,0.352471355733
UTILITIES,0.009787607118
