SECTOR,WEIGHT
COMMUNICATION SERVICES,0.174537679508
CONSUMER DISCRETIONARY,0.156866296003
CONSUMER STAPLES,0.004837568749
ENERGY,0.007212830013
FINANCIALS,0.060723244043
HEALTH CARE,0.07524395454
INDUSTRIALS,0.033347707633
MATERIALS,0.003629927491
TECHNOLOGY,0.479630683893
UTILITIES,0.003970108127
