SECTOR,WEIGHT
COMMUNICATION SERVICES,0.174983418517
CONSUMER DISCRETIONARY,0.133209084752
CONSUMER STAPLES,0.004674827858
ENERGY,0.004253663182
FINANCIALS,0.049401315915
HEALTH CARE,0.05675519128
INDUSTRIALS,0.076378864136
TECHNOLOGY,0.496640186313
UTILITIES,0.003703448048
