SECTOR,WEIGHT
COMMUNICATION SERVICES,0.178068516236
CONSUMER DISCRETIONARY,0.123961256975
CONSUMER STAPLES,0.004676158501
ENERGY,0.005824671092
FINANCIALS,0.043888801552
HEALTH CARE,0.041939233971
INDUSTRIALS,0.086383767422
TECHNOLOGY,0.511718933836
UTILITIES,0.003538660416
