SECTOR,WEIGHT
COMMUNICATION SERVICES,0.184753312083
CONSUMER DISCRETIONARY,0.129068694836
CONSUMER STAPLES,0.004818303149
ENERGY,0.004787288324
FINANCIALS,0.047176550391
HEALTH CARE,0.051730727288
INDUSTRIALS,0.079211863271
TECHNOLOGY,0.494751491213
UTILITIES,0.003701769446
