SECTOR,WEIGHT
COMMUNICATION SERVICES,0.172821537747
CONSUMER DISCRETIONARY,0.129086242218
CONSUMER STAPLES,0.004470358989
ENERGY,0.004346321282
FINANCIALS,0.04611601927
HEALTH CARE,0.053037123285
INDUSTRIALS,0.075613986652
TECHNOLOGY,0.510479185672
UTILITIES,0.004029224884
