SECTOR,WEIGHT
COMMUNICATION SERVICES,0.169111981476
CONSUMER DISCRETIONARY,0.128130359863
CONSUMER STAPLES,0.00478022187
ENERGY,0.006894646992
FINANCIALS,0.045746833366
HEALTH CARE,0.051727864581
INDUSTRIALS,0.09038592011
TECHNOLOGY,0.49901833836
UTILITIES,0.004203833384
