SECTOR,WEIGHT
COMMUNICATION SERVICES,0.184553413169
CONSUMER DISCRETIONARY,0.132297572511
CONSUMER STAPLES,0.005159465288
ENERGY,0.005093446539
FINANCIALS,0.049109947225
HEALTH CARE,0.056036914484
INDUSTRIALS,0.082183340069
TECHNOLOGY,0.48214993058
UTILITIES,0.003415970136
