SECTOR,WEIGHT
COMMUNICATION SERVICES,0.173657900239
CONSUMER DISCRETIONARY,0.131746512887
CONSUMER STAPLES,0.005045972975
ENERGY,0.004675828249
FINANCIALS,0.046923347029
HEALTH CARE,0.055832830637
INDUSTRIALS,0.08102468065
TECHNOLOGY,0.497105368199
UTILITIES,0.003987559136
