SECTOR,WEIGHT
COMMUNICATION SERVICES,0.087473873308
CONSUMER DISCRETIONARY,0.117733561055
CONSUMER STAPLES,0.105251087816
ENERGY,0.043709778977
FINANCIALS,0.085406872301
HEALTH CARE,0.137019535423
INDUSTRIALS,0.172793237537
MATERIALS,0.021236297946
REAL ESTATE,0.019983021422
TECHNOLOGY,0.177682625323
UTILITIES,0.031710108892
