SECTOR,WEIGHT
COMMUNICATION SERVICES,0.088042900213
CONSUMER DISCRETIONARY,0.116334676661
CONSUMER STAPLES,0.108126088126
ENERGY,0.048822852613
FINANCIALS,0.086613297529
HEALTH CARE,0.134566660533
INDUSTRIALS,0.16793180775
MATERIALS,0.021418764395
REAL ESTATE,0.019596880352
TECHNOLOGY,0.177935993432
UTILITIES,0.030610078396
