SECTOR,WEIGHT
COMMUNICATION SERVICES,0.08604585224
CONSUMER DISCRETIONARY,0.112682167351
CONSUMER STAPLES,0.103427364631
ENERGY,0.045239760134
FINANCIALS,0.086882336263
HEALTH CARE,0.126537127681
INDUSTRIALS,0.171158353791
MATERIALS,0.021842424169
REAL ESTATE,0.020074607513
TECHNOLOGY,0.19687241752
UTILITIES,0.029237588706
