SECTOR,WEIGHT
COMMUNICATION SERVICES,0.090803345042
CONSUMER DISCRETIONARY,0.12037105923
CONSUMER STAPLES,0.105533917918
ENERGY,0.041801971717
FINANCIALS,0.087608302687
HEALTH CARE,0.137858336366
INDUSTRIALS,0.171059431005
MATERIALS,0.020579772507
REAL ESTATE,0.020180643553
TECHNOLOGY,0.175577530548
UTILITIES,0.028625689427
