SECTOR,WEIGHT
COMMUNICATION SERVICES,0.088029735567
CONSUMER DISCRETIONARY,0.114731886461
CONSUMER STAPLES,0.110489148459
ENERGY,0.05011102303
FINANCIALS,0.085698049716
HEALTH CARE,0.132687687566
INDUSTRIALS,0.170171610461
MATERIALS,0.021511975927
REAL ESTATE,0.019359261626
TECHNOLOGY,0.17603924836
UTILITIES,0.031170372827
