SECTOR,WEIGHT
COMMUNICATION SERVICES,0.087460909916
CONSUMER DISCRETIONARY,0.114596993846
CONSUMER STAPLES,0.104610107939
ENERGY,0.043579138505
FINANCIALS,0.086452133562
HEALTH CARE,0.126298799556
INDUSTRIALS,0.171794613134
MATERIALS,0.021285181075
REAL ESTATE,0.019872894179
TECHNOLOGY,0.194290325835
UTILITIES,0.029758902451
