SECTOR,WEIGHT
COMMUNICATION SERVICES,0.086971818598
CONSUMER DISCRETIONARY,0.118601132885
CONSUMER STAPLES,0.098750006283
ENERGY,0.040925608536
FINANCIALS,0.083673684792
HEALTH CARE,0.139810314584
INDUSTRIALS,0.169269354296
MATERIALS,0.020030056142
REAL ESTATE,0.020272314675
TECHNOLOGY,0.186563195802
UTILITIES,0.0296992878
