SECTOR,WEIGHT
COMMUNICATION SERVICES,0.127195596926
CONSUMER DISCRETIONARY,0.083580565748
CONSUMER STAPLES,0.033523445363
ENERGY,0.020916508988
FINANCIALS,0.140813286059
HEALTH CARE,0.111314053413
INDUSTRIALS,0.073740333114
MATERIALS,0.02314709277
REAL ESTATE,0.024054595414
TECHNOLOGY,0.323882022183
UTILITIES,0.037832500022
