SECTOR,WEIGHT
COMMUNICATION SERVICES,0.13584601431
CONSUMER DISCRETIONARY,0.079008364406
CONSUMER STAPLES,0.031643656152
ENERGY,0.019147435251
FINANCIALS,0.142799556586
HEALTH CARE,0.097752695757
INDUSTRIALS,0.07145016628
MATERIALS,0.018542779401
REAL ESTATE,0.023178474252
TECHNOLOGY,0.347777889751
UTILITIES,0.032852967852
