SECTOR,WEIGHT
COMMUNICATION SERVICES,0.131756022735
CONSUMER DISCRETIONARY,0.084611404519
CONSUMER STAPLES,0.029111186348
ENERGY,0.015252575155
FINANCIALS,0.145531678732
HEALTH CARE,0.10677194113
INDUSTRIALS,0.067984025817
MATERIALS,0.020978153752
REAL ESTATE,0.022774981258
TECHNOLOGY,0.337977840077
UTILITIES,0.036270337973
