SECTOR,WEIGHT
COMMUNICATION SERVICES,0.125098246315
CONSUMER DISCRETIONARY,0.084058516565
CONSUMER STAPLES,0.033249580241
ENERGY,0.019214807986
FINANCIALS,0.143022859164
HEALTH CARE,0.112596596538
INDUSTRIALS,0.075704484094
MATERIALS,0.023030536422
REAL ESTATE,0.024179612946
TECHNOLOGY,0.323252736999
UTILITIES,0.036592022729
