SECTOR,WEIGHT
COMMUNICATION SERVICES,0.127299812049
CONSUMER DISCRETIONARY,0.085468260416
CONSUMER STAPLES,0.029006946578
ENERGY,0.015045320394
FINANCIALS,0.150233161918
HEALTH CARE,0.107475261489
INDUSTRIALS,0.068739301987
MATERIALS,0.019274360549
REAL ESTATE,0.02268406277
TECHNOLOGY,0.338643252822
UTILITIES,0.036130259028
