SECTOR,WEIGHT
COMMUNICATION SERVICES,0.12860206671
CONSUMER DISCRETIONARY,0.085039120347
CONSUMER STAPLES,0.030561781778
ENERGY,0.018098018307
FINANCIALS,0.145738338969
HEALTH CARE,0.104227298918
INDUSTRIALS,0.071655521826
MATERIALS,0.022158212771
REAL ESTATE,0.024122360779
TECHNOLOGY,0.335051502327
UTILITIES,0.034745777268
