SECTOR,WEIGHT
COMMUNICATION SERVICES,0.121323740214
CONSUMER DISCRETIONARY,0.080418834685
CONSUMER STAPLES,0.03164433556
ENERGY,0.017005949568
FINANCIALS,0.147283122627
HEALTH CARE,0.114577560404
INDUSTRIALS,0.072897351498
MATERIALS,0.021650294967
REAL ESTATE,0.022846421279
TECHNOLOGY,0.330790131731
UTILITIES,0.039562257468
