SECTOR,WEIGHT
COMMUNICATION SERVICES,0.125533608898
CONSUMER DISCRETIONARY,0.08409301172
CONSUMER STAPLES,0.027412191224
ENERGY,0.014060710395
FINANCIALS,0.153913784456
HEALTH CARE,0.112833359515
INDUSTRIALS,0.064329177915
MATERIALS,0.018106955798
REAL ESTATE,0.023442283039
TECHNOLOGY,0.340478640394
UTILITIES,0.035796276644
