SECTOR,WEIGHT
COMMUNICATION SERVICES,0.126425647163
CONSUMER DISCRETIONARY,0.083895757993
CONSUMER STAPLES,0.027638303029
ENERGY,0.014338648707
FINANCIALS,0.1531158002
HEALTH CARE,0.113211974492
INDUSTRIALS,0.064205529393
MATERIALS,0.017000158193
REAL ESTATE,0.024106293669
TECHNOLOGY,0.339792630599
UTILITIES,0.036269256561
