SECTOR,WEIGHT
COMMUNICATION SERVICES,0.123596124026
CONSUMER DISCRETIONARY,0.080792598046
CONSUMER STAPLES,0.033519411349
ENERGY,0.021625480315
FINANCIALS,0.145736393822
HEALTH CARE,0.112757686733
INDUSTRIALS,0.073060996313
MATERIALS,0.024427973706
REAL ESTATE,0.023882473557
TECHNOLOGY,0.322603852946
UTILITIES,0.037997009188
