SECTOR,WEIGHT
COMMUNICATION SERVICES,0.128713868466
CONSUMER DISCRETIONARY,0.079665625944
CONSUMER STAPLES,0.031825964347
ENERGY,0.019337294793
FINANCIALS,0.146339006949
HEALTH CARE,0.102225803203
INDUSTRIALS,0.072414140397
MATERIALS,0.018833719408
REAL ESTATE,0.024070903414
TECHNOLOGY,0.341826971498
UTILITIES,0.034746701581
