SECTOR,WEIGHT
COMMUNICATION SERVICES,0.127289530001
CONSUMER DISCRETIONARY,0.09185451801
CONSUMER STAPLES,0.026817560818
ENERGY,0.015250625867
FINANCIALS,0.154684180265
HEALTH CARE,0.106375196407
INDUSTRIALS,0.066063904939
MATERIALS,0.017901699007
REAL ESTATE,0.023376025544
TECHNOLOGY,0.335178976916
UTILITIES,0.035207782226
