SECTOR,WEIGHT
COMMUNICATION SERVICES,0.125362898797
CONSUMER DISCRETIONARY,0.085582113407
CONSUMER STAPLES,0.02797815821
ENERGY,0.014364362427
FINANCIALS,0.153625393285
HEALTH CARE,0.114219403321
INDUSTRIALS,0.064701860081
MATERIALS,0.017098783587
REAL ESTATE,0.023675436336
TECHNOLOGY,0.336690364412
UTILITIES,0.036701226136
