SECTOR,WEIGHT
COMMUNICATION SERVICES,0.108802569507
CONSUMER DISCRETIONARY,0.102679915688
CONSUMER STAPLES,0.090836093546
FINANCIALS,0.078791528656
HEALTH CARE,0.244705410017
INDUSTRIALS,0.028605841614
TECHNOLOGY,0.345578640972
