SECTOR,WEIGHT
COMMUNICATION SERVICES,0.101027356038
CONSUMER DISCRETIONARY,0.098104376645
CONSUMER STAPLES,0.085624037042
FINANCIALS,0.067852442704
HEALTH CARE,0.253571973101
INDUSTRIALS,0.031046374462
TECHNOLOGY,0.362773440008
