SECTOR,WEIGHT
COMMUNICATION SERVICES,0.102123766687
CONSUMER DISCRETIONARY,0.09839122567
CONSUMER STAPLES,0.08412812416
FINANCIALS,0.067489678085
HEALTH CARE,0.252575964883
INDUSTRIALS,0.03103094769
TECHNOLOGY,0.364260292825
