SECTOR,WEIGHT
COMMUNICATION SERVICES,0.104718062125
CONSUMER DISCRETIONARY,0.097298116267
CONSUMER STAPLES,0.091751468437
FINANCIALS,0.073160967172
HEALTH CARE,0.250112879501
INDUSTRIALS,0.029711891379
TECHNOLOGY,0.35324661512
