SECTOR,WEIGHT
COMMUNICATION SERVICES,0.106241168679
CONSUMER DISCRETIONARY,0.103022196137
CONSUMER STAPLES,0.090504081251
FINANCIALS,0.076454366567
HEALTH CARE,0.248925166677
INDUSTRIALS,0.028641117224
TECHNOLOGY,0.346211903465
