SECTOR,WEIGHT
COMMUNICATION SERVICES,0.114546593931
CONSUMER DISCRETIONARY,0.099039720734
CONSUMER STAPLES,0.089238083378
FINANCIALS,0.074098771582
HEALTH CARE,0.245537041352
INDUSTRIALS,0.029689119379
TECHNOLOGY,0.347850669645
