SECTOR,WEIGHT
COMMUNICATION SERVICES,0.076803866575
CONSUMER DISCRETIONARY,0.062156272288
CONSUMER STAPLES,0.087121886069
ENERGY,0.067970659085
FINANCIALS,0.128870088614
HEALTH CARE,0.133971939523
INDUSTRIALS,0.065113765722
MATERIALS,0.031755053499
REAL ESTATE,0.015929797661
TECHNOLOGY,0.26464286197
UTILITIES,0.065663808995
