SECTOR,WEIGHT
COMMUNICATION SERVICES,0.091066794697
CONSUMER DISCRETIONARY,0.064491002158
CONSUMER STAPLES,0.077870943013
ENERGY,0.045244299847
FINANCIALS,0.136581468925
HEALTH CARE,0.138608718394
INDUSTRIALS,0.05750455712
MATERIALS,0.031574698603
REAL ESTATE,0.004910438105
TECHNOLOGY,0.292280803044
UTILITIES,0.059866276094
