SECTOR,WEIGHT
COMMUNICATION SERVICES,0.079524910712
CONSUMER DISCRETIONARY,0.073936745461
CONSUMER STAPLES,0.077516052134
ENERGY,0.045535020688
FINANCIALS,0.139819736607
HEALTH CARE,0.140213749251
INDUSTRIALS,0.058159327594
MATERIALS,0.032124610109
REAL ESTATE,0.00501069981
TECHNOLOGY,0.289144307495
UTILITIES,0.059014840139
