SECTOR,WEIGHT
COMMUNICATION SERVICES,0.078900769202
CONSUMER DISCRETIONARY,0.064923724213
CONSUMER STAPLES,0.084959832348
ENERGY,0.044783013931
FINANCIALS,0.135453453003
HEALTH CARE,0.142114268499
INDUSTRIALS,0.056616472947
MATERIALS,0.030717888873
REAL ESTATE,0.005138598147
TECHNOLOGYQ,0.292899515855
UTILITIES,0.063492462981
