SECTOR,WEIGHT
COMMUNICATION SERVICES,0.080968562337
CONSUMER DISCRETIONARY,0.063432383165
CONSUMER STAPLES,0.079936474954
ENERGY,0.050890498924
FINANCIALS,0.13228422225
HEALTH CARE,0.153511586379
INDUSTRIALS,0.060864564332
MATERIALS,0.037275871092
REAL ESTATE,0.00487615654
TECHNOLOGY,0.276029280051
UTILITIES,0.059930399977
