SECTOR,WEIGHT
COMMUNICATION SERVICES,0.079871391938
CONSUMER DISCRETIONARY,0.065367259022
CONSUMER STAPLES,0.077029402992
ENERGY,0.045805386194
FINANCIALS,0.138705575377
HEALTH CARE,0.140644505835
INDUSTRIALS,0.059366236015
MATERIALS,0.044424044737
REAL ESTATE,0.004885169541
TECHNOLOGY,0.285117601822
UTILITIES,0.058783426527
