SECTOR,WEIGHT
COMMUNICATION SERVICES,0.07692174687
CONSUMER DISCRETIONARY,0.061872784031
CONSUMER STAPLES,0.087461296344
ENERGY,0.059697389003
FINANCIALS,0.126954544305
HEALTH CARE,0.133590540566
INDUSTRIALS,0.071127651181
MATERIALS,0.033569634566
REAL ESTATE,0.015899022383
TECHNOLOGY,0.266348415254
UTILITIES,0.066556975497
