SECTOR,WEIGHT
COMMUNICATION SERVICES,0.028278319888
CONSUMER DISCRETIONARY,0.189773849566
CONSUMER STAPLES,0.068023422366
ENERGY,0.0249158121
FINANCIALS,0.141089103952
HEALTH CARE,0.149894527236
INDUSTRIALS,0.249103030764
MATERIALS,0.021413074616
TECHNOLOGY,0.127508859512
