SECTOR,WEIGHT
COMMUNICATION SERVICES,0.025797951889
CONSUMER DISCRETIONARY,0.192872926906
CONSUMER STAPLES,0.068410738526
ENERGY,0.028752977283
FINANCIALS,0.137646763427
HEALTH CARE,0.142584476813
INDUSTRIALS,0.275010428619
MATERIALS,0.02347014414
TECHNOLOGY,0.105453592397
