SECTOR,WEIGHT
COMMUNICATION SERVICES,0.02041718685
CONSUMER DISCRETIONARY,0.132075490573
CONSUMER STAPLES,0.064772800026
ENERGY,0.053419803771
FINANCIALS,0.083676454112
HEALTH CARE,0.1266485803
INDUSTRIALS,0.319634511348
MATERIALS,0.040932408208
TECHNOLOGY,0.158422764813
