SECTOR,WEIGHT
COMMUNICATION SERVICES,0.026883318174
CONSUMER DISCRETIONARY,0.187360727962
CONSUMER STAPLES,0.068670683105
ENERGY,0.026156877224
FINANCIALS,0.13996495873
HEALTH CARE,0.142935762008
INDUSTRIALS,0.267192185657
MATERIALS,0.02329914258
TECHNOLOGY,0.117536344561
