SECTOR,WEIGHT
COMMUNICATION SERVICES,0.029200777113
CONSUMER DISCRETIONARY,0.180017075658
CONSUMER STAPLES,0.071093192457
ENERGY,0.03661257373
FINANCIALS,0.133395323512
HEALTH CARE,0.147484243051
INDUSTRIALS,0.27345175526
MATERIALS,0.021039293032
TECHNOLOGY,0.107705766188
