SECTOR,WEIGHT
COMMUNICATION SERVICES,0.027040817347
CONSUMER DISCRETIONARY,0.190018068565
CONSUMER STAPLES,0.06846445215
ENERGY,0.025282984134
FINANCIALS,0.140352527098
HEALTH CARE,0.143142849711
INDUSTRIALS,0.26325078087
MATERIALS,0.02246865014
TECHNOLOGY,0.119978869984
