SECTOR,WEIGHT
COMMUNICATION SERVICES,0.032896710329
CONSUMER DISCRETIONARY,0.178182181782
CONSUMER STAPLES,0.068793120688
ENERGY,0.03199680032
FINANCIALS,0.127687231277
HEALTH CARE,0.146485351465
INDUSTRIALS,0.287371262874
MATERIALS,0.021397860214
TECHNOLOGY,0.105189481052
