SECTOR,WEIGHT
COMMUNICATION SERVICES,0.026803758589
CONSUMER DISCRETIONARY,0.190085480689
CONSUMER STAPLES,0.071334955439
ENERGY,0.03045449634
FINANCIALS,0.131155429985
HEALTH CARE,0.144039562832
INDUSTRIALS,0.279641109168
MATERIALS,0.024188513733
TECHNOLOGY,0.102296693226
