SECTOR,WEIGHT
COMMUNICATION SERVICES,0.042829560826
CONSUMER DISCRETIONARY,0.078822247288
CONSUMER STAPLES,0.019179976478
ENERGY,0.039763855383
FINANCIALS,0.019717854749
HEALTH CARE,0.099640946184
INDUSTRIALS,0.389169981576
MATERIALS,0.155830158915
TECHNOLOGY,0.136981338835
UTILITIES,0.018064079767
