SECTOR,WEIGHT
COMMUNICATION SERVICES,0.059609385325
CONSUMER DISCRETIONARY,0.061530621644
FINANCIALS,0.040943658418
HEALTH CARE,0.177953137452
INDUSTRIALS,0.219361336596
MATERIALS,0.080376558314
TECHNOLOGY,0.300346603446
UTILITIES,0.059878698805
