SECTOR,WEIGHT
COMMUNICATION SERVICES,0.058749076996
CONSUMER DISCRETIONARY,0.063040420069
FINANCIALS,0.042310101315
HEALTH CARE,0.173258599195
INDUSTRIALS,0.22649666718
MATERIALS,0.086727353135
TECHNOLOGY,0.291661247041
UTILITIES,0.057756535068
