SECTOR,WEIGHT
COMMUNICATION SERVICES,0.058795454614
CONSUMER DISCRETIONARY,0.063022860007
FINANCIALS,0.042081944626
HEALTH CARE,0.177707115349
INDUSTRIALS,0.224557773373
MATERIALS,0.083129300572
TECHNOLOGY,0.292532450965
UTILITIES,0.058173100494
