SECTOR,WEIGHT
COMMUNICATION SERVICES,0.043124090993
CONSUMER DISCRETIONARY,0.077516693585
CONSUMER STAPLES,0.017547348713
ENERGY,0.039867736985
FINANCIALS,0.019392482061
HEALTH CARE,0.100527123561
INDUSTRIALS,0.396534925954
MATERIALS,0.140582688491
TECHNOLOGY,0.147234007505
UTILITIES,0.017672902153
