SECTOR,WEIGHT
COMMUNICATION SERVICES,0.042757728308
CONSUMER DISCRETIONARY,0.079364154475
CONSUMER STAPLES,0.018213801702
ENERGY,0.04041896767
FINANCIALS,0.019829234307
HEALTH CARE,0.10460327969
INDUSTRIALS,0.391644958454
MATERIALS,0.141899881354
TECHNOLOGY,0.143100404963
UTILITIES,0.018167589077
