SECTOR,WEIGHT
COMMUNICATION SERVICES,0.140698152362
CONSUMER DISCRETIONARY,0.099254127861
ENERGY,0.022937573309
FINANCIALS,0.061513398631
HEALTH CARE,0.097025534091
INDUSTRIALS,0.205975999759
MATERIALS,0.043339782855
TECHNOLOGY,0.309365507424
UTILITIES,0.019889923709
