SECTOR,WEIGHT
COMMUNICATION SERVICES,0.041616665097
CONSUMER DISCRETIONARY,0.074796003614
CONSUMER STAPLES,0.01611736729
ENERGY,0.055209746149
HEALTH CARE,0.088730664669
INDUSTRIALS,0.389915075799
MATERIALS,0.111821873541
TECHNOLOGY,0.202035055524
UTILITIES,0.019757548317
