SECTOR,WEIGHT
COMMUNICATION SERVICES,0.034025340193
CONSUMER DISCRETIONARY,0.078588057572
CONSUMER STAPLES,0.079914370662
ENERGY,0.016640020195
HEALTH CARE,0.12534259749
INDUSTRIALS,0.299288959946
MATERIALS,0.177230089276
TECHNOLOGY,0.145199227453
UTILITIES,0.043771337212
