SECTOR,WEIGHT
COMMUNICATION SERVICES,0.069437920143
CONSUMER DISCRETIONARY,0.14725439378
CONSUMER STAPLES,0.057887543533
ENERGY,0.01973860047
FINANCIALS,0.012775370535
HEALTH CARE,0.105169271888
INDUSTRIALS,0.172481169515
TECHNOLOGY,0.355439580465
UTILITIES,0.059816149672
