SECTOR,WEIGHT
COMMUNICATION SERVICES,0.070067291285
CONSUMER DISCRETIONARY,0.149747188761
CONSUMER STAPLES,0.062689278918
ENERGY,0.024719433768
FINANCIALS,0.008952569631
HEALTH CARE,0.0903712731
INDUSTRIALS,0.175353768444
TECHNOLOGY,0.359284970532
UTILITIES,0.058814225562
