SECTOR,WEIGHT
COMMUNICATION SERVICES,0.060025239058
CONSUMER DISCRETIONARY,0.172411908706
CONSUMER STAPLES,0.057527645066
ENERGY,0.027623308583
FINANCIALS,0.010290937316
HEALTH CARE,0.074820548681
INDUSTRIALS,0.126197311949
TECHNOLOGY,0.410231837037
UTILITIES,0.060871263602
