SECTOR,WEIGHT
COMMUNICATION SERVICES,0.069575623583
CONSUMER DISCRETIONARY,0.146453219206
CONSUMER STAPLES,0.06476443534
ENERGY,0.025840867718
FINANCIALS,0.010212619228
HEALTH CARE,0.091753335328
INDUSTRIALS,0.173949200586
TECHNOLOGY,0.35114067959
UTILITIES,0.066310019421
