SECTOR,WEIGHT
COMMUNICATION SERVICES,0.069962518452
CONSUMER DISCRETIONARY,0.147673450874
CONSUMER STAPLES,0.058319141914
ENERGY,0.020272637255
FINANCIALS,0.012622432635
HEALTH CARE,0.104387426773
INDUSTRIALS,0.172514341602
TECHNOLOGY,0.354508416643
UTILITIES,0.059739633851
