SECTOR,WEIGHT
COMMUNICATION SERVICES,0.096572946929
CONSUMER DISCRETIONARY,0.029704594748
CONSUMER STAPLES,0.025799939174
FINANCIALS,0.043706531569
HEALTH CARE,0.112167559045
INDUSTRIALS,0.213898693046
TECHNOLOGY,0.478149735488
