SECTOR,WEIGHT
COMMUNICATION SERVICES,0.090018003601
CONSUMER DISCRETIONARY,0.02800560112
CONSUMER STAPLES,0.020204040808
FINANCIALS,0.043408681736
HEALTH CARE,0.105321064213
INDUSTRIALS,0.20224044809
TECHNOLOGY,0.510802160432
