SECTOR,WEIGHT
COMMUNICATION SERVICES,0.0886879746
CONSUMER DISCRETIONARY,0.027072445107
CONSUMER STAPLES,0.020730449178
FINANCIALS,0.046113428157
HEALTH CARE,0.117964723147
INDUSTRIALS,0.200685583356
TECHNOLOGY,0.498745396455
