SECTOR,WEIGHT
COMMUNICATION SERVICES,0.09577917529
CONSUMER DISCRETIONARY,0.029895840422
CONSUMER STAPLES,0.025593553475
FINANCIALS,0.044838256428
HEALTH CARE,0.11000204156
INDUSTRIALS,0.21898030095
TECHNOLOGY,0.474910831876
