SECTOR,WEIGHT
COMMUNICATION SERVICES,0.095105079808
CONSUMER DISCRETIONARY,0.029818133795
CONSUMER STAPLES,0.023719242921
FINANCIALS,0.04477622393
HEALTH CARE,0.113049585504
INDUSTRIALS,0.217475083189
TECHNOLOGY,0.476056650853
