SECTOR,WEIGHT
COMMUNICATION SERVICES,0.090661559407
CONSUMER DISCRETIONARY,0.025681438995
CONSUMER STAPLES,0.020484554317
FINANCIALS,0.045082472955
HEALTH CARE,0.10346415504
INDUSTRIALS,0.199265413328
TECHNOLOGY,0.515360405959
