SECTOR,WEIGHT
COMMUNICATION SERVICES,0.082964256565
CONSUMER DISCRETIONARY,0.028800990606
CONSUMER STAPLES,0.021998575704
FINANCIALS,0.045654496135
HEALTH CARE,0.11524197033
INDUSTRIALS,0.205885824251
TECHNOLOGY,0.499453886408
