SECTOR,WEIGHT
COMMUNICATION SERVICES,0.090793996563
CONSUMER DISCRETIONARY,0.027963747552
CONSUMER STAPLES,0.02079219793
FINANCIALS,0.045959071106
HEALTH CARE,0.112813261921
INDUSTRIALS,0.199808145809
TECHNOLOGY,0.50186957912
