SECTOR,WEIGHT
COMMUNICATION SERVICES,0.094665590524
CONSUMER DISCRETIONARY,0.029497923224
CONSUMER STAPLES,0.025225354972
FINANCIALS,0.044690943896
HEALTH CARE,0.115135312997
INDUSTRIALS,0.215911716258
TECHNOLOGY,0.47487315813
