SECTOR,WEIGHT
COMMUNICATION SERVICES,0.093848138739
CONSUMER DISCRETIONARY,0.026996779549
CONSUMER STAPLES,0.019515732203
FINANCIALS,0.041571820055
HEALTH CARE,0.114728061929
INDUSTRIALS,0.188182345528
TECHNOLOGY,0.515157121997
