SECTOR,WEIGHT
COMMUNICATION SERVICES,0.106903212357
CONSUMER DISCRETIONARY,0.095931876006
CONSUMER STAPLES,0.02367907875
HEALTH CARE,0.178957010727
INDUSTRIALS,0.088046944918
TECHNOLOGY,0.506481877241
