SECTOR,WEIGHT
COMMUNICATION SERVICES,0.09995986655
CONSUMER DISCRETIONARY,0.098843205886
CONSUMER STAPLES,0.020727365085
HEALTH CARE,0.179530817013
INDUSTRIALS,0.102566518058
TECHNOLOGY,0.498372227408
