SECTOR,WEIGHT
COMMUNICATION SERVICES,0.111308492403
CONSUMER DISCRETIONARY,0.095226081785
CONSUMER STAPLES,0.024399892644
HEALTH CARE,0.180003147928
INDUSTRIALS,0.091927356527
TECHNOLOGY,0.497135028714
