SECTOR,WEIGHT
COMMUNICATION SERVICES,0.081365092074
CONSUMER DISCRETIONARY,0.124799839872
CONSUMER STAPLES,0.01951561249
HEALTH CARE,0.150120096077
INDUSTRIALS,0.086769415532
TECHNOLOGY,0.537429943955
