SECTOR,WEIGHT
COMMUNICATION SERVICES,0.101182206547
CONSUMER DISCRETIONARY,0.10078722621
CONSUMER STAPLES,0.020286012454
HEALTH CARE,0.179707994465
INDUSTRIALS,0.100887080935
TECHNOLOGY,0.497149479389
