SECTOR,WEIGHT
COMMUNICATION SERVICES,0.084419584232
CONSUMER DISCRETIONARY,0.129151446874
CONSUMER STAPLES,0.020104341479
HEALTH CARE,0.153917027111
INDUSTRIALS,0.08833497223
TECHNOLOGY,0.524072628074
