SECTOR,WEIGHT
COMMUNICATION SERVICES,0.112670309429
CONSUMER DISCRETIONARY,0.093960976731
CONSUMER STAPLES,0.022662936848
HEALTH CARE,0.173870985782
INDUSTRIALS,0.090559249622
TECHNOLOGY,0.506275541588
