SECTOR,WEIGHT
COMMUNICATION SERVICES,0.110466267958
CONSUMER DISCRETIONARY,0.099392141608
CONSUMER STAPLES,0.023938262014
HEALTH CARE,0.177883273873
INDUSTRIALS,0.091171355645
TECHNOLOGY,0.497148698901
