SECTOR,WEIGHT
COMMUNICATION SERVICES,0.161386613651
CONSUMER DISCRETIONARY,0.134469691528
CONSUMER STAPLES,0.086373182483
ENERGY,0.004437313077
FINANCIALS,0.001867435092
HEALTH CARE,0.03902795694
INDUSTRIALS,0.027245877996
MATERIALS,0.012144074054
TECHNOLOGY,0.521999821875
UTILITIES,0.011048033304
