SECTOR,WEIGHT
COMMUNICATION SERVICES,0.164344406079
CONSUMER DISCRETIONARY,0.133973447569
CONSUMER STAPLES,0.083422887777
ENERGY,0.003617876421
FINANCIALS,0.001608902512
HEALTH CARE,0.038861089056
INDUSTRIALS,0.026905724714
MATERIALS,0.010293529307
TECHNOLOGY,0.527652319491
UTILITIES,0.009319817075
