SECTOR,WEIGHT
COMMUNICATION SERVICES,0.167266995208
CONSUMER DISCRETIONARY,0.134195895744
CONSUMER STAPLES,0.084243136702
ENERGY,0.003650548068
FINANCIALS,0.001780340475
HEALTH CARE,0.038655004991
INDUSTRIALS,0.026627384211
MATERIALS,0.011358475076
TECHNOLOGY,0.521729626274
UTILITIES,0.010492593249
