SECTOR,WEIGHT
COMMUNICATION SERVICES,0.139376341371
CONSUMER DISCRETIONARY,0.137103901023
CONSUMER STAPLES,0.059209695745
ENERGY,0.004039893953
FINANCIALS,0.001641206918
HEALTH CARE,0.03269789168
INDUSTRIALS,0.024996843833
MATERIALS,0.009342254766
TECHNOLOGY,0.580987249085
UTILITIES,0.010604721626
