SECTOR,WEIGHT
COMMUNICATION SERVICES,0.143332101958
CONSUMER DISCRETIONARY,0.137052087181
CONSUMER STAPLES,0.06292328531
ENERGY,0.004309814062
FINANCIALS,0.00184706317
HEALTH CARE,0.035956163034
INDUSTRIALS,0.026967122276
MATERIALS,0.010220416205
TECHNOLOGY,0.566309567787
UTILITIES,0.011082379017
