SECTOR,WEIGHT
COMMUNICATION SERVICES,0.173499607198
CONSUMER DISCRETIONARY,0.144698657534
CONSUMER STAPLES,0.057202901532
ENERGY,0.002921853432
FINANCIALS,0.002272552669
HEALTH CARE,0.037379402296
INDUSTRIALS,0.026762591354
MATERIALS,0.009502838832
TECHNOLOGY,0.53588378012
UTILITIES,0.009875815034
