SECTOR,WEIGHT
COMMUNICATION SERVICES,0.170368854964
CONSUMER DISCRETIONARY,0.143918178042
CONSUMER STAPLES,0.05726364479
ENERGY,0.003032521958
FINANCIALS,0.002326472008
HEALTH CARE,0.036178199024
INDUSTRIALS,0.026319695924
MATERIALS,0.008618549654
TECHNOLOGY,0.542206443517
UTILITIES,0.00976744012
