SECTOR,WEIGHT
COMMUNICATION SERVICES,0.067792572468
CONSUMER DISCRETIONARY,0.14355907204
CONSUMER STAPLES,0.035624173184
FINANCIALS,0.031002620468
HEALTH CARE,0.195771770919
INDUSTRIALS,0.104420329155
MATERIALS,0.026826091144
REAL ESTATE,0.009661772085
TECHNOLOGY,0.385341598536
