SECTOR,WEIGHT
COMMUNICATION SERVICES,0.073447003918
CONSUMER DISCRETIONARY,0.150647177109
CONSUMER STAPLES,0.034895315096
FINANCIALS,0.011491608971
HEALTH CARE,0.1977366495
INDUSTRIALS,0.09971814802
MATERIALS,0.023285053519
REAL ESTATE,0.011679996003
TECHNOLOGY,0.397099047865
