SECTOR,WEIGHT
COMMUNICATION SERVICES,0.066887830414
CONSUMER DISCRETIONARY,0.123731986061
CONSUMER STAPLES,0.025033098474
FINANCIALS,0.018540217816
HEALTH CARE,0.207566234992
INDUSTRIALS,0.094048361816
MATERIALS,0.006104322331
REAL ESTATE,0.010444407246
TECHNOLOGY,0.447643540852
