SECTOR,WEIGHT
COMMUNICATION SERVICES,0.033281331253
CONSUMER DISCRETIONARY,0.088923556942
CONSUMER STAPLES,0.325533021321
INDUSTRIALS,0.274362974519
MATERIALS,0.05002600104
TECHNOLOGY,0.080811232449
UTILITIES,0.147061882475
