SECTOR,WEIGHT
CONSUMER DISCRETIONARY,0.082681756619
CONSUMER STAPLES,0.268229716703
INDUSTRIALS,0.338745148836
MATERIALS,0.05899876575
TECHNOLOGY,0.102676010799
UTILITIES,0.148668601293
