SECTOR,WEIGHT
COMMUNICATION SERVICES,0.037136889677
CONSUMER DISCRETIONARY,0.087121600821
CONSUMER STAPLES,0.3207633026
INDUSTRIALS,0.273535768148
MATERIALS,0.051391285871
TECHNOLOGY,0.076058688475
UTILITIES,0.153992464408
