SECTOR,WEIGHT
COMMUNICATION SERVICES,0.037450126479
CONSUMER DISCRETIONARY,0.088255518368
CONSUMER STAPLES,0.317370349589
INDUSTRIALS,0.27533502249
MATERIALS,0.051575987695
TECHNOLOGY,0.077347905857
UTILITIES,0.152665089521
