SECTOR,WEIGHT
CONSUMER DISCRETIONARY,0.087242284419
CONSUMER STAPLES,0.284875849212
HEALTH CARE,0.043100782641
INDUSTRIALS,0.230768461007
MATERIALS,0.042189152705
TECHNOLOGYQ,0.157199624941
UTILITIES,0.154623845077
