SECTOR,WEIGHT
CONSUMER DISCRETIONARY,0.085601270732
CONSUMER STAPLES,0.257149119866
INDUSTRIALS,0.338247378414
MATERIALS,0.06027370387
TECHNOLOGY,0.107058389025
UTILITIES,0.151670138093
