SECTOR,WEIGHT
COMMUNICATION SERVICES,0.12374744839
CONSUMER DISCRETIONARY,0.108170252006
CONSUMER STAPLES,0.033814767882
FINANCIALS,0.003321468327
HEALTH CARE,0.048824884309
INDUSTRIALS,0.030815344964
MATERIALS,0.014094987393
TECHNOLOGY,0.634979532114
UTILITIES,0.002231314615
