SECTOR,WEIGHT
COMMUNICATION SERVICES,0.135632415041
CONSUMER DISCRETIONARY,0.122863462699
CONSUMER STAPLES,0.064045847577
FINANCIALS,0.001809772773
HEALTH CARE,0.037401970641
INDUSTRIALS,0.018600442389
MATERIALS,0.014478182184
TECHNOLOGY,0.603056505128
UTILITIES,0.002111401568
