SECTOR,WEIGHT
COMMUNICATION SERVICES,0.146963981138
CONSUMER DISCRETIONARY,0.131805959667
CONSUMER STAPLES,0.038422795224
FINANCIALS,0.002670813685
HEALTH CARE,0.046445269389
INDUSTRIALS,0.02720477576
MATERIALS,0.014628273302
TECHNOLOGY,0.589573592856
UTILITIES,0.002284538979
