SECTOR,WEIGHT
COMMUNICATION SERVICES,0.140582026668
CONSUMER DISCRETIONARY,0.127773747493
CONSUMER STAPLES,0.074190690343
FINANCIALS,0.002202442052
HEALTH CARE,0.047531609308
INDUSTRIALS,0.025836300861
MATERIALS,0.017419861713
TECHNOLOGY,0.561661855409
UTILITIES,0.002801466154
