SECTOR,WEIGHT
COMMUNICATION SERVICES,0.150316225483
CONSUMER DISCRETIONARY,0.129657966745
CONSUMER STAPLES,0.043465827279
FINANCIALS,0.00245635406
HEALTH CARE,0.049701033214
INDUSTRIALS,0.028056419884
MATERIALS,0.016979748123
TECHNOLOGY,0.576700357917
UTILITIES,0.002666067295
