SECTOR,WEIGHT
COMMUNICATION SERVICES,0.143561942374
CONSUMER DISCRETIONARY,0.129275884074
CONSUMER STAPLES,0.042780914998
FINANCIALS,0.002436195361
HEALTH CARE,0.049182449761
INDUSTRIALS,0.026230238522
MATERIALS,0.016727270538
TECHNOLOGY,0.58722642971
UTILITIES,0.002578674662
