SECTOR,WEIGHT
COMMUNICATION SERVICES,0.148063589297
CONSUMER DISCRETIONARY,0.130495345007
CONSUMER STAPLES,0.041536162624
FINANCIALS,0.002379430322
HEALTH CARE,0.04746617265
INDUSTRIALS,0.02620283665
MATERIALS,0.016662033585
TECHNOLOGY,0.584491854641
UTILITIES,0.002702575224
