SECTOR,WEIGHT
COMMUNICATION SERVICES,0.144352515929
CONSUMER DISCRETIONARY,0.134206938479
CONSUMER STAPLES,0.038786543591
FINANCIALS,0.002894293577
HEALTH CARE,0.048905034064
INDUSTRIALS,0.028796465451
MATERIALS,0.014307942804
TECHNOLOGY,0.585446869899
UTILITIES,0.002303396205
