SECTOR,WEIGHT
COMMUNICATION SERVICES,0.12933290533
CONSUMER DISCRETIONARY,0.108182757279
CONSUMER STAPLES,0.035152246066
FINANCIALS,0.003437024059
HEALTH CARE,0.051897363282
INDUSTRIALS,0.031081217569
MATERIALS,0.014983104882
TECHNOLOGY,0.623475364328
UTILITIES,0.002458017206
