SECTOR,WEIGHT
COMMUNICATION SERVICES,0.125413076168
CONSUMER DISCRETIONARY,0.113890464656
CONSUMER STAPLES,0.03472190957
FINANCIALS,0.003330622013
HEALTH CARE,0.050741711213
INDUSTRIALS,0.032108636906
MATERIALS,0.015518557538
TECHNOLOGY,0.621918874492
UTILITIES,0.002356147444
