SECTOR,WEIGHT
COMMUNICATION SERVICES,0.152629730001
CONSUMER DISCRETIONARY,0.124964368162
CONSUMER STAPLES,0.087777777778
ENERGY,0.005940981632
FINANCIALS,0.002057613169
HEALTH CARE,0.052308541604
INDUSTRIALS,0.040409515206
MATERIALS,0.012258355917
TECHNOLOGY,0.506854361136
UTILITIES,0.014798755395
