SECTOR,WEIGHT
COMMUNICATION SERVICES,0.150941859998
CONSUMER DISCRETIONARY,0.126709822685
CONSUMER STAPLES,0.084903099996
ENERGY,0.006779984721
FINANCIALS,0.002377266696
HEALTH CARE,0.051396204415
INDUSTRIALS,0.040168268264
MATERIALS,0.013117687266
TECHNOLOGY,0.507913835391
UTILITIES,0.015691970568
