SECTOR,WEIGHT
COMMUNICATION SERVICES,0.157779486058
CONSUMER DISCRETIONARY,0.124226507195
CONSUMER STAPLES,0.085496169417
ENERGY,0.00613977163
FINANCIALS,0.002366391223
HEALTH CARE,0.051849859602
INDUSTRIALS,0.042373255564
MATERIALS,0.012779315453
TECHNOLOGY,0.501342761432
UTILITIES,0.015646482427
