SECTOR,WEIGHT
COMMUNICATION SERVICES,0.15590240348
CONSUMER DISCRETIONARY,0.129257236313
CONSUMER STAPLES,0.044083984174
ENERGY,0.004972510067
FINANCIALS,0.003052768861
HEALTH CARE,0.048236750733
INDUSTRIALS,0.038663067402
MATERIALS,0.009798887591
TECHNOLOGY,0.552128780804
UTILITIES,0.013903610575
