SECTOR,WEIGHT
COMMUNICATION SERVICES,0.146429647484
CONSUMER DISCRETIONARY,0.121120819524
CONSUMER STAPLES,0.072712664457
ENERGY,0.005724615848
FINANCIALS,0.00200863714
HEALTH CARE,0.040373606508
INDUSTRIALS,0.032941649091
MATERIALS,0.010846640554
TECHNOLOGY,0.554685146128
UTILITIES,0.013156573265
