SECTOR,WEIGHT
COMMUNICATION SERVICES,0.149085794655
CONSUMER DISCRETIONARY,0.123970263211
CONSUMER STAPLES,0.076853526221
ENERGY,0.005826803295
FINANCIALS,0.002310628893
HEALTH CARE,0.044002411091
INDUSTRIALS,0.035563592526
MATERIALS,0.011352220213
TECHNOLOGY,0.537673297167
UTILITIES,0.013361462729
