SECTOR,WEIGHT
COMMUNICATION SERVICES,0.152514733966
CONSUMER DISCRETIONARY,0.124552060347
CONSUMER STAPLES,0.083452499581
ENERGY,0.005963831664
FINANCIALS,0.002356230312
HEALTH CARE,0.051470787461
INDUSTRIALS,0.040135192226
MATERIALS,0.012637141535
TECHNOLOGY,0.511614067939
UTILITIES,0.015303454968
