SECTOR,WEIGHT
COMMUNICATION SERVICES,0.150790790228
CONSUMER DISCRETIONARY,0.124952185127
CONSUMER STAPLES,0.087100877585
ENERGY,0.006956624757
FINANCIALS,0.002338285331
HEALTH CARE,0.051000523077
INDUSTRIALS,0.040410469976
MATERIALS,0.013257646113
TECHNOLOGY,0.50701736596
UTILITIES,0.016175231846
