SECTOR,WEIGHT
COMMUNICATION SERVICES,0.157553180629
CONSUMER DISCRETIONARY,0.128036855622
CONSUMER STAPLES,0.045249824349
ENERGY,0.004830144264
FINANCIALS,0.003099659508
HEALTH CARE,0.049603559854
INDUSTRIALS,0.03847501156
MATERIALS,0.010035610554
TECHNOLOGY,0.548796867712
UTILITIES,0.014319285947
