SECTOR,WEIGHT
COMMUNICATION SERVICES,0.159518890408
CONSUMER DISCRETIONARY,0.136607858137
CONSUMER STAPLES,0.046328030727
ENERGY,0.005027537009
FINANCIALS,0.002984598148
HEALTH CARE,0.054982662627
INDUSTRIALS,0.042024306455
MATERIALS,0.011238673485
TECHNOLOGY,0.527605274095
UTILITIES,0.013682168908
