SECTOR,WEIGHT
COMMUNICATION SERVICES,0.156392723856
CONSUMER DISCRETIONARY,0.125303892026
CONSUMER STAPLES,0.084034802789
ENERGY,0.005817863531
FINANCIALS,0.002280570384
HEALTH CARE,0.050627257233
INDUSTRIALS,0.040020396651
MATERIALS,0.012585295541
TECHNOLOGY,0.507677853373
UTILITIES,0.015259344617
