SECTOR,WEIGHT
COMMUNICATION SERVICES,0.189934275445
CONSUMER DISCRETIONARY,0.182310618082
HEALTH CARE,0.046680620609
INDUSTRIALS,0.040717177047
TECHNOLOGY,0.540357308816
