SECTOR,WEIGHT
COMMUNICATION SERVICES,0.088217643529
CONSUMER DISCRETIONARY,0.044208841768
ENERGY,0.089017803561
HEALTH CARE,0.085517103421
TECHNOLOGY,0.693038607722
