SECTOR,WEIGHT
COMMUNICATION SERVICES,0.190811259532
CONSUMER DISCRETIONARY,0.178734479188
HEALTH CARE,0.046037717826
INDUSTRIALS,0.040347015603
TECHNOLOGY,0.54406952785
