SECTOR,WEIGHT
COMMUNICATION SERVICES,0.088517703541
CONSUMER DISCRETIONARY,0.0400080016
ENERGY,0.079815963193
HEALTH CARE,0.075415083017
TECHNOLOGY,0.71624324865
