SECTOR,WEIGHT
COMMUNICATION SERVICES,0.09096975134
CONSUMER DISCRETIONARY,0.105079514871
CONSUMER STAPLES,0.089801278637
ENERGY,0.025505916279
FINANCIALS,0.006843766897
HEALTH CARE,0.100682047845
INDUSTRIALS,0.12548121027
MATERIALS,0.011596635933
TECHNOLOGY,0.40157794442
UTILITIES,0.042461933508
