SECTOR,WEIGHT
COMMUNICATION SERVICES,0.093703752442
CONSUMER DISCRETIONARY,0.107094919475
CONSUMER STAPLES,0.086793064005
ENERGY,0.025542317464
FINANCIALS,0.007746813917
HEALTH CARE,0.09809999089
INDUSTRIALS,0.127122452905
MATERIALS,0.012158236241
TECHNOLOGY,0.397356993188
UTILITIES,0.044381459474
