SECTOR,WEIGHT
COMMUNICATION SERVICES,0.096292508259
CONSUMER DISCRETIONARY,0.116639829792
CONSUMER STAPLES,0.070512095608
ENERGY,0.02108988068
FINANCIALS,0.009036804714
HEALTH CARE,0.117086165883
INDUSTRIALS,0.115655088281
MATERIALS,0.008487391005
TECHNOLOGY,0.401021969543
UTILITIES,0.044178266234
