SECTOR,WEIGHT
COMMUNICATION SERVICES,0.096776099731
CONSUMER DISCRETIONARY,0.120585027377
CONSUMER STAPLES,0.068815733202
ENERGY,0.019624437503
FINANCIALS,0.008585315825
HEALTH CARE,0.112674758551
INDUSTRIALS,0.11829147007
MATERIALS,0.008616363981
TECHNOLOGY,0.404540442226
UTILITIES,0.041490351535
