SECTOR,WEIGHT
COMMUNICATION SERVICES,0.090858167947
CONSUMER DISCRETIONARY,0.111480494433
CONSUMER STAPLES,0.083717995079
ENERGY,0.0217051531
FINANCIALS,0.010256971266
HEALTH CARE,0.102152383789
INDUSTRIALS,0.13083057562
MATERIALS,0.010419040731
TECHNOLOGY,0.395484947292
UTILITIES,0.043094270743
