SECTOR,WEIGHT
COMMUNICATION SERVICES,0.09397354258
CONSUMER DISCRETIONARY,0.104977392054
CONSUMER STAPLES,0.088635091459
ENERGY,0.026460457099
FINANCIALS,0.007900381303
HEALTH CARE,0.100255383242
INDUSTRIALS,0.133657648794
MATERIALS,0.012130450934
TECHNOLOGY,0.387872788172
UTILITIES,0.044136864363
