SECTOR,WEIGHT
COMMUNICATION SERVICES,0.101868108891
CONSUMER DISCRETIONARY,0.036089626808
CONSUMER STAPLES,0.016090967389
ENERGY,0.013914024773
HEALTH CARE,0.12340743542
INDUSTRIALS,0.033552528245
TECHNOLOGY,0.675077308475
