SECTOR,WEIGHT
COMMUNICATION SERVICES,0.094297222684
CONSUMER DISCRETIONARY,0.041158252771
CONSUMER STAPLES,0.026769180258
ENERGY,0.019396970237
HEALTH CARE,0.138991934112
INDUSTRIALS,0.045498497531
TECHNOLOGY,0.633887942408
