SECTOR,WEIGHT
COMMUNICATION SERVICES,0.100841445834
CONSUMER DISCRETIONARY,0.035932768368
CONSUMER STAPLES,0.015559394911
ENERGY,0.014212841478
HEALTH CARE,0.122019149871
INDUSTRIALS,0.032099192768
TECHNOLOGY,0.67933520677
