SECTOR,WEIGHT
COMMUNICATION SERVICES,0.102900843987
CONSUMER DISCRETIONARY,0.036587122341
CONSUMER STAPLES,0.015255386696
ENERGY,0.013573013209
HEALTH CARE,0.121987081132
INDUSTRIALS,0.033216374035
TECHNOLOGY,0.6764801786
