SECTOR,WEIGHT
COMMUNICATION SERVICES,0.093233752647
CONSUMER DISCRETIONARY,0.040802719113
CONSUMER STAPLES,0.026608466694
ENERGY,0.020417377898
HEALTH CARE,0.134713246667
INDUSTRIALS,0.044405844692
TECHNOLOGY,0.639818592288
