SECTOR,WEIGHT
COMMUNICATION SERVICES,0.087708770877
CONSUMER DISCRETIONARY,0.038303830383
CONSUMER STAPLES,0.023802380238
ENERGY,0.019101910191
HEALTH CARE,0.116311631163
INDUSTRIALS,0.037603760376
TECHNOLOGY,0.677167716772
