SECTOR,WEIGHT
COMMUNICATION SERVICES,0.100334702419
CONSUMER DISCRETIONARY,0.033688308622
CONSUMER STAPLES,0.016814145128
ENERGY,0.016096925659
HEALTH CARE,0.134489153681
INDUSTRIALS,0.03022424862
TECHNOLOGY,0.66835251587
