SECTOR,WEIGHT
COMMUNICATION SERVICES,0.068085771468
CONSUMER DISCRETIONARY,0.119942231731
CONSUMER STAPLES,0.042678693942
ENERGY,0.013561131657
FINANCIALS,0.02318038071
HEALTH CARE,0.195999050051
INDUSTRIALS,0.143398666012
MATERIALS,0.025530895672
REAL ESTATE,0.005124244405
TECHNOLOGY,0.335333030216
UTILITIES,0.027165904136
