SECTOR,WEIGHT
COMMUNICATION SERVICES,0.074765784198
CONSUMER DISCRETIONARY,0.133017387055
CONSUMER STAPLES,0.041102698762
ENERGY,0.013339532148
FINANCIALS,0.011280048376
HEALTH CARE,0.208762694455
INDUSTRIALS,0.135642219314
MATERIALS,0.023232095227
REAL ESTATE,0.008368400126
TECHNOLOGY,0.324245994931
UTILITIES,0.026243145408
