SECTOR,WEIGHT
COMMUNICATION SERVICES,0.066203055572
CONSUMER DISCRETIONARY,0.116098565545
CONSUMER STAPLES,0.041467324041
ENERGY,0.013012559093
FINANCIALS,0.02271592915
HEALTH CARE,0.193144236817
INDUSTRIALS,0.144108994258
MATERIALS,0.023359100777
REAL ESTATE,0.005635360237
TECHNOLOGY,0.346973847059
UTILITIES,0.027281027451
