SECTOR,WEIGHT
COMMUNICATION SERVICES,0.074763535054
CONSUMER DISCRETIONARY,0.133282215087
CONSUMER STAPLES,0.041174300474
ENERGY,0.012460589176
FINANCIALS,0.01184572348
HEALTH CARE,0.208144955363
INDUSTRIALS,0.142492799871
MATERIALS,0.022936040534
REAL ESTATE,0.008240233711
TECHNOLOGY,0.319621656086
UTILITIES,0.025037951164
