SECTOR,WEIGHT
COMMUNICATION SERVICES,0.074425438904
CONSUMER DISCRETIONARY,0.119747098615
CONSUMER STAPLES,0.039055013774
ENERGY,0.012628810719
FINANCIALS,0.009145421345
HEALTH CARE,0.196543233963
INDUSTRIALS,0.141263226566
MATERIALS,0.024603215733
REAL ESTATE,0.007502293977
TECHNOLOGY,0.333165667275
UTILITIES,0.024849125952
