SECTOR,WEIGHT
COMMUNICATION SERVICES,0.154411639479
CONSUMER DISCRETIONARY,0.134444478951
CONSUMER STAPLES,0.044393396441
ENERGY,0.004571278586
FINANCIALS,0.003005442857
HEALTH CARE,0.048527883998
INDUSTRIALS,0.040067562355
MATERIALS,0.010394825028
TECHNOLOGY,0.546276306391
UTILITIES,0.013907185914
