SECTOR,WEIGHT
COMMUNICATION SERVICES,0.152658689644
CONSUMER DISCRETIONARY,0.129165323945
CONSUMER STAPLES,0.07921105178
ENERGY,0.005182153395
FINANCIALS,0.002801896576
HEALTH CARE,0.049695264885
INDUSTRIALS,0.041825659992
MATERIALS,0.010991746904
TECHNOLOGY,0.515278919719
UTILITIES,0.013189293161
