SECTOR,WEIGHT
COMMUNICATION SERVICES,0.159548105908
CONSUMER DISCRETIONARY,0.136606856761
CONSUMER STAPLES,0.046327481585
ENERGY,0.0050253982
FINANCIALS,0.002983296553
HEALTH CARE,0.054960961003
INDUSTRIALS,0.042009235161
MATERIALS,0.011234070251
TECHNOLOGY,0.527627636375
UTILITIES,0.013676958203
