SECTOR,WEIGHT
COMMUNICATION SERVICES,0.157779174414
CONSUMER DISCRETIONARY,0.124225435824
CONSUMER STAPLES,0.085498231002
ENERGY,0.006141294963
FINANCIALS,0.002367365297
HEALTH CARE,0.051848111128
INDUSTRIALS,0.042375638024
MATERIALS,0.012778551952
TECHNOLOGY,0.501341306207
UTILITIES,0.01564489119
