SECTOR,WEIGHT
COMMUNICATION SERVICES,0.150790023734
CONSUMER DISCRETIONARY,0.124953420189
CONSUMER STAPLES,0.087100983022
ENERGY,0.006957592534
FINANCIALS,0.002338281423
HEALTH CARE,0.051002256924
INDUSTRIALS,0.040407672536
MATERIALS,0.013257292314
TECHNOLOGY,0.507017355311
UTILITIES,0.016175122011
