SECTOR,WEIGHT
COMMUNICATION SERVICES,0.15934235868
CONSUMER DISCRETIONARY,0.127838997773
CONSUMER STAPLES,0.084640241319
ENERGY,0.00581907935
FINANCIALS,0.00209165527
HEALTH CARE,0.051386637908
INDUSTRIALS,0.041463576279
MATERIALS,0.012040824934
TECHNOLOGY,0.502096676045
UTILITIES,0.013279952443
