SECTOR,WEIGHT
COMMUNICATION SERVICES,0.146830595586
CONSUMER DISCRETIONARY,0.121132721959
CONSUMER STAPLES,0.072961805905
ENERGY,0.005744230575
FINANCIALS,0.0020155195
HEALTH CARE,0.040411165978
INDUSTRIALS,0.031039000302
MATERIALS,0.010883805301
TECHNOLOGY,0.555779502167
UTILITIES,0.013201652726
