SECTOR,WEIGHT
COMMUNICATION SERVICES,0.033002952341
CONSUMER DISCRETIONARY,0.073386756643
CONSUMER STAPLES,0.004744833404
ENERGY,0.010016870519
HEALTH CARE,0.475115984817
INDUSTRIALS,0.050084352594
MATERIALS,0.016659637284
TECHNOLOGY,0.3369886124
