SECTOR,WEIGHT
COMMUNICATION SERVICES,0.027946893948
CONSUMER DISCRETIONARY,0.06915473282
CONSUMER STAPLES,0.005474797251
ENERGY,0.008864501103
HEALTH CARE,0.474799326626
INDUSTRIALS,0.06141736533
MATERIALS,0.012430643919
TECHNOLOGY,0.339911739003
