SECTOR,WEIGHT
COMMUNICATION SERVICES,0.032595931129
CONSUMER DISCRETIONARY,0.071702473635
CONSUMER STAPLES,0.0053383667
ENERGY,0.012472223239
HEALTH CARE,0.497919553271
INDUSTRIALS,0.056367087218
MATERIALS,0.017565893013
TECHNOLOGY,0.306038471794
