SECTOR,WEIGHT
COMMUNICATION SERVICES,0.028662857428
CONSUMER DISCRETIONARY,0.081250935675
CONSUMER STAPLES,0.005570387744
ENERGY,0.010531546817
HEALTH CARE,0.462417036778
INDUSTRIALS,0.059857236722
MATERIALS,0.017287123443
TECHNOLOGY,0.334422875393
