SECTOR,WEIGHT
COMMUNICATION SERVICES,0.029504440287
CONSUMER DISCRETIONARY,0.078873101666
CONSUMER STAPLES,0.004802419212
ENERGY,0.013362484313
HEALTH CARE,0.483838272419
INDUSTRIALS,0.059344997888
MATERIALS,0.018770539057
TECHNOLOGY,0.311503745159
