SECTOR,WEIGHT
COMMUNICATION SERVICES,0.027872166857
CONSUMER DISCRETIONARY,0.069677822453
CONSUMER STAPLES,0.005471683622
ENERGY,0.008699478779
HEALTH CARE,0.483875554485
INDUSTRIALS,0.059990285478
MATERIALS,0.013756011898
TECHNOLOGY,0.330656996428
