SECTOR,WEIGHT
COMMUNICATION SERVICES,0.031004937554
CONSUMER DISCRETIONARY,0.078079747728
CONSUMER STAPLES,0.004596282312
ENERGY,0.013203808971
HEALTH CARE,0.486926891
INDUSTRIALS,0.061921704494
MATERIALS,0.020354964524
TECHNOLOGY,0.303911663416
