SECTOR,WEIGHT
COMMUNICATION SERVICES,0.028827344796
CONSUMER DISCRETIONARY,0.083301874921
CONSUMER STAPLES,0.005179978515
ENERGY,0.013086699383
HEALTH CARE,0.480626297984
INDUSTRIALS,0.060323194885
MATERIALS,0.017931814802
TECHNOLOGY,0.310722794713
