SECTOR,WEIGHT
COMMUNICATION SERVICES,0.02844269861
CONSUMER DISCRETIONARY,0.073249831326
CONSUMER STAPLES,0.00553207694
ENERGY,0.008168764565
HEALTH CARE,0.476740648451
INDUSTRIALS,0.059831492067
MATERIALS,0.015913258358
TECHNOLOGY,0.332121229682
