SECTOR,WEIGHT
COMMUNICATION SERVICES,0.033338596232
CONSUMER DISCRETIONARY,0.063036624682
CONSUMER STAPLES,0.004104042416
ENERGY,0.010232093836
HEALTH CARE,0.523982011072
INDUSTRIALS,0.062623062701
MATERIALS,0.005975257585
TECHNOLOGY,0.296708311475
