SECTOR,WEIGHT
COMMUNICATION SERVICES,0.127600217756
CONSUMER DISCRETIONARY,0.158819177203
CONSUMER STAPLES,0.150462492861
ENERGY,0.049041282447
FINANCIALS,0.013711272262
HEALTH CARE,0.172645722926
INDUSTRIALS,0.209466430753
MATERIALS,0.021569572753
TECHNOLOGY,0.018578978821
UTILITIES,0.078104852218
