SECTOR,WEIGHT
COMMUNICATION SERVICES,0.126059863112
CONSUMER DISCRETIONARY,0.175298804781
CONSUMER STAPLES,0.145060782511
ENERGY,0.035856573705
FINANCIALS,0.020431096128
HEALTH CARE,0.175605271223
INDUSTRIALS,0.212074777812
MATERIALS,0.017775053632
TECHNOLOGY,0.020328940648
UTILITIES,0.071508836449
