SECTOR,WEIGHT
COMMUNICATION SERVICES,0.126035023049
CONSUMER DISCRETIONARY,0.175905645901
CONSUMER STAPLES,0.145468263565
ENERGY,0.033658109391
FINANCIALS,0.02016707969
HEALTH CARE,0.176518975386
INDUSTRIALS,0.212162986877
MATERIALS,0.017615263558
TECHNOLOGY,0.01940307521
UTILITIES,0.073065577372
