SECTOR,WEIGHT
COMMUNICATION SERVICES,0.129057181465
CONSUMER DISCRETIONARY,0.162545593047
CONSUMER STAPLES,0.126803368942
ENERGY,0.037091853195
FINANCIALS,0.018034162469
HEALTH CARE,0.198839731468
INDUSTRIALS,0.218315060275
MATERIALS,0.018462539119
TECHNOLOGY,0.017834275125
UTILITIES,0.073016234896
