SECTOR,WEIGHT
COMMUNICATION SERVICES,0.125463071774
CONSUMER DISCRETIONARY,0.166010002449
CONSUMER STAPLES,0.12450529129
ENERGY,0.03815402556
FINANCIALS,0.01770368245
HEALTH CARE,0.201552781801
INDUSTRIALS,0.220240199763
MATERIALS,0.018867699487
TECHNOLOGY,0.016965449541
UTILITIES,0.070537795885
