SECTOR,WEIGHT
COMMUNICATION SERVICES,0.12642526395
CONSUMER DISCRETIONARY,0.158897954627
CONSUMER STAPLES,0.159933423892
ENERGY,0.045544992502
FINANCIALS,0.011888040698
HEALTH CARE,0.175352032215
INDUSTRIALS,0.210326963796
MATERIALS,0.020414284518
TECHNOLOGY,0.017400813225
UTILITIES,0.073816230578
