SECTOR,WEIGHT
COMMUNICATION SERVICES,0.128083774055
CONSUMER DISCRETIONARY,0.163072483708
CONSUMER STAPLES,0.126347151594
ENERGY,0.03607621616
FINANCIALS,0.018262249458
HEALTH CARE,0.200651418455
INDUSTRIALS,0.218370118025
MATERIALS,0.01827040103
TECHNOLOGY,0.017970272814
UTILITIES,0.0728959147
