SECTOR,WEIGHT
COMMUNICATION SERVICES,0.136210229441
CONSUMER DISCRETIONARY,0.179470473744
CONSUMER STAPLES,0.122254519846
ENERGY,0.038161322361
FINANCIALS,0.016033946783
HEALTH CARE,0.203533567095
INDUSTRIALS,0.194730417378
MATERIALS,0.014650660618
TECHNOLOGY,0.020069411166
UTILITIES,0.074885451568
