SECTOR,WEIGHT
COMMUNICATION SERVICES,0.122052554494
CONSUMER DISCRETIONARY,0.165478005671
CONSUMER STAPLES,0.146064192684
ENERGY,0.040255182846
FINANCIALS,0.017147763829
HEALTH CARE,0.179053332454
INDUSTRIALS,0.224018484813
MATERIALS,0.018976809056
TECHNOLOGY,0.017010192915
UTILITIES,0.06994348124
