SECTOR,WEIGHT
COMMUNICATION SERVICES,0.129075886403
CONSUMER DISCRETIONARY,0.158843449408
CONSUMER STAPLES,0.152849018692
ENERGY,0.044984562897
FINANCIALS,0.013644518148
HEALTH CARE,0.172778407195
INDUSTRIALS,0.210015424737
MATERIALS,0.021408931474
TECHNOLOGY,0.01823703835
UTILITIES,0.078162762695
