SECTOR,WEIGHT
COMMUNICATION SERVICES,0.12602612783
CONSUMER DISCRETIONARY,0.153577576747
CONSUMER STAPLES,0.156623179438
ENERGY,0.046005655586
FINANCIALS,0.013490617728
HEALTH CARE,0.17674612905
INDUSTRIALS,0.212355862838
MATERIALS,0.021051145399
TECHNOLOGY,0.017692869569
UTILITIES,0.076430835814
