SECTOR,WEIGHT
COMMUNICATION SERVICES,0.08608739327
CONSUMER DISCRETIONARY,0.124560522351
CONSUMER STAPLES,0.046710195881
ENERGY,0.045102963335
FINANCIALS,0.110296333501
HEALTH CARE,0.085484681065
INDUSTRIALS,0.08729281768
MATERIALS,0.016172777499
REAL ESTATE,0.017478653943
TECHNOLOGY,0.364339527875
UTILITIES,0.016474133601
