SECTOR,WEIGHT
COMMUNICATION SERVICES,0.080269158114
CONSUMER DISCRETIONARY,0.117371146218
CONSUMER STAPLES,0.028903113507
ENERGY,0.028904116182
FINANCIALS,0.140403596796
HEALTH CARE,0.103638507538
INDUSTRIALS,0.077680250909
MATERIALS,0.010309505761
REAL ESTATE,0.007857965051
TECHNOLOGY,0.391241833211
UTILITIES,0.013420806712
