SECTOR,WEIGHT
COMMUNICATION SERVICES,0.092699533957
CONSUMER DISCRETIONARY,0.105798326583
CONSUMER STAPLES,0.042871513966
ENERGY,0.009275676023
FINANCIALS,0.139023699709
HEALTH CARE,0.108807223763
INDUSTRIALS,0.079442114119
MATERIALS,0.010764563082
REAL ESTATE,0.013347777111
TECHNOLOGY,0.381607877548
UTILITIES,0.016361694139
