SECTOR,WEIGHT
COMMUNICATION SERVICES,0.098797929104
CONSUMER DISCRETIONARY,0.103320115201
CONSUMER STAPLES,0.043490429477
ENERGY,0.047252230246
FINANCIALS,0.128424868813
HEALTH CARE,0.103254910655
INDUSTRIALS,0.105544091816
MATERIALS,0.025290335783
REAL ESTATE,0.007137389992
TECHNOLOGY,0.326350762341
UTILITIES,0.01113693657
