SECTOR,WEIGHT
COMMUNICATION SERVICES,0.092507813973
CONSUMER DISCRETIONARY,0.102298852881
CONSUMER STAPLES,0.042197461813
ENERGY,0.009719820409
FINANCIALS,0.135136599086
HEALTH CARE,0.10549465761
INDUSTRIALS,0.079182933239
MATERIALS,0.010310633022
REAL ESTATE,0.013117243704
TECHNOLOGY,0.393924560552
UTILITIES,0.016109423712
