SECTOR,WEIGHT
COMMUNICATION SERVICES,0.094049517163
CONSUMER DISCRETIONARY,0.09502923097
CONSUMER STAPLES,0.044774024047
ENERGY,0.048747029271
FINANCIALS,0.12327547306
HEALTH CARE,0.104799294045
INDUSTRIALS,0.110484040793
MATERIALS,0.025941858949
REAL ESTATE,0.007131754961
TECHNOLOGY,0.333622133309
UTILITIES,0.012145643432
