SECTOR,WEIGHT
COMMUNICATION SERVICES,0.07974889817
CONSUMER DISCRETIONARY,0.115325334309
CONSUMER STAPLES,0.03048821456
ENERGY,0.029720067589
FINANCIALS,0.136661970207
HEALTH CARE,0.102731133518
INDUSTRIALS,0.080623342242
MATERIALS,0.010776119253
REAL ESTATE,0.008031447897
TECHNOLOGY,0.391786041987
UTILITIES,0.014107430268
