SECTOR,WEIGHT
COMMUNICATION SERVICES,0.032432199862
CONSUMER DISCRETIONARY,0.179933520644
CONSUMER STAPLES,0.06138033716
ENERGY,0.079120839537
FINANCIALS,0.128952339785
HEALTH CARE,0.105510462194
INDUSTRIALS,0.221980412404
MATERIALS,0.032687350912
REAL ESTATE,0.001974168708
TECHNOLOGY,0.156028368794
