SECTOR,WEIGHT
COMMUNICATION SERVICES,0.034264607173
CONSUMER DISCRETIONARY,0.176701875811
CONSUMER STAPLES,0.060842286344
ENERGY,0.089951125205
FINANCIALS,0.128283272843
HEALTH CARE,0.103709219089
INDUSTRIALS,0.215416862608
MATERIALS,0.033729034281
REAL ESTATE,0.001973480601
TECHNOLOGY,0.155128236046
