SECTOR,WEIGHT
COMMUNICATION SERVICES,0.037438522533
CONSUMER DISCRETIONARY,0.171333935562
CONSUMER STAPLES,0.052895714142
ENERGY,0.093947606143
FINANCIALS,0.132891699287
HEALTH CARE,0.101876944695
INDUSTRIALS,0.214694369166
MATERIALS,0.032620696577
REAL ESTATE,0.002910769848
TECHNOLOGY,0.159389742046
