SECTOR,WEIGHT
COMMUNICATION SERVICES,0.033465342968
CONSUMER DISCRETIONARY,0.179951011685
CONSUMER STAPLES,0.060352883967
ENERGY,0.073211316141
FINANCIALS,0.127674796032
HEALTH CARE,0.107279007266
INDUSTRIALS,0.216385070571
MATERIALS,0.032581832299
REAL ESTATE,0.001873082642
TECHNOLOGY,0.167225656429
