SECTOR,WEIGHT
COMMUNICATION SERVICES,0.033612940922
CONSUMER DISCRETIONARY,0.181049248821
CONSUMER STAPLES,0.058987729816
ENERGY,0.070559562019
FINANCIALS,0.12840071396
HEALTH CARE,0.107265061591
INDUSTRIALS,0.21483527698
MATERIALS,0.032605433138
REAL ESTATE,0.001811913204
TECHNOLOGY,0.170872119548
