SECTOR,WEIGHT
COMMUNICATION SERVICES,0.037743425015
CONSUMER DISCRETIONARY,0.166833969083
CONSUMER STAPLES,0.051194539249
ENERGY,0.092150170648
FINANCIALS,0.127384059426
HEALTH CARE,0.099779160811
INDUSTRIALS,0.217325838185
MATERIALS,0.03262397109
REAL ESTATE,0.002710299137
TECHNOLOGY,0.172254567356
