SECTOR,WEIGHT
COMMUNICATION SERVICES,0.035602542866
CONSUMER DISCRETIONARY,0.173275765832
CONSUMER STAPLES,0.057883298083
ENERGY,0.097182873367
FINANCIALS,0.127132255401
HEALTH CARE,0.103696931845
INDUSTRIALS,0.210020808379
MATERIALS,0.032762385209
REAL ESTATE,0.002044631911
TECHNOLOGY,0.160398507107
