SECTOR,WEIGHT
COMMUNICATION SERVICES,0.033205226595
CONSUMER DISCRETIONARY,0.193721033216
CONSUMER STAPLES,0.053776777681
ENERGY,0.116973207791
FINANCIALS,0.081256274258
HEALTH CARE,0.11051009592
INDUSTRIALS,0.227464268038
MATERIALS,0.030458078439
TECHNOLOGYQ,0.152635038061
