SECTOR,WEIGHT
COMMUNICATION SERVICES,0.033842988151
CONSUMER DISCRETIONARY,0.176268774276
CONSUMER STAPLES,0.060569090638
ENERGY,0.07716581613
FINANCIALS,0.128485257308
HEALTH CARE,0.106428015969
INDUSTRIALS,0.218132395491
MATERIALS,0.032329736692
REAL ESTATE,0.001854533699
TECHNOLOGY,0.164923391645
