SECTOR,WEIGHT
COMMUNICATION SERVICES,0.183255858629
CONSUMER DISCRETIONARY,0.127395028945
CONSUMER STAPLES,0.043353150582
HEALTH CARE,0.040184458501
MATERIALS,0.014758881243
TECHNOLOGY,0.5910526221
