SECTOR,WEIGHT
COMMUNICATION SERVICES,0.144989933064
CONSUMER DISCRETIONARY,0.132875535792
CONSUMER STAPLES,0.045785767187
HEALTH CARE,0.040223647328
INDUSTRIALS,0.009445581923
MATERIALS,0.014253057412
TECHNOLOGY,0.612426477294
