SECTOR,WEIGHT
COMMUNICATION SERVICES,0.174699790763
CONSUMER DISCRETIONARY,0.104761981075
CONSUMER STAPLES,0.094884047969
HEALTH CARE,0.040560423964
INDUSTRIALS,0.011021778128
MATERIALS,0.017681520292
TECHNOLOGY,0.556390457808
