SECTOR,WEIGHT
COMMUNICATION SERVICES,0.188277328933
CONSUMER DISCRETIONARY,0.114259592314
CONSUMER STAPLES,0.05163867448
HEALTH CARE,0.042802409745
MATERIALS,0.017887828306
TECHNOLOGY,0.585134166223
