SECTOR,WEIGHT
COMMUNICATION SERVICES,0.100580322967
CONSUMER DISCRETIONARY,0.109298898014
CONSUMER STAPLES,0.049622270894
ENERGY,0.037348062667
FINANCIALS,0.121388649214
HEALTH CARE,0.095594749453
INDUSTRIALS,0.094352620503
MATERIALS,0.020108003225
REAL ESTATE,0.017741317101
TECHNOLOGY,0.3356374772
UTILITIES,0.018327628761
