SECTOR,WEIGHT
COMMUNICATION SERVICES,0.101398438102
CONSUMER DISCRETIONARY,0.105184529132
CONSUMER STAPLES,0.050422899702
ENERGY,0.039337686416
FINANCIALS,0.119151994184
HEALTH CARE,0.095730718282
INDUSTRIALS,0.093597774094
MATERIALS,0.01995780782
REAL ESTATE,0.017317374787
TECHNOLOGY,0.339437165977
UTILITIES,0.018463611505
