SECTOR,WEIGHT
COMMUNICATION SERVICES,0.0960333545
CONSUMER DISCRETIONARY,0.10983781454
CONSUMER STAPLES,0.052087422092
ENERGY,0.036134329435
FINANCIALS,0.120814815591
HEALTH CARE,0.098106989966
INDUSTRIALS,0.095879713311
MATERIALS,0.020647044757
REAL ESTATE,0.017791461817
TECHNOLOGY,0.334585880844
UTILITIES,0.018081173147
