SECTOR,WEIGHT
COMMUNICATION SERVICES,0.094248885445
CONSUMER DISCRETIONARY,0.112507095358
CONSUMER STAPLES,0.050252560103
ENERGY,0.037663810947
FINANCIALS,0.119298343357
HEALTH CARE,0.097520436569
INDUSTRIALS,0.096325071059
MATERIALS,0.020761464187
REAL ESTATE,0.018127268807
TECHNOLOGY,0.334970568666
UTILITIES,0.018324495503
