SECTOR,WEIGHT
COMMUNICATION SERVICES,0.10081904026
CONSUMER DISCRETIONARY,0.109285462779
CONSUMER STAPLES,0.045646991426
ENERGY,0.029587830975
FINANCIALS,0.127394313991
HEALTH CARE,0.095258860003
INDUSTRIALS,0.087349547704
MATERIALS,0.017483687558
REAL ESTATE,0.017477145961
TECHNOLOGY,0.348380803245
UTILITIES,0.021316316096
