SECTOR,WEIGHT
COMMUNICATION SERVICES,0.10166195278
CONSUMER DISCRETIONARY,0.110910153152
CONSUMER STAPLES,0.046351332121
ENERGY,0.028605373354
FINANCIALS,0.12943579698
HEALTH CARE,0.097909530572
INDUSTRIALS,0.08538610579
MATERIALS,0.018038327653
REAL ESTATE,0.01759881602
TECHNOLOGY,0.344923244266
UTILITIES,0.019179367313
