SECTOR,WEIGHT
COMMUNICATION SERVICES,0.098771378042
CONSUMER DISCRETIONARY,0.1056886261
CONSUMER STAPLES,0.051428754098
ENERGY,0.039868538278
FINANCIALS,0.119923837542
HEALTH CARE,0.097271735533
INDUSTRIALS,0.094411341498
MATERIALS,0.020705105473
REAL ESTATE,0.017543060794
TECHNOLOGY,0.336471002581
UTILITIES,0.017916620063
