SECTOR,WEIGHT
COMMUNICATION SERVICES,0.104418673571
CONSUMER DISCRETIONARY,0.105122103219
CONSUMER STAPLES,0.046930122343
ENERGY,0.033173568263
FINANCIALS,0.119025120428
HEALTH CARE,0.093752277618
INDUSTRIALS,0.089964810259
MATERIALS,0.019619096902
REAL ESTATE,0.017436192321
TECHNOLOGY,0.348506209699
UTILITIES,0.019131099675
