SECTOR,WEIGHT
COMMUNICATION SERVICES,0.099669836191
CONSUMER DISCRETIONARY,0.110694269053
CONSUMER STAPLES,0.04765993642
ENERGY,0.033226485835
FINANCIALS,0.120240862582
HEALTH CARE,0.09856262156
INDUSTRIALS,0.090484496
MATERIALS,0.019466189028
REAL ESTATE,0.017494677588
TECHNOLOGY,0.342661681454
UTILITIES,0.019838944289
