SECTOR,WEIGHT
COMMUNICATION SERVICES,0.099905773854
CONSUMER DISCRETIONARY,0.054760497465
CONSUMER STAPLES,0.092475108288
ENERGY,0.046368706143
FINANCIALS,0.147645813845
HEALTH CARE,0.133632222021
INDUSTRIALS,0.093418001905
MATERIALS,0.024978523051
REAL ESTATE,0.013395274444
TECHNOLOGY,0.257025557356
UTILITIES,0.036394521628
