SECTOR,WEIGHT
COMMUNICATION SERVICES,0.0936355938
CONSUMER DISCRETIONARY,0.057588911453
CONSUMER STAPLES,0.094427416623
ENERGY,0.043591889437
FINANCIALS,0.151558944227
HEALTH CARE,0.149913545035
INDUSTRIALS,0.097671581088
MATERIALS,0.025724583642
REAL ESTATE,0.010152670508
TECHNOLOGY,0.23826904499
UTILITIES,0.037465819196
