SECTOR,WEIGHT
COMMUNICATION SERVICES,0.094894884537
CONSUMER DISCRETIONARY,0.059115435679
CONSUMER STAPLES,0.089770297311
ENERGY,0.039531820133
FINANCIALS,0.150444643205
HEALTH CARE,0.150756445407
INDUSTRIALS,0.094075887177
MATERIALS,0.023994365829
REAL ESTATE,0.0096446608
TECHNOLOGY,0.252374661945
UTILITIES,0.035396897976
