SECTOR,WEIGHT
COMMUNICATION SERVICES,0.098664245322
CONSUMER DISCRETIONARY,0.056243749174
CONSUMER STAPLES,0.093774023717
ENERGY,0.044820536338
FINANCIALS,0.149518725229
HEALTH CARE,0.141230338008
INDUSTRIALS,0.095478399212
MATERIALS,0.024988955342
REAL ESTATE,0.013489337183
TECHNOLOGY,0.244902779168
UTILITIES,0.036888911306
