SECTOR,WEIGHT
COMMUNICATION SERVICES,0.098784272832
CONSUMER DISCRETIONARY,0.054804247263
CONSUMER STAPLES,0.094439220535
ENERGY,0.048157895585
FINANCIALS,0.146911521512
HEALTH CARE,0.140680499661
INDUSTRIALS,0.094608220341
MATERIALS,0.024921516761
REAL ESTATE,0.013618402032
TECHNOLOGY,0.245067944499
UTILITIES,0.038006258978
