SECTOR,WEIGHT
COMMUNICATION SERVICES,0.096931203863
CONSUMER DISCRETIONARY,0.054991102013
CONSUMER STAPLES,0.094604288741
ENERGY,0.048960866462
FINANCIALS,0.148712098027
HEALTH CARE,0.141805281427
INDUSTRIALS,0.094859001374
MATERIALS,0.026049851904
REAL ESTATE,0.013261520068
TECHNOLOGY,0.241697197353
UTILITIES,0.038127588767
