SECTOR,WEIGHT
COMMUNICATION SERVICES,0.0979610138
CONSUMER DISCRETIONARY,0.055562362174
CONSUMER STAPLES,0.094310986743
ENERGY,0.04605587035
FINANCIALS,0.14996797401
HEALTH CARE,0.139646346287
INDUSTRIALS,0.095696551268
MATERIALS,0.025967627085
REAL ESTATE,0.013354425147
TECHNOLOGY,0.243594749312
UTILITIES,0.037882093824
