SECTOR,WEIGHT
COMMUNICATION SERVICES,0.101114176019
CONSUMER DISCRETIONARY,0.055461314376
CONSUMER STAPLES,0.090710662091
ENERGY,0.04499466981
FINANCIALS,0.1499438039
HEALTH CARE,0.135065016883
INDUSTRIALS,0.093291123183
MATERIALS,0.025458842019
REAL ESTATE,0.013479038406
TECHNOLOGY,0.253954806468
UTILITIES,0.036526546845
