SECTOR,WEIGHT
COMMUNICATION SERVICES,0.095792361966
CONSUMER DISCRETIONARY,0.058305422223
CONSUMER STAPLES,0.086479781032
ENERGY,0.037186587365
FINANCIALS,0.157803050855
HEALTH CARE,0.147214376563
INDUSTRIALS,0.089421818205
MATERIALS,0.02157223086
REAL ESTATE,0.009499099711
TECHNOLOGY,0.262190311764
UTILITIES,0.034534959455
