SECTOR,WEIGHT
COMMUNICATION SERVICES,0.098060196713
CONSUMER DISCRETIONARY,0.058166765142
CONSUMER STAPLES,0.089669602321
ENERGY,0.037417392045
FINANCIALS,0.154653348843
HEALTH CARE,0.14753707492
INDUSTRIALS,0.0885771268
MATERIALS,0.021121026052
REAL ESTATE,0.009823603673
TECHNOLOGY,0.259435914141
UTILITIES,0.035537949351
