SECTOR,WEIGHT
COMMUNICATION SERVICES,0.086490077558
CONSUMER DISCRETIONARY,0.063385860457
CONSUMER STAPLES,0.064132748841
ENERGY,0.069563291744
FINANCIALS,0.20356432853
HEALTH CARE,0.103459140072
INDUSTRIALS,0.122634643743
MATERIALS,0.025335822961
REAL ESTATE,0.044035210452
TECHNOLOGY,0.146060969042
UTILITIES,0.071337906599
