SECTOR,WEIGHT
COMMUNICATION SERVICES,0.070659067531
CONSUMER DISCRETIONARY,0.068912085709
CONSUMER STAPLES,0.084148306062
ENERGY,0.059401411892
FINANCIALS,0.187734051738
HEALTH CARE,0.12822080883
INDUSTRIALS,0.133207867665
MATERIALS,0.033576507024
REAL ESTATE,0.043333007579
TECHNOLOGY,0.126867754282
UTILITIES,0.063939131688
