SECTOR,WEIGHT
COMMUNICATION SERVICES,0.072731778868
CONSUMER DISCRETIONARY,0.068592382783
CONSUMER STAPLES,0.081098578726
ENERGY,0.067006221233
FINANCIALS,0.179448687472
HEALTH CARE,0.133146527743
INDUSTRIALS,0.130843154115
MATERIALS,0.033116180264
REAL ESTATE,0.045089272166
TECHNOLOGY,0.116997622781
UTILITIES,0.07192959385
