SECTOR,WEIGHT
COMMUNICATION SERVICES,0.084068665802
CONSUMER DISCRETIONARY,0.064898369162
CONSUMER STAPLES,0.081917433462
ENERGY,0.057655247604
FINANCIALS,0.169294212064
HEALTH CARE,0.126836901054
INDUSTRIALS,0.128068484093
MATERIALS,0.032774241744
REAL ESTATE,0.042181719068
TECHNOLOGY,0.134211256871
UTILITIES,0.064111973107
