SECTOR,WEIGHT
COMMUNICATION SERVICES,0.084239023261
CONSUMER DISCRETIONARY,0.064324800448
CONSUMER STAPLES,0.064606948943
ENERGY,0.068139367199
FINANCIALS,0.203987294216
HEALTH CARE,0.123409122397
INDUSTRIALS,0.122170298359
MATERIALS,0.025586519976
REAL ESTATE,0.041391892124
TECHNOLOGY,0.137164619995
UTILITIES,0.064980113082
