SECTOR,WEIGHT
COMMUNICATION SERVICES,0.083003062421
CONSUMER DISCRETIONARY,0.060716562207
CONSUMER STAPLES,0.064007206642
ENERGY,0.069048236645
FINANCIALS,0.201296351034
HEALTH CARE,0.123302146107
INDUSTRIALS,0.120357356144
MATERIALS,0.024663244316
REAL ESTATE,0.043642008449
TECHNOLOGY,0.138128645799
UTILITIES,0.071835180236
