SECTOR,WEIGHT
COMMUNICATION SERVICES,0.078380580883
CONSUMER DISCRETIONARY,0.071761070769
CONSUMER STAPLES,0.065973675643
ENERGY,0.068930059876
FINANCIALS,0.184243200013
HEALTH CARE,0.131585386322
INDUSTRIALS,0.126631117258
MATERIALS,0.031575882214
REAL ESTATE,0.038893034298
TECHNOLOGY,0.132400313029
UTILITIES,0.069625679695
