SECTOR,WEIGHT
COMMUNICATION SERVICES,0.084960982451
CONSUMER DISCRETIONARY,0.070606983983
CONSUMER STAPLES,0.067115913166
ENERGY,0.059813611801
FINANCIALS,0.183179441858
HEALTH CARE,0.135673056564
INDUSTRIALS,0.131692028841
MATERIALS,0.025552428969
REAL ESTATE,0.0421178822
TECHNOLOGY,0.133807333397
UTILITIES,0.065480336771
