SECTOR,WEIGHT
COMMUNICATION SERVICES,0.115027163563
CONSUMER DISCRETIONARY,0.282131186978
CONSUMER STAPLES,0.036873283483
ENERGY,0.086397169376
HEALTH CARE,0.181251127639
INDUSTRIALS,0.200334783393
MATERIALS,0.058443758395
TECHNOLOGYQ,0.039541527174
