SECTOR,WEIGHT
COMMUNICATION SERVICES,0.059445134692
CONSUMER DISCRETIONARY,0.252080169237
CONSUMER STAPLES,0.059219872712
ENERGY,0.056902177232
HEALTH CARE,0.221729871841
INDUSTRIALS,0.185657920161
MATERIALS,0.104096063722
TECHNOLOGY,0.060868790403
