SECTOR,WEIGHT
COMMUNICATION SERVICES,0.060764878205
CONSUMER DISCRETIONARY,0.256841165376
CONSUMER STAPLES,0.061128054898
ENERGY,0.05696155544
HEALTH CARE,0.217965207272
INDUSTRIALS,0.182877523175
MATERIALS,0.103529435371
TECHNOLOGY,0.059932180264
