SECTOR,WEIGHT
COMMUNICATION SERVICES,0.060550214291
CONSUMER DISCRETIONARY,0.250979806913
CONSUMER STAPLES,0.059163010023
ENERGY,0.057102736248
HEALTH CARE,0.223011365059
INDUSTRIALS,0.185237342137
MATERIALS,0.103014690343
TECHNOLOGY,0.060940834987
