SECTOR,WEIGHT
COMMUNICATION SERVICES,0.041423194264
CONSUMER DISCRETIONARY,0.250715643598
CONSUMER STAPLES,0.019983934327
ENERGY,0.128038605692
HEALTH CARE,0.116781617024
INDUSTRIALS,0.199591947933
MATERIALS,0.099401844147
REAL ESTATE,0.019567268495
TECHNOLOGY,0.124495944519
