SECTOR,WEIGHT
COMMUNICATION SERVICES,0.058900728276
CONSUMER DISCRETIONARY,0.255891175669
CONSUMER STAPLES,0.060615144613
ENERGY,0.06048581145
HEALTH CARE,0.216083631435
INDUSTRIALS,0.185493832112
MATERIALS,0.10000461188
TECHNOLOGY,0.062525064566
