SECTOR,WEIGHT
COMMUNICATION SERVICES,0.086617278697
CONSUMER DISCRETIONARY,0.218031961014
CONSUMER STAPLES,0.03908219464
ENERGY,0.144222972431
HEALTH CARE,0.181361293534
INDUSTRIALS,0.139818397855
MATERIALS,0.079048515551
TECHNOLOGY,0.111817386278
