SECTOR,WEIGHT
COMMUNICATION SERVICES,0.112743628186
CONSUMER DISCRETIONARY,0.071964017991
CONSUMER STAPLES,0.054272863568
ENERGY,0.034982508746
FINANCIALS,0.131034482759
HEALTH CARE,0.088755622189
INDUSTRIALS,0.091654172914
MATERIALS,0.021289355322
REAL ESTATE,0.015392303848
TECHNOLOGY,0.354222888556
UTILITIES,0.023688155922
