SECTOR,WEIGHT
COMMUNICATION SERVICES,0.11659327462
CONSUMER DISCRETIONARY,0.071857485989
CONSUMER STAPLES,0.053442754203
ENERGY,0.034027221777
FINANCIALS,0.125900720576
HEALTH CARE,0.085068054444
INDUSTRIALS,0.090972778223
MATERIALS,0.020816653323
REAL ESTATE,0.015212169736
TECHNOLOGY,0.362489991994
UTILITIES,0.023618895116
