SECTOR,WEIGHT
COMMUNICATION SERVICES,0.113601034584
CONSUMER DISCRETIONARY,0.091250779491
CONSUMER STAPLES,0.053261651831
ENERGY,0.03256196643
FINANCIALS,0.130830419729
HEALTH CARE,0.090612172176
INDUSTRIALS,0.080458516049
MATERIALS,0.018269374175
REAL ESTATE,0.014531819761
TECHNOLOGY,0.346534554361
UTILITIES,0.025482233604
