SECTOR,WEIGHT
COMMUNICATION SERVICES,0.109423683126
CONSUMER DISCRETIONARY,0.07772858932
CONSUMER STAPLES,0.054179022983
ENERGY,0.032170063512
FINANCIALS,0.152651000786
HEALTH CARE,0.093714161607
INDUSTRIALS,0.087302070584
MATERIALS,0.018577607817
REAL ESTATE,0.014995037176
TECHNOLOGY,0.333118176116
UTILITIES,0.026140586973
