SECTOR,WEIGHT
COMMUNICATION SERVICES,0.109156124522
CONSUMER DISCRETIONARY,0.091570254883
CONSUMER STAPLES,0.050993716258
ENERGY,0.029243378145
FINANCIALS,0.138044121342
HEALTH CARE,0.092344085203
INDUSTRIALS,0.076843453025
MATERIALS,0.016601813746
REAL ESTATE,0.014484541913
TECHNOLOGY,0.355238170557
UTILITIES,0.025480340405
