SECTOR,WEIGHT
COMMUNICATION SERVICES,0.112548309652
CONSUMER DISCRETIONARY,0.075838496906
CONSUMER STAPLES,0.054059617298
ENERGY,0.031965451006
FINANCIALS,0.145603206686
HEALTH CARE,0.095219591151
INDUSTRIALS,0.084986831258
MATERIALS,0.01795929187
REAL ESTATE,0.015096609262
TECHNOLOGYQ,0.340034681535
UTILITIES,0.026687913374
