SECTOR,WEIGHT
COMMUNICATION SERVICES,0.109861529199
CONSUMER DISCRETIONARY,0.092526590407
CONSUMER STAPLES,0.053526991772
ENERGY,0.031202087096
FINANCIALS,0.133084487257
HEALTH CARE,0.094082881798
INDUSTRIALS,0.080428456753
MATERIALS,0.017761388722
REAL ESTATE,0.014691952639
TECHNOLOGY,0.347234597632
UTILITIES,0.025599036725
