SECTOR,WEIGHT
COMMUNICATION SERVICES,0.107195453818
CONSUMER DISCRETIONARY,0.086220385785
CONSUMER STAPLES,0.057834760685
ENERGY,0.035121858492
FINANCIALS,0.129525172083
HEALTH CARE,0.093087682087
INDUSTRIALS,0.085577076997
MATERIALS,0.019461341444
REAL ESTATE,0.015520449816
TECHNOLOGY,0.342606451097
UTILITIES,0.027849367696
