SECTOR,WEIGHT
COMMUNICATION SERVICES,0.108701477125
CONSUMER DISCRETIONARY,0.091989366389
CONSUMER STAPLES,0.054145512678
ENERGY,0.031907858094
FINANCIALS,0.132508683213
HEALTH CARE,0.095279001829
INDUSTRIALS,0.081921757255
MATERIALS,0.018150197248
REAL ESTATE,0.014858554708
TECHNOLOGY,0.344804573777
UTILITIES,0.025733017684
