SECTOR,WEIGHT
COMMUNICATION SERVICES,0.106820642367
CONSUMER DISCRETIONARY,0.085931673283
CONSUMER STAPLES,0.059252576286
ENERGY,0.035577809856
FINANCIALS,0.131360519668
HEALTH CARE,0.09463691407
INDUSTRIALS,0.086135169814
MATERIALS,0.019582781988
REAL ESTATE,0.015668230482
TECHNOLOGY,0.337163679378
UTILITIES,0.027870002807
