SECTOR,WEIGHT
COMMUNICATION SERVICES,0.107250394494
CONSUMER DISCRETIONARY,0.067695065902
CONSUMER STAPLES,0.060167951
ENERGY,0.043509762164
FINANCIALS,0.135102318595
HEALTH CARE,0.097671611124
INDUSTRIALS,0.095553985463
MATERIALS,0.022288534741
REAL ESTATE,0.01586670251
TECHNOLOGY,0.327577402266
UTILITIES,0.02731627174
