SECTOR,WEIGHT
COMMUNICATION SERVICES,0.110048115028
CONSUMER DISCRETIONARY,0.086227773819
CONSUMER STAPLES,0.056489124082
ENERGY,0.039157506665
FINANCIALS,0.128021199433
HEALTH CARE,0.090872154929
INDUSTRIALS,0.08423232113
MATERIALS,0.018948794723
REAL ESTATE,0.015606361431
TECHNOLOGY,0.341676740667
UTILITIES,0.028719908093
