SECTOR,WEIGHT
COMMUNICATION SERVICES,0.103946416439
CONSUMER DISCRETIONARY,0.068841327644
CONSUMER STAPLES,0.058537875858
ENERGY,0.041885204997
FINANCIALS,0.136089338002
HEALTH CARE,0.097799618806
INDUSTRIALS,0.095191188054
MATERIALS,0.021994793159
REAL ESTATE,0.015613507322
TECHNOLOGY,0.333475295565
UTILITIES,0.026625434154
