SECTOR,WEIGHT
COMMUNICATION SERVICES,0.011734274051
CONSUMER DISCRETIONARY,0.097064529498
CONSUMER STAPLES,0.051632007079
ENERGY,0.055641200696
FINANCIALS,0.146095816224
HEALTH CARE,0.093402699223
INDUSTRIALS,0.242244387629
MATERIALS,0.0618947419
REAL ESTATE,0.067844965834
TECHNOLOGY,0.132858970483
UTILITIES,0.039586407382
