SECTOR,WEIGHT
COMMUNICATION SERVICES,0.011850162084
CONSUMER DISCRETIONARY,0.099640813223
CONSUMER STAPLES,0.050757393845
ENERGY,0.051291671669
FINANCIALS,0.148205066635
HEALTH CARE,0.092103894025
INDUSTRIALS,0.247137511506
MATERIALS,0.064557569936
REAL ESTATE,0.067110897667
TECHNOLOGY,0.129098131028
UTILITIES,0.038246888382
