SECTOR,WEIGHT
COMMUNICATION SERVICES,0.011865049697
CONSUMER DISCRETIONARY,0.098050048391
CONSUMER STAPLES,0.052454428901
ENERGY,0.05437605652
FINANCIALS,0.147019525538
HEALTH CARE,0.093699363361
INDUSTRIALS,0.242277208796
MATERIALS,0.063525806358
REAL ESTATE,0.068636134806
TECHNOLOGY,0.12856289277
UTILITIES,0.039533484862
