SECTOR,WEIGHT
COMMUNICATION SERVICES,0.009249949729
CONSUMER DISCRETIONARY,0.10536899256
CONSUMER STAPLES,0.037804142369
ENERGY,0.049567665393
FINANCIALS,0.157952945908
HEALTH CARE,0.088075608285
INDUSTRIALS,0.259903478785
MATERIALS,0.065051276895
REAL ESTATE,0.068771365373
TECHNOLOGY,0.124170520812
UTILITIES,0.034084053891
