SECTOR,WEIGHT
COMMUNICATION SERVICES,0.011137177034
CONSUMER DISCRETIONARY,0.104523127057
CONSUMER STAPLES,0.048268773469
ENERGY,0.047147849828
FINANCIALS,0.156421891639
HEALTH CARE,0.089391658727
INDUSTRIALS,0.249958966188
MATERIALS,0.065234753437
REAL ESTATE,0.065087632209
TECHNOLOGY,0.126271047343
UTILITIES,0.036557123069
