SECTOR,WEIGHT
COMMUNICATION SERVICES,0.009514174916
CONSUMER DISCRETIONARY,0.103634254241
CONSUMER STAPLES,0.047845862338
ENERGY,0.055438133777
FINANCIALS,0.154783984071
HEALTH CARE,0.089904938539
INDUSTRIALS,0.26081283972
MATERIALS,0.06353220769
REAL ESTATE,0.068618477571
TECHNOLOGY,0.109506346798
UTILITIES,0.036408780339
