SECTOR,WEIGHT
COMMUNICATION SERVICES,0.011011422513
CONSUMER DISCRETIONARY,0.101155254156
CONSUMER STAPLES,0.05040308868
ENERGY,0.04897577467
FINANCIALS,0.149443877653
HEALTH CARE,0.092194282742
INDUSTRIALS,0.247292404329
MATERIALS,0.064573206105
REAL ESTATE,0.065781471924
TECHNOLOGY,0.13077877133
UTILITIES,0.038390445898
