SECTOR,WEIGHT
COMMUNICATION SERVICES,0.009041502076
CONSUMER DISCRETIONARY,0.103829721231
CONSUMER STAPLES,0.037559952703
ENERGY,0.053418084616
FINANCIALS,0.159338722446
HEALTH CARE,0.085894773313
INDUSTRIALS,0.264938068178
MATERIALS,0.063534253363
REAL ESTATE,0.070063835402
TECHNOLOGY,0.116966438573
UTILITIES,0.0354146481
