SECTOR,WEIGHT
COMMUNICATION SERVICES,0.014864275744
CONSUMER DISCRETIONARY,0.106617632355
CONSUMER STAPLES,0.046737578441
ENERGY,0.042732043083
FINANCIALS,0.164680897016
HEALTH CARE,0.09570189858
INDUSTRIALS,0.233487915402
MATERIALS,0.061606853605
REAL ESTATE,0.06690223934
TECHNOLOGY,0.130012918501
UTILITIES,0.036655747933
