SECTOR,WEIGHT
COMMUNICATION SERVICES,0.01798032548
CONSUMER DISCRETIONARY,0.136007205894
CONSUMER STAPLES,0.025571816047
ENERGY,0.068016759777
FINANCIALS,0.192027973443
HEALTH CARE,0.11097684398
INDUSTRIALS,0.189310582139
MATERIALS,0.052512954417
REAL ESTATE,0.061999028419
TECHNOLOGY,0.122057930532
UTILITIES,0.023538579872
