SECTOR,WEIGHT
COMMUNICATION SERVICES,0.025741187706
CONSUMER DISCRETIONARY,0.129254669227
CONSUMER STAPLES,0.024546419407
ENERGY,0.044908641856
FINANCIALS,0.201382159331
HEALTH CARE,0.108120010513
INDUSTRIALS,0.196036298485
MATERIALS,0.045350034007
REAL ESTATE,0.077877626033
TECHNOLOGY,0.125699456084
UTILITIES,0.021083497351
