SECTOR,WEIGHT
COMMUNICATION SERVICES,0.018657292448
CONSUMER DISCRETIONARY,0.122443337467
CONSUMER STAPLES,0.025979555781
ENERGY,0.056931429834
FINANCIALS,0.18628637042
HEALTH CARE,0.110982184208
INDUSTRIALS,0.191129537568
MATERIALS,0.051557532285
REAL ESTATE,0.07952379559
TECHNOLOGY,0.134130505193
UTILITIES,0.022378459207
