SECTOR,WEIGHT
COMMUNICATION SERVICES,0.018839984457
CONSUMER DISCRETIONARY,0.126463961923
CONSUMER STAPLES,0.025637076365
ENERGY,0.05506026983
FINANCIALS,0.189934022304
HEALTH CARE,0.11035207567
INDUSTRIALS,0.193847987549
MATERIALS,0.051971780794
REAL ESTATE,0.077194105697
TECHNOLOGY,0.129245414077
UTILITIES,0.021453321334
