SECTOR,WEIGHT
COMMUNICATION SERVICES,0.107171223079
CONSUMER DISCRETIONARY,0.04318138623
CONSUMER STAPLES,0.062250297592
ENERGY,0.063359641489
FINANCIALS,0.235401974612
HEALTH CARE,0.105088577459
INDUSTRIALS,0.161443047345
MATERIALS,0.024127479519
TECHNOLOGY,0.188876551731
UTILITIES,0.009099820944
