SECTOR,WEIGHT
COMMUNICATION SERVICES,0.080864866386
CONSUMER DISCRETIONARY,0.106448804984
CONSUMER STAPLES,0.094150864123
ENERGY,0.032336498198
FINANCIALS,0.09151236026
HEALTH CARE,0.108088195384
INDUSTRIALS,0.148920173448
MATERIALS,0.056397643138
REAL ESTATE,0.018309709091
TECHNOLOGY,0.233134180737
UTILITIES,0.029836704252
