SECTOR,WEIGHT
COMMUNICATION SERVICES,0.075837918959
CONSUMER DISCRETIONARY,0.08164082041
CONSUMER STAPLES,0.103651825913
ENERGY,0.049524762381
FINANCIALS,0.102851425713
HEALTH CARE,0.099549774887
INDUSTRIALS,0.141270635318
MATERIALS,0.052526263132
REAL ESTATE,0.023111555778
TECHNOLOGY,0.24032016008
UTILITIES,0.029714857429
