SECTOR,WEIGHT
COMMUNICATION SERVICES,0.083321605494
CONSUMER DISCRETIONARY,0.107440409174
CONSUMER STAPLES,0.097545798887
ENERGY,0.033436404285
FINANCIALS,0.091400746293
HEALTH CARE,0.108952295172
INDUSTRIALS,0.149639519735
MATERIALS,0.05617902982
REAL ESTATE,0.018989046868
TECHNOLOGY,0.222249252099
UTILITIES,0.030845892174
