SECTOR,WEIGHT
COMMUNICATION SERVICES,0.080303024213
CONSUMER DISCRETIONARY,0.103279044342
CONSUMER STAPLES,0.095282404579
ENERGY,0.033955070903
FINANCIALS,0.08644570565
HEALTH CARE,0.111261616129
INDUSTRIALS,0.144959444034
MATERIALS,0.053812019679
REAL ESTATE,0.019056078974
TECHNOLOGY,0.240050926075
UTILITIES,0.031594665423
