SECTOR,WEIGHT
COMMUNICATION SERVICES,0.088992828813
CONSUMER DISCRETIONARY,0.089616802211
CONSUMER STAPLES,0.105841112135
ENERGY,0.042341052041
FINANCIALS,0.099256840671
HEALTH CARE,0.116721084892
INDUSTRIALS,0.144338167541
MATERIALS,0.057635912023
REAL ESTATE,0.022192620488
TECHNOLOGY,0.199942910941
UTILITIES,0.033120668242
