SECTOR,WEIGHT
COMMUNICATION SERVICES,0.08764852501
CONSUMER DISCRETIONARY,0.092900829838
CONSUMER STAPLES,0.104623669907
ENERGY,0.041154566112
FINANCIALS,0.100292295218
HEALTH CARE,0.116835003353
INDUSTRIALS,0.139670066767
MATERIALS,0.058691278191
REAL ESTATE,0.021688905795
TECHNOLOGY,0.203197229201
UTILITIES,0.033297630607
