SECTOR,WEIGHT
COMMUNICATION SERVICES,0.080793372484
CONSUMER DISCRETIONARY,0.096316356227
CONSUMER STAPLES,0.100874875404
ENERGY,0.037479934509
FINANCIALS,0.104645786547
HEALTH CARE,0.109691681978
INDUSTRIALS,0.144036195943
MATERIALS,0.05934981806
REAL ESTATE,0.019809292774
TECHNOLOGY,0.216009759534
UTILITIES,0.030992926539
