SECTOR,WEIGHT
COMMUNICATION SERVICES,0.091312324098
CONSUMER DISCRETIONARY,0.089452733228
CONSUMER STAPLES,0.102055068337
ENERGY,0.049470527589
FINANCIALS,0.100425922456
HEALTH CARE,0.111440191009
INDUSTRIALS,0.135978574628
MATERIALS,0.053891063644
REAL ESTATE,0.020993538523
TECHNOLOGY,0.211682759408
UTILITIES,0.033297297081
