SECTOR,WEIGHT
COMMUNICATION SERVICES,0.078924164464
CONSUMER DISCRETIONARY,0.081195097028
CONSUMER STAPLES,0.101147076162
ENERGY,0.048561325688
FINANCIALS,0.102222991766
HEALTH CARE,0.101476356379
INDUSTRIALS,0.14345908368
MATERIALS,0.052750891008
REAL ESTATE,0.023213754905
TECHNOLOGY,0.237518127927
UTILITIES,0.029531130992
