SECTOR,WEIGHT
COMMUNICATION SERVICES,0.078239963418
CONSUMER DISCRETIONARY,0.099884876058
CONSUMER STAPLES,0.146784536931
ENERGY,0.042142614693
FINANCIALS,0.050636404749
HEALTH CARE,0.163756001704
INDUSTRIALS,0.152140872222
MATERIALS,0.022749820465
REAL ESTATE,0.008481703552
TECHNOLOGY,0.235183206207
