SECTOR,WEIGHT
COMMUNICATION SERVICES,0.076846830972
CONSUMER DISCRETIONARY,0.100492394813
CONSUMER STAPLES,0.149357423768
ENERGY,0.040606052111
FINANCIALS,0.05112175508
HEALTH CARE,0.163741800095
INDUSTRIALS,0.154925149581
MATERIALS,0.022715440252
REAL ESTATE,0.008752573108
TECHNOLOGY,0.231440580221
