SECTOR,WEIGHT
COMMUNICATION SERVICES,0.088875800426
CONSUMER DISCRETIONARY,0.124499089894
CONSUMER STAPLES,0.091800602851
ENERGY,0.020640461375
FINANCIALS,0.090516101992
HEALTH CARE,0.126509263382
INDUSTRIALS,0.110513307851
MATERIALS,0.014244089336
REAL ESTATE,0.013106331142
TECHNOLOGY,0.319294951751
