SECTOR,WEIGHT
COMMUNICATION SERVICES,0.090546302452
CONSUMER DISCRETIONARY,0.12514385101
CONSUMER STAPLES,0.095104345957
ENERGY,0.020281737098
FINANCIALS,0.088677494572
HEALTH CARE,0.13495182874
INDUSTRIALS,0.110405273232
MATERIALS,0.014244513578
REAL ESTATE,0.013481324976
TECHNOLOGY,0.307163328386
