SECTOR,WEIGHT
COMMUNICATION SERVICES,0.073858504767
CONSUMER DISCRETIONARY,0.093928750627
CONSUMER STAPLES,0.160461615655
ENERGY,0.051480180632
FINANCIALS,0.039839438033
HEALTH CARE,0.166482689413
INDUSTRIALS,0.16407425991
MATERIALS,0.019668840943
REAL ESTATE,0.008529854491
TECHNOLOGY,0.221675865529
