SECTOR,WEIGHT
COMMUNICATION SERVICES,0.077116637509
CONSUMER DISCRETIONARY,0.099162006968
CONSUMER STAPLES,0.142845241787
ENERGY,0.046334018864
FINANCIALS,0.051295331067
HEALTH CARE,0.162271945752
INDUSTRIALS,0.151285394391
MATERIALS,0.022031317593
REAL ESTATE,0.008662975041
TECHNOLOGY,0.238995131029
