SECTOR,WEIGHT
COMMUNICATION SERVICES,0.072296047166
CONSUMER DISCRETIONARY,0.0903936379
CONSUMER STAPLES,0.161826796113
ENERGY,0.053438913482
FINANCIALS,0.039479176282
HEALTH CARE,0.165766987875
INDUSTRIALS,0.164965303837
MATERIALS,0.019684905062
REAL ESTATE,0.0082847373
TECHNOLOGY,0.223863494981
