SECTOR,WEIGHT
COMMUNICATION SERVICES,0.076882065905
CONSUMER DISCRETIONARY,0.099027088897
CONSUMER STAPLES,0.142867326653
ENERGY,0.047331271712
FINANCIALS,0.051406654752
HEALTH CARE,0.163030382136
INDUSTRIALS,0.150873511516
MATERIALS,0.022005461957
REAL ESTATE,0.008718046547
TECHNOLOGY,0.237858189923
