SECTOR,WEIGHT
COMMUNICATION SERVICES,0.089698031869
CONSUMER DISCRETIONARY,0.122752361959
CONSUMER STAPLES,0.092201003203
ENERGY,0.020320904091
FINANCIALS,0.092486049838
HEALTH CARE,0.130019540299
INDUSTRIALS,0.111182288834
MATERIALS,0.014901996334
REAL ESTATE,0.013448560666
TECHNOLOGY,0.312989262908
