SECTOR,WEIGHT
COMMUNICATION SERVICES,0.030992680695
CONSUMER DISCRETIONARY,0.190301921317
CONSUMER STAPLES,0.020585544373
ENERGY,0.187785910339
FINANCIALS,0.236619396157
HEALTH CARE,0.091948764867
INDUSTRIALS,0.155649588289
MATERIALS,0.041056724611
TECHNOLOGY,0.035224153705
UTILITIES,0.009835315645
