SECTOR,WEIGHT
COMMUNICATION SERVICES,0.061463819514
CONSUMER DISCRETIONARY,0.198053060027
CONSUMER STAPLES,0.009316350971
ENERGY,0.097271138054
FINANCIALS,0.244114946658
HEALTH CARE,0.101220351614
INDUSTRIALS,0.164327445584
MATERIALS,0.054774699598
TECHNOLOGY,0.059433432882
UTILITIES,0.010024755099
