SECTOR,WEIGHT
COMMUNICATION SERVICES,0.030775338095
CONSUMER DISCRETIONARY,0.182996347335
CONSUMER STAPLES,0.020734744858
ENERGY,0.221149633402
FINANCIALS,0.223870372746
HEALTH CARE,0.091643408864
INDUSTRIALS,0.148521142614
MATERIALS,0.041019260608
TECHNOLOGY,0.02902525398
UTILITIES,0.010264497498
