SECTOR,WEIGHT
COMMUNICATION SERVICES,0.029620452754
CONSUMER DISCRETIONARY,0.182115103052
CONSUMER STAPLES,0.019822052033
ENERGY,0.207455794571
FINANCIALS,0.224574839509
HEALTH CARE,0.088072981192
INDUSTRIALS,0.162630926906
MATERIALS,0.040094605248
TECHNOLOGY,0.036490595788
UTILITIES,0.009122648947
