SECTOR,WEIGHT
COMMUNICATION SERVICES,0.05794904072
CONSUMER DISCRETIONARY,0.195240129028
CONSUMER STAPLES,0.009336540299
ENERGY,0.106622233711
FINANCIALS,0.228536747103
HEALTH CARE,0.093103525789
INDUSTRIALS,0.183388218898
MATERIALS,0.064159913682
TECHNOLOGY,0.052136041271
UTILITIES,0.0095276095
