SECTOR,WEIGHT
COMMUNICATION SERVICES,0.032639838527
CONSUMER DISCRETIONARY,0.10542903999
CONSUMER STAPLES,0.037029897818
ENERGY,0.038699129557
FINANCIALS,0.141599091712
HEALTH CARE,0.118397376057
INDUSTRIALS,0.215381354863
MATERIALS,0.060192254321
REAL ESTATE,0.067922795509
TECHNOLOGY,0.150690046676
UTILITIES,0.032019174972
