SECTOR,WEIGHT
COMMUNICATION SERVICES,0.032817213978
CONSUMER DISCRETIONARY,0.103728740757
CONSUMER STAPLES,0.038239535288
ENERGY,0.049744837954
FINANCIALS,0.133494237122
HEALTH CARE,0.118919831051
INDUSTRIALS,0.211602458555
MATERIALS,0.065595565601
REAL ESTATE,0.07075710005
TECHNOLOGY,0.140203106943
UTILITIES,0.0348973727
