SECTOR,WEIGHT
COMMUNICATION SERVICES,0.039950576606
CONSUMER DISCRETIONARY,0.100185337727
CONSUMER STAPLES,0.032640032949
ENERGY,0.052203459638
FINANCIALS,0.058587314662
HEALTH CARE,0.165671334432
INDUSTRIALS,0.230848434926
MATERIALS,0.037479406919
REAL ESTATE,0.043245469522
TECHNOLOGY,0.228892092257
UTILITIES,0.010296540362
