SECTOR,WEIGHT
COMMUNICATION SERVICES,0.031542637321
CONSUMER DISCRETIONARY,0.10702713854
CONSUMER STAPLES,0.040906020314
ENERGY,0.035172098555
FINANCIALS,0.202006973743
HEALTH CARE,0.085711511935
INDUSTRIALS,0.201126154369
MATERIALS,0.077400864841
REAL ESTATE,0.090337077743
TECHNOLOGY,0.080107033206
UTILITIES,0.048662489432
