SECTOR,WEIGHT
COMMUNICATION SERVICES,0.027738408585
CONSUMER DISCRETIONARY,0.105385705608
CONSUMER STAPLES,0.04241749342
ENERGY,0.048086657218
FINANCIALS,0.187689815752
HEALTH CARE,0.084733751772
INDUSTRIALS,0.193460214618
MATERIALS,0.085948572586
REAL ESTATE,0.091718971452
TECHNOLOGY,0.080076938652
UTILITIES,0.052743470338
