SECTOR,WEIGHT
COMMUNICATION SERVICES,0.027727180733
CONSUMER DISCRETIONARY,0.105343047966
CONSUMER STAPLES,0.042400323821
ENERGY,0.048067192876
FINANCIALS,0.187613843352
HEALTH CARE,0.084699453552
INDUSTRIALS,0.193381906497
MATERIALS,0.085913782635
REAL ESTATE,0.09168184578
TECHNOLOGY,0.080449301761
UTILITIES,0.052722121028
