SECTOR,WEIGHT
COMMUNICATION SERVICES,0.107751807195
CONSUMER DISCRETIONARY,0.021960507842
CONSUMER STAPLES,0.000459958503
FINANCIALS,0.177416439198
HEALTH CARE,0.050381524531
INDUSTRIALS,0.067556656242
MATERIALS,0.002792892135
REAL ESTATE,0.037980721914
TECHNOLOGY,0.53255763039
UTILITIES,0.001141862049
