SECTOR,WEIGHT
COMMUNICATION SERVICES,0.106810562304
CONSUMER DISCRETIONARY,0.022014344688
CONSUMER STAPLES,0.000606821111
FINANCIALS,0.177937230183
HEALTH CARE,0.051317575408
INDUSTRIALS,0.069332325983
MATERIALS,0.003060226995
REAL ESTATE,0.03936299858
TECHNOLOGY,0.528461818997
UTILITIES,0.001096095749
