SECTOR,WEIGHT
COMMUNICATION SERVICES,0.101201779336
CONSUMER DISCRETIONARY,0.024482036944
CONSUMER STAPLES,0.000629272589
FINANCIALS,0.178636650128
HEALTH CARE,0.058975871487
INDUSTRIALS,0.064653465747
MATERIALS,0.001647421497
REAL ESTATE,0.036500840377
TECHNOLOGY,0.532222190798
UTILITIES,0.001050471096
