SECTOR,WEIGHT
COMMUNICATION SERVICES,0.101039365516
CONSUMER DISCRETIONARY,0.024393703449
CONSUMER STAPLES,0.000525114982
FINANCIALS,0.192989815586
HEALTH CARE,0.055847286101
INDUSTRIALS,0.061568222697
MATERIALS,0.001569309142
REAL ESTATE,0.035595150432
TECHNOLOGY,0.52542180213
UTILITIES,0.001050229964
