SECTOR,WEIGHT
COMMUNICATION SERVICES,0.100230522461
CONSUMER DISCRETIONARY,0.020306686358
CONSUMER STAPLES,0.000383031215
FINANCIALS,0.162414282942
HEALTH CARE,0.056337759137
INDUSTRIALS,0.063354971413
MATERIALS,0.002488194898
REAL ESTATE,0.036873540385
TECHNOLOGY,0.55661271724
UTILITIES,0.000998293953
