SECTOR,WEIGHT
COMMUNICATION SERVICES,0.108298691425
CONSUMER DISCRETIONARY,0.022339888095
CONSUMER STAPLES,0.00046200371
FINANCIALS,0.18108235417
HEALTH CARE,0.051098614692
INDUSTRIALS,0.067380228049
MATERIALS,0.00281621392
REAL ESTATE,0.038802285512
TECHNOLOGY,0.52652855434
UTILITIES,0.001191166087
