SECTOR,WEIGHT
ENERGY,0.000039909427
FINANCIALS,0.995226622528
REAL ESTATE,0.000322426157
TECHNOLOGY,0.004411041888
