SECTOR,WEIGHT
FINANCIALS,0.994351417037
REAL ESTATE,0.000253336629
TECHNOLOGYQ,0.005395246334
