SECTOR,WEIGHT
ENERGY,0.000040510086
FINANCIALS,0.99515478051
REAL ESTATE,0.000327278852
TECHNOLOGY,0.004477430552
