SECTOR,WEIGHT
ENERGY,0.000028984107
FINANCIALS,0.994979308568
REAL ESTATE,0.000349956255
TECHNOLOGY,0.004641751069
