SECTOR,WEIGHT
COMMUNICATION SERVICES,0.04568222801
CONSUMER DISCRETIONARY,0.167701863354
ENERGY,0.113003406131
HEALTH CARE,0.181025846524
INDUSTRIALS,0.097174914847
MATERIALS,0.043979162492
TECHNOLOGY,0.335604087357
UTILITIES,0.015828491284
