SECTOR,WEIGHT
COMMUNICATION SERVICES,0.035111204183
CONSUMER DISCRETIONARY,0.122787013203
ENERGY,0.2829156267
HEALTH CARE,0.226581592318
INDUSTRIALS,0.062749679619
MATERIALS,0.029797731328
TECHNOLOGY,0.223053638722
UTILITIES,0.017003513926
