SECTOR,WEIGHT
COMMUNICATION SERVICES,0.035840079776
CONSUMER DISCRETIONARY,0.131564140096
ENERGY,0.255261824713
HEALTH CARE,0.238331474432
INDUSTRIALS,0.067868578031
MATERIALS,0.034482447902
TECHNOLOGY,0.217273162341
UTILITIES,0.019378292708
