SECTOR,WEIGHT
COMMUNICATION SERVICES,0.037261309753
CONSUMER DISCRETIONARY,0.133239018647
ENERGY,0.242616021082
HEALTH CARE,0.220335928489
INDUSTRIALS,0.065813028643
MATERIALS,0.035311939318
TECHNOLOGY,0.249078879918
UTILITIES,0.016343874151
