SECTOR,WEIGHT
COMMUNICATION SERVICES,0.04700845287
CONSUMER DISCRETIONARY,0.172820246837
ENERGY,0.121499248033
HEALTH CARE,0.182473661128
INDUSTRIALS,0.097655585082
MATERIALS,0.04220327341
TECHNOLOGY,0.320183756311
UTILITIES,0.016155776328
