SECTOR,WEIGHT
COMMUNICATION SERVICES,0.029870101259
CONSUMER DISCRETIONARY,0.151257129811
ENERGY,0.220593536707
HEALTH CARE,0.190526164002
INDUSTRIALS,0.053557695389
MATERIALS,0.037456540199
TECHNOLOGY,0.299825559971
UTILITIES,0.016913272663
