SECTOR,WEIGHT
COMMUNICATION SERVICES,0.048698530468
CONSUMER DISCRETIONARY,0.17654874322
ENERGY,0.135306836293
HEALTH CARE,0.177154311435
INDUSTRIALS,0.101575782895
MATERIALS,0.044009644904
TECHNOLOGY,0.299405779913
UTILITIES,0.017300370873
