SECTOR,WEIGHT
COMMUNICATION SERVICES,0.040798825292
CONSUMER DISCRETIONARY,0.132243880226
ENERGY,0.217640875655
HEALTH CARE,0.222335894982
INDUSTRIALS,0.064451452036
MATERIALS,0.028966493951
TECHNOLOGY,0.276578864489
UTILITIES,0.016983713368
