SECTOR,WEIGHT
COMMUNICATION SERVICES,0.048441116953
CONSUMER DISCRETIONARY,0.179697613345
ENERGY,0.131410150189
HEALTH CARE,0.178331801817
INDUSTRIALS,0.101905608364
MATERIALS,0.041562849926
TECHNOLOGY,0.301821249416
UTILITIES,0.016829609991
