SECTOR,WEIGHT
COMMUNICATION SERVICES,0.048343509158
CONSUMER DISCRETIONARY,0.181663497147
ENERGY,0.115503953558
HEALTH CARE,0.172855570013
INDUSTRIALS,0.097888099289
MATERIALS,0.045240716645
TECHNOLOGY,0.322290061055
UTILITIES,0.016214593134
