SECTOR,WEIGHT
COMMUNICATION SERVICES,0.033654154122
CONSUMER DISCRETIONARY,0.130970349433
ENERGY,0.252574306579
HEALTH CARE,0.23091489975
INDUSTRIALS,0.067724681314
MATERIALS,0.032951524566
TECHNOLOGY,0.234966530011
UTILITIES,0.016243554225
