SECTOR,WEIGHT
COMMUNICATION SERVICES,0.040655809903
CONSUMER DISCRETIONARY,0.13793527981
ENERGY,0.225716916733
HEALTH CARE,0.221292802306
INDUSTRIALS,0.065495911197
MATERIALS,0.031416217082
TECHNOLOGY,0.261713393456
UTILITIES,0.015773669513
