SECTOR,WEIGHT
COMMUNICATION SERVICES,0.050528064006
CONSUMER DISCRETIONARY,0.11862813811
CONSUMER STAPLES,0.064364766814
ENERGY,0.06597235471
FINANCIALS,0.264434653209
HEALTH CARE,0.183723900544
INDUSTRIALS,0.096234368442
MATERIALS,0.035297649769
REAL ESTATE,0.002589612231
TECHNOLOGY,0.118226492165
