SECTOR,WEIGHT
COMMUNICATION SERVICES,0.04889809313
CONSUMER DISCRETIONARY,0.118284129701
CONSUMER STAPLES,0.066809430901
ENERGY,0.115212952732
FINANCIALS,0.248718999898
HEALTH CARE,0.158695943407
INDUSTRIALS,0.093221149924
MATERIALS,0.029205895773
REAL ESTATE,0.002989587814
TECHNOLOGY,0.117963816721
