SECTOR,WEIGHT
COMMUNICATION SERVICES,0.060241640009
CONSUMER DISCRETIONARY,0.126237663452
CONSUMER STAPLES,0.064833521739
ENERGY,0.063522700852
FINANCIALS,0.254586870946
HEALTH CARE,0.177561111512
INDUSTRIALS,0.091472849572
MATERIALS,0.0309576208
REAL ESTATE,0.002067449151
TECHNOLOGY,0.128518571967
