SECTOR,WEIGHT
COMMUNICATION SERVICES,0.060180034389
CONSUMER DISCRETIONARY,0.120461211692
CONSUMER STAPLES,0.063922322241
ENERGY,0.069788611308
FINANCIALS,0.253767573581
HEALTH CARE,0.180944674826
INDUSTRIALS,0.089410336806
MATERIALS,0.031556589461
REAL ESTATE,0.002427429959
TECHNOLOGY,0.127541215738
