SECTOR,WEIGHT
COMMUNICATION SERVICES,0.051778492181
CONSUMER DISCRETIONARY,0.116396154275
CONSUMER STAPLES,0.065308631188
ENERGY,0.064067297176
FINANCIALS,0.261846152919
HEALTH CARE,0.186743436547
INDUSTRIALS,0.094588446555
MATERIALS,0.036291946494
REAL ESTATE,0.002757850484
TECHNOLOGY,0.120221592182
