SECTOR,WEIGHT
COMMUNICATION SERVICES,0.03547331834
CONSUMER DISCRETIONARY,0.083929666735
CONSUMER STAPLES,0.02760171744
ENERGY,0.079227151912
FINANCIALS,0.062154978532
HEALTH CARE,0.229707626252
INDUSTRIALS,0.243815170722
MATERIALS,0.066141893273
TECHNOLOGY,0.171948476794
