SECTOR,WEIGHT
COMMUNICATION SERVICES,0.057002758198
CONSUMER DISCRETIONARY,0.067218306262
CONSUMER STAPLES,0.025743181122
ENERGY,0.038921238124
FINANCIALS,0.076310144039
HEALTH CARE,0.255286546123
INDUSTRIALS,0.195219123506
MATERIALS,0.053835938298
REAL ESTATE,0.001328021248
TECHNOLOGY,0.228930432118
