SECTOR,WEIGHT
COMMUNICATION SERVICES,0.076103632447
CONSUMER DISCRETIONARY,0.101299479987
CONSUMER STAPLES,0.022268320434
ENERGY,0.021995688185
FINANCIALS,0.08219309003
HEALTH CARE,0.174261302418
INDUSTRIALS,0.201609033282
MATERIALS,0.053142162125
REAL ESTATE,0.001439618999
TECHNOLOGY,0.265687672093
