SECTOR,WEIGHT
COMMUNICATION SERVICES,0.054079280721
CONSUMER DISCRETIONARY,0.064112936779
CONSUMER STAPLES,0.024629978856
ENERGY,0.038653837863
FINANCIALS,0.075934163656
HEALTH CARE,0.252872595226
INDUSTRIALS,0.194291804143
MATERIALS,0.060400443935
REAL ESTATE,0.00132839671
TECHNOLOGY,0.233696562109
