SECTOR,WEIGHT
COMMUNICATION SERVICES,0.034097590837
CONSUMER DISCRETIONARY,0.064033918374
CONSUMER STAPLES,0.028237791077
ENERGY,0.155993507906
FINANCIALS,0.056945775709
HEALTH CARE,0.217879839872
INDUSTRIALS,0.216533696869
MATERIALS,0.059177936545
TECHNOLOGY,0.167099942812
