SECTOR,WEIGHT
COMMUNICATION SERVICES,0.112511756333
CONSUMER DISCRETIONARY,0.062674961902
CONSUMER STAPLES,0.09205397603
ENERGY,0.030067042534
FINANCIALS,0.119042996746
HEALTH CARE,0.089228432472
INDUSTRIALS,0.100447117875
REAL ESTATE,0.057247182252
TECHNOLOGY,0.262286688562
UTILITIES,0.066110074486
