SECTOR,WEIGHT
COMMUNICATION SERVICES,0.119331962949
CONSUMER DISCRETIONARY,0.067622919923
CONSUMER STAPLES,0.092824582477
ENERGY,0.027937739671
FINANCIALS,0.108946529896
HEALTH CARE,0.096723643144
INDUSTRIALS,0.101061963804
REAL ESTATE,0.063039337391
TECHNOLOGY,0.255227143654
UTILITIES,0.067284177091
