SECTOR,WEIGHT
COMMUNICATION SERVICES,0.116278205309
CONSUMER DISCRETIONARY,0.06154634411
CONSUMER STAPLES,0.085664771243
ENERGY,0.027648737166
FINANCIALS,0.117865538789
HEALTH CARE,0.098519158512
INDUSTRIALS,0.096674636822
REAL ESTATE,0.056658763487
TECHNOLOGY,0.274814643654
UTILITIES,0.064329200908
