SECTOR,WEIGHT
COMMUNICATION SERVICES,0.117191669503
CONSUMER DISCRETIONARY,0.061261295734
CONSUMER STAPLES,0.084838592089
ENERGY,0.026965764888
FINANCIALS,0.119688965777
HEALTH CARE,0.095405780435
INDUSTRIALS,0.096968604555
REAL ESTATE,0.053539816771
TECHNOLOGY,0.278512980906
UTILITIES,0.065626529342
