SECTOR,WEIGHT
COMMUNICATION SERVICES,0.116382194944
CONSUMER DISCRETIONARY,0.057411839892
CONSUMER STAPLES,0.093095908471
ENERGY,0.029030987421
FINANCIALS,0.116593212471
HEALTH CARE,0.099443516637
INDUSTRIALS,0.095237233942
REAL ESTATE,0.062966625066
TECHNOLOGY,0.262820319581
UTILITIES,0.067018161575
