SECTOR,WEIGHT
COMMUNICATION SERVICES,0.119433496296
CONSUMER DISCRETIONARY,0.067861498916
CONSUMER STAPLES,0.092675772391
ENERGY,0.031364346555
FINANCIALS,0.10743309309
HEALTH CARE,0.094380323572
INDUSTRIALS,0.095215966937
REAL ESTATE,0.064374779497
TECHNOLOGY,0.259713724107
UTILITIES,0.067546998639
