SECTOR,WEIGHT
COMMUNICATION SERVICES,0.027937981948
CONSUMER DISCRETIONARY,0.129271406127
CONSUMER STAPLES,0.101099964731
ENERGY,0.021720746429
FINANCIALS,0.196614938198
HEALTH CARE,0.124092213476
INDUSTRIALS,0.193647097488
MATERIALS,0.021745795726
TECHNOLOGY,0.183869855876
