SECTOR,WEIGHT
COMMUNICATION SERVICES,0.027420474786
CONSUMER DISCRETIONARY,0.122776262692
CONSUMER STAPLES,0.085228084652
ENERGY,0.025152207384
FINANCIALS,0.197969226434
HEALTH CARE,0.083821235572
INDUSTRIALS,0.192382083304
MATERIALS,0.022434110555
TECHNOLOGY,0.242816314619
