SECTOR,WEIGHT
COMMUNICATION SERVICES,0.026283554194
CONSUMER DISCRETIONARY,0.127648645693
CONSUMER STAPLES,0.087293824233
ENERGY,0.022259609163
FINANCIALS,0.191704714065
HEALTH CARE,0.089720631271
INDUSTRIALS,0.192408979688
MATERIALS,0.021921521535
REAL ESTATE,0.001164746991
TECHNOLOGY,0.239593773168
