SECTOR,WEIGHT
COMMUNICATION SERVICES,0.028493220983
CONSUMER DISCRETIONARY,0.133085633014
CONSUMER STAPLES,0.093465943545
ENERGY,0.018424172932
FINANCIALS,0.19588337705
HEALTH CARE,0.129611681138
INDUSTRIALS,0.180986277589
MATERIALS,0.019439497009
TECHNOLOGY,0.20061019674
