SECTOR,WEIGHT
COMMUNICATION SERVICES,0.028017010256
CONSUMER DISCRETIONARY,0.129181529259
CONSUMER STAPLES,0.096625310323
ENERGY,0.020647436084
FINANCIALS,0.194262897256
HEALTH CARE,0.107133944241
INDUSTRIALS,0.185357869849
MATERIALS,0.017074400326
REAL ESTATE,0.001127535828
TECHNOLOGY,0.220572066578
