SECTOR,WEIGHT
COMMUNICATION SERVICES,0.025377552857
CONSUMER DISCRETIONARY,0.126945772408
CONSUMER STAPLES,0.101080151221
ENERGY,0.022701178165
FINANCIALS,0.191038745424
HEALTH CARE,0.123171243974
INDUSTRIALS,0.200455063709
MATERIALS,0.021994079171
TECHNOLOGY,0.18723621307
