SECTOR,WEIGHT
COMMUNICATION SERVICES,0.056167634436
CONSUMER DISCRETIONARY,0.127730371118
CONSUMER STAPLES,0.06782327695
ENERGY,0.095482958849
FINANCIALS,0.25850845746
HEALTH CARE,0.154201464277
INDUSTRIALS,0.093861146175
MATERIALS,0.056428174703
REAL ESTATE,0.001875284019
TECHNOLOGYQ,0.087921232012
