SECTOR,WEIGHT
COMMUNICATION SERVICES,0.069930818347
CONSUMER DISCRETIONARY,0.126296903586
CONSUMER STAPLES,0.068876737114
ENERGY,0.068897939897
FINANCIALS,0.267937554774
HEALTH CARE,0.149043451571
INDUSTRIALS,0.078174662472
MATERIALS,0.040291346437
REAL ESTATE,0.002279804046
TECHNOLOGY,0.128270781757
