SECTOR,WEIGHT
COMMUNICATION SERVICES,0.066686053909
CONSUMER DISCRETIONARY,0.129007958867
CONSUMER STAPLES,0.067294934477
ENERGY,0.074122878763
FINANCIALS,0.270433850125
HEALTH CARE,0.146453447395
INDUSTRIALS,0.079512935935
MATERIALS,0.041484658835
REAL ESTATE,0.002338586064
TECHNOLOGY,0.12266469563
