SECTOR,WEIGHT
COMMUNICATION SERVICES,0.058798046191
CONSUMER DISCRETIONARY,0.117077042547
CONSUMER STAPLES,0.074667439519
ENERGY,0.099569713745
FINANCIALS,0.243755497233
HEALTH CARE,0.151925079095
INDUSTRIALS,0.090194502313
MATERIALS,0.057496382303
REAL ESTATE,0.001627837228
TECHNOLOGY,0.099812071645
