SECTOR,WEIGHT
COMMUNICATION SERVICES,0.069502022474
CONSUMER DISCRETIONARY,0.117028644832
CONSUMER STAPLES,0.071453020019
ENERGY,0.08167411294
FINANCIALS,0.247726352963
HEALTH CARE,0.156907316543
INDUSTRIALS,0.08241102223
MATERIALS,0.048862522122
REAL ESTATE,0.001658045902
TECHNOLOGY,0.122776939974
