SECTOR,WEIGHT
COMMUNICATION SERVICES,0.062205851021
CONSUMER DISCRETIONARY,0.125623386314
CONSUMER STAPLES,0.074222729783
ENERGY,0.091519522758
FINANCIALS,0.260006240174
HEALTH CARE,0.1527762211
INDUSTRIALS,0.091365033013
MATERIALS,0.056199935983
REAL ESTATE,0.001798341406
TECHNOLOGY,0.084282738447
