SECTOR,WEIGHT
COMMUNICATION SERVICES,0.000094523091
FINANCIALS,0.000126701164
INDUSTRIALS,0.001479185814
TECHNOLOGYQ,0.998299589931
