SECTOR,WEIGHT
COMMUNICATION SERVICES,0.000130755637
FINANCIALS,0.000099575447
INDUSTRIALS,0.001487596822
TECHNOLOGY,0.998282072095
