SECTOR,WEIGHT
COMMUNICATION SERVICES,0.000100684656
FINANCIALS,0.000100684656
INDUSTRIALS,0.001308900524
TECHNOLOGY,0.998489730165
