SECTOR,WEIGHT
COMMUNICATION SERVICES,0.000119833683
FINANCIALS,0.000107749614
INDUSTRIALS,0.00129500938
TECHNOLOGY,0.998477407323
