SECTOR,WEIGHT
COMMUNICATION SERVICES,0.000100502513
FINANCIALS,0.000100502513
INDUSTRIALS,0.001306532663
TECHNOLOGY,0.998492462312
