SECTOR,WEIGHT
COMMUNICATION SERVICES,0.12876599699
CONSUMER DISCRETIONARY,0.239088552274
CONSUMER STAPLES,0.410797431629
ENERGY,0.052341885676
REAL ESTATE,0.107450627899
TECHNOLOGY,0.061555505533
