SECTOR,WEIGHT
COMMUNICATION SERVICES,0.070328425821
CONSUMER DISCRETIONARY,0.36160815402
CONSUMER STAPLES,0.32933182333
ENERGY,0.084824462061
REAL ESTATE,0.098527746319
TECHNOLOGY,0.055379388448
