SECTOR,WEIGHT
COMMUNICATION SERVICES,0.125694559228
CONSUMER DISCRETIONARY,0.250679028886
CONSUMER STAPLES,0.397515314577
ENERGY,0.050253593756
REAL ESTATE,0.113651004949
TECHNOLOGY,0.062206498605
