SECTOR,WEIGHT
COMMUNICATION SERVICES,0.081040068741
CONSUMER DISCRETIONARY,0.313270021299
CONSUMER STAPLES,0.361980725001
ENERGY,0.07449022712
REAL ESTATE,0.107422392785
TECHNOLOGY,0.061796565054
