SECTOR,WEIGHT
COMMUNICATION SERVICES,0.136557634588
CONSUMER DISCRETIONARY,0.23598021383
CONSUMER STAPLES,0.429465140031
ENERGY,0.03611142519
REAL ESTATE,0.101609288911
TECHNOLOGY,0.060276297449
