SECTOR,WEIGHT
COMMUNICATION SERVICES,0.122469545094
CONSUMER DISCRETIONARY,0.302831609671
CONSUMER STAPLES,0.4019637446
ENERGY,0.065606125969
REAL ESTATE,0.049821770326
TECHNOLOGY,0.05730720434
