SECTOR,WEIGHT
CONSUMER DISCRETIONARY,0.046571455863
CONSUMER STAPLES,0.10626181448
ENERGY,0.037362910232
FINANCIALS,0.210579343259
HEALTH CARE,0.175039852685
INDUSTRIALS,0.120389526779
MATERIALS,0.034804548074
TECHNOLOGY,0.235139700126
UTILITIES,0.033850848502
