SECTOR,WEIGHT
CONSUMER DISCRETIONARY,0.04812867237
CONSUMER STAPLES,0.105808796889
ENERGY,0.039720803706
FINANCIALS,0.20582782288
HEALTH CARE,0.176225202961
INDUSTRIALS,0.120188600193
MATERIALS,0.035522941499
TECHNOLOGY,0.234776677374
UTILITIES,0.033800482127
