SECTOR,WEIGHT
COMMUNICATION SERVICES,0.005132752984
CONSUMER DISCRETIONARY,0.048486849522
CONSUMER STAPLES,0.094803427338
ENERGY,0.027355892348
FINANCIALS,0.216911409428
HEALTH CARE,0.167357543204
INDUSTRIALS,0.1088930809
MATERIALS,0.029683196702
TECHNOLOGY,0.270878295672
UTILITIES,0.025946625006
