SECTOR,WEIGHT
CONSUMER DISCRETIONARY,0.048115883306
CONSUMER STAPLES,0.105854943274
ENERGY,0.039809562399
FINANCIALS,0.205834683955
HEALTH CARE,0.176559967585
INDUSTRIALS,0.119529983793
MATERIALS,0.035757698541
TECHNOLOGY,0.235008103728
UTILITIES,0.03352917342
