SECTOR,WEIGHT
COMMUNICATION SERVICES,0.027038424131
CONSUMER DISCRETIONARY,0.105831881782
CONSUMER STAPLES,0.020443588816
ENERGY,0.049609508422
FINANCIALS,0.142320833129
HEALTH CARE,0.163481600269
INDUSTRIALS,0.201060342142
MATERIALS,0.038608433656
REAL ESTATE,0.078887612347
TECHNOLOGY,0.162976770834
UTILITIES,0.00974100447
