SECTOR,WEIGHT
COMMUNICATION SERVICES,0.02654395946
CONSUMER DISCRETIONARY,0.103754195828
CONSUMER STAPLES,0.022067075179
ENERGY,0.049388883272
FINANCIALS,0.14396206261
HEALTH CARE,0.1609636113
INDUSTRIALS,0.202461885918
MATERIALS,0.038185660556
REAL ESTATE,0.07723426258
TECHNOLOGY,0.165953054783
UTILITIES,0.009485348515
