SECTOR,WEIGHT
COMMUNICATION SERVICES,0.022269914598
CONSUMER DISCRETIONARY,0.103918858293
CONSUMER STAPLES,0.020869456266
ENERGY,0.030022957008
FINANCIALS,0.147320941399
HEALTH CARE,0.168146949103
INDUSTRIALS,0.198509411161
MATERIALS,0.029578367062
REAL ESTATE,0.068456747461
TECHNOLOGY,0.192095190749
UTILITIES,0.0188112069
