SECTOR,WEIGHT
COMMUNICATION SERVICES,0.021872789215
CONSUMER DISCRETIONARY,0.100522309803
CONSUMER STAPLES,0.022564184901
ENERGY,0.034424280131
FINANCIALS,0.14718198558
HEALTH CARE,0.167001660755
INDUSTRIALS,0.214155047239
MATERIALS,0.037157751609
REAL ESTATE,0.067501894063
TECHNOLOGY,0.167821501503
UTILITIES,0.019796595202
