SECTOR,WEIGHT
COMMUNICATION SERVICES,0.021052779487
CONSUMER DISCRETIONARY,0.107530162503
CONSUMER STAPLES,0.022363559903
ENERGY,0.036012336993
FINANCIALS,0.147863257299
HEALTH CARE,0.148179410309
INDUSTRIALS,0.220569416663
MATERIALS,0.037557973931
REAL ESTATE,0.068526917669
TECHNOLOGY,0.170857115902
UTILITIES,0.019487069342
