SECTOR,WEIGHT
COMMUNICATION SERVICES,0.033909505308
CONSUMER DISCRETIONARY,0.129669287484
CONSUMER STAPLES,0.0289554461
ENERGY,0.06391633779
FINANCIALS,0.182691385974
HEALTH CARE,0.11261255749
INDUSTRIALS,0.183035049612
MATERIALS,0.054738377133
REAL ESTATE,0.061580036916
TECHNOLOGY,0.127711322544
UTILITIES,0.02118069365
