SECTOR,WEIGHT
COMMUNICATION SERVICES,0.026977259397
CONSUMER DISCRETIONARY,0.134956805729
CONSUMER STAPLES,0.025617155902
ENERGY,0.056056496921
FINANCIALS,0.176038879953
HEALTH CARE,0.109790292683
INDUSTRIALS,0.18488517293
MATERIALS,0.060909338015
REAL ESTATE,0.070371816121
TECHNOLOGY,0.134002382991
UTILITIES,0.020394399357
