SECTOR,WEIGHT
COMMUNICATION SERVICES,0.02872765408
CONSUMER DISCRETIONARY,0.131562835302
CONSUMER STAPLES,0.024587331705
ENERGY,0.044961597449
FINANCIALS,0.184535320041
HEALTH CARE,0.12221528464
INDUSTRIALS,0.175391855547
MATERIALS,0.054841590741
REAL ESTATE,0.073349781466
TECHNOLOGY,0.139990987878
UTILITIES,0.01983576115
