SECTOR,WEIGHT
COMMUNICATION SERVICES,0.030079573262
CONSUMER DISCRETIONARY,0.126546896603
CONSUMER STAPLES,0.024042049577
ENERGY,0.044591639305
FINANCIALS,0.182715375027
HEALTH CARE,0.110115028082
INDUSTRIALS,0.182372231593
MATERIALS,0.047848000464
REAL ESTATE,0.070683545722
TECHNOLOGYQ,0.162802051257
UTILITIES,0.018203609109
