SECTOR,WEIGHT
COMMUNICATION SERVICES,0.035471289428
CONSUMER DISCRETIONARY,0.164062587309
CONSUMER STAPLES,0.028244753319
ENERGY,0.061366123161
FINANCIALS,0.225498811833
HEALTH CARE,0.076501921692
INDUSTRIALS,0.150897754623
MATERIALS,0.071912822352
REAL ESTATE,0.078272743066
TECHNOLOGY,0.087344265759
UTILITIES,0.020426927457
