SECTOR,WEIGHT
COMMUNICATION SERVICES,0.028828139042
CONSUMER DISCRETIONARY,0.156974187803
CONSUMER STAPLES,0.028625045315
ENERGY,0.043642810939
FINANCIALS,0.217728660688
HEALTH CARE,0.077979867319
INDUSTRIALS,0.155791166845
MATERIALS,0.075406669801
REAL ESTATE,0.070227779769
TECHNOLOGY,0.115789826426
UTILITIES,0.029005846053
