SECTOR,WEIGHT
COMMUNICATION SERVICES,0.034097734266
CONSUMER DISCRETIONARY,0.159543327327
CONSUMER STAPLES,0.028518980881
ENERGY,0.07020537766
FINANCIALS,0.220182931454
HEALTH CARE,0.073100835737
INDUSTRIALS,0.156015480708
MATERIALS,0.078909175886
REAL ESTATE,0.069338277648
TECHNOLOGY,0.08951013974
UTILITIES,0.020577738693
