SECTOR,WEIGHT
COMMUNICATION SERVICES,0.030131947093
CONSUMER DISCRETIONARY,0.146377995371
CONSUMER STAPLES,0.027609634714
ENERGY,0.041878773234
FINANCIALS,0.22249271565
HEALTH CARE,0.076240536336
INDUSTRIALS,0.149769037667
MATERIALS,0.059465062079
REAL ESTATE,0.064830218221
TECHNOLOGYQ,0.154579005494
UTILITIES,0.026625074142
