SECTOR,WEIGHT
CONSUMER DISCRETIONARY,0.00177710981
ENERGY,0.000164509594
INDUSTRIALS,0.992101508512
MATERIALS,0.002822050379
TECHNOLOGY,0.003134821705
