SECTOR,WEIGHT
CONSUMER DISCRETIONARY,0.002115264124
ENERGY,0.000176695131
INDUSTRIALS,0.991877101428
MATERIALS,0.002674798705
TECHNOLOGY,0.003156140613
