SECTOR,WEIGHT
COMMUNICATION SERVICES,0.068937102441
CONSUMER DISCRETIONARY,0.057720092395
CONSUMER STAPLES,0.048868036177
ENERGY,0.075143854674
FINANCIALS,0.285582692783
HEALTH CARE,0.17345264235
INDUSTRIALS,0.066392924763
MATERIALS,0.043952897169
TECHNOLOGY,0.15832474761
UTILITIES,0.021625009637
