SECTOR,WEIGHT
COMMUNICATION SERVICES,0.099696551779
CONSUMER DISCRETIONARY,0.078773436671
CONSUMER STAPLES,0.051546164763
ENERGY,0.077165121069
FINANCIALS,0.276566231177
HEALTH CARE,0.171424225016
INDUSTRIALS,0.041515960055
MATERIALS,0.055301236411
TECHNOLOGY,0.107408860448
UTILITIES,0.04060221261
