SECTOR,WEIGHT
COMMUNICATION SERVICES,0.064292924033
CONSUMER DISCRETIONARY,0.051858112168
CONSUMER STAPLES,0.039269091812
ENERGY,0.091425607421
FINANCIALS,0.278056932973
HEALTH CARE,0.137002227011
INDUSTRIALS,0.076573527409
MATERIALS,0.030616393364
TECHNOLOGY,0.230905183809
