SECTOR,WEIGHT
COMMUNICATION SERVICES,0.100664905984
CONSUMER DISCRETIONARY,0.080376723391
CONSUMER STAPLES,0.04682442142
ENERGY,0.071698645288
FINANCIALS,0.295545659911
HEALTH CARE,0.168477516298
INDUSTRIALS,0.040877367896
MATERIALS,0.047406426658
TECHNOLOGY,0.108531976788
UTILITIES,0.039596356367
