SECTOR,WEIGHT
COMMUNICATION SERVICES,0.099763197771
CONSUMER DISCRETIONARY,0.080983159618
CONSUMER STAPLES,0.050186859578
ENERGY,0.075779715877
FINANCIALS,0.27891819614
HEALTH CARE,0.170132292978
INDUSTRIALS,0.042354170462
MATERIALS,0.051360862176
TECHNOLOGY,0.109781753618
UTILITIES,0.040739791782
