SECTOR,WEIGHT
COMMUNICATION SERVICES,0.127044311923
CONSUMER DISCRETIONARY,0.072385340549
CONSUMER STAPLES,0.077468872864
ENERGY,0.070927474672
FINANCIALS,0.304101022706
HEALTH CARE,0.133714698248
INDUSTRIALS,0.042132123845
MATERIALS,0.039470368726
TECHNOLOGY,0.12284869792
UTILITIES,0.009907088548
