SECTOR,WEIGHT
COMMUNICATION SERVICES,0.125825175847
CONSUMER DISCRETIONARY,0.073552525934
CONSUMER STAPLES,0.076179473369
ENERGY,0.068628000617
FINANCIALS,0.309843644569
HEALTH CARE,0.13044435857
INDUSTRIALS,0.040932926744
MATERIALS,0.041602678205
TECHNOLOGY,0.123439499118
UTILITIES,0.009551717027
