SECTOR,WEIGHT
COMMUNICATION SERVICES,0.072080375057
CONSUMER DISCRETIONARY,0.058989407744
CONSUMER STAPLES,0.041248255055
ENERGY,0.092740527261
FINANCIALS,0.278762952623
HEALTH CARE,0.163217804196
INDUSTRIALS,0.085674687161
MATERIALS,0.038524389207
TECHNOLOGY,0.168761601697
