SECTOR,WEIGHT
COMMUNICATION SERVICES,0.09700442124
CONSUMER DISCRETIONARY,0.112072660983
CONSUMER STAPLES,0.070715117091
ENERGY,0.075506513419
FINANCIALS,0.194668846639
HEALTH CARE,0.11286063097
INDUSTRIALS,0.100958233094
MATERIALS,0.030231362298
REAL ESTATE,0.025719134028
TECHNOLOGY,0.143234463027
UTILITIES,0.03702861721
