SECTOR,WEIGHT
COMMUNICATION SERVICES,0.097488989843
CONSUMER DISCRETIONARY,0.101225499692
CONSUMER STAPLES,0.074302338023
ENERGY,0.094422470091
FINANCIALS,0.177560754452
HEALTH CARE,0.107454597352
INDUSTRIALS,0.104831120524
MATERIALS,0.034098118262
REAL ESTATE,0.025088127943
TECHNOLOGY,0.145829530028
UTILITIES,0.03769845379
