SECTOR,WEIGHT
COMMUNICATION SERVICES,0.097049403878
CONSUMER DISCRETIONARY,0.11147693092
CONSUMER STAPLES,0.070516410363
ENERGY,0.077290640812
FINANCIALS,0.19638393842
HEALTH CARE,0.108917604236
INDUSTRIALS,0.101655612185
MATERIALS,0.029955910287
REAL ESTATE,0.02548156441
TECHNOLOGY,0.145820679634
UTILITIES,0.035451304856
