SECTOR,WEIGHT
COMMUNICATION SERVICES,0.09711605392
CONSUMER DISCRETIONARY,0.103718063924
CONSUMER STAPLES,0.072843615537
ENERGY,0.08997631138
FINANCIALS,0.181929538688
HEALTH CARE,0.107639190945
INDUSTRIALS,0.107161537733
MATERIALS,0.033546638189
REAL ESTATE,0.025203341659
TECHNOLOGY,0.144096147878
UTILITIES,0.036769560146
