SECTOR,WEIGHT
COMMUNICATION SERVICES,0.093215146085
CONSUMER DISCRETIONARY,0.101602274971
CONSUMER STAPLES,0.07145461427
ENERGY,0.091134846987
FINANCIALS,0.183204635404
HEALTH CARE,0.103957889629
INDUSTRIALS,0.106138918091
MATERIALS,0.033926045027
REAL ESTATE,0.024456802711
TECHNOLOGY,0.153608097333
UTILITIES,0.037300729492
