SECTOR,WEIGHT
COMMUNICATION SERVICES,0.095755831561
CONSUMER DISCRETIONARY,0.111640501119
CONSUMER STAPLES,0.06957495619
ENERGY,0.076017718761
FINANCIALS,0.198887892765
HEALTH CARE,0.108329167771
INDUSTRIALS,0.102845251856
MATERIALS,0.030471208569
REAL ESTATE,0.025100648102
TECHNOLOGY,0.147026671534
UTILITIES,0.034350151771
