SECTOR,WEIGHT
COMMUNICATION SERVICES,0.093670591662
CONSUMER DISCRETIONARY,0.100648844285
CONSUMER STAPLES,0.072475853288
ENERGY,0.102447651098
FINANCIALS,0.18045464783
HEALTH CARE,0.105541948559
INDUSTRIALS,0.104754246126
MATERIALS,0.033919364371
REAL ESTATE,0.024318836131
TECHNOLOGY,0.144569055537
UTILITIES,0.037198961113
