SECTOR,WEIGHT
COMMUNICATION SERVICES,0.096949692516
CONSUMER DISCRETIONARY,0.112897131294
CONSUMER STAPLES,0.070794981119
ENERGY,0.073559284541
FINANCIALS,0.201428455467
HEALTH CARE,0.10900446804
INDUSTRIALS,0.102426395713
MATERIALS,0.030745930916
REAL ESTATE,0.025386665873
TECHNOLOGY,0.141775343884
UTILITIES,0.035031650636
