SECTOR,WEIGHT
COMMUNICATION SERVICES,0.096482984019
CONSUMER DISCRETIONARY,0.100589681248
CONSUMER STAPLES,0.072777677065
ENERGY,0.096507319676
FINANCIALS,0.177987060412
HEALTH CARE,0.105880439581
INDUSTRIALS,0.105065556206
MATERIALS,0.033326267366
REAL ESTATE,0.025015961623
TECHNOLOGY,0.148590670564
UTILITIES,0.037776382239
