SECTOR,WEIGHT
COMMUNICATION SERVICES,0.09809100631
CONSUMER DISCRETIONARY,0.089049190552
CONSUMER STAPLES,0.044608390825
ENERGY,0.034415698823
FINANCIALS,0.110666964826
HEALTH CARE,0.091882908643
INDUSTRIALS,0.081925336614
MATERIALS,0.019050441312
REAL ESTATE,0.017991349973
TECHNOLOGY,0.38935943077
UTILITIES,0.022959281352
