SECTOR,WEIGHT
COMMUNICATION SERVICES,0.095070077503
CONSUMER DISCRETIONARY,0.106158253659
CONSUMER STAPLES,0.045073178452
ENERGY,0.02803841479
FINANCIALS,0.129522185751
HEALTH CARE,0.095471202844
INDUSTRIALS,0.084196570008
MATERIALS,0.018373790389
REAL ESTATE,0.018029350746
TECHNOLOGY,0.359251331013
UTILITIES,0.020815644846
