SECTOR,WEIGHT
COMMUNICATION SERVICES,0.090394019252
CONSUMER DISCRETIONARY,0.086249451658
CONSUMER STAPLES,0.041355929882
ENERGY,0.03159905138
FINANCIALS,0.11509390659
HEALTH CARE,0.087596413704
INDUSTRIALS,0.080854576922
MATERIALS,0.019121007914
REAL ESTATE,0.017366766198
TECHNOLOGY,0.409473098795
UTILITIES,0.020895777707
