SECTOR,WEIGHT
COMMUNICATION SERVICES,0.096899540148
CONSUMER DISCRETIONARY,0.099515224009
CONSUMER STAPLES,0.045305665803
ENERGY,0.028690454282
FINANCIALS,0.123970645975
HEALTH CARE,0.093498255459
INDUSTRIALS,0.087318859241
MATERIALS,0.019130154796
REAL ESTATE,0.018006649636
TECHNOLOGY,0.366901958686
UTILITIES,0.020762591965
