SECTOR,WEIGHT
COMMUNICATION SERVICES,0.089607205734
CONSUMER DISCRETIONARY,0.100554808796
CONSUMER STAPLES,0.043842837963
ENERGY,0.027556913918
FINANCIALS,0.119091763776
HEALTH CARE,0.089285672905
INDUSTRIALS,0.082383736757
MATERIALS,0.019729958307
REAL ESTATE,0.01745050252
TECHNOLOGY,0.388137785704
UTILITIES,0.020148402663
