SECTOR,WEIGHT
COMMUNICATION SERVICES,0.102340619133
CONSUMER DISCRETIONARY,0.093039765533
CONSUMER STAPLES,0.044087027709
ENERGY,0.032035044291
FINANCIALS,0.115821480979
HEALTH CARE,0.092872589012
INDUSTRIALS,0.086025754048
MATERIALS,0.019935848664
REAL ESTATE,0.018652016405
TECHNOLOGY,0.372552962557
UTILITIES,0.022636891669
