SECTOR,WEIGHT
COMMUNICATION SERVICES,0.088931190857
CONSUMER DISCRETIONARY,0.099213111108
CONSUMER STAPLES,0.044219031423
ENERGY,0.027002609133
FINANCIALS,0.120155831998
HEALTH CARE,0.093182151637
INDUSTRIALS,0.085263215974
MATERIALS,0.019604452152
REAL ESTATE,0.017459228937
TECHNOLOGY,0.384745350455
UTILITIES,0.020223826326
