SECTOR,WEIGHT
COMMUNICATION SERVICES,0.071177938842
CONSUMER DISCRETIONARY,0.037296359236
CONSUMER STAPLES,0.031821903029
ENERGY,0.101094290753
FINANCIALS,0.317704611554
HEALTH CARE,0.119025887072
INDUSTRIALS,0.080479510321
MATERIALS,0.040367859438
REAL ESTATE,0.033587340095
TECHNOLOGY,0.103451209284
UTILITIES,0.063993090376
