SECTOR,WEIGHT
COMMUNICATION SERVICES,0.066299730302
CONSUMER DISCRETIONARY,0.037313425368
CONSUMER STAPLES,0.030281256724
ENERGY,0.094137190835
FINANCIALS,0.322507042676
HEALTH CARE,0.123354665679
INDUSTRIALS,0.078199476615
MATERIALS,0.039879311294
REAL ESTATE,0.034975707145
TECHNOLOGY,0.106102985694
UTILITIES,0.066949207668
