SECTOR,WEIGHT
COMMUNICATION SERVICES,0.071395902821
CONSUMER DISCRETIONARY,0.03841422665
CONSUMER STAPLES,0.040760861298
ENERGY,0.117337817021
FINANCIALS,0.337685187908
HEALTH CARE,0.117051839938
INDUSTRIALS,0.054307250939
MATERIALS,0.03243101817
REAL ESTATE,0.032551696442
TECHNOLOGY,0.08893380239
UTILITIES,0.069130396423
