SECTOR,WEIGHT
COMMUNICATION SERVICES,0.06786466135
CONSUMER DISCRETIONARY,0.037635115987
CONSUMER STAPLES,0.039445771426
ENERGY,0.118826160884
FINANCIALS,0.344703655722
HEALTH CARE,0.111187806162
INDUSTRIALS,0.056691024655
MATERIALS,0.027862232298
REAL ESTATE,0.031762884094
TECHNOLOGY,0.100651795474
UTILITIES,0.063368891948
