SECTOR,WEIGHT
COMMUNICATION SERVICES,0.068183727517
CONSUMER DISCRETIONARY,0.037523803047
CONSUMER STAPLES,0.030913956986
ENERGY,0.093965027524
FINANCIALS,0.328712075146
HEALTH CARE,0.118503168406
INDUSTRIALS,0.075017602253
MATERIALS,0.036368655188
REAL ESTATE,0.036181631249
TECHNOLOGY,0.102202081866
UTILITIES,0.072428270819
