SECTOR,WEIGHT
COMMUNICATION SERVICES,0.067368092338
CONSUMER DISCRETIONARY,0.037792711098
CONSUMER STAPLES,0.028570484873
ENERGY,0.08712971971
FINANCIALS,0.337734258959
HEALTH CARE,0.122734479155
INDUSTRIALS,0.073282367872
MATERIALS,0.037438395048
REAL ESTATE,0.034594858614
TECHNOLOGY,0.105850418573
UTILITIES,0.067504213759
