SECTOR,WEIGHT
COMMUNICATION SERVICES,0.067571893293
CONSUMER DISCRETIONARY,0.03671589595
CONSUMER STAPLES,0.030156770794
ENERGY,0.09615515427
FINANCIALS,0.317340818425
HEALTH CARE,0.116445728416
INDUSTRIALS,0.077315050076
MATERIALS,0.041713515179
REAL ESTATE,0.034341126525
TECHNOLOGY,0.114081962556
UTILITIES,0.068162084515
