SECTOR,WEIGHT
COMMUNICATION SERVICES,0.069983176255
CONSUMER DISCRETIONARY,0.035585073005
CONSUMER STAPLES,0.032309396777
ENERGY,0.103050192007
FINANCIALS,0.304927125462
HEALTH CARE,0.123291729343
INDUSTRIALS,0.082615496861
MATERIALS,0.040036709992
REAL ESTATE,0.033137072989
TECHNOLOGY,0.104779604937
UTILITIES,0.070284422373
