SECTOR,WEIGHT
INDUSTRIALS,0.011582604071
REAL ESTATE,0.988417395929
