SECTOR,WEIGHT
COMMUNICATION SERVICES,0.107684894467
CONSUMER DISCRETIONARY,0.03896515776
ENERGY,0.059477443136
FINANCIALS,0.186640312728
HEALTH CARE,0.088309225004
INDUSTRIALS,0.162462415457
MATERIALS,0.057974572951
TECHNOLOGY,0.298485978497
