SECTOR,WEIGHT
COMMUNICATION SERVICES,0.112195317664
CONSUMER DISCRETIONARY,0.038463406445
ENERGY,0.058474302475
FINANCIALS,0.16247014678
HEALTH CARE,0.086587536716
INDUSTRIALS,0.16560909016
MATERIALS,0.058665405318
TECHNOLOGY,0.317534794443
