SECTOR,WEIGHT
COMMUNICATION SERVICES,0.127162013547
CONSUMER DISCRETIONARY,0.093794521233
ENERGY,0.044993001575
FINANCIALS,0.13175681305
HEALTH CARE,0.09615648979
INDUSTRIALS,0.142752255742
MATERIALS,0.022350179543
TECHNOLOGY,0.34103472552
