SECTOR,WEIGHT
COMMUNICATION SERVICES,0.111664124013
CONSUMER DISCRETIONARY,0.092644393705
ENERGY,0.048885498684
FINANCIALS,0.156363971454
HEALTH CARE,0.092225623803
INDUSTRIALS,0.130601943338
MATERIALS,0.0496657008
TECHNOLOGY,0.317948744202
