SECTOR,WEIGHT
COMMUNICATION SERVICES,0.086157126371
CONSUMER DISCRETIONARY,0.068492441767
ENERGY,0.067071359447
FINANCIALS,0.143201213043
HEALTH CARE,0.091849735811
INDUSTRIALS,0.185329627962
MATERIALS,0.055921090083
TECHNOLOGY,0.301977405516
