SECTOR,WEIGHT
COMMUNICATION SERVICES,0.097673939893
CONSUMER DISCRETIONARY,0.077912721284
ENERGY,0.051358583779
FINANCIALS,0.127418690819
HEALTH CARE,0.082029641828
INDUSTRIALS,0.176307122273
MATERIALS,0.059077809798
TECHNOLOGY,0.303211198024
UTILITIES,0.025010292301
