SECTOR,WEIGHT
COMMUNICATION SERVICES,0.10967023077
CONSUMER DISCRETIONARY,0.040200459018
ENERGY,0.060132580126
FINANCIALS,0.158672804673
HEALTH CARE,0.087125254085
INDUSTRIALS,0.184460018389
MATERIALS,0.056090803138
TECHNOLOGY,0.303647849801
