SECTOR,WEIGHT
COMMUNICATION SERVICES,0.183450326116
CONSUMER DISCRETIONARY,0.123983432341
CONSUMER STAPLES,0.018911041403
ENERGY,0.044394132552
FINANCIALS,0.130251847463
HEALTH CARE,0.066506561999
INDUSTRIALS,0.122450447782
MATERIALS,0.024983733859
TECHNOLOGY,0.285068476484
