SECTOR,WEIGHT
COMMUNICATION SERVICES,0.149730173846
CONSUMER DISCRETIONARY,0.115471277675
ENERGY,0.049546970084
FINANCIALS,0.131699230461
HEALTH CARE,0.063032053397
INDUSTRIALS,0.110296756899
MATERIALS,0.012368847476
TECHNOLOGY,0.367854690162
