SECTOR,WEIGHT
COMMUNICATION SERVICES,0.035561854676
CONSUMER DISCRETIONARY,0.101445688442
CONSUMER STAPLES,0.055599050014
ENERGY,0.068210310241
FINANCIALS,0.143533395494
HEALTH CARE,0.086582706087
INDUSTRIALS,0.181609622703
MATERIALS,0.05186436329
REAL ESTATE,0.056297093975
TECHNOLOGY,0.129116918828
UTILITIES,0.090178996251
