SECTOR,WEIGHT
COMMUNICATION SERVICES,0.030752055212
CONSUMER DISCRETIONARY,0.094286004263
CONSUMER STAPLES,0.052065360804
ENERGY,0.089109915762
FINANCIALS,0.135999188065
HEALTH CARE,0.082309956358
INDUSTRIALS,0.182178016848
MATERIALS,0.045366893332
REAL ESTATE,0.052268344667
TECHNOLOGY,0.146148381204
UTILITIES,0.089515883487
