SECTOR,WEIGHT
COMMUNICATION SERVICES,0.038007391979
CONSUMER DISCRETIONARY,0.102575295951
CONSUMER STAPLES,0.051307307493
ENERGY,0.064816924526
FINANCIALS,0.152237253071
HEALTH CARE,0.087912320569
INDUSTRIALS,0.179798888179
MATERIALS,0.049761766977
REAL ESTATE,0.053372060902
TECHNOLOGY,0.135525655166
UTILITIES,0.084685135187
