SECTOR,WEIGHT
COMMUNICATION SERVICES,0.033857683334
CONSUMER DISCRETIONARY,0.101306192405
CONSUMER STAPLES,0.052588065524
ENERGY,0.071416127665
FINANCIALS,0.149351636743
HEALTH CARE,0.084699593873
INDUSTRIALS,0.182976700814
MATERIALS,0.051940558226
REAL ESTATE,0.053880059091
TECHNOLOGY,0.136021848085
UTILITIES,0.08196153424
