SECTOR,WEIGHT
COMMUNICATION SERVICES,0.031775290053
CONSUMER DISCRETIONARY,0.096969489187
CONSUMER STAPLES,0.054714363214
ENERGY,0.076753983507
FINANCIALS,0.137467051993
HEALTH CARE,0.08251774201
INDUSTRIALS,0.187940273103
MATERIALS,0.054031706722
REAL ESTATE,0.054845449394
TECHNOLOGY,0.135302113311
UTILITIES,0.087682537506
