SECTOR,WEIGHT
COMMUNICATION SERVICES,0.028354637026
CONSUMER DISCRETIONARY,0.059142875327
CONSUMER STAPLES,0.090897886737
ENERGY,0.100181737181
FINANCIALS,0.168202357633
HEALTH CARE,0.06951977541
INDUSTRIALS,0.139750740233
MATERIALS,0.073943494789
REAL ESTATE,0.067218511937
TECHNOLOGY,0.082017110975
UTILITIES,0.120770872753
