SECTOR,WEIGHT
COMMUNICATION SERVICES,0.100726685507
CONSUMER DISCRETIONARY,0.100423899879
CONSUMER STAPLES,0.051675413807
ENERGY,0.041077916835
FINANCIALS,0.12616067824
HEALTH CARE,0.097093257973
INDUSTRIALS,0.099010900283
MATERIALS,0.024020993137
REAL ESTATE,0.0218005652
TECHNOLOGY,0.312878482035
UTILITIES,0.025131207105
