SECTOR,WEIGHT
COMMUNICATION SERVICES,0.103836036628
CONSUMER DISCRETIONARY,0.105200991928
CONSUMER STAPLES,0.046158389051
ENERGY,0.028612837811
FINANCIALS,0.134342134734
HEALTH CARE,0.097340697463
INDUSTRIALS,0.090679635249
MATERIALS,0.020965472356
REAL ESTATE,0.020472320735
TECHNOLOGY,0.327842376288
UTILITIES,0.022115489882
