SECTOR,WEIGHT
COMMUNICATION SERVICES,0.100757193337
CONSUMER DISCRETIONARY,0.100454316002
CONSUMER STAPLES,0.051691065119
ENERGY,0.041090358405
FINANCIALS,0.12619888945
HEALTH CARE,0.097122665321
INDUSTRIALS,0.09904088844
MATERIALS,0.024028268551
REAL ESTATE,0.021807168097
TECHNOLOGY,0.312670368501
UTILITIES,0.025138818778
