SECTOR,WEIGHT
COMMUNICATION SERVICES,0.107696621253
CONSUMER DISCRETIONARY,0.105309861689
CONSUMER STAPLES,0.04899741024
ENERGY,0.032258939796
FINANCIALS,0.130777339954
HEALTH CARE,0.095857288862
INDUSTRIALS,0.095793976924
MATERIALS,0.022664668823
REAL ESTATE,0.020756266123
TECHNOLOGY,0.317760606508
UTILITIES,0.022127019827
