SECTOR,WEIGHT
COMMUNICATION SERVICES,0.1211308796
CONSUMER DISCRETIONARY,0.127659425199
CONSUMER STAPLES,0.024111720914
ENERGY,0.002782198739
FINANCIALS,0.057797773439
HEALTH CARE,0.079195447457
INDUSTRIALS,0.056044867966
MATERIALS,0.003327413477
REAL ESTATE,0.004057039083
TECHNOLOGY,0.520965711605
UTILITIES,0.00292752252
