SECTOR,WEIGHT
COMMUNICATION SERVICES,0.112740997081
CONSUMER DISCRETIONARY,0.12959814366
CONSUMER STAPLES,0.023099049888
ENERGY,0.002636026903
FINANCIALS,0.056687102304
HEALTH CARE,0.06955564261
INDUSTRIALS,0.056843400364
MATERIALS,0.003210121702
REAL ESTATE,0.003875390369
TECHNOLOGYQ,0.538767429488
UTILITIES,0.002986695629
