SECTOR,WEIGHT
COMMUNICATION SERVICES,0.121272964562
CONSUMER DISCRETIONARY,0.131412508784
CONSUMER STAPLES,0.029314325871
ENERGY,0.004517618713
FINANCIALS,0.057725127999
HEALTH CARE,0.080915570726
INDUSTRIALS,0.066760365425
MATERIALS,0.00361409497
REAL ESTATE,0.004417227186
TECHNOLOGY,0.497138841482
UTILITIES,0.002911354282
