SECTOR,WEIGHT
COMMUNICATION SERVICES,0.121164841369
CONSUMER DISCRETIONARY,0.133709008673
CONSUMER STAPLES,0.024421241296
ENERGY,0.002906477335
FINANCIALS,0.061837741608
HEALTH CARE,0.081638557993
INDUSTRIALS,0.059506933651
MATERIALS,0.003318387362
REAL ESTATE,0.004158281953
TECHNOLOGY,0.504522470697
UTILITIES,0.002816058061
