SECTOR,WEIGHT
COMMUNICATION SERVICES,0.125307122841
CONSUMER DISCRETIONARY,0.130912616526
CONSUMER STAPLES,0.029977598099
ENERGY,0.004170246421
FINANCIALS,0.058129521531
HEALTH CARE,0.08637177521
INDUSTRIALS,0.070645279141
MATERIALS,0.004030736372
REAL ESTATE,0.004727282946
TECHNOLOGY,0.482492994387
UTILITIES,0.003234826526
