SECTOR,WEIGHT
COMMUNICATION SERVICES,0.08441796138
CONSUMER DISCRETIONARY,0.075745642916
CONSUMER STAPLES,0.074439753101
ENERGY,0.058371762124
FINANCIALS,0.218152170954
HEALTH CARE,0.125123404067
INDUSTRIALS,0.127783587335
MATERIALS,0.039847286522
REAL ESTATE,0.039857370614
TECHNOLOGY,0.110323991767
UTILITIES,0.04593706922
