SECTOR,WEIGHT
COMMUNICATION SERVICES,0.079783712317
CONSUMER DISCRETIONARY,0.06996904527
CONSUMER STAPLES,0.075799038609
ENERGY,0.077527758373
FINANCIALS,0.196944272361
HEALTH CARE,0.117083502741
INDUSTRIALS,0.134890837177
MATERIALS,0.044694249802
REAL ESTATE,0.039160318733
TECHNOLOGY,0.117398829337
UTILITIES,0.04674843528
