SECTOR,WEIGHT
COMMUNICATION SERVICES,0.085278582296
CONSUMER DISCRETIONARY,0.074654899642
CONSUMER STAPLES,0.072792798257
ENERGY,0.057486567496
FINANCIALS,0.219816923691
HEALTH CARE,0.123010902695
INDUSTRIALS,0.128976299149
MATERIALS,0.04092377212
REAL ESTATE,0.03903437609
TECHNOLOGY,0.114204841261
UTILITIES,0.043820037303
