SECTOR,WEIGHT
COMMUNICATION SERVICES,0.084902479602
CONSUMER DISCRETIONARY,0.074325650396
CONSUMER STAPLES,0.072471761406
ENERGY,0.057233035456
FINANCIALS,0.218847468818
HEALTH CARE,0.122468389784
INDUSTRIALS,0.128407477151
MATERIALS,0.040743286698
REAL ESTATE,0.038862223439
TECHNOLOGY,0.113701165575
UTILITIES,0.043626778531
