SECTOR,WEIGHT
COMMUNICATION SERVICES,0.110323290629
CONSUMER DISCRETIONARY,0.104543042385
CONSUMER STAPLES,0.050016903364
ENERGY,0.031779327336
FINANCIALS,0.12735305359
HEALTH CARE,0.094534445244
INDUSTRIALS,0.086355624707
MATERIALS,0.019656054163
REAL ESTATE,0.018090110479
TECHNOLOGY,0.334830058495
UTILITIES,0.022518089609
