SECTOR,WEIGHT
COMMUNICATION SERVICES,0.107564929739
CONSUMER DISCRETIONARY,0.102912390769
CONSUMER STAPLES,0.048657929192
ENERGY,0.028442581953
FINANCIALS,0.127447162032
HEALTH CARE,0.097985107447
INDUSTRIALS,0.081081788274
MATERIALS,0.016665811236
REAL ESTATE,0.018245842856
TECHNOLOGY,0.347215471026
UTILITIES,0.023780985477
