SECTOR,WEIGHT
COMMUNICATION SERVICES,0.103013314646
CONSUMER DISCRETIONARY,0.098808689559
CONSUMER STAPLES,0.052457703474
ENERGY,0.040344378817
FINANCIALS,0.123435779357
HEALTH CARE,0.095004504955
INDUSTRIALS,0.09100010011
MATERIALS,0.020622684953
REAL ESTATE,0.019121033136
TECHNOLOGY,0.330863950345
UTILITIES,0.025327860647
