SECTOR,WEIGHT
COMMUNICATION SERVICES,0.170115334641
CONSUMER DISCRETIONARY,0.093735608254
CONSUMER STAPLES,0.011740153412
FINANCIALS,0.096264040575
HEALTH CARE,0.071991090286
INDUSTRIALS,0.067038573643
MATERIALS,0.004674589757
REAL ESTATE,0.006275930227
TECHNOLOGY,0.473230222793
UTILITIES,0.004934456412
