SECTOR,WEIGHT
COMMUNICATION SERVICES,0.176278612842
CONSUMER DISCRETIONARY,0.097259555695
CONSUMER STAPLES,0.010683734928
FINANCIALS,0.095542885613
HEALTH CARE,0.067555839491
INDUSTRIALS,0.060071399011
MATERIALS,0.003902436084
REAL ESTATE,0.005533724682
TECHNOLOGY,0.479009213164
UTILITIES,0.00416259849
