SECTOR,WEIGHT
COMMUNICATION SERVICES,0.154290822707
CONSUMER DISCRETIONARY,0.121859666216
CONSUMER STAPLES,0.028427359613
ENERGY,0.003470426044
FINANCIALS,0.100621261507
HEALTH CARE,0.049063085415
INDUSTRIALS,0.079336651416
MATERIALS,0.00401886385
REAL ESTATE,0.010397215623
TECHNOLOGYQ,0.437443436073
UTILITIES,0.011071211535
