SECTOR,WEIGHT
COMMUNICATION SERVICES,0.03564175763
CONSUMER DISCRETIONARY,0.112801590866
CONSUMER STAPLES,0.094642080184
ENERGY,0.06776355256
FINANCIALS,0.164057593543
HEALTH CARE,0.125105885261
INDUSTRIALS,0.115279532065
MATERIALS,0.037502725635
REAL ESTATE,0.0323157295
TECHNOLOGY,0.171586877161
UTILITIES,0.043302675594
