SECTOR,WEIGHT
COMMUNICATION SERVICES,0.036617821366
CONSUMER DISCRETIONARY,0.104062297445
CONSUMER STAPLES,0.097573485018
ENERGY,0.083651867692
FINANCIALS,0.152946972863
HEALTH CARE,0.123729648633
INDUSTRIALS,0.113986838625
MATERIALS,0.03920547132
REAL ESTATE,0.033157861791
TECHNOLOGY,0.166942292276
UTILITIES,0.04812544297
