SECTOR,WEIGHT
COMMUNICATION SERVICES,0.053957141124
CONSUMER DISCRETIONARY,0.164462489208
CONSUMER STAPLES,0.008179304965
ENERGY,0.022079210006
FINANCIALS,0.101934976681
HEALTH CARE,0.111564235671
INDUSTRIALS,0.237233936946
MATERIALS,0.019730805908
REAL ESTATE,0.038835905514
TECHNOLOGY,0.198743974819
UTILITIES,0.043278019158
