SECTOR,WEIGHT
COMMUNICATION SERVICES,0.112059967074
CONSUMER DISCRETIONARY,0.104649149582
CONSUMER STAPLES,0.048109766166
ENERGY,0.031299570163
FINANCIALS,0.125145239013
HEALTH CARE,0.093280224977
INDUSTRIALS,0.087512697468
MATERIALS,0.01980654814
REAL ESTATE,0.016689100944
TECHNOLOGY,0.337937280765
UTILITIES,0.021403801985
