SECTOR,WEIGHT
COMMUNICATION SERVICES,0.107070759667
CONSUMER DISCRETIONARY,0.107894873869
CONSUMER STAPLES,0.047197811441
ENERGY,0.02805092485
FINANCIALS,0.133512508912
HEALTH CARE,0.096102931163
INDUSTRIALS,0.08327658995
MATERIALS,0.01826569522
REAL ESTATE,0.016640497953
TECHNOLOGY,0.340220978763
UTILITIES,0.021766428211
