SECTOR,WEIGHT
COMMUNICATION SERVICES,0.108810566955
CONSUMER DISCRETIONARY,0.099890995246
CONSUMER STAPLES,0.048203323394
ENERGY,0.035641251242
FINANCIALS,0.119130484396
HEALTH CARE,0.084996681811
INDUSTRIALS,0.089826323096
MATERIALS,0.019897121133
REAL ESTATE,0.01732564995
TECHNOLOGY,0.354123312503
UTILITIES,0.022154290273
