SECTOR,WEIGHT
COMMUNICATION SERVICES,0.10864388964
CONSUMER DISCRETIONARY,0.105948880072
CONSUMER STAPLES,0.048328632696
ENERGY,0.029911898161
FINANCIALS,0.127482879117
HEALTH CARE,0.096604107407
INDUSTRIALS,0.087241281087
MATERIALS,0.019304372595
REAL ESTATE,0.016778866792
TECHNOLOGY,0.338266327525
UTILITIES,0.021488864907
