SECTOR,WEIGHT
COMMUNICATION SERVICES,0.108431741422
CONSUMER DISCRETIONARY,0.106322853407
CONSUMER STAPLES,0.048527488749
ENERGY,0.03053525443
FINANCIALS,0.127004596834
HEALTH CARE,0.096941661118
INDUSTRIALS,0.088128053525
MATERIALS,0.019637828818
REAL ESTATE,0.016641462965
TECHNOLOGY,0.336532599016
UTILITIES,0.021296459716
