SECTOR,WEIGHT
COMMUNICATION SERVICES,0.105363566663
CONSUMER DISCRETIONARY,0.099271925803
CONSUMER STAPLES,0.052354480249
ENERGY,0.034124599379
FINANCIALS,0.125853540378
HEALTH CARE,0.095959858829
INDUSTRIALS,0.094015057944
MATERIALS,0.021072513147
REAL ESTATE,0.017893569445
TECHNOLOGY,0.330646178361
UTILITIES,0.023444709801
