SECTOR,WEIGHT
COMMUNICATION SERVICES,0.10768654354
CONSUMER DISCRETIONARY,0.104595015888
CONSUMER STAPLES,0.046203612058
ENERGY,0.028768437967
FINANCIALS,0.129687881933
HEALTH CARE,0.093574310868
INDUSTRIALS,0.082891209483
MATERIALS,0.017524333508
REAL ESTATE,0.01650150469
TECHNOLOGY,0.351400303743
UTILITIES,0.021166846321
