SECTOR,WEIGHT
COMMUNICATION SERVICES,0.108256540912
CONSUMER DISCRETIONARY,0.099060471216
CONSUMER STAPLES,0.051092946777
ENERGY,0.037773361831
FINANCIALS,0.121983572011
HEALTH CARE,0.093523408132
INDUSTRIALS,0.091625329736
MATERIALS,0.019870758481
REAL ESTATE,0.017950655968
TECHNOLOGY,0.334714512391
UTILITIES,0.024148442545
