SECTOR,WEIGHT
ENERGY,0.000402900886
INDUSTRIALS,0.002618855761
UTILITIES,0.996978243352
