SECTOR,WEIGHT
ENERGY,0.000427837562
INDUSTRIALS,0.002452533632
UTILITIES,0.997119628806
