SECTOR,WEIGHT
CONSUMER DISCRETIONARY,0.052998640238
CONSUMER STAPLES,0.348511827522
ENERGY,0.053097841717
FINANCIALS,0.184502725035
HEALTH CARE,0.066259573193
INDUSTRIALS,0.135068323766
MATERIALS,0.081478482799
TECHNOLOGY,0.027219282362
UTILITIES,0.050863303369
