SECTOR,WEIGHT
CONSUMER DISCRETIONARY,0.052412483812
CONSUMER STAPLES,0.354274671125
ENERGY,0.054480355718
FINANCIALS,0.18065462229
HEALTH CARE,0.065938350754
INDUSTRIALS,0.133470456395
MATERIALS,0.080825424701
TECHNOLOGY,0.026963526067
UTILITIES,0.050980109137
