SECTOR,WEIGHT
CONSUMER DISCRETIONARY,0.054107187439
CONSUMER STAPLES,0.32472297496
ENERGY,0.044965841243
FINANCIALS,0.196023453759
HEALTH CARE,0.080497214841
INDUSTRIALS,0.147064085446
MATERIALS,0.078610119159
TECHNOLOGY,0.029770020953
UTILITIES,0.044239102199
