SECTOR,WEIGHT
CONSUMER DISCRETIONARY,0.053747128647
CONSUMER STAPLES,0.351889235354
ENERGY,0.049441350292
FINANCIALS,0.183324020836
HEALTH CARE,0.066838697532
INDUSTRIALS,0.135381682218
MATERIALS,0.080293754218
TECHNOLOGY,0.028075677559
UTILITIES,0.051008453344
