SECTOR,WEIGHT
CONSUMER DISCRETIONARY,0.061526088268
CONSUMER STAPLES,0.314466673369
ENERGY,0.024127877752
FINANCIALS,0.212325324218
HEALTH CARE,0.073288428672
INDUSTRIALS,0.184578264803
MATERIALS,0.081029456117
TECHNOLOGY,0.022217754097
UTILITIES,0.026440132703
