SECTOR,WEIGHT
CONSUMER DISCRETIONARY,0.05839663259
CONSUMER STAPLES,0.348623347631
ENERGY,0.043497385367
FINANCIALS,0.178980338404
HEALTH CARE,0.066953429582
INDUSTRIALS,0.145132895875
MATERIALS,0.083739380404
TECHNOLOGY,0.027897763309
UTILITIES,0.046778826837
