SECTOR,WEIGHT
CONSUMER DISCRETIONARY,0.053789347671
CONSUMER STAPLES,0.326352598954
ENERGY,0.042952875771
FINANCIALS,0.204869728138
HEALTH CARE,0.08156955455
INDUSTRIALS,0.142867337903
MATERIALS,0.074634051711
TECHNOLOGY,0.028778316201
UTILITIES,0.044186189102
