SECTOR,WEIGHT
CONSUMER DISCRETIONARY,0.059156547177
CONSUMER STAPLES,0.336713678824
ENERGY,0.043163794926
FINANCIALS,0.184815604308
HEALTH CARE,0.06863013328
INDUSTRIALS,0.139298696067
MATERIALS,0.082196613241
TECHNOLOGY,0.03097831588
UTILITIES,0.0459508512
