SECTOR,WEIGHT
COMMUNICATION SERVICES,0.134557479978
CONSUMER DISCRETIONARY,0.099563343478
CONSUMER STAPLES,0.047175671676
ENERGY,0.037623368346
FINANCIALS,0.098433066707
HEALTH CARE,0.131314120985
INDUSTRIALS,0.07873049414
MATERIALS,0.014518854612
REAL ESTATE,0.008590709509
TECHNOLOGY,0.339020406597
UTILITIES,0.010472483973
