SECTOR,WEIGHT
COMMUNICATION SERVICES,0.144130618373
CONSUMER DISCRETIONARY,0.099291595912
CONSUMER STAPLES,0.045754166326
ENERGY,0.033268052398
FINANCIALS,0.096271722055
HEALTH CARE,0.128205904343
INDUSTRIALS,0.0776459715
MATERIALS,0.01392895376
REAL ESTATE,0.00870345202
TECHNOLOGY,0.342387910011
UTILITIES,0.010411653303
