SECTOR,WEIGHT
COMMUNICATION SERVICES,0.143243243243
CONSUMER DISCRETIONARY,0.107207207207
CONSUMER STAPLES,0.042342342342
ENERGY,0.020720720721
FINANCIALS,0.091291291291
HEALTH CARE,0.115415415415
INDUSTRIALS,0.081981981982
MATERIALS,0.012112112112
REAL ESTATE,0.008008008008
TECHNOLOGY,0.365165165165
UTILITIES,0.012512512513
