SECTOR,WEIGHT
COMMUNICATION SERVICES,0.143317945823
CONSUMER DISCRETIONARY,0.099327709537
CONSUMER STAPLES,0.045951462184
ENERGY,0.028803359332
FINANCIALS,0.099233788832
HEALTH CARE,0.127440297234
INDUSTRIALS,0.079201411436
MATERIALS,0.01489804554
REAL ESTATE,0.00844680402
TECHNOLOGY,0.344247659809
UTILITIES,0.009131516254
