SECTOR,WEIGHT
COMMUNICATION SERVICES,0.140763182514
CONSUMER DISCRETIONARY,0.102835165212
CONSUMER STAPLES,0.0418518141
ENERGY,0.023900040066
FINANCIALS,0.105778012811
HEALTH CARE,0.1230162775
INDUSTRIALS,0.071809114552
MATERIALS,0.012635271583
REAL ESTATE,0.008294672295
TECHNOLOGY,0.359107134387
UTILITIES,0.010009314981
