SECTOR,WEIGHT
COMMUNICATION SERVICES,0.138607609667
CONSUMER DISCRETIONARY,0.100324515327
CONSUMER STAPLES,0.047077490051
ENERGY,0.029022214172
FINANCIALS,0.098747980001
HEALTH CARE,0.131528379154
INDUSTRIALS,0.080916333331
MATERIALS,0.014935597824
REAL ESTATE,0.008949215932
TECHNOLOGY,0.339924492255
UTILITIES,0.009966172288
