SECTOR,WEIGHT
COMMUNICATION SERVICES,0.14440480565
CONSUMER DISCRETIONARY,0.012474705654
CONSUMER STAPLES,0.170142209041
ENERGY,0.040411878555
FINANCIALS,0.059678134772
HEALTH CARE,0.132571908032
INDUSTRIALS,0.121775315122
MATERIALS,0.013027401498
REAL ESTATE,0.002290884223
TECHNOLOGY,0.303222757452
