SECTOR,WEIGHT
COMMUNICATION SERVICES,0.147055374181
CONSUMER DISCRETIONARY,0.012545720813
CONSUMER STAPLES,0.161228951386
ENERGY,0.037665228927
FINANCIALS,0.061978827843
HEALTH CARE,0.132606143955
INDUSTRIALS,0.114784925488
MATERIALS,0.011829022955
REAL ESTATE,0.002317490134
TECHNOLOGY,0.317988314317
