SECTOR,WEIGHT
COMMUNICATION SERVICES,0.150181547837
CONSUMER DISCRETIONARY,0.011749691735
CONSUMER STAPLES,0.16471841775
ENERGY,0.036715905477
FINANCIALS,0.061495504697
HEALTH CARE,0.131548188184
INDUSTRIALS,0.110172799027
MATERIALS,0.011967408677
REAL ESTATE,0.002405922703
TECHNOLOGY,0.319044613914
