SECTOR,WEIGHT
COMMUNICATION SERVICES,0.151792019066
CONSUMER DISCRETIONARY,0.012074513328
CONSUMER STAPLES,0.164529537321
ENERGY,0.036164361028
FINANCIALS,0.063504036205
HEALTH CARE,0.134251977981
INDUSTRIALS,0.111516225065
MATERIALS,0.011916034087
REAL ESTATE,0.002458434305
TECHNOLOGY,0.311792861614
