SECTOR,WEIGHT
COMMUNICATION SERVICES,0.149437448028
CONSUMER DISCRETIONARY,0.012182781802
CONSUMER STAPLES,0.175633434523
ENERGY,0.043811928306
FINANCIALS,0.060992055143
HEALTH CARE,0.130051195736
INDUSTRIALS,0.121517237234
MATERIALS,0.01328885015
REAL ESTATE,0.002318335287
TECHNOLOGY,0.290766733792
