SECTOR,WEIGHT
COMMUNICATION SERVICES,0.052261306533
CONSUMER DISCRETIONARY,0.046130653266
CONSUMER STAPLES,0.17256281407
ENERGY,0.042211055276
FINANCIALS,0.083216080402
HEALTH CARE,0.142814070352
INDUSTRIALS,0.081005025126
MATERIALS,0.020201005025
TECHNOLOGY,0.35959798995
