SECTOR,WEIGHT
COMMUNICATION SERVICES,0.145935559621
CONSUMER DISCRETIONARY,0.012114879472
CONSUMER STAPLES,0.165509910899
ENERGY,0.036346642036
FINANCIALS,0.061539139686
HEALTH CARE,0.132876975818
INDUSTRIALS,0.110497558591
MATERIALS,0.011754228136
REAL ESTATE,0.00232519931
TECHNOLOGY,0.321099906431
