SECTOR,WEIGHT
COMMUNICATION SERVICES,0.148008787721
CONSUMER DISCRETIONARY,0.011880253774
CONSUMER STAPLES,0.172928368852
ENERGY,0.047494968499
FINANCIALS,0.061248573698
HEALTH CARE,0.131147623098
INDUSTRIALS,0.126752760689
MATERIALS,0.01708656787
REAL ESTATE,0.002399292334
TECHNOLOGY,0.281052803465
