SECTOR,WEIGHT
COMMUNICATION SERVICES,0.101197622824
CONSUMER DISCRETIONARY,0.103898046459
CONSUMER STAPLES,0.046166201538
ENERGY,0.029945589977
FINANCIALS,0.134522255908
HEALTH CARE,0.102864055253
INDUSTRIALS,0.093429638404
MATERIALS,0.021509024836
REAL ESTATE,0.022529965667
TECHNOLOGY,0.320272250888
UTILITIES,0.023665348244
