SECTOR,WEIGHT
COMMUNICATION SERVICES,0.10050664617
CONSUMER DISCRETIONARY,0.1046025941
CONSUMER STAPLES,0.044987461282
ENERGY,0.029511214881
FINANCIALS,0.136093816998
HEALTH CARE,0.101278259592
INDUSTRIALS,0.09412884145
MATERIALS,0.022026964491
REAL ESTATE,0.022053950971
TECHNOLOGY,0.319983688172
UTILITIES,0.022448753175
