SECTOR,WEIGHT
COMMUNICATION SERVICES,0.104023520948
CONSUMER DISCRETIONARY,0.104573160316
CONSUMER STAPLES,0.047672925388
ENERGY,0.033315983352
FINANCIALS,0.132598739145
HEALTH CARE,0.099623391526
INDUSTRIALS,0.099739951246
MATERIALS,0.023780192484
REAL ESTATE,0.022287022281
TECHNOLOGY,0.309879039146
UTILITIES,0.022506074168
