SECTOR,WEIGHT
COMMUNICATION SERVICES,0.094449719899
CONSUMER DISCRETIONARY,0.104323360213
CONSUMER STAPLES,0.044323862637
ENERGY,0.029275253096
FINANCIALS,0.129597307006
HEALTH CARE,0.095895696737
INDUSTRIALS,0.096802069988
MATERIALS,0.01984073153
REAL ESTATE,0.022188057377
TECHNOLOGYQ,0.339933177582
UTILITIES,0.023370763936
