SECTOR,WEIGHT
COMMUNICATION SERVICES,0.096439930235
CONSUMER DISCRETIONARY,0.099004821997
CONSUMER STAPLES,0.050169282856
ENERGY,0.042269416231
FINANCIALS,0.125987483328
HEALTH CARE,0.099107417667
INDUSTRIALS,0.103108648815
MATERIALS,0.023699599877
REAL ESTATE,0.022468451831
TECHNOLOGY,0.312403816559
UTILITIES,0.025341130604
