SECTOR,WEIGHT
COMMUNICATION SERVICES,0.035588264946
CONSUMER DISCRETIONARY,0.042544611352
CONSUMER STAPLES,0.095977417078
ENERGY,0.087912087912
FINANCIALS,0.226635749572
HEALTH CARE,0.152938804315
INDUSTRIALS,0.145075108378
MATERIALS,0.032765399738
REAL ESTATE,0.027321302551
TECHNOLOGY,0.099203548745
UTILITIES,0.054037705414
