SECTOR,WEIGHT
COMMUNICATION SERVICES,0.035665774913
CONSUMER DISCRETIONARY,0.04231510398
CONSUMER STAPLES,0.096103678711
ENERGY,0.088046636059
FINANCIALS,0.226696340247
HEALTH CARE,0.153070701306
INDUSTRIALS,0.14491080279
MATERIALS,0.032827154755
REAL ESTATE,0.027224535359
TECHNOLOGY,0.099225656689
UTILITIES,0.053913615192
