SECTOR,WEIGHT
COMMUNICATION SERVICES,0.036465228683
CONSUMER DISCRETIONARY,0.045805566087
CONSUMER STAPLES,0.093972066167
ENERGY,0.066200426975
FINANCIALS,0.248103852712
HEALTH CARE,0.160686444853
INDUSTRIALS,0.138927128338
MATERIALS,0.030915158433
REAL ESTATE,0.026922148987
TECHNOLOGY,0.100433463021
UTILITIES,0.051568515744
