SECTOR,WEIGHT
COMMUNICATION SERVICES,0.022983745729
CONSUMER DISCRETIONARY,0.083652552024
CONSUMER STAPLES,0.020499016461
ENERGY,0.037995651724
FINANCIALS,0.093384408324
HEALTH CARE,0.246816440625
INDUSTRIALS,0.229216274977
MATERIALS,0.040894502536
REAL ESTATE,0.021327259551
TECHNOLOGY,0.198364219899
UTILITIES,0.00486592815
