SECTOR,WEIGHT
COMMUNICATION SERVICES,0.025542518949
CONSUMER DISCRETIONARY,0.086180043609
CONSUMER STAPLES,0.017962828367
ENERGY,0.068528709376
FINANCIALS,0.170283459662
HEALTH CARE,0.176928667843
INDUSTRIALS,0.177655487488
MATERIALS,0.049527567231
REAL ESTATE,0.055134461634
TECHNOLOGY,0.140795348354
UTILITIES,0.031357076108
