SECTOR,WEIGHT
COMMUNICATION SERVICES,0.030937803436
CONSUMER DISCRETIONARY,0.096844669069
CONSUMER STAPLES,0.016284497784
ENERGY,0.071257500843
FINANCIALS,0.259590109653
HEALTH CARE,0.109507229655
INDUSTRIALS,0.127194390162
MATERIALS,0.055923685397
REAL ESTATE,0.099052770995
TECHNOLOGY,0.075475645875
UTILITIES,0.05793169713
