SECTOR,WEIGHT
COMMUNICATION SERVICES,0.027772084444
CONSUMER DISCRETIONARY,0.087620414019
CONSUMER STAPLES,0.016396802623
ENERGY,0.099508095921
FINANCIALS,0.248104119697
HEALTH CARE,0.107194097151
INDUSTRIALS,0.126152900184
MATERIALS,0.058516089363
REAL ESTATE,0.090592334495
TECHNOLOGY,0.080856732937
UTILITIES,0.057183849149
