SECTOR,WEIGHT
COMMUNICATION SERVICES,0.027803426695
CONSUMER DISCRETIONARY,0.087719298246
CONSUMER STAPLES,0.016415307274
ENERGY,0.099620396019
FINANCIALS,0.24838411819
HEALTH CARE,0.107315071304
INDUSTRIALS,0.12629527034
MATERIALS,0.058582127834
REAL ESTATE,0.090694572689
TECHNOLOGY,0.07981943162
UTILITIES,0.057248384118
