SECTOR,WEIGHT
COMMUNICATION SERVICES,0.02932158972
CONSUMER DISCRETIONARY,0.091899253922
CONSUMER STAPLES,0.016480105428
ENERGY,0.079602359287
FINANCIALS,0.254701473601
HEALTH CARE,0.105915166371
INDUSTRIALS,0.132549913197
MATERIALS,0.057720486099
REAL ESTATE,0.093910123651
TECHNOLOGY,0.080409715961
UTILITIES,0.057489812763
