SECTOR,WEIGHT
COMMUNICATION SERVICES,0.147440698751
CONSUMER DISCRETIONARY,0.13909435559
CONSUMER STAPLES,0.014149879227
ENERGY,0.004967297455
FINANCIALS,0.055341148254
HEALTH CARE,0.059828159984
INDUSTRIALS,0.053402959723
MATERIALS,0.007369728764
REAL ESTATE,0.012314967167
TECHNOLOGY,0.506090805085
