SECTOR,WEIGHT
COMMUNICATION SERVICES,0.166470689572
CONSUMER DISCRETIONARY,0.125839329498
CONSUMER STAPLES,0.016332871268
ENERGY,0.004264755373
FINANCIALS,0.049851965513
HEALTH CARE,0.057940778193
INDUSTRIALS,0.055809402093
MATERIALS,0.00797663499
REAL ESTATE,0.011659468598
TECHNOLOGY,0.503854104902
