SECTOR,WEIGHT
COMMUNICATION SERVICES,0.091158360545
CONSUMER DISCRETIONARY,0.113427327394
CONSUMER STAPLES,0.063473510507
ENERGY,0.021348306736
FINANCIALS,0.145502325167
HEALTH CARE,0.114073790908
INDUSTRIALS,0.110534253059
MATERIALS,0.027461690032
REAL ESTATE,0.010197311472
TECHNOLOGY,0.290566336063
UTILITIES,0.012256788117
