SECTOR,WEIGHT
COMMUNICATION SERVICES,0.091317206506
CONSUMER DISCRETIONARY,0.112718035326
CONSUMER STAPLES,0.062986871357
ENERGY,0.021179716937
FINANCIALS,0.145874812655
HEALTH CARE,0.113785575501
INDUSTRIALS,0.111022177222
MATERIALS,0.027748040508
REAL ESTATE,0.010096108631
TECHNOLOGY,0.290958224862
UTILITIES,0.012313230495
