SECTOR,WEIGHT
COMMUNICATION SERVICES,0.091097188344
CONSUMER DISCRETIONARY,0.113737916241
CONSUMER STAPLES,0.065822095846
ENERGY,0.021514144327
FINANCIALS,0.146097678598
HEALTH CARE,0.11394602404
INDUSTRIALS,0.110571275921
MATERIALS,0.027969488195
REAL ESTATE,0.010495436636
TECHNOLOGY,0.286635477177
UTILITIES,0.012113274676
