SECTOR,WEIGHT
COMMUNICATION SERVICES,0.089730468105
CONSUMER DISCRETIONARY,0.107566959878
CONSUMER STAPLES,0.063701036785
ENERGY,0.027001543291
FINANCIALS,0.150754923017
HEALTH CARE,0.103732909969
INDUSTRIALS,0.103294704055
MATERIALS,0.028329256843
REAL ESTATE,0.012464187999
TECHNOLOGY,0.300339282188
UTILITIES,0.013084727869
