SECTOR,WEIGHT
COMMUNICATION SERVICES,0.09062614537
CONSUMER DISCRETIONARY,0.113440404732
CONSUMER STAPLES,0.068098290983
ENERGY,0.025432962209
FINANCIALS,0.136441928887
HEALTH CARE,0.114330663558
INDUSTRIALS,0.116726050636
MATERIALS,0.030617292852
REAL ESTATE,0.010157362511
TECHNOLOGY,0.283134351974
UTILITIES,0.010994546288
