SECTOR,WEIGHT
COMMUNICATION SERVICES,0.090193149528
CONSUMER DISCRETIONARY,0.106606178893
CONSUMER STAPLES,0.064340564823
ENERGY,0.025366414388
FINANCIALS,0.150111879567
HEALTH CARE,0.103500929562
INDUSTRIALS,0.099977956253
MATERIALS,0.029004135971
REAL ESTATE,0.012988699308
TECHNOLOGY,0.304874083901
UTILITIES,0.013036007807
