SECTOR,WEIGHT
COMMUNICATION SERVICES,0.090307471481
CONSUMER DISCRETIONARY,0.106686812218
CONSUMER STAPLES,0.06376369268
ENERGY,0.02480018131
FINANCIALS,0.149254362771
HEALTH CARE,0.106491400368
INDUSTRIALS,0.099978343532
MATERIALS,0.029970537131
REAL ESTATE,0.012740046838
TECHNOLOGY,0.303307395936
UTILITIES,0.012699755735
