SECTOR,WEIGHT
COMMUNICATION SERVICES,0.091094742617
CONSUMER DISCRETIONARY,0.109573366916
CONSUMER STAPLES,0.063746698994
ENERGY,0.021507841327
FINANCIALS,0.141607387045
HEALTH CARE,0.109712514691
INDUSTRIALS,0.113058067668
MATERIALS,0.026890557772
REAL ESTATE,0.010619277673
TECHNOLOGY,0.299746330603
UTILITIES,0.012443214694
