SECTOR,WEIGHT
COMMUNICATION SERVICES,0.088283980507
CONSUMER DISCRETIONARY,0.108253815688
CONSUMER STAPLES,0.064802976584
ENERGY,0.02787978806
FINANCIALS,0.153519178437
HEALTH CARE,0.105479136001
INDUSTRIALS,0.100163518705
MATERIALS,0.028317046951
REAL ESTATE,0.012523336426
TECHNOLOGY,0.297775319456
UTILITIES,0.013001903184
