SECTOR,WEIGHT
COMMUNICATION SERVICES,0.107752894763
CONSUMER DISCRETIONARY,0.103233678828
CONSUMER STAPLES,0.046080774849
ENERGY,0.028340523071
FINANCIALS,0.134358263323
HEALTH CARE,0.097136594328
INDUSTRIALS,0.082385777343
MATERIALS,0.016110288505
REAL ESTATE,0.01606119926
TECHNOLOGY,0.348281175176
UTILITIES,0.020258830554
