SECTOR,WEIGHT
COMMUNICATION SERVICES,0.104690960338
CONSUMER DISCRETIONARY,0.097946446547
CONSUMER STAPLES,0.052043487014
ENERGY,0.040869740286
FINANCIALS,0.124723172941
HEALTH CARE,0.096738473928
INDUSTRIALS,0.090195288907
MATERIALS,0.018119589289
REAL ESTATE,0.01711294544
TECHNOLOGY,0.333400442923
UTILITIES,0.024159452386
