SECTOR,WEIGHT
COMMUNICATION SERVICES,0.102339028912
CONSUMER DISCRETIONARY,0.104147918024
CONSUMER STAPLES,0.045504835396
ENERGY,0.028003206895
FINANCIALS,0.128140502079
HEALTH CARE,0.090227990179
INDUSTRIALS,0.082406173273
MATERIALS,0.015993385779
REAL ESTATE,0.016657814301
TECHNOLOGY,0.364567820815
UTILITIES,0.022011324347
