SECTOR,WEIGHT
COMMUNICATION SERVICES,0.035033317527
CONSUMER DISCRETIONARY,0.097672140558
CONSUMER STAPLES,0.029631177885
ENERGY,0.055311878676
FINANCIALS,0.155159433311
HEALTH CARE,0.138773116374
INDUSTRIALS,0.198721788249
MATERIALS,0.052417912434
REAL ESTATE,0.053338199938
TECHNOLOGY,0.162957440083
UTILITIES,0.020983594965
