SECTOR,WEIGHT
COMMUNICATION SERVICES,0.041120931021
CONSUMER DISCRETIONARY,0.102836446801
CONSUMER STAPLES,0.02616842915
ENERGY,0.037452594924
FINANCIALS,0.163318500077
HEALTH CARE,0.141420146485
INDUSTRIALS,0.188916207263
MATERIALS,0.040800416875
REAL ESTATE,0.053603406135
TECHNOLOGY,0.184940797935
UTILITIES,0.019422123334
