SECTOR,WEIGHT
COMMUNICATION SERVICES,0.038164679607
CONSUMER DISCRETIONARY,0.098617064079
CONSUMER STAPLES,0.02695975794
ENERGY,0.041705668867
FINANCIALS,0.160915894834
HEALTH CARE,0.136233660131
INDUSTRIALS,0.202939739547
MATERIALS,0.047694559398
REAL ESTATE,0.052577019082
TECHNOLOGY,0.174610799094
UTILITIES,0.019581157421
