SECTOR,WEIGHT
COMMUNICATION SERVICES,0.038164522923
CONSUMER DISCRETIONARY,0.098616659208
CONSUMER STAPLES,0.026959647257
ENERGY,0.041705497646
FINANCIALS,0.160915234197
HEALTH CARE,0.136233100826
INDUSTRIALS,0.202943011861
MATERIALS,0.047694363589
REAL ESTATE,0.052576803229
TECHNOLOGY,0.174610082233
UTILITIES,0.019581077031
