SECTOR,WEIGHT
COMMUNICATION SERVICES,0.024717200634
CONSUMER DISCRETIONARY,0.069124391639
CONSUMER STAPLES,0.109454301687
ENERGY,0.084594812063
FINANCIALS,0.214357359798
HEALTH CARE,0.126910755745
INDUSTRIALS,0.123913668661
MATERIALS,0.023289300569
REAL ESTATE,0.000176358183
TECHNOLOGY,0.162527092525
UTILITIES,0.060934758495
