SECTOR,WEIGHT
COMMUNICATION SERVICES,0.024831659965
CONSUMER DISCRETIONARY,0.066486288012
CONSUMER STAPLES,0.109472186775
ENERGY,0.08356307033
FINANCIALS,0.222465669869
HEALTH CARE,0.132758890521
INDUSTRIALS,0.121954229167
MATERIALS,0.024037111052
REAL ESTATE,0.000157505277
TECHNOLOGY,0.156186044832
UTILITIES,0.0580873442
