SECTOR,WEIGHT
COMMUNICATION SERVICES,0.03817403559
CONSUMER DISCRETIONARY,0.067235233341
CONSUMER STAPLES,0.08450251427
ENERGY,0.106722512369
FINANCIALS,0.203346496097
HEALTH CARE,0.128960707837
INDUSTRIALS,0.128683703448
MATERIALS,0.040315259302
REAL ESTATE,0.000123337721
TECHNOLOGY,0.141673591776
UTILITIES,0.060262608249
