SECTOR,WEIGHT
INDUSTRIALS,0.958557497903
MATERIALS,0.034249785757
TECHNOLOGY,0.007192716341
