SECTOR,WEIGHT
INDUSTRIALS,0.953510899669
MATERIALS,0.037652643852
TECHNOLOGY,0.008836456479
