SECTOR,WEIGHT
INDUSTRIALS,0.955394520836
MATERIALS,0.037144244313
TECHNOLOGY,0.00746123485
