SECTOR,WEIGHT
INDUSTRIALS,0.958714213963
MATERIALS,0.03505775992
TECHNOLOGY,0.006228026118
