SECTOR,WEIGHT
INDUSTRIALS,0.957240981628
MATERIALS,0.042759018372
