SECTOR,WEIGHT
INDUSTRIALS,0.958542461353
MATERIALS,0.033828548484
TECHNOLOGY,0.007628990163
