SECTOR,WEIGHT
INDUSTRIALS,0.959557847313
MATERIALS,0.032435675026
TECHNOLOGY,0.008006477661
