SECTOR,WEIGHT
INDUSTRIALS,0.95858342419
MATERIALS,0.035487326436
TECHNOLOGY,0.005929249374
