SECTOR,WEIGHT
COMMUNICATION SERVICES,0.106565930871
CONSUMER DISCRETIONARY,0.017450191959
FINANCIALS,0.041287716449
HEALTH CARE,0.038941666606
INDUSTRIALS,0.072007098433
TECHNOLOGY,0.723747395682
