SECTOR,WEIGHT
COMMUNICATION SERVICES,0.107021157271
CONSUMER DISCRETIONARY,0.018203790046
FINANCIALS,0.039880392899
HEALTH CARE,0.040687100863
INDUSTRIALS,0.070141358127
TECHNOLOGY,0.724066200795
