SECTOR,WEIGHT
COMMUNICATION SERVICES,0.144063580388
CONSUMER DISCRETIONARY,0.038107715458
FINANCIALS,0.043964218534
HEALTH CARE,0.043241349618
INDUSTRIALS,0.094689178715
REAL ESTATE,0.010265778488
TECHNOLOGY,0.6256681788
