SECTOR,WEIGHT
COMMUNICATION SERVICES,0.09895398042
CONSUMER DISCRETIONARY,0.013997331342
FINANCIALS,0.033876096092
HEALTH CARE,0.03486360622
INDUSTRIALS,0.06470129716
TECHNOLOGY,0.753607688766
