SECTOR,WEIGHT
COMMUNICATION SERVICES,0.098176698811
CONSUMER DISCRETIONARY,0.011346830846
FINANCIALS,0.033523080693
HEALTH CARE,0.034027605517
INDUSTRIALS,0.063247252043
TECHNOLOGY,0.75967853209
