SECTOR,WEIGHT
COMMUNICATION SERVICES,0.096946465144
CONSUMER DISCRETIONARY,0.010496548572
FINANCIALS,0.033787114062
HEALTH CARE,0.028867613919
INDUSTRIALS,0.055652374833
TECHNOLOGY,0.774249883471
