SECTOR,WEIGHT
COMMUNICATION SERVICES,0.09859332695
CONSUMER DISCRETIONARY,0.010081003482
FINANCIALS,0.033827551067
HEALTH CARE,0.028505189576
INDUSTRIALS,0.05797688547
TECHNOLOGY,0.771016043455
