SECTOR,WEIGHT
COMMUNICATION SERVICES,0.102060810995
CONSUMER DISCRETIONARY,0.014008015759
FINANCIALS,0.036337368309
HEALTH CARE,0.037799634338
INDUSTRIALS,0.073453355668
TECHNOLOGY,0.736340814932
