SECTOR,WEIGHT
COMMUNICATION SERVICES,0.090328485111
CONSUMER DISCRETIONARY,0.010311932323
FINANCIALS,0.033506938422
HEALTH CARE,0.026630729248
INDUSTRIALS,0.053126657156
TECHNOLOGY,0.786095257739
