SECTOR,WEIGHT
COMMUNICATION SERVICES,0.146139144847
CONSUMER DISCRETIONARY,0.037694411593
FINANCIALS,0.043545937069
HEALTH CARE,0.048693847261
INDUSTRIALS,0.095702337439
REAL ESTATE,0.010423964955
TECHNOLOGY,0.617800356837
