SECTOR,WEIGHT
COMMUNICATION SERVICES,0.015778935821
CONSUMER DISCRETIONARY,0.122804742766
CONSUMER STAPLES,0.042950221197
ENERGY,0.015797996272
FINANCIALS,0.176616563587
HEALTH CARE,0.10151327535
INDUSTRIALS,0.228698937463
MATERIALS,0.059824098015
REAL ESTATE,0.076092197582
TECHNOLOGY,0.143017847176
UTILITIES,0.016905184772
