SECTOR,WEIGHT
COMMUNICATION SERVICES,0.016866318497
CONSUMER DISCRETIONARY,0.115971679507
CONSUMER STAPLES,0.040414343696
ENERGY,0.021091423013
FINANCIALS,0.175198242614
HEALTH CARE,0.098005300805
INDUSTRIALS,0.224243007407
MATERIALS,0.062464473927
REAL ESTATE,0.072057805391
TECHNOLOGY,0.157920882023
UTILITIES,0.015766523119
