SECTOR,WEIGHT
COMMUNICATION SERVICES,0.011268808654
CONSUMER DISCRETIONARY,0.116262696629
CONSUMER STAPLES,0.036535005687
ENERGY,0.028511243085
FINANCIALS,0.155407392604
HEALTH CARE,0.097792462879
INDUSTRIALS,0.255221354884
MATERIALS,0.070731318956
REAL ESTATE,0.074480163727
TECHNOLOGY,0.136957532552
UTILITIES,0.016832020341
