SECTOR,WEIGHT
COMMUNICATION SERVICES,0.01691528435
CONSUMER DISCRETIONARY,0.117873646129
CONSUMER STAPLES,0.039837715284
ENERGY,0.021913109508
FINANCIALS,0.173969424438
HEALTH CARE,0.097630376013
INDUSTRIALS,0.228737011757
MATERIALS,0.063477834274
REAL ESTATE,0.071033327214
TECHNOLOGY,0.15324018932
UTILITIES,0.015372081712
