SECTOR,WEIGHT
COMMUNICATION SERVICES,0.012648630313
CONSUMER DISCRETIONARY,0.11442718163
CONSUMER STAPLES,0.041821281463
ENERGY,0.023923310028
FINANCIALS,0.167171593381
HEALTH CARE,0.092246186517
INDUSTRIALS,0.241869951691
MATERIALS,0.066136248359
REAL ESTATE,0.071182243302
TECHNOLOGY,0.152850044317
UTILITIES,0.015723328999
