SECTOR,WEIGHT
COMMUNICATION SERVICES,0.013939304066
CONSUMER DISCRETIONARY,0.106028482573
CONSUMER STAPLES,0.0449794366
ENERGY,0.028286466764
FINANCIALS,0.154829648454
HEALTH CARE,0.09629907166
INDUSTRIALS,0.240570854916
MATERIALS,0.064498166106
REAL ESTATE,0.074244130898
TECHNOLOGY,0.159522623327
UTILITIES,0.016801814637
