SECTOR,WEIGHT
COMMUNICATION SERVICES,0.013301077954
CONSUMER DISCRETIONARY,0.112746750755
CONSUMER STAPLES,0.041026795382
ENERGY,0.02344700479
FINANCIALS,0.17019845643
HEALTH CARE,0.094093886261
INDUSTRIALS,0.235454732118
MATERIALS,0.065259114574
REAL ESTATE,0.07014286923
TECHNOLOGY,0.158321983986
UTILITIES,0.016007328521
