SECTOR,WEIGHT
COMMUNICATION SERVICES,0.011574921711
CONSUMER DISCRETIONARY,0.11548597227
CONSUMER STAPLES,0.035163266007
ENERGY,0.027870328967
FINANCIALS,0.155002544565
HEALTH CARE,0.097774350213
INDUSTRIALS,0.252669004056
MATERIALS,0.069200637155
REAL ESTATE,0.075401708133
TECHNOLOGY,0.143681052817
UTILITIES,0.016176214105
