SECTOR,WEIGHT
COMMUNICATION SERVICES,0.030305270181
CONSUMER DISCRETIONARY,0.138473326922
CONSUMER STAPLES,0.027763038518
ENERGY,0.030492713521
FINANCIALS,0.193764715435
HEALTH CARE,0.107090241504
INDUSTRIALS,0.185873463263
MATERIALS,0.048419087368
REAL ESTATE,0.07658037548
TECHNOLOGY,0.141556652393
UTILITIES,0.019681115415
