SECTOR,WEIGHT
COMMUNICATION SERVICES,0.031736529115
CONSUMER DISCRETIONARY,0.135480414081
CONSUMER STAPLES,0.028130996835
ENERGY,0.032339353997
FINANCIALS,0.190683267981
HEALTH CARE,0.109666232722
INDUSTRIALS,0.180343593243
MATERIALS,0.047754368935
REAL ESTATE,0.079638260343
TECHNOLOGY,0.143802150073
UTILITIES,0.020424832675
