SECTOR,WEIGHT
COMMUNICATION SERVICES,0.031824632252
CONSUMER DISCRETIONARY,0.13130820093
CONSUMER STAPLES,0.027535589667
ENERGY,0.03491100717
FINANCIALS,0.189400900865
HEALTH CARE,0.109200374411
INDUSTRIALS,0.176922671303
MATERIALS,0.047954063063
REAL ESTATE,0.079455052517
TECHNOLOGY,0.150234109435
UTILITIES,0.021253398388
