SECTOR,WEIGHT
COMMUNICATION SERVICES,0.031808073305
CONSUMER DISCRETIONARY,0.136311937631
CONSUMER STAPLES,0.026403520504
ENERGY,0.020237155089
FINANCIALS,0.193026426243
HEALTH CARE,0.122619102972
INDUSTRIALS,0.184068070918
MATERIALS,0.044525115762
REAL ESTATE,0.080747838607
TECHNOLOGY,0.14115972031
UTILITIES,0.01909303866
