SECTOR,WEIGHT
COMMUNICATION SERVICES,0.031681969529
CONSUMER DISCRETIONARY,0.139239229139
CONSUMER STAPLES,0.02512360004
ENERGY,0.037029563112
FINANCIALS,0.203410352134
HEALTH CARE,0.111088689335
INDUSTRIALS,0.174553526385
MATERIALS,0.041973564726
REAL ESTATE,0.066491776814
TECHNOLOGY,0.148824538392
UTILITIES,0.020583190395
