SECTOR,WEIGHT
COMMUNICATION SERVICES,0.030374309675
CONSUMER DISCRETIONARY,0.132031090202
CONSUMER STAPLES,0.02464716711
ENERGY,0.038351401105
FINANCIALS,0.193086520761
HEALTH CARE,0.111167928002
INDUSTRIALS,0.176825526693
MATERIALS,0.042646758028
REAL ESTATE,0.068112088362
TECHNOLOGY,0.162609940683
UTILITIES,0.02014726938
