SECTOR,WEIGHT
COMMUNICATION SERVICES,0.031947386919
CONSUMER DISCRETIONARY,0.138556682936
CONSUMER STAPLES,0.026102837078
ENERGY,0.020897462396
FINANCIALS,0.187741942535
HEALTH CARE,0.125498050588
INDUSTRIALS,0.182242058103
MATERIALS,0.043561442143
REAL ESTATE,0.082060805917
TECHNOLOGYQ,0.141506130153
UTILITIES,0.019885201233
