SECTOR,WEIGHT
COMMUNICATION SERVICES,0.031623044311
CONSUMER DISCRETIONARY,0.136470886462
CONSUMER STAPLES,0.02627105903
ENERGY,0.023839725629
FINANCIALS,0.193224714646
HEALTH CARE,0.12613690164
INDUSTRIALS,0.168702199871
MATERIALS,0.043982607421
REAL ESTATE,0.080000164115
TECHNOLOGY,0.150769249495
UTILITIES,0.018979447381
