SECTOR,WEIGHT
COMMUNICATION SERVICES,0.030305998196
CONSUMER DISCRETIONARY,0.139609324592
CONSUMER STAPLES,0.026636931748
ENERGY,0.039975660912
FINANCIALS,0.192223825053
HEALTH CARE,0.111148310001
INDUSTRIALS,0.179858769292
MATERIALS,0.046889425913
REAL ESTATE,0.067520951888
TECHNOLOGY,0.14347505908
UTILITIES,0.022355743325
