SECTOR,WEIGHT
COMMUNICATION SERVICES,0.032205402831
CONSUMER DISCRETIONARY,0.134722321691
CONSUMER STAPLES,0.026040709101
ENERGY,0.022059073438
FINANCIALS,0.188929777632
HEALTH CARE,0.124888625221
INDUSTRIALS,0.183161157524
MATERIALS,0.043408383984
REAL ESTATE,0.080070951251
TECHNOLOGY,0.145439462597
UTILITIES,0.019074134729
