SECTOR,WEIGHT
COMMUNICATION SERVICES,0.032387527374
CONSUMER DISCRETIONARY,0.13813668729
CONSUMER STAPLES,0.025671473345
ENERGY,0.037802876085
FINANCIALS,0.197150226421
HEALTH CARE,0.113126961936
INDUSTRIALS,0.175415853063
MATERIALS,0.04310842789
REAL ESTATE,0.068714678518
TECHNOLOGY,0.146946669654
UTILITIES,0.021538618425
