SECTOR,WEIGHT
COMMUNICATION SERVICES,0.030688132572
CONSUMER DISCRETIONARY,0.141026158479
CONSUMER STAPLES,0.026629244301
ENERGY,0.038005733867
FINANCIALS,0.196590867791
HEALTH CARE,0.112697580065
INDUSTRIALS,0.179368269422
MATERIALS,0.043348247607
REAL ESTATE,0.068332203271
TECHNOLOGY,0.140803760417
UTILITIES,0.022509802209
