SECTOR,WEIGHT
COMMUNICATION SERVICES,0.031167090184
CONSUMER DISCRETIONARY,0.134532904337
CONSUMER STAPLES,0.027286726679
ENERGY,0.027494563223
FINANCIALS,0.19573997374
HEALTH CARE,0.119574669186
INDUSTRIALS,0.174539558806
MATERIALS,0.045527071587
REAL ESTATE,0.076018752995
TECHNOLOGY,0.146235599833
UTILITIES,0.018943996562
