SECTOR,WEIGHT
FINANCIALS,0.995284440557
TECHNOLOGY,0.004715559443
