SECTOR,WEIGHT
FINANCIALS,0.995368561014
TECHNOLOGY,0.004631438986
