SECTOR,WEIGHT
FINANCIALS,0.979042919103
TECHNOLOGY,0.00445558565
