SECTOR,WEIGHT
FINANCIALS,0.995294879896
TECHNOLOGY,0.004705120104
