SECTOR,WEIGHT
FINANCIALS,0.994790623122
TECHNOLOGY,0.005209376878
