SECTOR,WEIGHT
FINANCIALS,0.995429732123
TECHNOLOGY,0.004570267877
