SECTOR,WEIGHT
FINANCIALS,0.994959787198
TECHNOLOGY,0.005040212802
