SECTOR,WEIGHT
COMMUNICATION SERVICES,0.154580856733
CONSUMER DISCRETIONARY,0.108269887372
CONSUMER STAPLES,0.063798559281
ENERGY,0.03432030754
FINANCIALS,0.102124085803
HEALTH CARE,0.07784482026
INDUSTRIALS,0.019164262969
MATERIALS,0.007084618499
TECHNOLOGY,0.432812601543
