SECTOR,WEIGHT
COMMUNICATION SERVICES,0.157605711697
CONSUMER DISCRETIONARY,0.110058575096
CONSUMER STAPLES,0.053842684314
ENERGY,0.021371859352
FINANCIALS,0.101355817956
HEALTH CARE,0.07622563163
INDUSTRIALS,0.016050396384
MATERIALS,0.005267458269
TECHNOLOGY,0.458221865302
