SECTOR,WEIGHT
COMMUNICATION SERVICES,0.16134425029
CONSUMER DISCRETIONARY,0.106156194912
CONSUMER STAPLES,0.060905651166
ENERGY,0.027366424357
FINANCIALS,0.104027228362
HEALTH CARE,0.075389226709
INDUSTRIALS,0.018960608116
MATERIALS,0.005926690718
TECHNOLOGY,0.439923725371
