SECTOR,WEIGHT
COMMUNICATION SERVICES,0.169201520913
CONSUMER DISCRETIONARY,0.113568140885
CONSUMER STAPLES,0.056233740244
ENERGY,0.025415249149
FINANCIALS,0.092755653392
HEALTH CARE,0.068441064639
INDUSTRIALS,0.019711827096
MATERIALS,0.006103662197
TECHNOLOGY,0.448569141485
