SECTOR,WEIGHT
COMMUNICATION SERVICES,0.157189574532
CONSUMER DISCRETIONARY,0.106824426961
CONSUMER STAPLES,0.06314681354
ENERGY,0.027478630511
FINANCIALS,0.104090573409
HEALTH CARE,0.078979548134
INDUSTRIALS,0.02014966147
MATERIALS,0.006451374032
TECHNOLOGY,0.435689397411
