SECTOR,WEIGHT
COMMUNICATION SERVICES,0.158367497167
CONSUMER DISCRETIONARY,0.115707628928
CONSUMER STAPLES,0.053424601361
ENERGY,0.022592637415
FINANCIALS,0.105888047976
HEALTH CARE,0.076344291431
INDUSTRIALS,0.016983734381
MATERIALS,0.005658911085
TECHNOLOGY,0.445032650257
