SECTOR,WEIGHT
COMMUNICATION SERVICES,0.15516105256
CONSUMER DISCRETIONARY,0.114248975521
CONSUMER STAPLES,0.052709111958
ENERGY,0.021458986777
FINANCIALS,0.104622074275
HEALTH CARE,0.074779982294
INDUSTRIALS,0.016544890822
MATERIALS,0.005404804538
TECHNOLOGY,0.455070121255
