SECTOR,WEIGHT
COMMUNICATION SERVICES,0.164829030286
CONSUMER DISCRETIONARY,0.113040398654
CONSUMER STAPLES,0.060943632367
ENERGY,0.027124853561
FINANCIALS,0.104985878829
HEALTH CARE,0.076680509383
INDUSTRIALS,0.01823196737
MATERIALS,0.00620771277
TECHNOLOGY,0.427956016779
