SECTOR,WEIGHT
COMMUNICATION SERVICES,0.162216221622
CONSUMER DISCRETIONARY,0.112111211121
CONSUMER STAPLES,0.056905690569
ENERGY,0.026402640264
FINANCIALS,0.095309530953
HEALTH CARE,0.069406940694
INDUSTRIALS,0.018101810181
MATERIALS,0.006200620062
TECHNOLOGY,0.453345334533
