SECTOR,WEIGHT
INDUSTRIALS,0.031313536617
REAL ESTATE,0.968686463383
