SECTOR,WEIGHT
INDUSTRIALS,0.029663840132
REAL ESTATE,0.970336159868
