SECTOR,WEIGHT
INDUSTRIALS,0.019394776468
REAL ESTATE,0.980605223532
