SECTOR,WEIGHT
INDUSTRIALS,0.015369537816
REAL ESTATE,0.984630462184
