SECTOR,WEIGHT
INDUSTRIALS,0.017211499671
REAL ESTATE,0.982788500329
