SECTOR,WEIGHT
INDUSTRIALS,0.021355062763
REAL ESTATE,0.978644937237
