SECTOR,WEIGHT
INDUSTRIALS,0.021231891112
REAL ESTATE,0.978768108888
