SECTOR,WEIGHT
INDUSTRIALS,0.023244871288
REAL ESTATE,0.976755128712
