SECTOR,WEIGHT
COMMUNICATION SERVICES,0.037430649611
CONSUMER DISCRETIONARY,0.060717331327
CONSUMER STAPLES,0.074399799348
ENERGY,0.05423526461
FINANCIALS,0.178536242789
HEALTH CARE,0.129728618009
INDUSTRIALS,0.134489089541
MATERIALS,0.028080260848
REAL ESTATE,0.028798595435
TECHNOLOGY,0.239012791573
UTILITIES,0.03457135691
