SECTOR,WEIGHT
COMMUNICATION SERVICES,0.042012140691
CONSUMER DISCRETIONARY,0.064635855264
CONSUMER STAPLES,0.073792542321
ENERGY,0.044397317335
FINANCIALS,0.193494162194
HEALTH CARE,0.155188468471
INDUSTRIALS,0.123338152998
MATERIALS,0.02510818914
REAL ESTATE,0.027485259831
TECHNOLOGYQ,0.215473453511
UTILITIES,0.035074458244
