SECTOR,WEIGHT
COMMUNICATION SERVICES,0.040517733302
CONSUMER DISCRETIONARY,0.065699917173
CONSUMER STAPLES,0.070654432847
ENERGY,0.043438311097
FINANCIALS,0.19981301056
HEALTH CARE,0.14753245394
INDUSTRIALS,0.126915308276
MATERIALS,0.025605878996
REAL ESTATE,0.026470378075
TECHNOLOGY,0.220495572336
UTILITIES,0.032857003399
