SECTOR,WEIGHT
COMMUNICATION SERVICES,0.040676942038
CONSUMER DISCRETIONARY,0.063211901686
CONSUMER STAPLES,0.076888643998
ENERGY,0.05951545772
FINANCIALS,0.177293817615
HEALTH CARE,0.139967060198
INDUSTRIALS,0.136425178374
MATERIALS,0.028184507052
REAL ESTATE,0.027800108996
TECHNOLOGY,0.21457942537
UTILITIES,0.035456956952
