SECTOR,WEIGHT
COMMUNICATION SERVICES,0.038650848518
CONSUMER DISCRETIONARY,0.064514631451
CONSUMER STAPLES,0.079052727722
ENERGY,0.051974829565
FINANCIALS,0.180916288622
HEALTH CARE,0.144594765074
INDUSTRIALS,0.136869036025
MATERIALS,0.029546498191
REAL ESTATE,0.028293022622
TECHNOLOGY,0.210191301364
UTILITIES,0.035396050845
