SECTOR,WEIGHT
COMMUNICATION SERVICES,0.037861492589
CONSUMER DISCRETIONARY,0.065146162103
CONSUMER STAPLES,0.077777766559
ENERGY,0.051224134745
FINANCIALS,0.188958099625
HEALTH CARE,0.143323778011
INDUSTRIALS,0.134838086256
MATERIALS,0.028600335429
REAL ESTATE,0.027482574747
TECHNOLOGY,0.212036273202
UTILITIES,0.032751296734
