SECTOR,WEIGHT
COMMUNICATION SERVICES,0.041195983279
CONSUMER DISCRETIONARY,0.063374266687
CONSUMER STAPLES,0.077476953033
ENERGY,0.0612374352
FINANCIALS,0.178527302564
HEALTH CARE,0.141303878715
INDUSTRIALS,0.134906432074
MATERIALS,0.028374994354
REAL ESTATE,0.028164221873
TECHNOLOGY,0.209434577727
UTILITIES,0.036003954493
