SECTOR,WEIGHT
COMMUNICATION SERVICES,0.038153414781
CONSUMER DISCRETIONARY,0.061686360905
CONSUMER STAPLES,0.073903464851
ENERGY,0.052874023633
FINANCIALS,0.176747446425
HEALTH CARE,0.130883236531
INDUSTRIALS,0.135790106149
MATERIALS,0.028339675546
REAL ESTATE,0.028539955938
TECHNOLOGY,0.238934508312
UTILITIES,0.03414780693
