SECTOR,WEIGHT
COMMUNICATION SERVICES,0.04072218286
CONSUMER DISCRETIONARY,0.064310363283
CONSUMER STAPLES,0.072627087974
ENERGY,0.045325028162
FINANCIALS,0.195259528094
HEALTH CARE,0.145702736731
INDUSTRIALS,0.123550970268
MATERIALS,0.02449039927
REAL ESTATE,0.02647324182
TECHNOLOGY,0.228672209111
UTILITIES,0.032866252428
