SECTOR,WEIGHT
ENERGY,0.173032769777
MATERIALS,0.826967230223
