SECTOR,WEIGHT
ENERGY,0.181608954912
MATERIALS,0.818391045088
