SECTOR,WEIGHT
ENERGY,0.179300022566
MATERIALS,0.820699977434
