SECTOR,WEIGHT
ENERGY,0.197556544793
MATERIALS,0.802443455207
