SECTOR,WEIGHT
ENERGY,0.193164267101
MATERIALS,0.806835732899
