SECTOR,WEIGHT
ENERGY,0.188394122636
MATERIALS,0.811605877364
