SECTOR,WEIGHT
ENERGY,0.201020628187
MATERIALS,0.798979371813
