SECTOR,WEIGHT
ENERGY,0.186055024898
MATERIALS,0.813944975102
