SECTOR,WEIGHT
ENERGY,0.194563619631
MATERIALS,0.805436380369
