SECTOR,WEIGHT
CONSUMER DISCRETIONARY,0.113424113998
CONSUMER STAPLES,0.030213064968
ENERGY,0.046389626821
FINANCIALS,0.163087890551
HEALTH CARE,0.214975806726
INDUSTRIALS,0.222090651206
MATERIALS,0.097758043238
TECHNOLOGY,0.090653208386
UTILITIES,0.021407594106
