SECTOR,WEIGHT
CONSUMER DISCRETIONARY,0.113985700356
CONSUMER STAPLES,0.030712599584
ENERGY,0.046813213656
FINANCIALS,0.156968723784
HEALTH CARE,0.21222116996
INDUSTRIALS,0.228602090687
MATERIALS,0.099974371963
TECHNOLOGY,0.088188478195
UTILITIES,0.022533651815
