SECTOR,WEIGHT
CONSUMER DISCRETIONARY,0.113042538328
CONSUMER STAPLES,0.031207651334
ENERGY,0.04423277479
FINANCIALS,0.165372227883
HEALTH CARE,0.213035932687
INDUSTRIALS,0.219863763654
MATERIALS,0.095329411317
TECHNOLOGY,0.094475682233
UTILITIES,0.023440017775
