SECTOR,WEIGHT
CONSUMER DISCRETIONARY,0.135826448432
CONSUMER STAPLES,0.04296238301
ENERGY,0.007073459858
FINANCIALS,0.151825583398
HEALTH CARE,0.176221761226
INDUSTRIALS,0.329751382654
MATERIALS,0.071091024866
TECHNOLOGY,0.085247956556
