SECTOR,WEIGHT
COMMUNICATION SERVICES,0.010704712737
CONSUMER DISCRETIONARY,0.045780645006
CONSUMER STAPLES,0.071467549931
ENERGY,0.010903967983
FINANCIALS,0.208587200203
HEALTH CARE,0.021167115074
INDUSTRIALS,0.10144795483
MATERIALS,0.04657366086
REAL ESTATE,0.287570377654
UTILITIES,0.195796815721
