SECTOR,WEIGHT
COMMUNICATION SERVICES,0.010627530364
CONSUMER DISCRETIONARY,0.024392712551
CONSUMER STAPLES,0.048178137652
ENERGY,0.023785425101
FINANCIALS,0.248481781377
HEALTH CARE,0.019331983806
INDUSTRIALS,0.078036437247
MATERIALS,0.041396761134
REAL ESTATE,0.282186234818
TECHNOLOGY,0.011234817814
UTILITIES,0.212348178138
