SECTOR,WEIGHT
COMMUNICATION SERVICES,0.010612908804
CONSUMER DISCRETIONARY,0.044296353189
CONSUMER STAPLES,0.072449664834
ENERGY,0.011175874507
FINANCIALS,0.212275266102
HEALTH CARE,0.02155857055
INDUSTRIALS,0.099183498671
MATERIALS,0.046922186076
REAL ESTATE,0.284009160256
UTILITIES,0.197516517012
