SECTOR,WEIGHT
COMMUNICATION SERVICES,0.008932003167
CONSUMER DISCRETIONARY,0.024600695432
CONSUMER STAPLES,0.047587101257
ENERGY,0.02611016104
FINANCIALS,0.238413703392
HEALTH CARE,0.020348834307
INDUSTRIALS,0.087089776266
MATERIALS,0.040470050785
REAL ESTATE,0.275203932597
TECHNOLOGY,0.010369589459
UTILITIES,0.220874152298
