SECTOR,WEIGHT
COMMUNICATION SERVICES,0.009862023752
CONSUMER DISCRETIONARY,0.041891330567
CONSUMER STAPLES,0.069081209307
ENERGY,0.011206253722
FINANCIALS,0.202355154967
HEALTH CARE,0.020641887327
INDUSTRIALS,0.094772717036
MATERIALS,0.044445667786
REAL ESTATE,0.274093795823
UTILITIES,0.231649959713
