SECTOR,WEIGHT
COMMUNICATION SERVICES,0.011025692899
CONSUMER DISCRETIONARY,0.022557151527
CONSUMER STAPLES,0.04744082541
ENERGY,0.024782520736
FINANCIALS,0.245296378717
HEALTH CARE,0.019016791422
INDUSTRIALS,0.075460246814
MATERIALS,0.042585474408
REAL ESTATE,0.290107222335
TECHNOLOGY,0.01001416144
UTILITIES,0.211713534291
