SECTOR,WEIGHT
COMMUNICATION SERVICES,0.009011866783
CONSUMER DISCRETIONARY,0.024427405581
CONSUMER STAPLES,0.047498348479
ENERGY,0.026216889018
FINANCIALS,0.240172442962
HEALTH CARE,0.020236167505
INDUSTRIALS,0.08742386891
MATERIALS,0.04055088296
REAL ESTATE,0.275371995037
TECHNOLOGY,0.010391491042
UTILITIES,0.218698641725
