SECTOR,WEIGHT
COMMUNICATION SERVICES,0.017543103794
CONSUMER DISCRETIONARY,0.047978269756
CONSUMER STAPLES,0.032929014003
ENERGY,0.072393733418
FINANCIALS,0.037286484927
HEALTH CARE,0.066116530535
INDUSTRIALS,0.39445482017
MATERIALS,0.095869370055
REAL ESTATE,0.047487315341
TECHNOLOGY,0.12091706277
UTILITIES,0.06702429523
