SECTOR,WEIGHT
CONSUMER DISCRETIONARY,0.092064290913
CONSUMER STAPLES,0.114848024895
ENERGY,0.024816885989
FINANCIALS,0.100119703328
HEALTH CARE,0.057045553432
INDUSTRIALS,0.286949129093
MATERIALS,0.030779996511
REAL ESTATE,0.040411402494
TECHNOLOGY,0.15901895403
UTILITIES,0.093946059314
