SECTOR,WEIGHT
CONSUMER DISCRETIONARY,0.093796910707
CONSUMER STAPLES,0.107241187913
ENERGY,0.021712062646
FINANCIALS,0.107755236747
HEALTH CARE,0.059438646671
INDUSTRIALS,0.264672143854
MATERIALS,0.026879553558
REAL ESTATE,0.038431651007
TECHNOLOGY,0.188810937039
UTILITIES,0.091261669859
