SECTOR,WEIGHT
CONSUMER DISCRETIONARY,0.094330206229
CONSUMER STAPLES,0.105410757506
ENERGY,0.022490148621
FINANCIALS,0.110133418679
HEALTH CARE,0.062681775449
INDUSTRIALS,0.248892844998
MATERIALS,0.027142799992
REAL ESTATE,0.038416378293
TECHNOLOGY,0.197075590583
UTILITIES,0.093426079651
