SECTOR,WEIGHT
CONSUMER DISCRETIONARY,0.095332194617
CONSUMER STAPLES,0.104752609115
ENERGY,0.021971966767
FINANCIALS,0.111883922893
HEALTH CARE,0.062868766226
INDUSTRIALS,0.259164403234
MATERIALS,0.027417206357
REAL ESTATE,0.039215725492
TECHNOLOGY,0.186857221718
UTILITIES,0.090535983583
