SECTOR,WEIGHT
CONSUMER DISCRETIONARY,0.091060149218
CONSUMER STAPLES,0.103956127065
ENERGY,0.021402261273
FINANCIALS,0.10306378262
HEALTH CARE,0.063496509653
INDUSTRIALS,0.289378700178
MATERIALS,0.026615273496
REAL ESTATE,0.038219752825
TECHNOLOGY,0.170465799799
UTILITIES,0.092341643875
