SECTOR,WEIGHT
COMMUNICATION SERVICES,0.012778880691
CONSUMER DISCRETIONARY,0.160707596212
CONSUMER STAPLES,0.059491208635
ENERGY,0.075319071363
FINANCIALS,0.439890781537
HEALTH CARE,0.010123541867
INDUSTRIALS,0.059867824024
MATERIALS,0.019305545261
REAL ESTATE,0.019584000256
TECHNOLOGY,0.027757355519
UTILITIES,0.115174194634
