SECTOR,WEIGHT
COMMUNICATION SERVICES,0.010643035938
CONSUMER DISCRETIONARY,0.174155858324
CONSUMER STAPLES,0.056179696562
ENERGY,0.058341531961
FINANCIALS,0.452634286509
HEALTH CARE,0.00797577143
INDUSTRIALS,0.062125744757
MATERIALS,0.021523273259
REAL ESTATE,0.021005833953
TECHNOLOGY,0.032244375475
UTILITIES,0.103170591832
