SECTOR,WEIGHT
COMMUNICATION SERVICES,0.011342568764
CONSUMER DISCRETIONARY,0.161841236019
CONSUMER STAPLES,0.058595776195
ENERGY,0.08508075921
FINANCIALS,0.436196676484
HEALTH CARE,0.008604121463
INDUSTRIALS,0.05953024635
MATERIALS,0.01828363318
REAL ESTATE,0.019024213271
TECHNOLOGY,0.028062088796
UTILITIES,0.113438680268
