SECTOR,WEIGHT
COMMUNICATION SERVICES,0.012289425441
CONSUMER DISCRETIONARY,0.160851048475
CONSUMER STAPLES,0.058778955725
ENERGY,0.079051846922
FINANCIALS,0.438735795896
HEALTH CARE,0.009192261701
INDUSTRIALS,0.059509645811
MATERIALS,0.019043046567
REAL ESTATE,0.01997720728
TECHNOLOGY,0.027749183862
UTILITIES,0.11482158232
