SECTOR,WEIGHT
COMMUNICATION SERVICES,0.010308246597
CONSUMER DISCRETIONARY,0.166333066453
CONSUMER STAPLES,0.056044835869
ENERGY,0.068755004003
FINANCIALS,0.446457165733
HEALTH CARE,0.007806244996
INDUSTRIALS,0.063150520416
MATERIALS,0.018614891914
REAL ESTATE,0.020716573259
TECHNOLOGY,0.035028022418
UTILITIES,0.106785428343
