SECTOR,WEIGHT
COMMUNICATION SERVICES,0.08440380754
CONSUMER DISCRETIONARY,0.110106204528
CONSUMER STAPLES,0.056516231116
ENERGY,0.007217501465
FINANCIALS,0.50534127155
HEALTH CARE,0.022918346194
INDUSTRIALS,0.032748649285
MATERIALS,0.007074293096
REAL ESTATE,0.034111632425
TECHNOLOGY,0.052782798973
UTILITIES,0.086779263829
