SECTOR,WEIGHT
COMMUNICATION SERVICES,0.017818620322
CONSUMER DISCRETIONARY,0.089648576369
CONSUMER STAPLES,0.034915123457
ENERGY,0.04724868302
FINANCIALS,0.146998820374
HEALTH CARE,0.103839441536
INDUSTRIALS,0.174429173938
MATERIALS,0.056829107685
REAL ESTATE,0.055128344968
TECHNOLOGY,0.216176636934
UTILITIES,0.056967471398
