SECTOR,WEIGHT
COMMUNICATION SERVICES,0.018207075813
CONSUMER DISCRETIONARY,0.089187511757
CONSUMER STAPLES,0.036962375732
ENERGY,0.047359521345
FINANCIALS,0.157660199634
HEALTH CARE,0.112059019091
INDUSTRIALS,0.171465387947
MATERIALS,0.049090702421
REAL ESTATE,0.05794276138
TECHNOLOGYQ,0.196577069747
UTILITIES,0.063488375134
