SECTOR,WEIGHT
COMMUNICATION SERVICES,0.019112238147
CONSUMER DISCRETIONARY,0.090267317952
CONSUMER STAPLES,0.035702722649
ENERGY,0.045447872698
FINANCIALS,0.162113165203
HEALTH CARE,0.107068954076
INDUSTRIALS,0.1714490833
MATERIALS,0.049251618326
REAL ESTATE,0.055833515996
TECHNOLOGY,0.20322941322
UTILITIES,0.060524098433
