SECTOR,WEIGHT
COMMUNICATION SERVICES,0.018603841514
CONSUMER DISCRETIONARY,0.091482722848
CONSUMER STAPLES,0.034003906112
ENERGY,0.04632295158
FINANCIALS,0.158466211926
HEALTH CARE,0.106662427163
INDUSTRIALS,0.170435095847
MATERIALS,0.055262133148
REAL ESTATE,0.054687586471
TECHNOLOGY,0.207259412352
UTILITIES,0.056813711038
