SECTOR,WEIGHT
COMMUNICATION SERVICES,0.016404886912
CONSUMER DISCRETIONARY,0.086740877104
CONSUMER STAPLES,0.035587156533
ENERGY,0.050594838655
FINANCIALS,0.14258700229
HEALTH CARE,0.099407865612
INDUSTRIALS,0.176447434051
MATERIALS,0.058346070099
REAL ESTATE,0.057561832572
TECHNOLOGY,0.216644865598
UTILITIES,0.059677170575
