SECTOR,WEIGHT
COMMUNICATION SERVICES,0.019154341318
CONSUMER DISCRETIONARY,0.08739023484
CONSUMER STAPLES,0.036331122507
ENERGY,0.047916563879
FINANCIALS,0.157930932403
HEALTH CARE,0.105686693658
INDUSTRIALS,0.172829089064
MATERIALS,0.047978991948
REAL ESTATE,0.055543864277
TECHNOLOGY,0.209815706298
UTILITIES,0.059422459807
