SECTOR,WEIGHT
COMMUNICATION SERVICES,0.01812021571
CONSUMER DISCRETIONARY,0.090436468664
CONSUMER STAPLES,0.035116438771
ENERGY,0.045875663994
FINANCIALS,0.149136555513
HEALTH CARE,0.104476782937
INDUSTRIALS,0.173366524611
MATERIALS,0.05650057563
REAL ESTATE,0.055494738543
TECHNOLOGY,0.213071842621
UTILITIES,0.058404193008
