SECTOR,WEIGHT
COMMUNICATION SERVICES,0.01843916908
CONSUMER DISCRETIONARY,0.087632399066
CONSUMER STAPLES,0.03921918371
ENERGY,0.06613690339
FINANCIALS,0.15584960869
HEALTH CARE,0.100062128606
INDUSTRIALS,0.172999108154
MATERIALS,0.059674526269
REAL ESTATE,0.059815818745
TECHNOLOGY,0.173885943904
UTILITIES,0.066285210385
