SECTOR,WEIGHT
COMMUNICATION SERVICES,0.054600193007
CONSUMER DISCRETIONARY,0.058868559762
CONSUMER STAPLES,0.077389697496
ENERGY,0.033292953602
FINANCIALS,0.170818799645
HEALTH CARE,0.183237861319
INDUSTRIALS,0.148810273883
MATERIALS,0.015658895258
REAL ESTATE,0.01086415501
TECHNOLOGY,0.21881684799
UTILITIES,0.027641763027
