SECTOR,WEIGHT
COMMUNICATION SERVICES,0.055544062888
CONSUMER DISCRETIONARY,0.052441042615
CONSUMER STAPLES,0.082540339264
ENERGY,0.038167149359
FINANCIALS,0.165804716591
HEALTH CARE,0.169942076955
INDUSTRIALS,0.15318576748
REAL ESTATE,0.011170872983
TECHNOLOGY,0.241104675217
UTILITIES,0.030099296649
