SECTOR,WEIGHT
COMMUNICATION SERVICES,0.056606100544
CONSUMER DISCRETIONARY,0.054750449986
CONSUMER STAPLES,0.078144436183
ENERGY,0.037146929048
FINANCIALS,0.165844389432
HEALTH CARE,0.179875394522
INDUSTRIALS,0.153697129724
MATERIALS,0.017337689778
REAL ESTATE,0.011112900978
TECHNOLOGY,0.216207002962
UTILITIES,0.029277576842
