SECTOR,WEIGHT
COMMUNICATION SERVICES,0.035584677419
CONSUMER DISCRETIONARY,0.051209677419
CONSUMER STAPLES,0.066532258065
ENERGY,0.070463709677
FINANCIALS,0.174294354839
HEALTH CARE,0.163911290323
INDUSTRIALS,0.064919354839
MATERIALS,0.03689516129
REAL ESTATE,0.031653225806
TECHNOLOGY,0.28810483871
UTILITIES,0.016431451613
