SECTOR,WEIGHT
COMMUNICATION SERVICES,0.060371955397
CONSUMER DISCRETIONARY,0.056559939661
CONSUMER STAPLES,0.082140489857
ENERGY,0.040769274684
FINANCIALS,0.156237352116
HEALTH CARE,0.185474967921
INDUSTRIALS,0.155983930261
MATERIALS,0.017588960969
REAL ESTATE,0.011331018499
TECHNOLOGY,0.202985090982
UTILITIES,0.030557019652
