SECTOR,WEIGHT
COMMUNICATION SERVICES,0.028054097687
CONSUMER DISCRETIONARY,0.060988430073
CONSUMER STAPLES,0.155917447114
ENERGY,0.010761722716
FINANCIALS,0.174637183207
HEALTH CARE,0.080854456177
INDUSTRIALS,0.100891525556
MATERIALS,0.031889067934
REAL ESTATE,0.115089117547
TECHNOLOGY,0.027720013163
UTILITIES,0.213196938826
