SECTOR,WEIGHT
COMMUNICATION SERVICES,0.027463350529
CONSUMER DISCRETIONARY,0.061237470971
CONSUMER STAPLES,0.148308093587
ENERGY,0.009233126441
FINANCIALS,0.177504655568
HEALTH CARE,0.085486429344
INDUSTRIALS,0.101341363646
MATERIALS,0.029747629211
REAL ESTATE,0.116758244506
TECHNOLOGY,0.029000538066
UTILITIES,0.21391909813
