SECTOR,WEIGHT
COMMUNICATION SERVICES,0.026346852346
CONSUMER DISCRETIONARY,0.062140863818
CONSUMER STAPLES,0.151455965011
ENERGY,0.010074272473
FINANCIALS,0.163965864804
HEALTH CARE,0.084911147142
INDUSTRIALS,0.103109571874
MATERIALS,0.031358701754
REAL ESTATE,0.118454630878
TECHNOLOGY,0.028545794952
UTILITIES,0.219636334947
