SECTOR,WEIGHT
COMMUNICATION SERVICES,0.026956082786
CONSUMER DISCRETIONARY,0.061086260065
CONSUMER STAPLES,0.150699966514
ENERGY,0.010474757723
FINANCIALS,0.16405755669
HEALTH CARE,0.083235289708
INDUSTRIALS,0.101191017638
MATERIALS,0.031679169936
REAL ESTATE,0.115493225244
TECHNOLOGY,0.028039643944
UTILITIES,0.216690240453
