SECTOR,WEIGHT
COMMUNICATION SERVICES,0.033519702166
CONSUMER DISCRETIONARY,0.031022352969
CONSUMER STAPLES,0.087115710513
ENERGY,0.035276981995
FINANCIALS,0.227403506143
HEALTH CARE,0.008875700166
INDUSTRIALS,0.12722418559
MATERIALS,0.071630708465
REAL ESTATE,0.26644550123
UTILITIES,0.111485650763
