SECTOR,WEIGHT
COMMUNICATION SERVICES,0.019226917685
CONSUMER DISCRETIONARY,0.040757059884
CONSUMER STAPLES,0.10644902864
ENERGY,0.072000801122
FINANCIALS,0.23092329261
HEALTH CARE,0.026937712798
INDUSTRIALS,0.126176647306
MATERIALS,0.053474864811
REAL ESTATE,0.217404366113
UTILITIES,0.106649309033
