SECTOR,WEIGHT
COMMUNICATION SERVICES,0.020716604689
CONSUMER DISCRETIONARY,0.039590888815
CONSUMER STAPLES,0.103192955574
ENERGY,0.055874722202
FINANCIALS,0.236466145109
HEALTH CARE,0.030188252756
INDUSTRIALS,0.115761142439
MATERIALS,0.080028925033
REAL ESTATE,0.218741060945
UTILITIES,0.099439302439
