SECTOR,WEIGHT
COMMUNICATION SERVICES,0.034916493121
CONSUMER DISCRETIONARY,0.032884164439
CONSUMER STAPLES,0.085905088303
ENERGY,0.037627289573
FINANCIALS,0.228034862175
HEALTH CARE,0.00907937458
INDUSTRIALS,0.125365880655
MATERIALS,0.071172498893
REAL ESTATE,0.264219126642
UTILITIES,0.110795221619
