SECTOR,WEIGHT
COMMUNICATION SERVICES,0.025195519479
CONSUMER DISCRETIONARY,0.040389475416
CONSUMER STAPLES,0.108726509815
ENERGY,0.065489956027
FINANCIALS,0.240686446333
HEALTH CARE,0.022908455087
INDUSTRIALS,0.11359597444
MATERIALS,0.070788628446
REAL ESTATE,0.208170890105
UTILITIES,0.104048144851
