SECTOR,WEIGHT
COMMUNICATION SERVICES,0.033366557264
CONSUMER DISCRETIONARY,0.030243441106
CONSUMER STAPLES,0.087639198107
ENERGY,0.041067377932
FINANCIALS,0.214938172497
HEALTH CARE,0.008723531241
INDUSTRIALS,0.136094485261
MATERIALS,0.068656570191
REAL ESTATE,0.237731721923
UTILITIES,0.113245951396
