SECTOR,WEIGHT
COMMUNICATION SERVICES,0.018831430276
CONSUMER DISCRETIONARY,0.039700959005
CONSUMER STAPLES,0.106104004963
ENERGY,0.075571491798
FINANCIALS,0.230202221328
HEALTH CARE,0.025942795372
INDUSTRIALS,0.123408859534
MATERIALS,0.053967648184
REAL ESTATE,0.219172512046
UTILITIES,0.107098077494
