SECTOR,WEIGHT
COMMUNICATION SERVICES,0.034399685102
CONSUMER DISCRETIONARY,0.03342799498
CONSUMER STAPLES,0.087520119035
ENERGY,0.040044349462
FINANCIALS,0.221236220651
HEALTH CARE,0.009172837191
INDUSTRIALS,0.136272584325
MATERIALS,0.071596972201
REAL ESTATE,0.249438933964
UTILITIES,0.116890303089
