SECTOR,WEIGHT
COMMUNICATION SERVICES,0.019820365445
CONSUMER DISCRETIONARY,0.041127857947
CONSUMER STAPLES,0.103679140345
ENERGY,0.052270317324
FINANCIALS,0.236898940322
HEALTH CARE,0.029851477183
INDUSTRIALS,0.124849713218
MATERIALS,0.078685811429
REAL ESTATE,0.218620669667
UTILITIES,0.09419570712
