SECTOR,WEIGHT
COMMUNICATION SERVICES,0.01828507993
CONSUMER DISCRETIONARY,0.041710467599
CONSUMER STAPLES,0.111180992941
ENERGY,0.075319634498
FINANCIALS,0.225813149963
HEALTH CARE,0.024236016895
INDUSTRIALS,0.120757798563
MATERIALS,0.058299415688
REAL ESTATE,0.212626448675
UTILITIES,0.111770995247
