SECTOR,WEIGHT
COMMUNICATION SERVICES,0.014444848577
CONSUMER DISCRETIONARY,0.169707985435
CONSUMER STAPLES,0.03443441663
ENERGY,0.046170356485
FINANCIALS,0.243811777308
HEALTH CARE,0.076703784678
INDUSTRIALS,0.225847645618
MATERIALS,0.026413608694
REAL ESTATE,0.017842225802
TECHNOLOGY,0.144623350773
