SECTOR,WEIGHT
COMMUNICATION SERVICES,0.01811291741
CONSUMER DISCRETIONARY,0.1556755397
CONSUMER STAPLES,0.033136181103
ENERGY,0.047799357117
FINANCIALS,0.248271832725
HEALTH CARE,0.08595445043
INDUSTRIALS,0.213755146464
MATERIALS,0.018234637189
REAL ESTATE,0.009412996224
TECHNOLOGY,0.169646941638
