SECTOR,WEIGHT
COMMUNICATION SERVICES,0.014084267567
CONSUMER DISCRETIONARY,0.163786369606
CONSUMER STAPLES,0.033759435269
ENERGY,0.03853720449
FINANCIALS,0.247487845543
HEALTH CARE,0.085309734867
INDUSTRIALS,0.215836749717
MATERIALS,0.017974893958
REAL ESTATE,0.009110466785
TECHNOLOGY,0.174113032198
