SECTOR,WEIGHT
COMMUNICATION SERVICES,0.01584888419
CONSUMER DISCRETIONARY,0.152164046414
CONSUMER STAPLES,0.034431066603
ENERGY,0.042968580211
FINANCIALS,0.237403730588
HEALTH CARE,0.082578155246
INDUSTRIALS,0.214174739028
MATERIALS,0.018161674994
REAL ESTATE,0.009138960518
TECHNOLOGY,0.193130162209
