SECTOR,WEIGHT
COMMUNICATION SERVICES,0.014448628155
CONSUMER DISCRETIONARY,0.167590092769
CONSUMER STAPLES,0.034005003793
ENERGY,0.044777253231
FINANCIALS,0.245347801619
HEALTH CARE,0.075122870814
INDUSTRIALS,0.225741448021
MATERIALS,0.026273413425
REAL ESTATE,0.018009058005
TECHNOLOGY,0.148684430166
