SECTOR,WEIGHT
COMMUNICATION SERVICES,0.010324924018
CONSUMER STAPLES,0.058170091501
ENERGY,0.007188825405
FINANCIALS,0.419197562112
HEALTH CARE,0.037924608593
INDUSTRIALS,0.096681584143
MATERIALS,0.016373258255
REAL ESTATE,0.224019288519
TECHNOLOGY,0.023475361962
UTILITIES,0.106644495491
