SECTOR,WEIGHT
COMMUNICATION SERVICES,0.009244723882
CONSUMER DISCRETIONARY,0.006714281543
CONSUMER STAPLES,0.066601081253
ENERGY,0.014551302126
FINANCIALS,0.326035361749
HEALTH CARE,0.054351645895
INDUSTRIALS,0.11670343679
MATERIALS,0.024448523674
REAL ESTATE,0.26449113741
TECHNOLOGYQ,0.021951310382
UTILITIES,0.094907195297
