SECTOR,WEIGHT
COMMUNICATION SERVICES,0.010678086678
CONSUMER STAPLES,0.065047579469
ENERGY,0.014536969303
FINANCIALS,0.331433240324
HEALTH CARE,0.052595513634
INDUSTRIALS,0.12006810148
MATERIALS,0.024541889756
REAL ESTATE,0.267124231871
TECHNOLOGY,0.022239641139
UTILITIES,0.091734746345
