SECTOR,WEIGHT
COMMUNICATION SERVICES,0.011365893647
CONSUMER STAPLES,0.06870154345
ENERGY,0.014806314968
FINANCIALS,0.326662559403
HEALTH CARE,0.053437446748
INDUSTRIALS,0.126416325263
MATERIALS,0.025478477704
REAL ESTATE,0.259228486527
TECHNOLOGY,0.019283299336
UTILITIES,0.094619652953
