SECTOR,WEIGHT
COMMUNICATION SERVICES,0.009266632663
CONSUMER DISCRETIONARY,0.006849425535
CONSUMER STAPLES,0.066969136761
ENERGY,0.015251185923
FINANCIALS,0.329683666413
HEALTH CARE,0.05318460487
INDUSTRIALS,0.117948216529
MATERIALS,0.02419626351
REAL ESTATE,0.261680311757
TECHNOLOGY,0.022730617487
UTILITIES,0.092239938552
