SECTOR,WEIGHT
COMMUNICATION SERVICES,0.011329812673
CONSUMER STAPLES,0.068474284181
ENERGY,0.015429289821
FINANCIALS,0.332603505996
HEALTH CARE,0.051554734023
INDUSTRIALS,0.127253299862
MATERIALS,0.025478709558
REAL ESTATE,0.256291481603
TECHNOLOGY,0.019414752467
UTILITIES,0.092170129815
