SECTOR,WEIGHT
COMMUNICATION SERVICES,0.010485985078
CONSUMER STAPLES,0.058983666062
ENERGY,0.006150433555
FINANCIALS,0.420044363783
HEALTH CARE,0.038314176245
INDUSTRIALS,0.097297842307
MATERIALS,0.016434765074
REAL ESTATE,0.221415607985
TECHNOLOGY,0.023996773543
UTILITIES,0.106876386368
