SECTOR,WEIGHT
COMMUNICATION SERVICES,0.042137096774
CONSUMER DISCRETIONARY,0.065221774194
CONSUMER STAPLES,0.023286290323
ENERGY,0.034576612903
FINANCIALS,0.136794354839
HEALTH CARE,0.140322580645
INDUSTRIALS,0.246774193548
MATERIALS,0.058266129032
REAL ESTATE,0.035887096774
TECHNOLOGY,0.188911290323
UTILITIES,0.027822580645
