SECTOR,WEIGHT
COMMUNICATION SERVICES,0.029411823541
CONSUMER DISCRETIONARY,0.149529606862
CONSUMER STAPLES,0.04687328091
ENERGY,0.01494095831
FINANCIALS,0.158282339903
HEALTH CARE,0.06132414218
INDUSTRIALS,0.304282247885
MATERIALS,0.032714477467
REAL ESTATE,0.036044136739
TECHNOLOGY,0.153882468729
UTILITIES,0.012714517474
