SECTOR,WEIGHT
COMMUNICATION SERVICES,0.030853735091
CONSUMER DISCRETIONARY,0.138989125813
CONSUMER STAPLES,0.048369884373
ENERGY,0.017521211753
FINANCIALS,0.15471822287
HEALTH CARE,0.06692687767
INDUSTRIALS,0.297243990847
MATERIALS,0.033612781727
REAL ESTATE,0.038657027722
TECHNOLOGY,0.159640969564
UTILITIES,0.01346617257
