SECTOR,WEIGHT
COMMUNICATION SERVICES,0.030340580789
CONSUMER DISCRETIONARY,0.156355772565
CONSUMER STAPLES,0.047116290736
ENERGY,0.015250736255
FINANCIALS,0.162315761493
HEALTH CARE,0.064300725612
INDUSTRIALS,0.298030425524
MATERIALS,0.032784935738
REAL ESTATE,0.035318230831
TECHNOLOGY,0.146187615735
UTILITIES,0.011998924724
