SECTOR,WEIGHT
COMMUNICATION SERVICES,0.029517742558
CONSUMER DISCRETIONARY,0.153608599319
CONSUMER STAPLES,0.042853189904
ENERGY,0.013377862249
FINANCIALS,0.156770529318
HEALTH CARE,0.062527645428
INDUSTRIALS,0.273786176377
MATERIALS,0.0336228992
REAL ESTATE,0.034126828638
TECHNOLOGY,0.188819027729
UTILITIES,0.010989499282
