SECTOR,WEIGHT
COMMUNICATION SERVICES,0.028649034081
CONSUMER DISCRETIONARY,0.141574051758
CONSUMER STAPLES,0.042433012744
ENERGY,0.013844982994
FINANCIALS,0.143788208963
HEALTH CARE,0.074517290728
INDUSTRIALS,0.309787994948
MATERIALS,0.029948126317
REAL ESTATE,0.033242360208
TECHNOLOGY,0.171068145838
UTILITIES,0.011146791422
