SECTOR,WEIGHT
COMMUNICATION SERVICES,0.028773942531
CONSUMER DISCRETIONARY,0.151910708102
CONSUMER STAPLES,0.04294891015
ENERGY,0.014581812712
FINANCIALS,0.157492461251
HEALTH CARE,0.062709669082
INDUSTRIALS,0.27230858847
MATERIALS,0.033294667906
REAL ESTATE,0.034131577539
TECHNOLOGY,0.190833568052
UTILITIES,0.011014094204
