SECTOR,WEIGHT
COMMUNICATION SERVICES,0.030518948296
CONSUMER DISCRETIONARY,0.149275212164
CONSUMER STAPLES,0.075590073007
ENERGY,0.103500380064
FINANCIALS,0.417493386074
HEALTH CARE,0.013388905017
INDUSTRIALS,0.098037928392
MATERIALS,0.021609766556
REAL ESTATE,0.006933466826
TECHNOLOGY,0.070090692085
UTILITIES,0.01356124152
