SECTOR,WEIGHT
COMMUNICATION SERVICES,0.038315819135
CONSUMER DISCRETIONARY,0.146533250433
CONSUMER STAPLES,0.073513692316
ENERGY,0.102503238927
FINANCIALS,0.416145732835
HEALTH CARE,0.012634113024
INDUSTRIALS,0.098490950912
MATERIALS,0.021566303315
REAL ESTATE,0.007319107577
TECHNOLOGY,0.069052191393
UTILITIES,0.013925600133
