SECTOR,WEIGHT
COMMUNICATION SERVICES,0.034187643671
CONSUMER DISCRETIONARY,0.179382833378
CONSUMER STAPLES,0.068681921193
ENERGY,0.082708896849
FINANCIALS,0.407095019941
HEALTH CARE,0.011898814891
INDUSTRIALS,0.09923564913
MATERIALS,0.026381679947
REAL ESTATE,0.009422391175
TECHNOLOGY,0.068548911145
UTILITIES,0.012456238679
