SECTOR,WEIGHT
COMMUNICATION SERVICES,0.034415318961
CONSUMER DISCRETIONARY,0.172917526788
CONSUMER STAPLES,0.070469897374
ENERGY,0.076681027093
FINANCIALS,0.419631146335
HEALTH CARE,0.012208222469
INDUSTRIALS,0.098163846823
MATERIALS,0.02539229122
REAL ESTATE,0.009697599236
TECHNOLOGY,0.067438890416
UTILITIES,0.012984233286
