SECTOR,WEIGHT
COMMUNICATION SERVICES,0.022043398003
CONSUMER DISCRETIONARY,0.174928961904
CONSUMER STAPLES,0.041949303639
ENERGY,0.021162596728
FINANCIALS,0.503585684084
HEALTH CARE,0.021445022051
INDUSTRIALS,0.105233910138
MATERIALS,0.026398640295
REAL ESTATE,0.04084500031
TECHNOLOGY,0.029216798008
UTILITIES,0.013190684841
