SECTOR,WEIGHT
COMMUNICATION SERVICES,0.022638749701
CONSUMER DISCRETIONARY,0.175873030685
CONSUMER STAPLES,0.044518783295
ENERGY,0.02233648045
FINANCIALS,0.494308614877
HEALTH CARE,0.021618337397
INDUSTRIALS,0.103866003432
MATERIALS,0.024264714832
REAL ESTATE,0.045286628339
TECHNOLOGYQ,0.030938982184
UTILITIES,0.014349674807
