SECTOR,WEIGHT
COMMUNICATION SERVICES,0.033367414587
FINANCIALS,0.008842179156
INDUSTRIALS,0.013547313449
TECHNOLOGY,0.944243092808
