SECTOR,WEIGHT
COMMUNICATION SERVICES,0.030542851246
FINANCIALS,0.006860154886
INDUSTRIALS,0.014985503851
TECHNOLOGY,0.947611490018
