SECTOR,WEIGHT
COMMUNICATION SERVICES,0.033476750936
FINANCIALS,0.00896548576
INDUSTRIALS,0.013880688592
TECHNOLOGY,0.943677074713
