SECTOR,WEIGHT
COMMUNICATION SERVICES,0.03075616151
FINANCIALS,0.007761779542
INDUSTRIALS,0.013605000296
TECHNOLOGY,0.947877058652
