SECTOR,WEIGHT
COMMUNICATION SERVICES,0.02991721617
FINANCIALS,0.007950395095
INDUSTRIALS,0.01186376781
TECHNOLOGY,0.950268620926
