SECTOR,WEIGHT
COMMUNICATION SERVICES,0.028813668515
FINANCIALS,0.00573748282
INDUSTRIALS,0.012940632142
TECHNOLOGY,0.952508216523
