SECTOR,WEIGHT
COMMUNICATION SERVICES,0.030300756547
FINANCIALS,0.006688469076
INDUSTRIALS,0.01305247486
TECHNOLOGY,0.949958299517
