SECTOR,WEIGHT
COMMUNICATION SERVICES,0.029763681371
FINANCIALS,0.007992008073
INDUSTRIALS,0.012018739536
TECHNOLOGY,0.95022557102
