SECTOR,WEIGHT
COMMUNICATION SERVICES,0.029203440985
FINANCIALS,0.006267714972
INDUSTRIALS,0.012985188327
TECHNOLOGY,0.951543655716
