SECTOR,WEIGHT
COMMUNICATION SERVICES,0.03464738844
FINANCIALS,0.00786764217
INDUSTRIALS,0.013019453081
TECHNOLOGY,0.944465516309
