SECTOR,WEIGHT
COMMUNICATION SERVICES,0.032777512153
FINANCIALS,0.007959874179
INDUSTRIALS,0.013500710262
TECHNOLOGY,0.945761903406
