SECTOR,WEIGHT
COMMUNICATION SERVICES,0.030061853516
FINANCIALS,0.007444424555
INDUSTRIALS,0.01625776187
TECHNOLOGY,0.946235960059
