SECTOR,WEIGHT
COMMUNICATION SERVICES,0.032997737977
FINANCIALS,0.008147463546
INDUSTRIALS,0.012907951671
TECHNOLOGY,0.945946846805
