SECTOR,WEIGHT
COMMUNICATION SERVICES,0.026479274875
FINANCIALS,0.007027192178
INDUSTRIALS,0.018841022507
TECHNOLOGY,0.947652510439
