SECTOR,WEIGHT
COMMUNICATION SERVICES,0.05047628447
CONSUMER DISCRETIONARY,0.07701884329
CONSUMER STAPLES,0.004457846654
ENERGY,0.002415013752
FINANCIALS,0.057679708058
HEALTH CARE,0.287516245754
INDUSTRIALS,0.068393284573
MATERIALS,0.015310545084
TECHNOLOGY,0.416566685177
UTILITIES,0.020165543188
