SECTOR,WEIGHT
COMMUNICATION SERVICES,0.057985988807
CONSUMER DISCRETIONARY,0.087118573311
CONSUMER STAPLES,0.004876521467
ENERGY,0.002606551603
FINANCIALS,0.050441600459
HEALTH CARE,0.298339269174
INDUSTRIALS,0.072778625755
MATERIALS,0.016553820464
TECHNOLOGY,0.408448462552
UTILITIES,0.000850586409
