SECTOR,WEIGHT
COMMUNICATION SERVICES,0.049063463595
CONSUMER DISCRETIONARY,0.073265151287
CONSUMER STAPLES,0.004718064607
ENERGY,0.002401375396
FINANCIALS,0.056840671643
HEALTH CARE,0.291922562024
INDUSTRIALS,0.067226910254
MATERIALS,0.01433980738
TECHNOLOGY,0.421107277676
UTILITIES,0.019114716139
