SECTOR,WEIGHT
COMMUNICATION SERVICES,0.049422004911
CONSUMER DISCRETIONARY,0.079205173328
CONSUMER STAPLES,0.006172774458
ENERGY,0.002860411229
FINANCIALS,0.053392391517
HEALTH CARE,0.266216119699
INDUSTRIALS,0.068629964886
MATERIALS,0.013955481557
TECHNOLOGY,0.439625184264
UTILITIES,0.02052049415
