SECTOR,WEIGHT
COMMUNICATION SERVICES,0.053530741214
CONSUMER DISCRETIONARY,0.081830901933
CONSUMER STAPLES,0.00533754194
ENERGY,0.002707601423
FINANCIALS,0.046591278549
HEALTH CARE,0.302044324633
INDUSTRIALS,0.073460635793
MATERIALS,0.016154784767
TECHNOLOGY,0.417440533465
UTILITIES,0.000901656283
