SECTOR,WEIGHT
COMMUNICATION SERVICES,0.074384025144
CONSUMER DISCRETIONARY,0.070338996641
CONSUMER STAPLES,0.148247889289
ENERGY,0.089017687478
FINANCIALS,0.226756119659
HEALTH CARE,0.104650580095
INDUSTRIALS,0.100184612054
MATERIALS,0.037868522542
TECHNOLOGY,0.084109732924
UTILITIES,0.064441834174
