SECTOR,WEIGHT
COMMUNICATION SERVICES,0.072081679662
CONSUMER DISCRETIONARY,0.06646454756
CONSUMER STAPLES,0.149468484267
ENERGY,0.091959846384
FINANCIALS,0.220186762871
HEALTH CARE,0.103862267399
INDUSTRIALS,0.104241491535
MATERIALS,0.040729474744
TECHNOLOGY,0.085553165619
UTILITIES,0.06545227996
