SECTOR,WEIGHT
COMMUNICATION SERVICES,0.067098946041
CONSUMER DISCRETIONARY,0.076044259804
CONSUMER STAPLES,0.135317319194
ENERGY,0.084859243154
FINANCIALS,0.251180045909
HEALTH CARE,0.093485297921
INDUSTRIALS,0.104082473894
MATERIALS,0.037842294139
TECHNOLOGY,0.10419865992
UTILITIES,0.045891460024
