SECTOR,WEIGHT
COMMUNICATION SERVICES,0.060267291996
CONSUMER DISCRETIONARY,0.079188920906
CONSUMER STAPLES,0.12949053366
ENERGY,0.095812787095
FINANCIALS,0.24151927629
HEALTH CARE,0.128778197075
INDUSTRIALS,0.087977084665
MATERIALS,0.035564584514
TECHNOLOGY,0.069769801751
UTILITIES,0.071631522049
