SECTOR,WEIGHT
COMMUNICATION SERVICES,0.059363193739
CONSUMER DISCRETIONARY,0.070447005369
CONSUMER STAPLES,0.132246135678
ENERGY,0.076328681302
FINANCIALS,0.253051175685
HEALTH CARE,0.087201325053
INDUSTRIALS,0.116333485121
MATERIALS,0.033896948074
TECHNOLOGY,0.12835003828
UTILITIES,0.042782011699
