SECTOR,WEIGHT
COMMUNICATION SERVICES,0.079028259196
CONSUMER DISCRETIONARY,0.063790133454
CONSUMER STAPLES,0.15433907232
ENERGY,0.096694635928
FINANCIALS,0.210856463942
HEALTH CARE,0.105190511604
INDUSTRIALS,0.103931344356
MATERIALS,0.042343252195
TECHNOLOGY,0.079306517141
UTILITIES,0.064519809864
