SECTOR,WEIGHT
COMMUNICATION SERVICES,0.085238352489
CONSUMER DISCRETIONARY,0.058374620184
CONSUMER STAPLES,0.151843900558
ENERGY,0.105111268649
FINANCIALS,0.190053400115
HEALTH CARE,0.107116534355
INDUSTRIALS,0.095800891274
MATERIALS,0.053388065606
TECHNOLOGY,0.079465557026
UTILITIES,0.073607409743
