SECTOR,WEIGHT
COMMUNICATION SERVICES,0.080673054873
CONSUMER DISCRETIONARY,0.063694471621
CONSUMER STAPLES,0.156223995129
ENERGY,0.098447743916
FINANCIALS,0.201459827701
HEALTH CARE,0.105690804527
INDUSTRIALS,0.100726909678
MATERIALS,0.043372244047
TECHNOLOGY,0.078816476085
UTILITIES,0.070894472422
