SECTOR,WEIGHT
COMMUNICATION SERVICES,0.061001304304
CONSUMER DISCRETIONARY,0.073041035417
CONSUMER STAPLES,0.131233069128
ENERGY,0.074245008528
FINANCIALS,0.2564462727
HEALTH CARE,0.087990368215
INDUSTRIALS,0.113374134644
MATERIALS,0.032808267282
TECHNOLOGY,0.12631684559
UTILITIES,0.043543694191
