SECTOR,WEIGHT
COMMUNICATION SERVICES,0.079161628133
CONSUMER DISCRETIONARY,0.06522419218
CONSUMER STAPLES,0.156130366164
ENERGY,0.095152579829
FINANCIALS,0.210679886174
HEALTH CARE,0.103371656269
INDUSTRIALS,0.103098923709
MATERIALS,0.043720433083
TECHNOLOGY,0.07849082636
UTILITIES,0.064969508099
