SECTOR,WEIGHT
COMMUNICATION SERVICES,0.061591765677
CONSUMER DISCRETIONARY,0.077971860172
CONSUMER STAPLES,0.130767670723
ENERGY,0.099454231114
FINANCIALS,0.239743741629
HEALTH CARE,0.130787750521
INDUSTRIALS,0.084304024192
MATERIALS,0.033938873082
TECHNOLOGY,0.068780333044
UTILITIES,0.072659749846
