SECTOR,WEIGHT
COMMUNICATION SERVICES,0.115796705664
CONSUMER DISCRETIONARY,0.108600561342
CONSUMER STAPLES,0.039772012891
ENERGY,0.012801782096
FINANCIALS,0.139960526673
HEALTH CARE,0.093603488635
INDUSTRIALS,0.073992302676
MATERIALS,0.023177173805
REAL ESTATE,0.021806591506
TECHNOLOGY,0.356086949919
UTILITIES,0.014401904792
