SECTOR,WEIGHT
COMMUNICATION SERVICES,0.118255449342
CONSUMER DISCRETIONARY,0.109991098528
CONSUMER STAPLES,0.038894624102
ENERGY,0.012164100812
FINANCIALS,0.13936935702
HEALTH CARE,0.091555477032
INDUSTRIALS,0.075220259441
MATERIALS,0.022953408781
REAL ESTATE,0.021604458842
TECHNOLOGY,0.355928894892
UTILITIES,0.014062871209
