SECTOR,WEIGHT
COMMUNICATION SERVICES,0.122036073099
CONSUMER DISCRETIONARY,0.114021260983
CONSUMER STAPLES,0.037280949664
ENERGY,0.010411835934
FINANCIALS,0.139231593227
HEALTH CARE,0.093478781495
INDUSTRIALS,0.069479528813
MATERIALS,0.020216375292
REAL ESTATE,0.020026627431
TECHNOLOGY,0.358855537587
UTILITIES,0.012610184224
