SECTOR,WEIGHT
COMMUNICATION SERVICES,0.116012853138
CONSUMER DISCRETIONARY,0.109295009316
CONSUMER STAPLES,0.041123730806
ENERGY,0.011431432595
FINANCIALS,0.140387545401
HEALTH CARE,0.096519698494
INDUSTRIALS,0.074423703396
MATERIALS,0.021636775608
REAL ESTATE,0.021511346307
TECHNOLOGY,0.354215216598
UTILITIES,0.013442688341
