SECTOR,WEIGHT
COMMUNICATION SERVICES,0.118058132005
CONSUMER DISCRETIONARY,0.112497926509
CONSUMER STAPLES,0.0373720488
ENERGY,0.009505890168
FINANCIALS,0.139183133431
HEALTH CARE,0.09931936776
INDUSTRIALS,0.066486190482
MATERIALS,0.018030306045
REAL ESTATE,0.020171346425
TECHNOLOGY,0.36610976291
UTILITIES,0.013265895466
