SECTOR,WEIGHT
COMMUNICATION SERVICES,0.117083298896
CONSUMER DISCRETIONARY,0.111139109352
CONSUMER STAPLES,0.039666700413
ENERGY,0.011910233307
FINANCIALS,0.138911087531
HEALTH CARE,0.095105290652
INDUSTRIALS,0.073991047541
MATERIALS,0.020973048508
REAL ESTATE,0.021644205207
TECHNOLOGY,0.355706259838
UTILITIES,0.013869718756
