SECTOR,WEIGHT
ENERGY,0.000312513129
FINANCIALS,0.999687486871
