SECTOR,WEIGHT
ENERGY,0.000274192015
FINANCIALS,0.999725807985
