SECTOR,WEIGHT
ENERGY,0.000297891923
FINANCIALS,0.999702108077
