SECTOR,WEIGHT
ENERGY,0.000353563405
FINANCIALS,0.999646436595
