SECTOR,WEIGHT
ENERGY,0.000344697432
FINANCIALS,0.999655302568
