SECTOR,WEIGHT
ENERGY,0.000285045081
FINANCIALS,0.999714954919
