SECTOR,WEIGHT
ENERGY,0.000464225703
FINANCIALS,0.999535774297
