SECTOR,WEIGHT
ENERGY,0.000289943859
FINANCIALS,0.999710056141
