SECTOR,WEIGHT
ENERGY,0.000454793775
FINANCIALS,0.999545206225
