SECTOR,WEIGHT
HEALTH CARE,0.996885588781
INDUSTRIALS,0.002756660177
MATERIALS,0.000357751042
