SECTOR,WEIGHT
HEALTH CARE,0.997150128497
INDUSTRIALS,0.002509287374
MATERIALS,0.00034058413
