SECTOR,WEIGHT
HEALTH CARE,0.996883949566
INDUSTRIALS,0.002808269846
MATERIALS,0.000307780589
