SECTOR,WEIGHT
HEALTH CARE,0.997575138006
INDUSTRIALS,0.002071214611
MATERIALS,0.000353647384
