SECTOR,WEIGHT
HEALTH CARE,0.999709322512
MATERIALS,0.000290677488
