SECTOR,WEIGHT
HEALTH CARE,0.997522291056
INDUSTRIALS,0.00216612373
MATERIALS,0.000311585214
