SECTOR,WEIGHT
HEALTH CARE,0.996821242978
INDUSTRIALS,0.002843701899
MATERIALS,0.000335055123
