SECTOR,WEIGHT
HEALTH CARE,0.997890887643
INDUSTRIALS,0.001863539199
MATERIALS,0.000245573158
