SECTOR,WEIGHT
HEALTH CARE,0.997647366097
INDUSTRIALS,0.002093889746
MATERIALS,0.000258744157
