SECTOR,WEIGHT
HEALTH CARE,0.999694707317
MATERIALS,0.000305292683
