SECTOR,WEIGHT
HEALTH CARE,0.997117683492
INDUSTRIALS,0.002497983324
MATERIALS,0.000384333184
