SECTOR,WEIGHT
HEALTH CARE,0.997744733638
INDUSTRIALS,0.001996476425
MATERIALS,0.000258789937
