SECTOR,WEIGHT
CONSUMER STAPLES,0.000215377117
HEALTH CARE,0.9938683247
INDUSTRIALS,0.005916298183
