SECTOR,WEIGHT
CONSUMER STAPLES,0.000229220316
HEALTH CARE,0.993864806669
INDUSTRIALS,0.005905973015
