SECTOR,WEIGHT
CONSUMER STAPLES,0.000120441931
HEALTH CARE,0.99558514536
INDUSTRIALS,0.004294412709
