SECTOR,WEIGHT
CONSUMER STAPLES,0.000194666542
HEALTH CARE,0.995833933217
INDUSTRIALS,0.00397140024
