SECTOR,WEIGHT
CONSUMER STAPLES,0.000151860596
HEALTH CARE,0.995679059841
INDUSTRIALS,0.004169079563
