SECTOR,WEIGHT
CONSUMER STAPLES,0.000241070515
HEALTH CARE,0.994283184926
INDUSTRIALS,0.005475744558
