SECTOR,WEIGHT
CONSUMER STAPLES,0.000246083675
HEALTH CARE,0.99403120503
INDUSTRIALS,0.005722711295
