SECTOR,WEIGHT
REAL ESTATE,0.466779484759
TECHNOLOGY,0.533220515241
