SECTOR,WEIGHT
REAL ESTATE,0.477995690414
TECHNOLOGY,0.522004309586
