SECTOR,WEIGHT
REAL ESTATE,0.420420117148
TECHNOLOGY,0.579579882852
