SECTOR,WEIGHT
REAL ESTATE,0.459854222489
TECHNOLOGY,0.540145777511
