SECTOR,WEIGHT
REAL ESTATE,0.476370307827
TECHNOLOGY,0.523629692173
