SECTOR,WEIGHT
REAL ESTATE,0.444637177742
TECHNOLOGY,0.555362822258
