SECTOR,WEIGHT
REAL ESTATE,0.440187341764
TECHNOLOGY,0.559812658236
