SECTOR,WEIGHT
REAL ESTATE,0.459041578767
TECHNOLOGY,0.540958421233
