SECTOR,WEIGHT
REAL ESTATE,0.443464855771
TECHNOLOGYQ,0.556535144229
