SECTOR,WEIGHT
REAL ESTATE,0.443464855771
TECHNOLOGY,0.556535144229
