SECTOR,WEIGHT
INDUSTRIALS,0.093252698249
UTILITIES,0.906747301751
