SECTOR,WEIGHT
INDUSTRIALS,0.090325054363
UTILITIES,0.909674945637
