SECTOR,WEIGHT
INDUSTRIALS,0.091183667519
UTILITIES,0.908816332481
