SECTOR,WEIGHT
INDUSTRIALS,0.089285830255
UTILITIES,0.910714169745
