SECTOR,WEIGHT
INDUSTRIALS,0.091564522873
UTILITIES,0.908435477127
