SECTOR,WEIGHT
COMMUNICATION SERVICES,0.020541019378
CONSUMER DISCRETIONARY,0.629964746345
CONSUMER STAPLES,0.256902415886
FINANCIALS,0.020639336872
HEALTH CARE,0.00154109188
INDUSTRIALS,0.050405679883
MATERIALS,0.000847255542
REAL ESTATE,0.004341554271
TECHNOLOGY,0.014816899943
