SECTOR,WEIGHT
COMMUNICATION SERVICES,0.020285346994
CONSUMER DISCRETIONARY,0.638779330642
CONSUMER STAPLES,0.247373042125
FINANCIALS,0.020994242348
HEALTH CARE,0.001584275341
INDUSTRIALS,0.050601809477
MATERIALS,0.000865140459
REAL ESTATE,0.00427988844
TECHNOLOGY,0.015236924173
