SECTOR,WEIGHT
COMMUNICATION SERVICES,0.018631524586
CONSUMER DISCRETIONARY,0.636932089061
CONSUMER STAPLES,0.256001923744
FINANCIALS,0.019509284914
HEALTH CARE,0.001630195856
INDUSTRIALS,0.049839366581
MATERIALS,0.000892587947
REAL ESTATE,0.004100481854
TECHNOLOGY,0.012462545457
