SECTOR,WEIGHT
COMMUNICATION SERVICES,0.020580472538
CONSUMER DISCRETIONARY,0.640274217592
CONSUMER STAPLES,0.247523953289
FINANCIALS,0.021817852319
HEALTH CARE,0.001517963121
INDUSTRIALS,0.049408350201
MATERIALS,0.000799464186
REAL ESTATE,0.00430410877
TECHNOLOGY,0.013773617985
