SECTOR,WEIGHT
COMMUNICATION SERVICES,0.019986503631
CONSUMER DISCRETIONARY,0.647364009018
CONSUMER STAPLES,0.235222027181
FINANCIALS,0.022033392455
HEALTH CARE,0.001587429901
INDUSTRIALS,0.051767077561
MATERIALS,0.000780984749
REAL ESTATE,0.004637968764
TECHNOLOGY,0.01662060674
