SECTOR,WEIGHT
COMMUNICATION SERVICES,0.020638256203
CONSUMER DISCRETIONARY,0.639811751404
CONSUMER STAPLES,0.233769086318
FINANCIALS,0.024822208862
HEALTH CARE,0.001579310418
INDUSTRIALS,0.053925709251
MATERIALS,0.000758578724
REAL ESTATE,0.004903948964
TECHNOLOGY,0.019791149855
