SECTOR,WEIGHT
COMMUNICATION SERVICES,0.018758513719
CONSUMER DISCRETIONARY,0.641994020251
CONSUMER STAPLES,0.247499364629
FINANCIALS,0.02005212159
HEALTH CARE,0.001599284463
INDUSTRIALS,0.051409206822
MATERIALS,0.000872021366
REAL ESTATE,0.004300793727
TECHNOLOGY,0.013514673434
