SECTOR,WEIGHT
COMMUNICATION SERVICES,0.019789974489
CONSUMER DISCRETIONARY,0.632732544964
CONSUMER STAPLES,0.256974301969
FINANCIALS,0.020599142372
HEALTH CARE,0.001529757025
INDUSTRIALS,0.048616749084
MATERIALS,0.000880097807
REAL ESTATE,0.00424611695
TECHNOLOGY,0.01463131534
