SECTOR,WEIGHT
COMMUNICATION SERVICES,0.08453392232
CONSUMER DISCRETIONARY,0.043855554205
FINANCIALS,0.040397056706
HEALTH CARE,0.001300592674
INDUSTRIALS,0.053123924499
REAL ESTATE,0.004329369511
TECHNOLOGY,0.772459580085
