SECTOR,WEIGHT
COMMUNICATION SERVICES,0.091828379545
CONSUMER DISCRETIONARY,0.048437162604
FINANCIALS,0.042877419971
HEALTH CARE,0.001402635155
INDUSTRIALS,0.05449993807
REAL ESTATE,0.003904575732
TECHNOLOGY,0.757049888924
