SECTOR,WEIGHT
COMMUNICATION SERVICES,0.081507048175
CONSUMER DISCRETIONARY,0.046334502129
FINANCIALS,0.043716961499
HEALTH CARE,0.001644802432
INDUSTRIALS,0.053300421761
REAL ESTATE,0.003464722052
TECHNOLOGY,0.770031541952
