SECTOR,WEIGHT
COMMUNICATION SERVICES,0.085283757515
CONSUMER DISCRETIONARY,0.050950810402
FINANCIALS,0.037233225195
HEALTH CARE,0.001075541663
INDUSTRIALS,0.047251839515
REAL ESTATE,0.004359142346
TECHNOLOGY,0.773845683364
