SECTOR,WEIGHT
COMMUNICATION SERVICES,0.086513783959
CONSUMER DISCRETIONARY,0.043196884365
FINANCIALS,0.038669723244
HEALTH CARE,0.001307426262
INDUSTRIALS,0.053532087429
REAL ESTATE,0.004428162414
TECHNOLOGY,0.772351932326
