SECTOR,WEIGHT
COMMUNICATION SERVICES,0.079673136327
CONSUMER DISCRETIONARY,0.045099115256
FINANCIALS,0.04200840232
HEALTH CARE,0.001538908474
INDUSTRIALS,0.05021876728
REAL ESTATE,0.003170479732
TECHNOLOGY,0.778291190612
