SECTOR,WEIGHT
COMMUNICATION SERVICES,0.083277291941
CONSUMER DISCRETIONARY,0.046450884613
FINANCIALS,0.043906327756
HEALTH CARE,0.001669614645
INDUSTRIALS,0.054507724864
REAL ESTATE,0.003508487189
TECHNOLOGY,0.766679668992
