SECTOR,WEIGHT
CONSUMER DISCRETIONARY,0.00897401384
ENERGY,0.070667380149
INDUSTRIALS,0.306149612387
MATERIALS,0.191033795343
UTILITIES,0.423175198282
