SECTOR,WEIGHT
CONSUMER DISCRETIONARY,0.009635551642
ENERGY,0.06640205434
INDUSTRIALS,0.323297656051
MATERIALS,0.191842057352
UTILITIES,0.408822680615
