SECTOR,WEIGHT
CONSUMER DISCRETIONARY,0.012033418163
ENERGY,0.06222154621
INDUSTRIALS,0.309311180302
MATERIALS,0.198363923736
UTILITIES,0.418069931589
