SECTOR,WEIGHT
CONSUMER DISCRETIONARY,0.00302907916
ENERGY,0.077039579968
INDUSTRIALS,0.385904684976
MATERIALS,0.156401453958
UTILITIES,0.377625201939
