SECTOR,WEIGHT
CONSUMER DISCRETIONARY,0.011596840678
ENERGY,0.064449993853
INDUSTRIALS,0.318233422706
MATERIALS,0.205828932145
UTILITIES,0.399890810618
