SECTOR,WEIGHT
CONSUMER DISCRETIONARY,0.011735110627
ENERGY,0.065974871541
INDUSTRIALS,0.312138293333
MATERIALS,0.205816719067
UTILITIES,0.404335005432
