SECTOR,WEIGHT
CONSUMER DISCRETIONARY,0.012050677252
ENERGY,0.064191536669
INDUSTRIALS,0.304993510317
MATERIALS,0.192882416619
UTILITIES,0.425881859143
