SECTOR,WEIGHT
CONSUMER DISCRETIONARY,0.008906275976
ENERGY,0.071238399689
INDUSTRIALS,0.304354022723
MATERIALS,0.193053339223
UTILITIES,0.422447962389
