SECTOR,WEIGHT
CONSUMER DISCRETIONARY,0.009403897289
ENERGY,0.068929169337
INDUSTRIALS,0.310945594952
MATERIALS,0.194411147843
UTILITIES,0.41631019058
