SECTOR,WEIGHT
COMMUNICATION SERVICES,0.188816558772
CONSUMER DISCRETIONARY,0.00680945804
HEALTH CARE,0.04367098529
INDUSTRIALS,0.03016646048
MATERIALS,0.000821922451
REAL ESTATE,0.042168011117
TECHNOLOGY,0.68754660385
