SECTOR,WEIGHT
COMMUNICATION SERVICES,0.174531467369
CONSUMER DISCRETIONARY,0.006160109589
HEALTH CARE,0.037555044728
INDUSTRIALS,0.025165586899
MATERIALS,0.000661495427
REAL ESTATE,0.0407283054
TECHNOLOGY,0.715197990588
