SECTOR,WEIGHT
COMMUNICATION SERVICES,0.188694458321
CONSUMER DISCRETIONARY,0.007597455231
HEALTH CARE,0.051100954661
INDUSTRIALS,0.030604973867
MATERIALS,0.000868067575
REAL ESTATE,0.047755432878
TECHNOLOGY,0.673378657467
