SECTOR,WEIGHT
COMMUNICATION SERVICES,0.178864830416
CONSUMER DISCRETIONARY,0.006038046138
HEALTH CARE,0.040570005084
INDUSTRIALS,0.026717270841
MATERIALS,0.000773647781
REAL ESTATE,0.04104243754
TECHNOLOGY,0.705993762201
