SECTOR,WEIGHT
COMMUNICATION SERVICES,0.225578421057
CONSUMER DISCRETIONARY,0.006538593306
HEALTH CARE,0.047550191598
INDUSTRIALS,0.035122840941
MATERIALS,0.000996090011
REAL ESTATE,0.04052025891
TECHNOLOGY,0.643693604176
