SECTOR,WEIGHT
COMMUNICATION SERVICES,0.221284135542
CONSUMER DISCRETIONARY,0.006029353527
HEALTH CARE,0.046289642488
INDUSTRIALS,0.031434730954
MATERIALS,0.00095694471
REAL ESTATE,0.037926306831
TECHNOLOGY,0.656078885948
