SECTOR,WEIGHT
COMMUNICATION SERVICES,0.208658028741
CONSUMER DISCRETIONARY,0.006544980411
HEALTH CARE,0.047715727365
INDUSTRIALS,0.033769950226
MATERIALS,0.0009180797
REAL ESTATE,0.045936947947
TECHNOLOGY,0.656456285611
