SECTOR,WEIGHT
COMMUNICATION SERVICES,0.014588549045
CONSUMER DISCRETIONARY,0.112651717966
CONSUMER STAPLES,0.043578934787
ENERGY,0.044343110929
FINANCIALS,0.148782261333
HEALTH CARE,0.084470933716
INDUSTRIALS,0.250970945899
MATERIALS,0.063376379871
REAL ESTATE,0.064544812129
TECHNOLOGY,0.140376199555
UTILITIES,0.032316154771
