SECTOR,WEIGHT
COMMUNICATION SERVICES,0.013828978187
CONSUMER DISCRETIONARY,0.114941274199
CONSUMER STAPLES,0.044325493844
ENERGY,0.042544937243
FINANCIALS,0.163087200594
HEALTH CARE,0.091096983306
INDUSTRIALS,0.234865345169
MATERIALS,0.055631144742
REAL ESTATE,0.064924336236
TECHNOLOGY,0.14070626713
UTILITIES,0.034048039351
