SECTOR,WEIGHT
COMMUNICATION SERVICES,0.015552551681
CONSUMER DISCRETIONARY,0.106637258748
CONSUMER STAPLES,0.045310047697
ENERGY,0.050936186535
FINANCIALS,0.142496334671
HEALTH CARE,0.087050637005
INDUSTRIALS,0.243154755574
MATERIALS,0.060799255614
REAL ESTATE,0.067344915204
TECHNOLOGY,0.146950323821
UTILITIES,0.03376773345
