SECTOR,WEIGHT
COMMUNICATION SERVICES,0.010250794767
CONSUMER DISCRETIONARY,0.10915087638
CONSUMER STAPLES,0.035355701697
ENERGY,0.05035146191
FINANCIALS,0.148685186967
HEALTH CARE,0.087870972676
INDUSTRIALS,0.253120342299
MATERIALS,0.066166550829
REAL ESTATE,0.069543152872
TECHNOLOGY,0.135725562726
UTILITIES,0.033779396876
