SECTOR,WEIGHT
COMMUNICATION SERVICES,0.016817995711
CONSUMER DISCRETIONARY,0.113442376015
CONSUMER STAPLES,0.042705982637
ENERGY,0.039726826958
FINANCIALS,0.159320583753
HEALTH CARE,0.086197645829
INDUSTRIALS,0.243110336977
MATERIALS,0.065422053578
REAL ESTATE,0.061726082006
TECHNOLOGY,0.13958410977
UTILITIES,0.031946006766
