SECTOR,WEIGHT
COMMUNICATION SERVICES,0.010411771387
CONSUMER DISCRETIONARY,0.10865097112
CONSUMER STAPLES,0.045713115394
ENERGY,0.053631921955
FINANCIALS,0.146828346799
HEALTH CARE,0.08856530757
INDUSTRIALS,0.249401712655
MATERIALS,0.066395833604
REAL ESTATE,0.069016704816
TECHNOLOGY,0.126662735719
UTILITIES,0.03472157898
