SECTOR,WEIGHT
COMMUNICATION SERVICES,0.010394590776
CONSUMER DISCRETIONARY,0.106569785044
CONSUMER STAPLES,0.034312241397
ENERGY,0.050156423453
FINANCIALS,0.147340801292
HEALTH CARE,0.08618427692
INDUSTRIALS,0.257341810475
MATERIALS,0.064587748511
REAL ESTATE,0.068018972651
TECHNOLOGY,0.142799475225
UTILITIES,0.032293874256
