SECTOR,WEIGHT
COMMUNICATION SERVICES,0.019790973532
CONSUMER DISCRETIONARY,0.114869291544
CONSUMER STAPLES,0.043246029592
ENERGY,0.03848835433
FINANCIALS,0.1589625693
HEALTH CARE,0.085982518439
INDUSTRIALS,0.241078776042
MATERIALS,0.063623172573
REAL ESTATE,0.062425211712
TECHNOLOGY,0.139198417664
UTILITIES,0.032334685273
