SECTOR,WEIGHT
COMMUNICATION SERVICES,0.019662441533
CONSUMER DISCRETIONARY,0.114823170014
CONSUMER STAPLES,0.043161310251
ENERGY,0.038661568374
FINANCIALS,0.165220589856
HEALTH CARE,0.088923341282
INDUSTRIALS,0.2312927073
MATERIALS,0.060815108391
REAL ESTATE,0.063482353402
TECHNOLOGY,0.141219328561
UTILITIES,0.032738081036
