SECTOR,WEIGHT
COMMUNICATION SERVICES,0.013780063462
CONSUMER DISCRETIONARY,0.115556122808
CONSUMER STAPLES,0.044807326036
ENERGY,0.041283265972
FINANCIALS,0.162526778542
HEALTH CARE,0.09419778405
INDUSTRIALS,0.232818278052
MATERIALS,0.055660635147
REAL ESTATE,0.066425537847
TECHNOLOGY,0.137305153106
UTILITIES,0.035639054978
