SECTOR,WEIGHT
COMMUNICATION SERVICES,0.010150753769
CONSUMER DISCRETIONARY,0.109849246231
CONSUMER STAPLES,0.03527638191
ENERGY,0.050251256281
FINANCIALS,0.148542713568
HEALTH CARE,0.084422110553
INDUSTRIALS,0.255075376884
MATERIALS,0.065125628141
REAL ESTATE,0.06864321608
TECHNOLOGY,0.13959798995
UTILITIES,0.033065326633
