SECTOR,WEIGHT
COMMUNICATION SERVICES,0.019897124597
CONSUMER DISCRETIONARY,0.116672419534
CONSUMER STAPLES,0.041991409616
ENERGY,0.039016071779
FINANCIALS,0.163631025192
HEALTH CARE,0.088249109697
INDUSTRIALS,0.235538192218
MATERIALS,0.061554263018
REAL ESTATE,0.063211320988
TECHNOLOGY,0.13861717185
UTILITIES,0.031621891511
