SECTOR,WEIGHT
COMMUNICATION SERVICES,0.015557806125
CONSUMER DISCRETIONARY,0.116332996484
CONSUMER STAPLES,0.044071832506
ENERGY,0.039326075058
FINANCIALS,0.168144990083
HEALTH CARE,0.089595637736
INDUSTRIALS,0.231890324859
MATERIALS,0.057254388423
REAL ESTATE,0.064716769345
TECHNOLOGY,0.139965601981
UTILITIES,0.033143577401
