SECTOR,WEIGHT
COMMUNICATION SERVICES,0.015765142318
CONSUMER DISCRETIONARY,0.111013878853
CONSUMER STAPLES,0.042906252168
ENERGY,0.041180353445
FINANCIALS,0.158835083814
HEALTH CARE,0.08458195528
INDUSTRIALS,0.242549999811
MATERIALS,0.06384577376
REAL ESTATE,0.062113522124
TECHNOLOGY,0.144859102754
UTILITIES,0.032348935672
