SECTOR,WEIGHT
COMMUNICATION SERVICES,0.004794954134
CONSUMER DISCRETIONARY,0.124380161139
CONSUMER STAPLES,0.060821982016
ENERGY,0.074790683027
FINANCIALS,0.226429994433
HEALTH CARE,0.03223192669
INDUSTRIALS,0.191733249939
MATERIALS,0.083249018295
REAL ESTATE,0.083441222082
TECHNOLOGY,0.071101572411
UTILITIES,0.047025235833
