SECTOR,WEIGHT
COMMUNICATION SERVICES,0.010107482597
CONSUMER DISCRETIONARY,0.128344525423
CONSUMER STAPLES,0.058592290542
ENERGY,0.056498687188
FINANCIALS,0.252953366396
HEALTH CARE,0.033660799018
INDUSTRIALS,0.18687741872
MATERIALS,0.078921864688
REAL ESTATE,0.084285470335
TECHNOLOGY,0.066909822859
UTILITIES,0.042848272234
