SECTOR,WEIGHT
COMMUNICATION SERVICES,0.005565206419
CONSUMER DISCRETIONARY,0.130480151012
CONSUMER STAPLES,0.060536556938
ENERGY,0.058992815553
FINANCIALS,0.232951707953
HEALTH CARE,0.030740878459
INDUSTRIALS,0.20175856703
MATERIALS,0.082950475083
REAL ESTATE,0.08093843476
TECHNOLOGY,0.072081999528
UTILITIES,0.043003207265
