SECTOR,WEIGHT
COMMUNICATION SERVICES,0.024801950505
CONSUMER DISCRETIONARY,0.09328254811
CONSUMER STAPLES,0.029839035809
ENERGY,0.030129044688
FINANCIALS,0.070343733551
HEALTH CARE,0.135804629882
INDUSTRIALS,0.289307845612
MATERIALS,0.046289862174
REAL ESTATE,0.049523482319
TECHNOLOGY,0.209194590658
UTILITIES,0.021483276694
