SECTOR,WEIGHT
COMMUNICATION SERVICES,0.026529627979
CONSUMER DISCRETIONARY,0.098491035451
CONSUMER STAPLES,0.028603424484
ENERGY,0.02472971788
FINANCIALS,0.076303837558
HEALTH CARE,0.135409197591
INDUSTRIALS,0.288047295533
MATERIALS,0.049788430176
REAL ESTATE,0.043201374047
TECHNOLOGY,0.20627436037
UTILITIES,0.02262169893
