SECTOR,WEIGHT
COMMUNICATION SERVICES,0.024385932192
CONSUMER DISCRETIONARY,0.089907453867
CONSUMER STAPLES,0.030510455609
ENERGY,0.030721487564
FINANCIALS,0.068217807978
HEALTH CARE,0.136656673503
INDUSTRIALS,0.288388459435
MATERIALS,0.04406503871
REAL ESTATE,0.049900885545
TECHNOLOGY,0.215165719872
UTILITIES,0.022080085725
