SECTOR,WEIGHT
COMMUNICATION SERVICES,0.015740900036
CONSUMER DISCRETIONARY,0.09371667601
CONSUMER STAPLES,0.031355179685
ENERGY,0.033520425911
FINANCIALS,0.071215068978
HEALTH CARE,0.142101201916
INDUSTRIALS,0.30417444893
MATERIALS,0.050384530993
REAL ESTATE,0.055310135886
TECHNOLOGY,0.179443549322
UTILITIES,0.023037882333
