SECTOR,WEIGHT
COMMUNICATION SERVICES,0.009465920899
CONSUMER DISCRETIONARY,0.11980821803
CONSUMER STAPLES,0.036536557292
ENERGY,0.039895193637
FINANCIALS,0.129832828747
HEALTH CARE,0.109856089606
INDUSTRIALS,0.286660313727
MATERIALS,0.042390047351
REAL ESTATE,0.041865806502
TECHNOLOGY,0.180201102234
UTILITIES,0.003487921976
