SECTOR,WEIGHT
COMMUNICATION SERVICES,0.029187333042
CONSUMER DISCRETIONARY,0.100367925291
CONSUMER STAPLES,0.0289239157
ENERGY,0.023909895189
FINANCIALS,0.076669266963
HEALTH CARE,0.135675604301
INDUSTRIALS,0.286318124127
MATERIALS,0.046264196383
REAL ESTATE,0.043741598792
TECHNOLOGY,0.205571830162
UTILITIES,0.023370310049
