SECTOR,WEIGHT
COMMUNICATION SERVICES,0.009147533477
CONSUMER DISCRETIONARY,0.116615132198
CONSUMER STAPLES,0.03542557631
ENERGY,0.041289828068
FINANCIALS,0.128230675807
HEALTH CARE,0.107854879065
INDUSTRIALS,0.289588058142
MATERIALS,0.041674071654
REAL ESTATE,0.040657352035
TECHNOLOGY,0.186071295369
UTILITIES,0.003445597875
