SECTOR,WEIGHT
COMMUNICATION SERVICES,0.023259683842
CONSUMER DISCRETIONARY,0.096272531812
CONSUMER STAPLES,0.028441063156
ENERGY,0.028586565864
FINANCIALS,0.071354860061
HEALTH CARE,0.133935359044
INDUSTRIALS,0.29611157956
MATERIALS,0.046409118754
REAL ESTATE,0.047862847133
TECHNOLOGY,0.205309429921
UTILITIES,0.022456960852
