SECTOR,WEIGHT
COMMUNICATION SERVICES,0.034968631081
CONSUMER DISCRETIONARY,0.131235215468
CONSUMER STAPLES,0.02828345161
ENERGY,0.059138126093
FINANCIALS,0.178854263088
HEALTH CARE,0.112311015119
INDUSTRIALS,0.183379615345
MATERIALS,0.048647536768
REAL ESTATE,0.063972025095
TECHNOLOGY,0.138948884089
UTILITIES,0.020261236244
