SECTOR,WEIGHT
COMMUNICATION SERVICES,0.034986414213
CONSUMER DISCRETIONARY,0.129675646192
CONSUMER STAPLES,0.028840730505
ENERGY,0.061950461135
FINANCIALS,0.177333273078
HEALTH CARE,0.113180028865
INDUSTRIALS,0.180788063049
MATERIALS,0.049824065367
REAL ESTATE,0.064444009915
TECHNOLOGY,0.139043238445
UTILITIES,0.019934069237
