SECTOR,WEIGHT
COMMUNICATION SERVICES,0.026041867854
CONSUMER DISCRETIONARY,0.136811116163
CONSUMER STAPLES,0.025262501152
ENERGY,0.05244752901
FINANCIALS,0.177211306623
HEALTH CARE,0.107271967949
INDUSTRIALS,0.189954929448
MATERIALS,0.063085851923
REAL ESTATE,0.067932784186
TECHNOLOGY,0.133176453569
UTILITIES,0.020803692125
