SECTOR,WEIGHT
COMMUNICATION SERVICES,0.027959444209
CONSUMER DISCRETIONARY,0.133698539125
CONSUMER STAPLES,0.025337861455
ENERGY,0.058758068706
FINANCIALS,0.173312351714
HEALTH CARE,0.110446621334
INDUSTRIALS,0.183636109951
MATERIALS,0.06003082406
REAL ESTATE,0.070942222898
TECHNOLOGY,0.134750483551
UTILITIES,0.021127472997
