SECTOR,WEIGHT
COMMUNICATION SERVICES,0.025798808645
CONSUMER DISCRETIONARY,0.135507900017
CONSUMER STAPLES,0.025513071111
ENERGY,0.054773809513
FINANCIALS,0.173894941478
HEALTH CARE,0.110762379902
INDUSTRIALS,0.187518668942
MATERIALS,0.060117808201
REAL ESTATE,0.07041531935
TECHNOLOGY,0.135479791748
UTILITIES,0.020217501093
