SECTOR,WEIGHT
COMMUNICATION SERVICES,0.028079528295
CONSUMER DISCRETIONARY,0.129327875154
CONSUMER STAPLES,0.024741282186
ENERGY,0.063611302052
FINANCIALS,0.169395339003
HEALTH CARE,0.110272819576
INDUSTRIALS,0.180678477595
MATERIALS,0.060933029692
REAL ESTATE,0.070585323542
TECHNOLOGY,0.140712578207
UTILITIES,0.021662444698
