SECTOR,WEIGHT
COMMUNICATION SERVICES,0.027724274646
CONSUMER DISCRETIONARY,0.133232314193
CONSUMER STAPLES,0.024845748412
ENERGY,0.044433500636
FINANCIALS,0.17946863523
HEALTH CARE,0.127010843108
INDUSTRIALS,0.178451858523
MATERIALS,0.049152663195
REAL ESTATE,0.072509366001
TECHNOLOGY,0.143366591228
UTILITIES,0.019804204828
