SECTOR,WEIGHT
COMMUNICATION SERVICES,0.027091618263
CONSUMER DISCRETIONARY,0.130667393917
CONSUMER STAPLES,0.024439096725
ENERGY,0.047852625256
FINANCIALS,0.175284295739
HEALTH CARE,0.122594173455
INDUSTRIALS,0.180555310093
MATERIALS,0.055938323738
REAL ESTATE,0.072720862037
TECHNOLOGY,0.144317227672
UTILITIES,0.018539073103
