SECTOR,WEIGHT
COMMUNICATION SERVICES,0.027834986745
CONSUMER DISCRETIONARY,0.130539152745
CONSUMER STAPLES,0.025802984674
ENERGY,0.061691442966
FINANCIALS,0.172283766014
HEALTH CARE,0.108971586372
INDUSTRIALS,0.180788542549
MATERIALS,0.061017491387
REAL ESTATE,0.071580423527
TECHNOLOGY,0.137864109171
UTILITIES,0.02162551385
