SECTOR,WEIGHT
COMMUNICATION SERVICES,0.039347822459
CONSUMER DISCRETIONARY,0.156975350581
CONSUMER STAPLES,0.033059768873
ENERGY,0.076513306253
FINANCIALS,0.217493037185
HEALTH CARE,0.07401655244
INDUSTRIALS,0.145411197779
MATERIALS,0.071039618747
REAL ESTATE,0.067881571391
TECHNOLOGY,0.097068565347
UTILITIES,0.021193208946
