SECTOR,WEIGHT
COMMUNICATION SERVICES,0.034342379447
CONSUMER DISCRETIONARY,0.163407168172
CONSUMER STAPLES,0.028308693521
ENERGY,0.067527043898
FINANCIALS,0.212354655596
HEALTH CARE,0.073355668842
INDUSTRIALS,0.155715472984
MATERIALS,0.07389072654
REAL ESTATE,0.072105233504
TECHNOLOGY,0.092036587497
UTILITIES,0.020656970055
