SECTOR,WEIGHT
COMMUNICATION SERVICES,0.034485480371
CONSUMER DISCRETIONARY,0.161347217305
CONSUMER STAPLES,0.026649183844
ENERGY,0.086302488731
FINANCIALS,0.208627639017
HEALTH CARE,0.068075803515
INDUSTRIALS,0.144153918179
MATERIALS,0.083387933236
REAL ESTATE,0.069248648273
TECHNOLOGY,0.095951592973
UTILITIES,0.021770094555
