SECTOR,WEIGHT
COMMUNICATION SERVICES,0.034529013461
CONSUMER DISCRETIONARY,0.172429851886
CONSUMER STAPLES,0.028009579882
ENERGY,0.063250015271
FINANCIALS,0.209750808572
HEALTH CARE,0.074287366546
INDUSTRIALS,0.157002854545
MATERIALS,0.075794957503
REAL ESTATE,0.073070493842
TECHNOLOGY,0.091331548739
UTILITIES,0.020543509753
