SECTOR,WEIGHT
COMMUNICATION SERVICES,0.034735510327
CONSUMER DISCRETIONARY,0.171494493547
CONSUMER STAPLES,0.027794891761
ENERGY,0.062776113734
FINANCIALS,0.21036904942
HEALTH CARE,0.077687187229
INDUSTRIALS,0.155332806772
MATERIALS,0.07432604003
REAL ESTATE,0.074853532388
TECHNOLOGY,0.090279304208
UTILITIES,0.020351070584
