SECTOR,WEIGHT
COMMUNICATION SERVICES,0.035794190908
CONSUMER DISCRETIONARY,0.167286642725
CONSUMER STAPLES,0.028396114371
ENERGY,0.06196312112
FINANCIALS,0.214446712555
HEALTH CARE,0.077447509132
INDUSTRIALS,0.153524627869
MATERIALS,0.072907579339
REAL ESTATE,0.077704882305
TECHNOLOGY,0.089811340136
UTILITIES,0.020717279539
