SECTOR,WEIGHT
COMMUNICATION SERVICES,0.028889407364
CONSUMER DISCRETIONARY,0.159381274485
CONSUMER STAPLES,0.028797421539
ENERGY,0.043399461917
FINANCIALS,0.212048455008
HEALTH CARE,0.079334881573
INDUSTRIALS,0.156747880223
MATERIALS,0.074881748528
REAL ESTATE,0.070388665956
TECHNOLOGY,0.117030923907
UTILITIES,0.029099879499
