SECTOR,WEIGHT
COMMUNICATION SERVICES,0.034593681455
CONSUMER DISCRETIONARY,0.168861388462
CONSUMER STAPLES,0.027790164696
ENERGY,0.064618788682
FINANCIALS,0.212848497216
HEALTH CARE,0.074686992055
INDUSTRIALS,0.157408321797
MATERIALS,0.074424516879
REAL ESTATE,0.072433971426
TECHNOLOGY,0.091999034644
UTILITIES,0.020334642686
