SECTOR,WEIGHT
COMMUNICATION SERVICES,0.040931473123
CONSUMER DISCRETIONARY,0.153364792778
CONSUMER STAPLES,0.03292983176
ENERGY,0.076425933525
FINANCIALS,0.213377102995
HEALTH CARE,0.075400082068
INDUSTRIALS,0.144850225687
MATERIALS,0.070065654493
REAL ESTATE,0.067911366434
TECHNOLOGY,0.10473943373
UTILITIES,0.020004103406
