SECTOR,WEIGHT
COMMUNICATION SERVICES,0.039523662868
CONSUMER DISCRETIONARY,0.148239400472
CONSUMER STAPLES,0.03151627143
ENERGY,0.073914382507
FINANCIALS,0.212195873114
HEALTH CARE,0.079252643466
INDUSTRIALS,0.145672928857
MATERIALS,0.069089415871
REAL ESTATE,0.068678780413
TECHNOLOGY,0.112719433323
UTILITIES,0.019197207679
