SECTOR,WEIGHT
COMMUNICATION SERVICES,0.022655341036
CONSUMER DISCRETIONARY,0.096540888508
CONSUMER STAPLES,0.02379943406
ENERGY,0.041071174587
FINANCIALS,0.14177138766
HEALTH CARE,0.147909708537
INDUSTRIALS,0.212964601277
MATERIALS,0.039987846412
REAL ESTATE,0.07387254487
TECHNOLOGY,0.178349244657
UTILITIES,0.021077828396
