SECTOR,WEIGHT
COMMUNICATION SERVICES,0.030377634565
CONSUMER DISCRETIONARY,0.107239174041
CONSUMER STAPLES,0.024678496859
ENERGY,0.043427061617
FINANCIALS,0.146792404122
HEALTH CARE,0.14758052589
INDUSTRIALS,0.215269038336
MATERIALS,0.029595618929
REAL ESTATE,0.061454795611
TECHNOLOGY,0.173755172317
UTILITIES,0.019830077714
