SECTOR,WEIGHT
COMMUNICATION SERVICES,0.022203719162
CONSUMER DISCRETIONARY,0.101986712433
CONSUMER STAPLES,0.021517696695
ENERGY,0.029338627452
FINANCIALS,0.14061694344
HEALTH CARE,0.173774088821
INDUSTRIALS,0.201441230337
MATERIALS,0.028010470879
REAL ESTATE,0.069000888515
TECHNOLOGY,0.192869263474
UTILITIES,0.019240358792
