SECTOR,WEIGHT
COMMUNICATION SERVICES,0.020307642248
CONSUMER DISCRETIONARY,0.102942954925
CONSUMER STAPLES,0.022900399019
ENERGY,0.034896254577
FINANCIALS,0.147401256859
HEALTH CARE,0.16089387816
INDUSTRIALS,0.216353056495
MATERIALS,0.037006857207
REAL ESTATE,0.07025992225
TECHNOLOGY,0.166890534439
UTILITIES,0.020147243821
