SECTOR,WEIGHT
COMMUNICATION SERVICES,0.026412655349
CONSUMER DISCRETIONARY,0.104542384446
CONSUMER STAPLES,0.020501865613
ENERGY,0.050128191348
FINANCIALS,0.14205321736
HEALTH CARE,0.164315902617
INDUSTRIALS,0.200403216757
MATERIALS,0.038516340728
REAL ESTATE,0.077803878368
TECHNOLOGY,0.16568467845
UTILITIES,0.009637668963
