SECTOR,WEIGHT
COMMUNICATION SERVICES,0.022597747251
CONSUMER DISCRETIONARY,0.100089404661
CONSUMER STAPLES,0.02197346961
ENERGY,0.033224251427
FINANCIALS,0.145413407675
HEALTH CARE,0.162940585615
INDUSTRIALS,0.204108864528
MATERIALS,0.030048817345
REAL ESTATE,0.066532142863
TECHNOLOGY,0.181975550089
UTILITIES,0.019395474501
