SECTOR,WEIGHT
COMMUNICATION SERVICES,0.106943648202
CONSUMER DISCRETIONARY,0.1003871705
CONSUMER STAPLES,0.050896820327
ENERGY,0.035585432452
FINANCIALS,0.123328887606
HEALTH CARE,0.095161843874
INDUSTRIALS,0.094335009157
MATERIALS,0.020309107857
REAL ESTATE,0.018127819548
TECHNOLOGY,0.330862546696
UTILITIES,0.024061713781
