SECTOR,WEIGHT
COMMUNICATION SERVICES,0.099894159305
CONSUMER DISCRETIONARY,0.107834655793
CONSUMER STAPLES,0.047455460763
ENERGY,0.029149469282
FINANCIALS,0.130234990465
HEALTH CARE,0.096967097683
INDUSTRIALS,0.085139482106
MATERIALS,0.017493089761
REAL ESTATE,0.017847778041
TECHNOLOGY,0.34663815444
UTILITIES,0.021345662362
