SECTOR,WEIGHT
COMMUNICATION SERVICES,0.10553056778
CONSUMER DISCRETIONARY,0.09745591773
CONSUMER STAPLES,0.051433246196
ENERGY,0.03879682596
FINANCIALS,0.123051722051
HEALTH CARE,0.094584499661
INDUSTRIALS,0.093732123133
MATERIALS,0.02073307019
REAL ESTATE,0.018244885662
TECHNOLOGY,0.331514830177
UTILITIES,0.02492231146
