SECTOR,WEIGHT
COMMUNICATION SERVICES,0.0998169251
CONSUMER DISCRETIONARY,0.107037052532
CONSUMER STAPLES,0.048092030394
ENERGY,0.02847893481
FINANCIALS,0.129488092194
HEALTH CARE,0.100390723452
INDUSTRIALS,0.084569140567
MATERIALS,0.017676117479
REAL ESTATE,0.018157506678
TECHNOLOGY,0.344163700727
UTILITIES,0.022129776069
