SECTOR,WEIGHT
COMMUNICATION SERVICES,0.103096452857
CONSUMER DISCRETIONARY,0.09937909465
CONSUMER STAPLES,0.051534790528
ENERGY,0.040877738486
FINANCIALS,0.123898373582
HEALTH CARE,0.095365166318
INDUSTRIALS,0.093700510565
MATERIALS,0.020384458824
REAL ESTATE,0.017919496283
TECHNOLOGY,0.329029476789
UTILITIES,0.024814441117
