SECTOR,WEIGHT
COMMUNICATION SERVICES,0.09779756915
CONSUMER DISCRETIONARY,0.108004671672
CONSUMER STAPLES,0.046728855687
ENERGY,0.028938115749
FINANCIALS,0.132405618887
HEALTH CARE,0.09588635921
INDUSTRIALS,0.08592092795
MATERIALS,0.017743237857
REAL ESTATE,0.017571060662
TECHNOLOGY,0.348136377974
UTILITIES,0.020867205202
