SECTOR,WEIGHT
COMMUNICATION SERVICES,0.108066550694
CONSUMER DISCRETIONARY,0.106531804633
CONSUMER STAPLES,0.045969158889
ENERGY,0.029006157389
FINANCIALS,0.132428775836
HEALTH CARE,0.097121312088
INDUSTRIALS,0.086392511696
MATERIALS,0.018790181132
REAL ESTATE,0.016527170722
TECHNOLOGY,0.337736283031
UTILITIES,0.021430093891
