SECTOR,WEIGHT
COMMUNICATION SERVICES,0.108116232465
CONSUMER DISCRETIONARY,0.100100200401
CONSUMER STAPLES,0.04869739479
ENERGY,0.034268537074
FINANCIALS,0.119038076152
HEALTH CARE,0.086172344689
INDUSTRIALS,0.092785571142
MATERIALS,0.019639278557
REAL ESTATE,0.017935871743
TECHNOLOGY,0.350200400802
UTILITIES,0.023046092184
