SECTOR,WEIGHT
COMMUNICATION SERVICES,0.135621694543
CONSUMER DISCRETIONARY,0.101988123643
CONSUMER STAPLES,0.018348055292
ENERGY,0.004820962551
FINANCIALS,0.065558761903
HEALTH CARE,0.064889642179
INDUSTRIALS,0.0916840541
MATERIALS,0.01390762128
REAL ESTATE,0.014328119065
TECHNOLOGY,0.480271628781
UTILITIES,0.008581336663
