SECTOR,WEIGHT
COMMUNICATION SERVICES,0.139005009105
CONSUMER DISCRETIONARY,0.105106558608
CONSUMER STAPLES,0.017093085177
ENERGY,0.004447988307
FINANCIALS,0.062565074102
HEALTH CARE,0.055155928492
INDUSTRIALS,0.086650979531
MATERIALS,0.012663289581
REAL ESTATE,0.01422834975
TECHNOLOGY,0.494767942668
UTILITIES,0.00831579468
