SECTOR,WEIGHT
COMMUNICATION SERVICES,0.138231817871
CONSUMER DISCRETIONARY,0.10424009748
CONSUMER STAPLES,0.018699417279
ENERGY,0.004684621333
FINANCIALS,0.063356566998
HEALTH CARE,0.059771096271
INDUSTRIALS,0.091242774253
MATERIALS,0.013438526263
REAL ESTATE,0.014516452268
TECHNOLOGY,0.483321513683
UTILITIES,0.008497116299
