SECTOR,WEIGHT
COMMUNICATION SERVICES,0.137969653415
CONSUMER DISCRETIONARY,0.102139522617
CONSUMER STAPLES,0.018678207409
ENERGY,0.005077072328
FINANCIALS,0.063837750558
HEALTH CARE,0.062795766136
INDUSTRIALS,0.088659171622
MATERIALS,0.012863018161
REAL ESTATE,0.014493090766
TECHNOLOGY,0.484940938163
UTILITIES,0.008545808824
