SECTOR,WEIGHT
COMMUNICATION SERVICES,0.13697255078
CONSUMER DISCRETIONARY,0.102073436439
CONSUMER STAPLES,0.018322494992
ENERGY,0.004883875402
FINANCIALS,0.065648141839
HEALTH CARE,0.064989467351
INDUSTRIALS,0.092484431114
MATERIALS,0.014082807576
REAL ESTATE,0.014355624422
TECHNOLOGY,0.477313281069
UTILITIES,0.008873889015
