SECTOR,WEIGHT
COMMUNICATION SERVICES,0.13666715551
CONSUMER DISCRETIONARY,0.104541563777
CONSUMER STAPLES,0.018107325203
ENERGY,0.004958135269
FINANCIALS,0.066323595082
HEALTH CARE,0.06323605524
INDUSTRIALS,0.090548656063
MATERIALS,0.013337045244
REAL ESTATE,0.014344233034
TECHNOLOGY,0.479207528326
UTILITIES,0.008728707252
