SECTOR,WEIGHT
COMMUNICATION SERVICES,0.147599923529
CONSUMER DISCRETIONARY,0.107503998342
CONSUMER STAPLES,0.018724760606
ENERGY,0.004440084967
FINANCIALS,0.069384651199
HEALTH CARE,0.06545450426
INDUSTRIALS,0.087601199556
MATERIALS,0.013760557182
REAL ESTATE,0.013710124455
TECHNOLOGY,0.464065799619
UTILITIES,0.007754396285
