SECTOR,WEIGHT
COMMUNICATION SERVICES,0.136822783443
CONSUMER DISCRETIONARY,0.107527343242
CONSUMER STAPLES,0.015679726135
ENERGY,0.003696254945
FINANCIALS,0.072419123305
HEALTH CARE,0.066594743038
INDUSTRIALS,0.079404851636
MATERIALS,0.012028217374
REAL ESTATE,0.012938702125
TECHNOLOGY,0.484598215277
UTILITIES,0.00829003948
