SECTOR,WEIGHT
COMMUNICATION SERVICES,0.136119058117
CONSUMER DISCRETIONARY,0.108676928253
CONSUMER STAPLES,0.015632452141
ENERGY,0.003625222655
FINANCIALS,0.072587928317
HEALTH CARE,0.066235811963
INDUSTRIALS,0.079727451346
MATERIALS,0.012082076434
REAL ESTATE,0.012795993331
TECHNOLOGY,0.484262022636
UTILITIES,0.008255054807
