SECTOR,WEIGHT
COMMUNICATION SERVICES,0.08097216914
CONSUMER DISCRETIONARY,0.117308480441
CONSUMER STAPLES,0.026896216971
ENERGY,0.003533999868
FINANCIALS,0.080441226094
HEALTH CARE,0.07216845146
INDUSTRIALS,0.079294463097
MATERIALS,0.011345708385
REAL ESTATE,0.016837832208
TECHNOLOGYQ,0.502750330666
UTILITIES,0.008451121672
