SECTOR,WEIGHT
COMMUNICATION SERVICES,0.138528453995
CONSUMER DISCRETIONARY,0.110774026808
CONSUMER STAPLES,0.016217416625
ENERGY,0.003817400135
FINANCIALS,0.073243550082
HEALTH CARE,0.067614156593
INDUSTRIALS,0.080889904404
MATERIALS,0.012419961246
REAL ESTATE,0.012867580558
TECHNOLOGY,0.475808881668
UTILITIES,0.007818667886
