SECTOR,WEIGHT
COMMUNICATION SERVICES,0.138387149759
CONSUMER DISCRETIONARY,0.108670391116
CONSUMER STAPLES,0.016985035862
ENERGY,0.003840888112
FINANCIALS,0.070523947735
HEALTH CARE,0.064920365389
INDUSTRIALS,0.083497659048
MATERIALS,0.012802985422
REAL ESTATE,0.013176704131
TECHNOLOGY,0.478698220691
UTILITIES,0.008496652735
