SECTOR,WEIGHT
COMMUNICATION SERVICES,0.080097629046
CONSUMER DISCRETIONARY,0.094785497932
CONSUMER STAPLES,0.082696295745
ENERGY,0.066736829224
FINANCIALS,0.172617728368
HEALTH CARE,0.124815131799
INDUSTRIALS,0.096646905425
MATERIALS,0.026935858391
REAL ESTATE,0.021379516814
TECHNOLOGY,0.194424984143
UTILITIES,0.038863623113
