SECTOR,WEIGHT
COMMUNICATION SERVICES,0.079496209787
CONSUMER DISCRETIONARY,0.101003498617
CONSUMER STAPLES,0.075243148658
ENERGY,0.051828841672
FINANCIALS,0.188850164364
HEALTH CARE,0.124299332126
INDUSTRIALS,0.089589004473
MATERIALS,0.024173561182
REAL ESTATE,0.020254612012
TECHNOLOGY,0.210264044499
UTILITIES,0.034997582612
