SECTOR,WEIGHT
COMMUNICATION SERVICES,0.079338522388
CONSUMER DISCRETIONARY,0.092344116227
CONSUMER STAPLES,0.08086412125
ENERGY,0.069519125096
FINANCIALS,0.176393168939
HEALTH CARE,0.124296199422
INDUSTRIALS,0.097077842432
MATERIALS,0.027477805767
REAL ESTATE,0.02136300898
TECHNOLOGY,0.191776355315
UTILITIES,0.039549734184
