SECTOR,WEIGHT
COMMUNICATION SERVICES,0.078781600043
CONSUMER DISCRETIONARY,0.100718937725
CONSUMER STAPLES,0.078171293234
ENERGY,0.057739538981
FINANCIALS,0.178741171899
HEALTH CARE,0.122467120171
INDUSTRIALS,0.09519970001
MATERIALS,0.026410893855
REAL ESTATE,0.020458445231
TECHNOLOGY,0.201717190689
UTILITIES,0.035246872937
