SECTOR,WEIGHT
COMMUNICATION SERVICES,0.136714656701
CONSUMER DISCRETIONARY,0.087634764353
CONSUMER STAPLES,0.069915513775
ENERGY,0.05588332545
FINANCIALS,0.185218396989
HEALTH CARE,0.126608948919
INDUSTRIALS,0.087012069682
MATERIALS,0.02489133494
REAL ESTATE,0.019973359123
TECHNOLOGY,0.169414267114
UTILITIES,0.036733362954
