SECTOR,WEIGHT
COMMUNICATION SERVICES,0.079995995194
CONSUMER DISCRETIONARY,0.096015218262
CONSUMER STAPLES,0.078894673608
ENERGY,0.06357629155
FINANCIALS,0.1761113336
HEALTH CARE,0.117641169403
INDUSTRIALS,0.096816179415
MATERIALS,0.026932318783
REAL ESTATE,0.02182619143
TECHNOLOGY,0.204745694834
UTILITIES,0.037444933921
