SECTOR,WEIGHT
COMMUNICATION SERVICES,0.075582524997
CONSUMER DISCRETIONARY,0.095670705458
CONSUMER STAPLES,0.082696945129
ENERGY,0.061951283764
FINANCIALS,0.179995496963
HEALTH CARE,0.125862957693
INDUSTRIALS,0.100395041977
MATERIALS,0.02754826493
REAL ESTATE,0.021231400239
TECHNOLOGY,0.191916544986
UTILITIES,0.037148833865
