SECTOR,WEIGHT
COMMUNICATION SERVICES,0.079809802903
CONSUMER DISCRETIONARY,0.094899411998
CONSUMER STAPLES,0.07839800925
ENERGY,0.065763452806
FINANCIALS,0.17582725606
HEALTH CARE,0.11671081717
INDUSTRIALS,0.094264432274
MATERIALS,0.026340772711
REAL ESTATE,0.021382215955
TECHNOLOGY,0.209534924471
UTILITIES,0.037068904401
