SECTOR,WEIGHT
COMMUNICATION SERVICES,0.081872365101
CONSUMER DISCRETIONARY,0.096492165322
CONSUMER STAPLES,0.077286544971
ENERGY,0.063808175974
FINANCIALS,0.177559665461
HEALTH CARE,0.119398506215
INDUSTRIALS,0.096444190688
MATERIALS,0.026898938203
REAL ESTATE,0.021601539069
TECHNOLOGY,0.200899604142
UTILITIES,0.037738304854
