SECTOR,WEIGHT
COMMUNICATION SERVICES,0.076452821121
CONSUMER DISCRETIONARY,0.095324238538
CONSUMER STAPLES,0.083302722072
ENERGY,0.061292119714
FINANCIALS,0.179688691241
HEALTH CARE,0.124611946659
INDUSTRIALS,0.098870551608
MATERIALS,0.027500720826
REAL ESTATE,0.021387863031
TECHNOLOGY,0.193967595868
UTILITIES,0.037600729322
