SECTOR,WEIGHT
COMMUNICATION SERVICES,0.084530334968
CONSUMER DISCRETIONARY,0.087986184839
CONSUMER STAPLES,0.035962051556
ENERGY,0.054731352982
FINANCIALS,0.023215773339
HEALTH CARE,0.162886273088
INDUSTRIALS,0.08534898832
MATERIALS,0.006951860094
TECHNOLOGY,0.436119809661
UTILITIES,0.022267371155
