SECTOR,WEIGHT
COMMUNICATION SERVICES,0.085371349238
CONSUMER DISCRETIONARY,0.087370597828
CONSUMER STAPLES,0.028356859109
ENERGY,0.04705779504
FINANCIALS,0.027509702236
HEALTH CARE,0.155357538707
INDUSTRIALS,0.07712666036
MATERIALS,0.005872857781
TECHNOLOGY,0.46489346534
UTILITIES,0.021083174361
