SECTOR,WEIGHT
COMMUNICATION SERVICES,0.086555856607
CONSUMER DISCRETIONARY,0.086278657774
CONSUMER STAPLES,0.029039182993
ENERGY,0.048402459358
FINANCIALS,0.026770529387
HEALTH CARE,0.153866194248
INDUSTRIALS,0.080412671947
MATERIALS,0.006279699875
TECHNOLOGY,0.460557523968
UTILITIES,0.021837223843
