SECTOR,WEIGHT
COMMUNICATION SERVICES,0.085397727273
CONSUMER DISCRETIONARY,0.08493285124
CONSUMER STAPLES,0.027385330579
ENERGY,0.050744834711
FINANCIALS,0.033588842975
HEALTH CARE,0.15817768595
INDUSTRIALS,0.061950413223
MATERIALS,0.005795454545
TECHNOLOGY,0.468977272727
UTILITIES,0.023049586777
