SECTOR,WEIGHT
COMMUNICATION SERVICES,0.081845713037
CONSUMER DISCRETIONARY,0.08684144901
CONSUMER STAPLES,0.037555250192
ENERGY,0.057444806251
FINANCIALS,0.023032928961
HEALTH CARE,0.164003403012
INDUSTRIALS,0.08136132779
MATERIALS,0.007375586368
TECHNOLOGY,0.437135107565
UTILITIES,0.023404427815
