SECTOR,WEIGHT
COMMUNICATION SERVICES,0.111268681139
CONSUMER DISCRETIONARY,0.110177811716
ENERGY,0.020835605978
FINANCIALS,0.030980691611
HEALTH CARE,0.147703719865
INDUSTRIALS,0.070033816952
MATERIALS,0.008181520672
TECHNOLOGY,0.481509763281
UTILITIES,0.019308388786
