SECTOR,WEIGHT
COMMUNICATION SERVICES,0.084231526209
CONSUMER DISCRETIONARY,0.084607393854
CONSUMER STAPLES,0.02842344175
ENERGY,0.049486486319
FINANCIALS,0.033216786827
HEALTH CARE,0.152082864359
INDUSTRIALS,0.062770929322
MATERIALS,0.005546112971
TECHNOLOGY,0.477637940328
UTILITIES,0.021996518061
