SECTOR,WEIGHT
COMMUNICATION SERVICES,0.033231557589
CONSUMER DISCRETIONARY,0.100520530762
CONSUMER STAPLES,0.055710689424
ENERGY,0.058441747289
FINANCIALS,0.146321696982
HEALTH CARE,0.096300158363
INDUSTRIALS,0.190235836304
MATERIALS,0.061345516618
REAL ESTATE,0.04483515093
TECHNOLOGY,0.148704471861
UTILITIES,0.064352643877
