SECTOR,WEIGHT
COMMUNICATION SERVICES,0.027692459841
CONSUMER DISCRETIONARY,0.097108137714
CONSUMER STAPLES,0.060796759558
ENERGY,0.06754386623
FINANCIALS,0.134623049004
HEALTH CARE,0.088632133565
INDUSTRIALS,0.198421574009
MATERIALS,0.067848960451
REAL ESTATE,0.045190869925
TECHNOLOGY,0.145727571553
UTILITIES,0.06641461815
