SECTOR,WEIGHT
COMMUNICATION SERVICES,0.028215895099
CONSUMER DISCRETIONARY,0.090996273715
CONSUMER STAPLES,0.053651007241
ENERGY,0.070842180518
FINANCIALS,0.133503878914
HEALTH CARE,0.082378412025
INDUSTRIALS,0.195961273184
MATERIALS,0.063835271212
REAL ESTATE,0.045245995079
TECHNOLOGY,0.168563715095
UTILITIES,0.066806097919
