SECTOR,WEIGHT
COMMUNICATION SERVICES,0.031695595012
CONSUMER DISCRETIONARY,0.099269941475
CONSUMER STAPLES,0.057052976168
ENERGY,0.062678023949
FINANCIALS,0.139734721435
HEALTH CARE,0.094820700018
INDUSTRIALS,0.195890580186
MATERIALS,0.064622633402
REAL ESTATE,0.04469440457
TECHNOLOGY,0.146234512859
UTILITIES,0.063305910927
