SECTOR,WEIGHT
COMMUNICATION SERVICES,0.032609828282
CONSUMER DISCRETIONARY,0.102006878712
CONSUMER STAPLES,0.055543181313
ENERGY,0.060764398381
FINANCIALS,0.145406095717
HEALTH CARE,0.097908490381
INDUSTRIALS,0.191430414674
MATERIALS,0.062321968705
REAL ESTATE,0.044357601818
TECHNOLOGY,0.144952180089
UTILITIES,0.062698961928
