SECTOR,WEIGHT
COMMUNICATION SERVICES,0.034093461527
CONSUMER DISCRETIONARY,0.097444340095
CONSUMER STAPLES,0.056585044094
ENERGY,0.060113483314
FINANCIALS,0.157259292531
HEALTH CARE,0.092058545715
INDUSTRIALS,0.176561476095
MATERIALS,0.053903907542
REAL ESTATE,0.058439862648
TECHNOLOGYQ,0.139909357297
UTILITIES,0.073631229142
