SECTOR,WEIGHT
COMMUNICATION SERVICES,0.027993186857
CONSUMER DISCRETIONARY,0.092002537804
CONSUMER STAPLES,0.057167558969
ENERGY,0.081014483679
FINANCIALS,0.131574960292
HEALTH CARE,0.087735943245
INDUSTRIALS,0.193487865039
MATERIALS,0.063052437851
REAL ESTATE,0.044107255336
TECHNOLOGY,0.153188919863
UTILITIES,0.068674851064
