SECTOR,WEIGHT
COMMUNICATION SERVICES,0.035316766467
CONSUMER DISCRETIONARY,0.100690117219
CONSUMER STAPLES,0.055351653025
ENERGY,0.057720743059
FINANCIALS,0.162435463172
HEALTH CARE,0.087199840035
INDUSTRIALS,0.177354389911
MATERIALS,0.055114827483
REAL ESTATE,0.056932968972
TECHNOLOGY,0.141806782332
UTILITIES,0.070076448325
