SECTOR,WEIGHT
COMMUNICATION SERVICES,0.029214520896
CONSUMER DISCRETIONARY,0.094298686616
CONSUMER STAPLES,0.058449939635
ENERGY,0.071814980473
FINANCIALS,0.134531663076
HEALTH CARE,0.088182663095
INDUSTRIALS,0.199077210404
MATERIALS,0.064496096471
REAL ESTATE,0.045922227424
TECHNOLOGY,0.146233899032
UTILITIES,0.067778112878
