SECTOR,WEIGHT
COMMUNICATION SERVICES,0.028157849375
CONSUMER DISCRETIONARY,0.095840429502
CONSUMER STAPLES,0.059263535483
ENERGY,0.068509981535
FINANCIALS,0.134373764262
HEALTH CARE,0.089891013847
INDUSTRIALS,0.200353875124
MATERIALS,0.066753425163
REAL ESTATE,0.045099282058
TECHNOLOGY,0.145035237379
UTILITIES,0.066721606273
