SECTOR,WEIGHT
COMMUNICATION SERVICES,0.034589549098
CONSUMER DISCRETIONARY,0.107465391935
CONSUMER STAPLES,0.016454184099
ENERGY,0.018832816569
FINANCIALS,0.106965847332
HEALTH CARE,0.090398881446
INDUSTRIALS,0.267700954121
MATERIALS,0.055370938354
REAL ESTATE,0.033744569477
TECHNOLOGY,0.238365142259
UTILITIES,0.028013898909
