SECTOR,WEIGHT
COMMUNICATION SERVICES,0.0305285396
CONSUMER DISCRETIONARY,0.101331679516
CONSUMER STAPLES,0.017403480071
ENERGY,0.022777382604
FINANCIALS,0.097942879686
HEALTH CARE,0.086753078931
INDUSTRIALS,0.277861747715
MATERIALS,0.054083491078
REAL ESTATE,0.034880461566
TECHNOLOGY,0.246632612731
UTILITIES,0.029804646502
