SECTOR,WEIGHT
COMMUNICATION SERVICES,0.03041272142
CONSUMER DISCRETIONARY,0.10447631265
CONSUMER STAPLES,0.017811720761
ENERGY,0.021123066448
FINANCIALS,0.097822276598
HEALTH CARE,0.088217756172
INDUSTRIALS,0.278498351167
MATERIALS,0.057037394589
REAL ESTATE,0.033761295962
TECHNOLOGY,0.2410477369
UTILITIES,0.029791367334
