SECTOR,WEIGHT
COMMUNICATION SERVICES,0.036199973672
CONSUMER DISCRETIONARY,0.108140952523
CONSUMER STAPLES,0.016478756123
ENERGY,0.01738878007
FINANCIALS,0.111591974367
HEALTH CARE,0.093325795009
INDUSTRIALS,0.268005588023
MATERIALS,0.054065333521
REAL ESTATE,0.0339687291
TECHNOLOGY,0.231590273434
UTILITIES,0.029243844158
