SECTOR,WEIGHT
COMMUNICATION SERVICES,0.030481140806
CONSUMER DISCRETIONARY,0.108864885408
CONSUMER STAPLES,0.017876788831
ENERGY,0.019791005902
FINANCIALS,0.104599556959
HEALTH CARE,0.090402009273
INDUSTRIALS,0.274470296809
MATERIALS,0.05723465924
REAL ESTATE,0.034112313806
TECHNOLOGY,0.23454912499
UTILITIES,0.027618217977
