SECTOR,WEIGHT
COMMUNICATION SERVICES,0.036426558585
CONSUMER DISCRETIONARY,0.108947621688
CONSUMER STAPLES,0.015970515643
ENERGY,0.016916592576
FINANCIALS,0.115340005529
HEALTH CARE,0.094909865092
INDUSTRIALS,0.259457763169
MATERIALS,0.05273163679
REAL ESTATE,0.033795634927
TECHNOLOGY,0.237044618876
UTILITIES,0.028459187126
