SECTOR,WEIGHT
COMMUNICATION SERVICES,0.029535293815
CONSUMER DISCRETIONARY,0.10688789154
CONSUMER STAPLES,0.017979957631
ENERGY,0.020541121178
FINANCIALS,0.096938851539
HEALTH CARE,0.08681163741
INDUSTRIALS,0.276861895922
MATERIALS,0.058371067378
REAL ESTATE,0.034349156521
TECHNOLOGY,0.242426327596
UTILITIES,0.02929679947
