SECTOR,WEIGHT
COMMUNICATION SERVICES,0.02632901216
CONSUMER DISCRETIONARY,0.092654004623
CONSUMER STAPLES,0.015877801226
ENERGY,0.017586172244
FINANCIALS,0.090945633605
HEALTH CARE,0.070746658627
INDUSTRIALS,0.273540347704
MATERIALS,0.049442267109
REAL ESTATE,0.03276052658
TECHNOLOGY,0.303989548789
UTILITIES,0.026128027334
