SECTOR,WEIGHT
COMMUNICATION SERVICES,0.027578317483
CONSUMER DISCRETIONARY,0.096161829391
CONSUMER STAPLES,0.016176914963
ENERGY,0.021168686485
FINANCIALS,0.095385833389
HEALTH CARE,0.075051187246
INDUSTRIALS,0.272984228326
MATERIALS,0.050932660288
REAL ESTATE,0.033569304998
TECHNOLOGY,0.283518656801
UTILITIES,0.02747238063
