SECTOR,WEIGHT
COMMUNICATION SERVICES,0.028581085761
CONSUMER DISCRETIONARY,0.099463882302
CONSUMER STAPLES,0.016553575645
ENERGY,0.020389318293
FINANCIALS,0.09502224384
HEALTH CARE,0.082179838121
INDUSTRIALS,0.275546859353
MATERIALS,0.054688555787
REAL ESTATE,0.033731880376
TECHNOLOGY,0.265090292518
UTILITIES,0.028752468003
