SECTOR,WEIGHT
COMMUNICATION SERVICES,0.026745467294
CONSUMER DISCRETIONARY,0.083542021436
CONSUMER STAPLES,0.089452068516
ENERGY,0.11830111189
FINANCIALS,0.167785234899
HEALTH CARE,0.085845938095
INDUSTRIALS,0.128017629971
MATERIALS,0.073124311329
REAL ESTATE,0.055995191826
TECHNOLOGY,0.071721927276
UTILITIES,0.099469097466
