SECTOR,WEIGHT
COMMUNICATION SERVICES,0.026576244076
CONSUMER DISCRETIONARY,0.08815037434
CONSUMER STAPLES,0.096467362458
ENERGY,0.110979656651
FINANCIALS,0.168045637066
HEALTH CARE,0.091066570853
INDUSTRIALS,0.129191507302
MATERIALS,0.075555858038
REAL ESTATE,0.054967689897
TECHNOLOGY,0.060078517934
UTILITIES,0.098920581386
