SECTOR,WEIGHT
COMMUNICATION SERVICES,0.025952304533
CONSUMER DISCRETIONARY,0.074728513034
CONSUMER STAPLES,0.077540792262
ENERGY,0.102282787952
FINANCIALS,0.194970303189
HEALTH CARE,0.074526989046
INDUSTRIALS,0.11884592208
MATERIALS,0.073862229699
REAL ESTATE,0.058260954735
TECHNOLOGY,0.093852646558
UTILITIES,0.105176556912
