SECTOR,WEIGHT
COMMUNICATION SERVICES,0.026875214554
CONSUMER DISCRETIONARY,0.088187638866
CONSUMER STAPLES,0.09689006414
ENERGY,0.111038245888
FINANCIALS,0.167295924523
HEALTH CARE,0.089870709705
INDUSTRIALS,0.129285309593
MATERIALS,0.074849160013
REAL ESTATE,0.055263627576
TECHNOLOGY,0.060279153903
UTILITIES,0.100164951239
