SECTOR,WEIGHT
COMMUNICATION SERVICES,0.02680779811
CONSUMER DISCRETIONARY,0.083489525113
CONSUMER STAPLES,0.092978251074
ENERGY,0.131664060291
FINANCIALS,0.162172899551
HEALTH CARE,0.088868981332
INDUSTRIALS,0.122214316266
MATERIALS,0.071983459747
REAL ESTATE,0.053527895242
TECHNOLOGY,0.063441858902
UTILITIES,0.102850954372
