SECTOR,WEIGHT
COMMUNICATION SERVICES,0.027285323552
CONSUMER DISCRETIONARY,0.084579097728
CONSUMER STAPLES,0.095930446972
ENERGY,0.122216126226
FINANCIALS,0.16266011209
HEALTH CARE,0.088077640888
INDUSTRIALS,0.122922320182
MATERIALS,0.074026173106
REAL ESTATE,0.056349516087
TECHNOLOGY,0.061049941442
UTILITIES,0.104903301726
