SECTOR,WEIGHT
COMMUNICATION SERVICES,0.029329274911
CONSUMER DISCRETIONARY,0.094169803214
CONSUMER STAPLES,0.092053823441
ENERGY,0.100724786166
FINANCIALS,0.173165327342
HEALTH CARE,0.099963023417
INDUSTRIALS,0.126664745066
MATERIALS,0.070646048795
REAL ESTATE,0.054484866948
TECHNOLOGY,0.064625084874
UTILITIES,0.094173215826
