SECTOR,WEIGHT
COMMUNICATION SERVICES,0.025618323756
CONSUMER DISCRETIONARY,0.074835485426
CONSUMER STAPLES,0.078098912861
ENERGY,0.099495055782
FINANCIALS,0.19307799796
HEALTH CARE,0.076236754399
INDUSTRIALS,0.117825602895
MATERIALS,0.074397099395
REAL ESTATE,0.059546002876
TECHNOLOGYQ,0.090721166331
UTILITIES,0.110147598319
