SECTOR,WEIGHT
COMMUNICATION SERVICES,0.030329189221
CONSUMER DISCRETIONARY,0.092676894434
CONSUMER STAPLES,0.092888586673
ENERGY,0.097347764289
FINANCIALS,0.175599084663
HEALTH CARE,0.097623922156
INDUSTRIALS,0.125815942994
MATERIALS,0.069509007644
REAL ESTATE,0.055209701626
TECHNOLOGY,0.066248674275
UTILITIES,0.096751232025
