SECTOR,WEIGHT
COMMUNICATION SERVICES,0.046571378598
CONSUMER DISCRETIONARY,0.036280674703
CONSUMER STAPLES,0.175344424425
ENERGY,0.139396584369
FINANCIALS,0.087394566984
HEALTH CARE,0.125283376438
INDUSTRIALS,0.204416511995
MATERIALS,0.063668211404
TECHNOLOGY,0.034898392035
UTILITIES,0.086745879049
