SECTOR,WEIGHT
COMMUNICATION SERVICES,0.045031103799
CONSUMER DISCRETIONARY,0.036697342039
CONSUMER STAPLES,0.179497198088
ENERGY,0.137136051274
FINANCIALS,0.090122187377
HEALTH CARE,0.126411666924
INDUSTRIALS,0.204978321594
MATERIALS,0.066486727332
TECHNOLOGY,0.027988278238
UTILITIES,0.085651123336
