SECTOR,WEIGHT
COMMUNICATION SERVICES,0.052935445069
CONSUMER DISCRETIONARY,0.060503166213
CONSUMER STAPLES,0.143292584066
ENERGY,0.129690450713
FINANCIALS,0.093045448018
HEALTH CARE,0.107686772624
INDUSTRIALS,0.187431190252
MATERIALS,0.060273092667
TECHNOLOGY,0.067391475543
UTILITIES,0.097750374835
