SECTOR,WEIGHT
COMMUNICATION SERVICES,0.044918646671
CONSUMER DISCRETIONARY,0.038319417555
CONSUMER STAPLES,0.172947938825
ENERGY,0.143197431804
FINANCIALS,0.098632726089
HEALTH CARE,0.128643379711
INDUSTRIALS,0.177890724269
MATERIALS,0.07902793656
TECHNOLOGY,0.032472312969
UTILITIES,0.083949485547
