SECTOR,WEIGHT
COMMUNICATION SERVICES,0.052427587952
CONSUMER DISCRETIONARY,0.060408121473
CONSUMER STAPLES,0.144047124298
ENERGY,0.123461865096
FINANCIALS,0.08665353643
HEALTH CARE,0.128492612736
INDUSTRIALS,0.183317372266
MATERIALS,0.060397581145
TECHNOLOGY,0.057962765541
UTILITIES,0.102831433063
