SECTOR,WEIGHT
COMMUNICATION SERVICES,0.055236561146
CONSUMER DISCRETIONARY,0.039421291976
CONSUMER STAPLES,0.175103375797
ENERGY,0.182862699262
FINANCIALS,0.076840874937
HEALTH CARE,0.064300236708
INDUSTRIALS,0.19497117264
MATERIALS,0.073375698585
TECHNOLOGY,0.035918792296
UTILITIES,0.101969296652
