SECTOR,WEIGHT
COMMUNICATION SERVICES,0.046881105007
CONSUMER DISCRETIONARY,0.038204969465
CONSUMER STAPLES,0.178195299579
ENERGY,0.142769976253
FINANCIALS,0.093824653927
HEALTH CARE,0.13160500479
INDUSTRIALS,0.180992786836
MATERIALS,0.069218184381
TECHNOLOGY,0.029138113445
UTILITIES,0.089169906316
