SECTOR,WEIGHT
COMMUNICATION SERVICES,0.092891395512
CONSUMER DISCRETIONARY,0.085661728199
CONSUMER STAPLES,0.055775158149
ENERGY,0.039504394671
FINANCIALS,0.135637505604
HEALTH CARE,0.091837236197
INDUSTRIALS,0.087822203143
MATERIALS,0.037870497882
REAL ESTATE,0.011979903772
TECHNOLOGY,0.331913745495
UTILITIES,0.029106231375
