SECTOR,WEIGHT
COMMUNICATION SERVICES,0.097155185791
CONSUMER DISCRETIONARY,0.091335405748
CONSUMER STAPLES,0.057815354888
ENERGY,0.039406909049
FINANCIALS,0.141666040938
HEALTH CARE,0.080650958366
INDUSTRIALS,0.078445388878
MATERIALS,0.035703594688
REAL ESTATE,0.011804752537
TECHNOLOGY,0.329748156602
UTILITIES,0.036268252514
