SECTOR,WEIGHT
COMMUNICATION SERVICES,0.095675498698
CONSUMER DISCRETIONARY,0.093063235982
CONSUMER STAPLES,0.05436089676
ENERGY,0.03636441916
FINANCIALS,0.134120516525
HEALTH CARE,0.079234964471
INDUSTRIALS,0.075205932209
MATERIALS,0.035878812637
REAL ESTATE,0.011571452744
TECHNOLOGY,0.348492266841
UTILITIES,0.036032003973
