SECTOR,WEIGHT
COMMUNICATION SERVICES,0.102061159878
CONSUMER DISCRETIONARY,0.096144338354
CONSUMER STAPLES,0.053874164249
ENERGY,0.036820681197
FINANCIALS,0.116083024037
HEALTH CARE,0.080037546745
INDUSTRIALS,0.088075398358
MATERIALS,0.027188296326
REAL ESTATE,0.017217950634
TECHNOLOGY,0.350047184145
UTILITIES,0.032450256078
