SECTOR,WEIGHT
COMMUNICATION SERVICES,0.102442433642
CONSUMER DISCRETIONARY,0.093178548077
CONSUMER STAPLES,0.052619510832
ENERGY,0.027801669542
FINANCIALS,0.141501546484
HEALTH CARE,0.088414435721
INDUSTRIALS,0.075269570859
MATERIALS,0.026305750278
REAL ESTATE,0.007820033102
TECHNOLOGY,0.351133504286
UTILITIES,0.033512997175
