SECTOR,WEIGHT
CONSUMER DISCRETIONARY,0.05472314922
CONSUMER STAPLES,0.097648248367
ENERGY,0.063252112595
INDUSTRIALS,0.163912740532
REAL ESTATE,0.037295878541
UTILITIES,0.583167870745
