SECTOR,WEIGHT
COMMUNICATION SERVICES,0.131035575096
CONSUMER DISCRETIONARY,0.085738139575
CONSUMER STAPLES,0.037249611556
ENERGY,0.029261179798
FINANCIALS,0.122496367734
HEALTH CARE,0.093611903491
INDUSTRIALS,0.085263756527
MATERIALS,0.024642780085
REAL ESTATE,0.012281208256
TECHNOLOGY,0.357573768112
UTILITIES,0.020845709769
