SECTOR,WEIGHT
COMMUNICATION SERVICES,0.107184541396
CONSUMER DISCRETIONARY,0.101252734126
CONSUMER STAPLES,0.059140317762
ENERGY,0.032996172989
FINANCIALS,0.117926695596
HEALTH CARE,0.0820568943
INDUSTRIALS,0.089731926432
MATERIALS,0.015262344716
REAL ESTATE,0.00590227331
TECHNOLOGY,0.382014774532
UTILITIES,0.006531324842
