SECTOR,WEIGHT
COMMUNICATION SERVICES,0.141926518362
CONSUMER DISCRETIONARY,0.101628573747
CONSUMER STAPLES,0.024698556886
ENERGY,0.038152260963
FINANCIALS,0.137474765679
HEALTH CARE,0.056258027076
INDUSTRIALS,0.080175071901
MATERIALS,0.031402834184
REAL ESTATE,0.016865866394
TECHNOLOGY,0.349525814613
UTILITIES,0.021891710196
