SECTOR,WEIGHT
COMMUNICATION SERVICES,0.145408899171
CONSUMER DISCRETIONARY,0.099223453282
CONSUMER STAPLES,0.007872868434
ENERGY,0.033414269306
FINANCIALS,0.132631157518
HEALTH CARE,0.068390078803
INDUSTRIALS,0.060014257309
MATERIALS,0.023545196248
REAL ESTATE,0.043783501147
TECHNOLOGYQ,0.366422441832
UTILITIES,0.019293876948
