SECTOR,WEIGHT
COMMUNICATION SERVICES,0.13426914236
CONSUMER DISCRETIONARY,0.086949023977
CONSUMER STAPLES,0.036008775902
ENERGY,0.030221428862
FINANCIALS,0.120872374691
HEALTH CARE,0.092214188671
INDUSTRIALS,0.083956045844
MATERIALS,0.023774844399
REAL ESTATE,0.012301426192
TECHNOLOGY,0.358235073395
UTILITIES,0.021197675707
