SECTOR,WEIGHT
COMMUNICATION SERVICES,0.141919827536
CONSUMER DISCRETIONARY,0.099219049678
CONSUMER STAPLES,0.024632475696
ENERGY,0.036929258683
FINANCIALS,0.136378527256
HEALTH CARE,0.055621668063
INDUSTRIALS,0.078761036044
MATERIALS,0.030392705858
REAL ESTATE,0.016976180914
TECHNOLOGY,0.356517524888
UTILITIES,0.022651745384
