SECTOR,WEIGHT
COMMUNICATION SERVICES,0.098065039003
CONSUMER DISCRETIONARY,0.112754533482
CONSUMER STAPLES,0.063012865971
ENERGY,0.035558707324
FINANCIALS,0.105055212238
HEALTH CARE,0.080538952487
INDUSTRIALS,0.097558504711
MATERIALS,0.01661432479
REAL ESTATE,0.006483638942
TECHNOLOGY,0.384054300476
UTILITIES,0.000303920575
