SECTOR,WEIGHT
COMMUNICATION SERVICES,0.141678512449
CONSUMER DISCRETIONARY,0.102158353305
CONSUMER STAPLES,0.025136610923
ENERGY,0.036582945697
FINANCIALS,0.136720971553
HEALTH CARE,0.055675026426
INDUSTRIALS,0.07922256762
MATERIALS,0.030396864157
REAL ESTATE,0.017139978742
TECHNOLOGY,0.352119329676
UTILITIES,0.023168839451
