SECTOR,WEIGHT
COMMUNICATION SERVICES,0.078723617085
CONSUMER DISCRETIONARY,0.067520256077
CONSUMER STAPLES,0.02310693208
FINANCIALS,0.021306391918
HEALTH CARE,0.21866559968
INDUSTRIALS,0.03911173352
TECHNOLOGY,0.551565469641
