SECTOR,WEIGHT
COMMUNICATION SERVICES,0.081371545548
CONSUMER DISCRETIONARY,0.070522006141
CONSUMER STAPLES,0.023336745138
FINANCIALS,0.022006141249
HEALTH CARE,0.223643807574
INDUSTRIALS,0.04022517912
TECHNOLOGY,0.53889457523
