SECTOR,WEIGHT
COMMUNICATION SERVICES,0.078078078078
CONSUMER DISCRETIONARY,0.062562562563
CONSUMER STAPLES,0.020820820821
FINANCIALS,0.01991991992
HEALTH CARE,0.220920920921
INDUSTRIALS,0.038638638639
TECHNOLOGY,0.559059059059
