SECTOR,WEIGHT
COMMUNICATION SERVICES,0.017557746424
FINANCIALS,0.867786124432
HEALTH CARE,0.019091559613
TECHNOLOGY,0.095564569531
