SECTOR,WEIGHT
COMMUNICATION SERVICES,0.01351600135
FINANCIALS,0.877901874751
HEALTH CARE,0.01627136326
TECHNOLOGY,0.092310760639
