SECTOR,WEIGHT
COMMUNICATION SERVICES,0.023934392933
FINANCIALS,0.836966538239
HEALTH CARE,0.022353394007
TECHNOLOGY,0.116745674821
