SECTOR,WEIGHT
COMMUNICATION SERVICES,0.022914605609
FINANCIALS,0.840251750314
HEALTH CARE,0.02419404703
TECHNOLOGY,0.112639597047
