SECTOR,WEIGHT
COMMUNICATION SERVICES,0.024117812348
FINANCIALS,0.846991438663
HEALTH CARE,0.021307901067
TECHNOLOGY,0.107582847922
