SECTOR,WEIGHT
COMMUNICATION SERVICES,0.024750650584
FINANCIALS,0.83408863778
HEALTH CARE,0.023450718859
TECHNOLOGY,0.117709992777
