SECTOR,WEIGHT
COMMUNICATION SERVICES,0.014817030877
FINANCIALS,0.869349482961
HEALTH CARE,0.016432745003
TECHNOLOGY,0.099400741159
