SECTOR,WEIGHT
COMMUNICATION SERVICES,0.087875637718
CONSUMER DISCRETIONARY,0.110122700667
CONSUMER STAPLES,0.135639763533
ENERGY,0.004846029241
FINANCIALS,0.032688518157
HEALTH CARE,0.062197840735
INDUSTRIALS,0.158333542079
REAL ESTATE,0.04525604736
TECHNOLOGY,0.36303992051
