SECTOR,WEIGHT
COMMUNICATION SERVICES,0.073106326194
CONSUMER DISCRETIONARY,0.13887996743
CONSUMER STAPLES,0.147797028023
ENERGY,0.008737249225
FINANCIALS,0.029748037907
HEALTH CARE,0.063273245426
INDUSTRIALS,0.101609255196
REAL ESTATE,0.055757356434
TECHNOLOGY,0.381091534164
