SECTOR,WEIGHT
COMMUNICATION SERVICES,0.10126789973
CONSUMER DISCRETIONARY,0.176969832514
CONSUMER STAPLES,0.157487317867
ENERGY,0.005128242644
FINANCIALS,0.043881119247
HEALTH CARE,0.039487572869
INDUSTRIALS,0.14986340711
REAL ESTATE,0.020429363605
TECHNOLOGY,0.305485244415
