SECTOR,WEIGHT
COMMUNICATION SERVICES,0.070412989515
CONSUMER DISCRETIONARY,0.132371246667
CONSUMER STAPLES,0.148170452206
ENERGY,0.004895280726
FINANCIALS,0.030501603305
HEALTH CARE,0.058373972131
INDUSTRIALS,0.16323707293
REAL ESTATE,0.053225183948
TECHNOLOGY,0.338812198572
