SECTOR,WEIGHT
COMMUNICATION SERVICES,0.076500520052
CONSUMER DISCRETIONARY,0.125731030574
CONSUMER STAPLES,0.152838069851
ENERGY,0.005392550702
FINANCIALS,0.034091923526
HEALTH CARE,0.059898314867
INDUSTRIALS,0.165533141091
REAL ESTATE,0.050780284959
TECHNOLOGY,0.329234164378
