SECTOR,WEIGHT
COMMUNICATION SERVICES,0.06604979676
CONSUMER DISCRETIONARY,0.124384413372
CONSUMER STAPLES,0.142049230394
ENERGY,0.005296757971
FINANCIALS,0.031773313228
HEALTH CARE,0.058334616613
INDUSTRIALS,0.164737957756
REAL ESTATE,0.049721313017
TECHNOLOGY,0.357652600889
