SECTOR,WEIGHT
COMMUNICATION SERVICES,0.066451467437
CONSUMER DISCRETIONARY,0.125091016656
CONSUMER STAPLES,0.145631821078
ENERGY,0.00674971247
FINANCIALS,0.031662419223
HEALTH CARE,0.061979239928
INDUSTRIALS,0.171993554366
REAL ESTATE,0.054302812415
TECHNOLOGY,0.336137956428
