SECTOR,WEIGHT
COMMUNICATION SERVICES,0.075149060637
CONSUMER DISCRETIONARY,0.134210822365
CONSUMER STAPLES,0.130723365958
ENERGY,0.005737428282
FINANCIALS,0.02924963438
HEALTH CARE,0.058949263134
INDUSTRIALS,0.089998875014
REAL ESTATE,0.050061874227
TECHNOLOGY,0.425919676004
