SECTOR,WEIGHT
COMMUNICATION SERVICES,0.025730221139
CONSUMER DISCRETIONARY,0.100117801112
CONSUMER STAPLES,0.041547045193
ENERGY,0.031167977205
FINANCIALS,0.139388510149
HEALTH CARE,0.151430879449
INDUSTRIALS,0.172165738694
MATERIALS,0.062469449791
REAL ESTATE,0.112133878185
TECHNOLOGY,0.158503435276
UTILITIES,0.005345063809
