SECTOR,WEIGHT
COMMUNICATION SERVICES,0.022206661999
CONSUMER DISCRETIONARY,0.101130339102
CONSUMER STAPLES,0.045213564069
ENERGY,0.024607382215
FINANCIALS,0.140942282685
HEALTH CARE,0.14244273282
INDUSTRIALS,0.22566770031
MATERIALS,0.058817645294
REAL ESTATE,0.090327098129
TECHNOLOGY,0.141842552766
UTILITIES,0.006802040612
