SECTOR,WEIGHT
COMMUNICATION SERVICES,0.022117694155
CONSUMER DISCRETIONARY,0.095976781425
CONSUMER STAPLES,0.044135308247
ENERGY,0.02642113691
FINANCIALS,0.1403122498
HEALTH CARE,0.143214571657
INDUSTRIALS,0.22728182546
MATERIALS,0.055744595677
REAL ESTATE,0.089771817454
TECHNOLOGY,0.14871897518
UTILITIES,0.006305044035
