SECTOR,WEIGHT
COMMUNICATION SERVICES,0.028402981329
CONSUMER DISCRETIONARY,0.098005008754
CONSUMER STAPLES,0.058493085354
ENERGY,0.03108537665
FINANCIALS,0.153749518523
HEALTH CARE,0.105319119906
INDUSTRIALS,0.228257012016
MATERIALS,0.092265658064
REAL ESTATE,0.092622921868
TECHNOLOGY,0.106872504212
UTILITIES,0.004926813323
