SECTOR,WEIGHT
COMMUNICATION SERVICES,0.025572953789
CONSUMER DISCRETIONARY,0.101536092288
CONSUMER STAPLES,0.043335869016
ENERGY,0.031975094389
FINANCIALS,0.126049866207
HEALTH CARE,0.160778755883
INDUSTRIALS,0.172671785168
MATERIALS,0.061697594947
REAL ESTATE,0.117263452982
TECHNOLOGY,0.153305591016
UTILITIES,0.005812944315
