SECTOR,WEIGHT
COMMUNICATION SERVICES,0.019764451865
CONSUMER DISCRETIONARY,0.11671764575
CONSUMER STAPLES,0.047140409849
ENERGY,0.023535434327
FINANCIALS,0.135161187158
HEALTH CARE,0.13452534758
INDUSTRIALS,0.2319919103
MATERIALS,0.05714912537
REAL ESTATE,0.082370671702
TECHNOLOGY,0.144838087341
UTILITIES,0.006805728757
