SECTOR,WEIGHT
COMMUNICATION SERVICES,0.02131004936
CONSUMER DISCRETIONARY,0.102811394067
CONSUMER STAPLES,0.049260235993
ENERGY,0.026941558199
FINANCIALS,0.141570033482
HEALTH CARE,0.143305104218
INDUSTRIALS,0.21972775087
MATERIALS,0.058783998258
REAL ESTATE,0.091887333012
TECHNOLOGY,0.137058781648
UTILITIES,0.007343760894
