SECTOR,WEIGHT
COMMUNICATION SERVICES,0.029147324221
CONSUMER DISCRETIONARY,0.097213877448
CONSUMER STAPLES,0.058933614717
ENERGY,0.032870381899
FINANCIALS,0.152390895081
HEALTH CARE,0.102718385062
INDUSTRIALS,0.231070328016
MATERIALS,0.092485631003
REAL ESTATE,0.091754600906
TECHNOLOGY,0.106394974384
UTILITIES,0.005019987262
