SECTOR,WEIGHT
COMMUNICATION SERVICES,0.021048761468
CONSUMER DISCRETIONARY,0.114115580147
CONSUMER STAPLES,0.046436593502
ENERGY,0.025497692047
FINANCIALS,0.132181856008
HEALTH CARE,0.13810496913
INDUSTRIALS,0.227550086304
MATERIALS,0.053490597401
REAL ESTATE,0.08451154247
TECHNOLOGY,0.149854894511
UTILITIES,0.00720742701
