SECTOR,WEIGHT
COMMUNICATION SERVICES,0.022047014698
CONSUMER DISCRETIONARY,0.101403272143
CONSUMER STAPLES,0.048597806356
ENERGY,0.026232517091
FINANCIALS,0.14185055764
HEALTH CARE,0.142665762217
INDUSTRIALS,0.217883027398
MATERIALS,0.061460943553
REAL ESTATE,0.091241781467
TECHNOLOGY,0.139228638682
UTILITIES,0.007388678754
