SECTOR,WEIGHT
COMMUNICATION SERVICES,0.133217615697
CONSUMER DISCRETIONARY,0.151047780902
CONSUMER STAPLES,0.038861716203
ENERGY,0.014613493378
FINANCIALS,0.128187166991
HEALTH CARE,0.071744051279
INDUSTRIALS,0.074655362953
MATERIALS,0.029377404741
REAL ESTATE,0.027877369456
TECHNOLOGY,0.31712781664
UTILITIES,0.01329022176
