SECTOR,WEIGHT
COMMUNICATION SERVICES,0.212396589421
CONSUMER DISCRETIONARY,0.041610646376
CONSUMER STAPLES,0.04011904432
ENERGY,0.013368299672
FINANCIALS,0.164429613236
HEALTH CARE,0.070080550598
INDUSTRIALS,0.078299134036
MATERIALS,0.036302706023
REAL ESTATE,0.019885396427
TECHNOLOGY,0.31481523396
UTILITIES,0.00869278593
