SECTOR,WEIGHT
COMMUNICATION SERVICES,0.149726938134
CONSUMER DISCRETIONARY,0.147563347558
CONSUMER STAPLES,0.035219441243
ENERGY,0.01318833009
FINANCIALS,0.119511047397
HEALTH CARE,0.061867193705
INDUSTRIALS,0.072443175427
MATERIALS,0.027472588466
REAL ESTATE,0.027455669452
TECHNOLOGY,0.333485252603
UTILITIES,0.012067015923
