SECTOR,WEIGHT
COMMUNICATION SERVICES,0.200206951328
CONSUMER DISCRETIONARY,0.03893101163
CONSUMER STAPLES,0.036095085609
ENERGY,0.011125021161
FINANCIALS,0.169920829958
HEALTH CARE,0.07009920582
INDUSTRIALS,0.072458770375
MATERIALS,0.033498146237
REAL ESTATE,0.019628590347
TECHNOLOGY,0.339458922933
UTILITIES,0.008577464603
