SECTOR,WEIGHT
COMMUNICATION SERVICES,0.138931641299
CONSUMER DISCRETIONARY,0.150547674846
CONSUMER STAPLES,0.039718608467
ENERGY,0.014101639001
FINANCIALS,0.130189113298
HEALTH CARE,0.072690545341
INDUSTRIALS,0.074231130271
MATERIALS,0.030555696299
REAL ESTATE,0.029674631618
TECHNOLOGY,0.305582729836
UTILITIES,0.013776589723
