SECTOR,WEIGHT
COMMUNICATION SERVICES,0.138463487863
CONSUMER DISCRETIONARY,0.14857722354
CONSUMER STAPLES,0.037625393047
ENERGY,0.013116263823
FINANCIALS,0.126176449406
HEALTH CARE,0.068337619849
INDUSTRIALS,0.075864055496
MATERIALS,0.029889519183
REAL ESTATE,0.028267120213
TECHNOLOGY,0.320619347277
UTILITIES,0.013063520301
