SECTOR,WEIGHT
COMMUNICATION SERVICES,0.206946165676
CONSUMER DISCRETIONARY,0.039804341329
CONSUMER STAPLES,0.037015330317
ENERGY,0.012101840839
FINANCIALS,0.16387443267
HEALTH CARE,0.071236988473
INDUSTRIALS,0.074559018751
MATERIALS,0.035143178748
REAL ESTATE,0.020214260963
TECHNOLOGY,0.33048527392
UTILITIES,0.008619168314
