SECTOR,WEIGHT
COMMUNICATION SERVICES,0.139197438207
CONSUMER DISCRETIONARY,0.150605423797
CONSUMER STAPLES,0.035024517162
ENERGY,0.01240868608
FINANCIALS,0.12228559992
HEALTH CARE,0.064645251676
INDUSTRIALS,0.072750925648
MATERIALS,0.028319823877
REAL ESTATE,0.027419193435
TECHNOLOGY,0.335434804363
UTILITIES,0.011908335835
