SECTOR,WEIGHT
HEALTH CARE,0.039964107881
REAL ESTATE,0.960035892119
