SECTOR,WEIGHT
COMMUNICATION SERVICES,0.026242780276
CONSUMER DISCRETIONARY,0.113615641027
CONSUMER STAPLES,0.034045409822
ENERGY,0.047665673731
FINANCIALS,0.167412141817
HEALTH CARE,0.137663424662
INDUSTRIALS,0.192722155394
MATERIALS,0.05860677149
REAL ESTATE,0.075889355082
TECHNOLOGY,0.120190032337
UTILITIES,0.025946614362
