SECTOR,WEIGHT
COMMUNICATION SERVICES,0.026953361599
CONSUMER DISCRETIONARY,0.112558045629
CONSUMER STAPLES,0.030587522714
ENERGY,0.047244094488
FINANCIALS,0.169392287503
HEALTH CARE,0.133858267717
INDUSTRIALS,0.195033313144
MATERIALS,0.055925701595
REAL ESTATE,0.072784171209
TECHNOLOGY,0.131233595801
UTILITIES,0.024429638603
