SECTOR,WEIGHT
COMMUNICATION SERVICES,0.027309066518
CONSUMER DISCRETIONARY,0.121033587666
CONSUMER STAPLES,0.032512382177
ENERGY,0.036622049776
FINANCIALS,0.176281007114
HEALTH CARE,0.140059404743
INDUSTRIALS,0.196305731762
MATERIALS,0.054192664273
REAL ESTATE,0.072877745732
TECHNOLOGY,0.119509609284
UTILITIES,0.023296750954
