SECTOR,WEIGHT
COMMUNICATION SERVICES,0.024434006046
CONSUMER DISCRETIONARY,0.118844832226
CONSUMER STAPLES,0.033770210364
ENERGY,0.041196952719
FINANCIALS,0.172008621467
HEALTH CARE,0.136347400994
INDUSTRIALS,0.200059565891
MATERIALS,0.057883920364
REAL ESTATE,0.072453796113
TECHNOLOGY,0.118341558996
UTILITIES,0.02465913482
