SECTOR,WEIGHT
COMMUNICATION SERVICES,0.025640999498
CONSUMER DISCRETIONARY,0.112451319405
CONSUMER STAPLES,0.032567016109
ENERGY,0.052912223627
FINANCIALS,0.169315467422
HEALTH CARE,0.13586795562
INDUSTRIALS,0.19237913605
MATERIALS,0.057865403624
REAL ESTATE,0.073456887396
TECHNOLOGY,0.12178380457
UTILITIES,0.025759786678
