SECTOR,WEIGHT
COMMUNICATION SERVICES,0.028112154319
CONSUMER DISCRETIONARY,0.114835740538
CONSUMER STAPLES,0.02623144244
ENERGY,0.042585086378
FINANCIALS,0.162065632855
HEALTH CARE,0.13434899261
INDUSTRIALS,0.202956146919
MATERIALS,0.048193000092
REAL ESTATE,0.060974552677
TECHNOLOGY,0.15040664539
UTILITIES,0.029290605783
