SECTOR,WEIGHT
COMMUNICATION SERVICES,0.025970192595
CONSUMER DISCRETIONARY,0.113016270336
CONSUMER STAPLES,0.032233207951
ENERGY,0.047583167271
FINANCIALS,0.170943864732
HEALTH CARE,0.134701331279
INDUSTRIALS,0.194855178263
MATERIALS,0.057668246185
REAL ESTATE,0.072764907445
TECHNOLOGY,0.124545428771
UTILITIES,0.025718205173
