SECTOR,WEIGHT
COMMUNICATION SERVICES,0.026419878103
CONSUMER DISCRETIONARY,0.115427293349
CONSUMER STAPLES,0.033883484552
ENERGY,0.045462648404
FINANCIALS,0.169334995493
HEALTH CARE,0.136999316422
INDUSTRIALS,0.195173082448
MATERIALS,0.057068970295
REAL ESTATE,0.075359890443
TECHNOLOGY,0.119856325098
UTILITIES,0.025014115392
