SECTOR,WEIGHT
COMMUNICATION SERVICES,0.029487510891
CONSUMER DISCRETIONARY,0.114920860283
CONSUMER STAPLES,0.025905779077
ENERGY,0.041026673023
FINANCIALS,0.163274782129
HEALTH CARE,0.131215506963
INDUSTRIALS,0.20286172097
MATERIALS,0.049247459662
REAL ESTATE,0.059950560436
TECHNOLOGY,0.153580970988
UTILITIES,0.028528175578
