SECTOR,WEIGHT
COMMUNICATION SERVICES,0.027953191484
CONSUMER DISCRETIONARY,0.119702410524
CONSUMER STAPLES,0.032944038692
ENERGY,0.035885916486
FINANCIALS,0.180907404447
HEALTH CARE,0.14504105512
INDUSTRIALS,0.188184121611
MATERIALS,0.050977840939
REAL ESTATE,0.073817266907
TECHNOLOGY,0.121052325777
UTILITIES,0.023534428014
