SECTOR,WEIGHT
COMMUNICATION SERVICES,0.028297507039
CONSUMER DISCRETIONARY,0.105558367698
CONSUMER STAPLES,0.02316273469
ENERGY,0.021286531608
FINANCIALS,0.111225193328
HEALTH CARE,0.174787298561
INDUSTRIALS,0.243644768937
MATERIALS,0.038200752833
REAL ESTATE,0.052108087812
TECHNOLOGY,0.191252566969
UTILITIES,0.010476190523
