SECTOR,WEIGHT
COMMUNICATION SERVICES,0.028276774941
CONSUMER DISCRETIONARY,0.098656875796
CONSUMER STAPLES,0.023735373587
ENERGY,0.026590353536
FINANCIALS,0.100774076447
HEALTH CARE,0.159730341395
INDUSTRIALS,0.258159385585
MATERIALS,0.041602842146
REAL ESTATE,0.053159371319
TECHNOLOGY,0.197936854723
UTILITIES,0.011377750524
