SECTOR,WEIGHT
COMMUNICATION SERVICES,0.028975265018
CONSUMER DISCRETIONARY,0.098031297325
CONSUMER STAPLES,0.022412922766
ENERGY,0.025946491671
FINANCIALS,0.099747602221
HEALTH CARE,0.156991418476
INDUSTRIALS,0.257041898031
MATERIALS,0.04139323574
REAL ESTATE,0.051892983342
TECHNOLOGY,0.206663301363
UTILITIES,0.010903584048
