SECTOR,WEIGHT
COMMUNICATION SERVICES,0.02938961474
CONSUMER DISCRETIONARY,0.096585463797
CONSUMER STAPLES,0.02237021174
ENERGY,0.026068040753
FINANCIALS,0.101527413485
HEALTH CARE,0.160588297975
INDUSTRIALS,0.252429641463
MATERIALS,0.041720127879
REAL ESTATE,0.052608414852
TECHNOLOGY,0.205957613022
UTILITIES,0.010755160294
