SECTOR,WEIGHT
COMMUNICATION SERVICES,0.028182502699
CONSUMER DISCRETIONARY,0.106639933289
CONSUMER STAPLES,0.022856023273
ENERGY,0.021709724382
FINANCIALS,0.110772121349
HEALTH CARE,0.169996001709
INDUSTRIALS,0.248444580389
MATERIALS,0.039326404462
REAL ESTATE,0.051862436985
TECHNOLOGY,0.190045413123
UTILITIES,0.010164858341
