SECTOR,WEIGHT
COMMUNICATION SERVICES,0.02665468836
CONSUMER DISCRETIONARY,0.103304155251
CONSUMER STAPLES,0.025251489041
ENERGY,0.025155534572
FINANCIALS,0.100964825597
HEALTH CARE,0.160675246316
INDUSTRIALS,0.260519841037
MATERIALS,0.042533863253
REAL ESTATE,0.053570757062
TECHNOLOGY,0.190769112003
UTILITIES,0.010600487508
