SECTOR,WEIGHT
COMMUNICATION SERVICES,0.025635737594
CONSUMER DISCRETIONARY,0.136256171738
CONSUMER STAPLES,0.041848695183
ENERGY,0.050864326693
FINANCIALS,0.240915216741
HEALTH CARE,0.114581796266
INDUSTRIALS,0.140606659174
MATERIALS,0.067566948007
REAL ESTATE,0.093009482477
TECHNOLOGY,0.05279212778
UTILITIES,0.035922838347
