SECTOR,WEIGHT
COMMUNICATION SERVICES,0.021530569201
CONSUMER DISCRETIONARY,0.125002028093
CONSUMER STAPLES,0.04077329757
ENERGY,0.075680904985
FINANCIALS,0.233455343507
HEALTH CARE,0.111142806342
INDUSTRIALS,0.133753733889
MATERIALS,0.074069238787
REAL ESTATE,0.091080723629
TECHNOLOGY,0.054257095558
UTILITIES,0.039254258439
