SECTOR,WEIGHT
COMMUNICATION SERVICES,0.022573818402
CONSUMER DISCRETIONARY,0.128086264235
CONSUMER STAPLES,0.039201854278
ENERGY,0.067318351305
FINANCIALS,0.236924317243
HEALTH CARE,0.111055124458
INDUSTRIALS,0.13584601431
MATERIALS,0.07104706238
REAL ESTATE,0.091605361282
TECHNOLOGY,0.058450065504
UTILITIES,0.037891766603
