SECTOR,WEIGHT
COMMUNICATION SERVICES,0.02887709078
CONSUMER DISCRETIONARY,0.146034110143
CONSUMER STAPLES,0.030659092066
ENERGY,0.058832840941
FINANCIALS,0.244179306175
HEALTH CARE,0.098139823623
INDUSTRIALS,0.140974966234
MATERIALS,0.059182282323
REAL ESTATE,0.076480303153
TECHNOLOGY,0.075840752619
UTILITIES,0.040799431943
