SECTOR,WEIGHT
COMMUNICATION SERVICES,0.022342186003
CONSUMER DISCRETIONARY,0.126811916489
CONSUMER STAPLES,0.041596012602
ENERGY,0.070170255533
FINANCIALS,0.230713057022
HEALTH CARE,0.113268440983
INDUSTRIALS,0.133983062148
MATERIALS,0.0735647032
REAL ESTATE,0.09426086826
TECHNOLOGY,0.053522752066
UTILITIES,0.039766745694
