SECTOR,WEIGHT
COMMUNICATION SERVICES,0.021461316305
CONSUMER DISCRETIONARY,0.133174511793
CONSUMER STAPLES,0.042256145057
ENERGY,0.059377195811
FINANCIALS,0.234910385835
HEALTH CARE,0.112675112432
INDUSTRIALS,0.142773530044
MATERIALS,0.073474776751
REAL ESTATE,0.090881450992
TECHNOLOGY,0.051674518274
UTILITIES,0.037341056706
