SECTOR,WEIGHT
COMMUNICATION SERVICES,0.022319192963
CONSUMER DISCRETIONARY,0.130882088067
CONSUMER STAPLES,0.04191845846
ENERGY,0.054859448223
FINANCIALS,0.24339580335
HEALTH CARE,0.113965337175
INDUSTRIALS,0.138937978311
MATERIALS,0.068233342076
REAL ESTATE,0.091901099703
TECHNOLOGY,0.053204064563
UTILITIES,0.036664151734
