SECTOR,WEIGHT
COMMUNICATION SERVICES,0.020703724925
CONSUMER DISCRETIONARY,0.133037021659
CONSUMER STAPLES,0.043545154756
ENERGY,0.055742927206
FINANCIALS,0.240867434673
HEALTH CARE,0.111461264206
INDUSTRIALS,0.144014733555
MATERIALS,0.071376464656
REAL ESTATE,0.091902241467
TECHNOLOGY,0.050334856019
UTILITIES,0.037014176877
