SECTOR,WEIGHT
COMMUNICATION SERVICES,0.026182859018
CONSUMER DISCRETIONARY,0.133987166885
CONSUMER STAPLES,0.042539989305
ENERGY,0.051350625097
FINANCIALS,0.246535224544
HEALTH CARE,0.115994928783
INDUSTRIALS,0.134406049534
MATERIALS,0.063903797516
REAL ESTATE,0.094922300389
TECHNOLOGY,0.053371279349
UTILITIES,0.036805779581
