SECTOR,WEIGHT
COMMUNICATION SERVICES,0.021707934338
CONSUMER DISCRETIONARY,0.127215481998
CONSUMER STAPLES,0.040547123795
ENERGY,0.067923200226
FINANCIALS,0.237937679744
HEALTH CARE,0.110585142148
INDUSTRIALS,0.135514341861
MATERIALS,0.073412687766
REAL ESTATE,0.090542699391
TECHNOLOGY,0.055030945677
UTILITIES,0.039582763056
