SECTOR,WEIGHT
COMMUNICATION SERVICES,0.029485590591
CONSUMER DISCRETIONARY,0.145213375494
CONSUMER STAPLES,0.030100366329
ENERGY,0.061626776351
FINANCIALS,0.240480162084
HEALTH CARE,0.096778530693
INDUSTRIALS,0.142327707901
MATERIALS,0.058266890738
REAL ESTATE,0.075076551607
TECHNOLOGY,0.07967757973
UTILITIES,0.040966468482
