SECTOR,WEIGHT
COMMUNICATION SERVICES,0.021471449106
CONSUMER DISCRETIONARY,0.133705924718
CONSUMER STAPLES,0.043503976678
ENERGY,0.057170269078
FINANCIALS,0.23703328902
HEALTH CARE,0.110020951945
INDUSTRIALS,0.143640504363
MATERIALS,0.073707961672
REAL ESTATE,0.089996851472
TECHNOLOGY,0.052041819339
UTILITIES,0.037707002608
