SECTOR,WEIGHT
COMMUNICATION SERVICES,0.022574313667
CONSUMER DISCRETIONARY,0.11194242561
CONSUMER STAPLES,0.049683777026
ENERGY,0.045759264801
FINANCIALS,0.179548716596
HEALTH CARE,0.08864183881
INDUSTRIALS,0.190045189201
MATERIALS,0.064230541002
REAL ESTATE,0.08135679182
TECHNOLOGY,0.13681829478
UTILITIES,0.029398846686
