SECTOR,WEIGHT
COMMUNICATION SERVICES,0.02297196113
CONSUMER DISCRETIONARY,0.110541660461
CONSUMER STAPLES,0.051985041039
ENERGY,0.053993646726
FINANCIALS,0.173771424957
HEALTH CARE,0.08506327771
INDUSTRIALS,0.185763892431
MATERIALS,0.064957838663
REAL ESTATE,0.080070836759
TECHNOLOGY,0.140448360778
UTILITIES,0.030432059346
