SECTOR,WEIGHT
COMMUNICATION SERVICES,0.026738736077
CONSUMER DISCRETIONARY,0.105671361849
CONSUMER STAPLES,0.050944166728
ENERGY,0.064929161844
FINANCIALS,0.1764346163
HEALTH CARE,0.082367824866
INDUSTRIALS,0.180681417091
MATERIALS,0.067048971082
REAL ESTATE,0.07558771865
TECHNOLOGY,0.137816329713
UTILITIES,0.031779695798
