SECTOR,WEIGHT
COMMUNICATION SERVICES,0.02571922334
CONSUMER DISCRETIONARY,0.108772999898
CONSUMER STAPLES,0.049811934533
ENERGY,0.043610856969
FINANCIALS,0.174240113856
HEALTH CARE,0.092507878418
INDUSTRIALS,0.187963810105
MATERIALS,0.062315746671
REAL ESTATE,0.078072583105
TECHNOLOGY,0.14648775033
UTILITIES,0.030497102775
