SECTOR,WEIGHT
COMMUNICATION SERVICES,0.025112290731
CONSUMER DISCRETIONARY,0.106267864434
CONSUMER STAPLES,0.047264189465
ENERGY,0.041955900367
FINANCIALS,0.168436096366
HEALTH CARE,0.095753368722
INDUSTRIALS,0.184973458555
MATERIALS,0.064209881584
REAL ESTATE,0.079522253981
TECHNOLOGY,0.15700285831
UTILITIES,0.029501837485
