SECTOR,WEIGHT
COMMUNICATION SERVICES,0.022815689227
CONSUMER DISCRETIONARY,0.115276715124
CONSUMER STAPLES,0.049669463977
ENERGY,0.045262991705
FINANCIALS,0.17729624367
HEALTH CARE,0.088336915996
INDUSTRIALS,0.190099707315
MATERIALS,0.064100306449
REAL ESTATE,0.081435736753
TECHNOLOGY,0.136324350364
UTILITIES,0.02938187942
