SECTOR,WEIGHT
COMMUNICATION SERVICES,0.023526595567
CONSUMER DISCRETIONARY,0.114901860574
CONSUMER STAPLES,0.048811650882
ENERGY,0.043655455013
FINANCIALS,0.181156704923
HEALTH CARE,0.092612550009
INDUSTRIALS,0.185508918047
MATERIALS,0.062688433456
REAL ESTATE,0.083355638131
TECHNOLOGY,0.134447933532
UTILITIES,0.029334259866
