SECTOR,WEIGHT
COMMUNICATION SERVICES,0.022573016111
CONSUMER DISCRETIONARY,0.111112469724
CONSUMER STAPLES,0.047741322793
ENERGY,0.040454741373
FINANCIALS,0.19320394582
HEALTH CARE,0.102788587243
INDUSTRIALS,0.182566005667
MATERIALS,0.055150179388
REAL ESTATE,0.088371325249
TECHNOLOGY,0.124632028148
UTILITIES,0.031406378484
