SECTOR,WEIGHT
COMMUNICATION SERVICES,0.023550631124
CONSUMER DISCRETIONARY,0.109302742209
CONSUMER STAPLES,0.050792561531
ENERGY,0.04778142488
FINANCIALS,0.179529533937
HEALTH CARE,0.086206564986
INDUSTRIALS,0.19115403963
MATERIALS,0.0641498625
REAL ESTATE,0.080360405223
TECHNOLOGY,0.135406007496
UTILITIES,0.029861366256
