SECTOR,WEIGHT
COMMUNICATION SERVICES,0.022073911059
CONSUMER DISCRETIONARY,0.109638684716
CONSUMER STAPLES,0.046371814715
ENERGY,0.044716726915
FINANCIALS,0.186946975441
HEALTH CARE,0.10430191231
INDUSTRIALS,0.18428567524
MATERIALS,0.052679369508
REAL ESTATE,0.086973598566
TECHNOLOGY,0.129140376753
UTILITIES,0.032870954778
