SECTOR,WEIGHT
CONSUMER DISCRETIONARY,0.00088936868
INDUSTRIALS,0.982900559618
MATERIALS,0.015332896468
TECHNOLOGY,0.000877175234
