SECTOR,WEIGHT
CONSUMER DISCRETIONARY,0.000914578478
INDUSTRIALS,0.983208622356
MATERIALS,0.014314427258
TECHNOLOGY,0.001562371908
