SECTOR,WEIGHT
CONSUMER DISCRETIONARY,0.001201080973
INDUSTRIALS,0.979781803623
MATERIALS,0.017916124512
TECHNOLOGY,0.001100990892
