SECTOR,WEIGHT
CONSUMER DISCRETIONARY,0.001078330559
INDUSTRIALS,0.981073758724
MATERIALS,0.016367401753
TECHNOLOGY,0.001480508964
