SECTOR,WEIGHT
CONSUMER DISCRETIONARY,0.0009391505
INDUSTRIALS,0.983676914438
MATERIALS,0.014277389657
TECHNOLOGY,0.001106545405
