SECTOR,WEIGHT
CONSUMER DISCRETIONARY,0.000924476668
INDUSTRIALS,0.983619356531
MATERIALS,0.014221428119
TECHNOLOGY,0.001234738682
