SECTOR,WEIGHT
CONSUMER DISCRETIONARY,0.000951550381
INDUSTRIALS,0.982073616225
MATERIALS,0.015857348142
TECHNOLOGY,0.001117485252
