SECTOR,WEIGHT
CONSUMER DISCRETIONARY,0.001080848196
INDUSTRIALS,0.980561880373
MATERIALS,0.016799838482
TECHNOLOGY,0.001557432949
