SECTOR,WEIGHT
CONSUMER DISCRETIONARY,0.000939339107
INDUSTRIALS,0.981212573625
MATERIALS,0.016516814097
TECHNOLOGY,0.001331273172
