SECTOR,WEIGHT
COMMUNICATION SERVICES,0.155906831986
CONSUMER DISCRETIONARY,0.115415892776
CONSUMER STAPLES,0.026505697505
ENERGY,0.004987701421
FINANCIALS,0.058165754731
HEALTH CARE,0.161769991466
INDUSTRIALS,0.172448170273
MATERIALS,0.013901912555
REAL ESTATE,0.004139350434
TECHNOLOGY,0.286758696853
