SECTOR,WEIGHT
COMMUNICATION SERVICES,0.157462759235
CONSUMER DISCRETIONARY,0.11598218346
CONSUMER STAPLES,0.02729500388
ENERGY,0.00480147126
FINANCIALS,0.058403678953
HEALTH CARE,0.165483615469
INDUSTRIALS,0.172835899706
MATERIALS,0.013830204798
REAL ESTATE,0.00420116187
TECHNOLOGY,0.27970402137
