SECTOR,WEIGHT
COMMUNICATION SERVICES,0.159446579213
CONSUMER DISCRETIONARY,0.118640412536
CONSUMER STAPLES,0.029357019695
ENERGY,0.004472433264
FINANCIALS,0.057891708262
HEALTH CARE,0.171560846961
INDUSTRIALS,0.167677952557
MATERIALS,0.015030721525
REAL ESTATE,0.004378711701
TECHNOLOGY,0.271543614286
