SECTOR,WEIGHT
COMMUNICATION SERVICES,0.151722749347
CONSUMER DISCRETIONARY,0.122405558316
CONSUMER STAPLES,0.034411913195
ENERGY,0.006088423381
FINANCIALS,0.055462952575
HEALTH CARE,0.16137327104
INDUSTRIALS,0.173160450692
MATERIALS,0.017315644383
REAL ESTATE,0.004029899187
TECHNOLOGY,0.274029137884
