SECTOR,WEIGHT
COMMUNICATION SERVICES,0.158652924522
CONSUMER DISCRETIONARY,0.115126095121
CONSUMER STAPLES,0.029483585604
ENERGY,0.004750333969
FINANCIALS,0.055518587325
HEALTH CARE,0.169437276622
INDUSTRIALS,0.173086592978
MATERIALS,0.013767236647
REAL ESTATE,0.004227425877
TECHNOLOGY,0.275949941336
