SECTOR,WEIGHT
COMMUNICATION SERVICES,0.154840416523
CONSUMER DISCRETIONARY,0.116651417657
CONSUMER STAPLES,0.026619459874
ENERGY,0.004834253452
FINANCIALS,0.059458110653
HEALTH CARE,0.163045820185
INDUSTRIALS,0.176093494301
MATERIALS,0.013604855899
REAL ESTATE,0.004262039786
TECHNOLOGY,0.280590131669
