SECTOR,WEIGHT
COMMUNICATION SERVICES,0.16171882862
CONSUMER DISCRETIONARY,0.131025460401
CONSUMER STAPLES,0.03552379994
ENERGY,0.008956425481
FINANCIALS,0.044983395391
HEALTH CARE,0.146523095502
INDUSTRIALS,0.150749723257
MATERIALS,0.016503975043
REAL ESTATE,0.003723457784
TECHNOLOGY,0.300291838583
