SECTOR,WEIGHT
COMMUNICATION SERVICES,0.0959059943
CONSUMER DISCRETIONARY,0.09911384848
CONSUMER STAPLES,0.051383378754
ENERGY,0.035048197833
FINANCIALS,0.129753061417
HEALTH CARE,0.100835376189
INDUSTRIALS,0.104695661459
MATERIALS,0.024661702943
REAL ESTATE,0.02319607021
TECHNOLOGY,0.312001761439
UTILITIES,0.023404946976
