SECTOR,WEIGHT
COMMUNICATION SERVICES,0.097179679022
CONSUMER DISCRETIONARY,0.100255658743
CONSUMER STAPLES,0.049163963634
ENERGY,0.036742744076
FINANCIALS,0.128055103978
HEALTH CARE,0.099674920055
INDUSTRIALS,0.103960814558
MATERIALS,0.023844793979
REAL ESTATE,0.023492895547
TECHNOLOGY,0.313525860577
UTILITIES,0.024103565833
