SECTOR,WEIGHT
COMMUNICATION SERVICES,0.098914337242
CONSUMER DISCRETIONARY,0.103252609442
CONSUMER STAPLES,0.045364547866
ENERGY,0.030026935899
FINANCIALS,0.13368609556
HEALTH CARE,0.100555066731
INDUSTRIALS,0.093857566699
MATERIALS,0.02022779614
REAL ESTATE,0.022046132832
TECHNOLOGY,0.329589832665
UTILITIES,0.022479078923
