SECTOR,WEIGHT
COMMUNICATION SERVICES,0.09898240222
CONSUMER DISCRETIONARY,0.102837928902
CONSUMER STAPLES,0.045984762826
ENERGY,0.029265711467
FINANCIALS,0.132971453231
HEALTH CARE,0.103823446159
INDUSTRIALS,0.093101300356
MATERIALS,0.020403058246
REAL ESTATE,0.022492109506
TECHNOLOGY,0.326841173707
UTILITIES,0.023296653381
