SECTOR,WEIGHT
COMMUNICATION SERVICES,0.098284988843
CONSUMER DISCRETIONARY,0.105154759146
CONSUMER STAPLES,0.046813883996
ENERGY,0.031586752622
FINANCIALS,0.1316433485
HEALTH CARE,0.102214366886
INDUSTRIALS,0.1003087468
MATERIALS,0.022827150693
REAL ESTATE,0.022128029462
TECHNOLOGY,0.317056909332
UTILITIES,0.021981063721
