SECTOR,WEIGHT
COMMUNICATION SERVICES,0.146813757898
CONSUMER DISCRETIONARY,0.115821823675
CONSUMER STAPLES,0.073886197626
ENERGY,0.088366930718
FINANCIALS,0.080341222809
HEALTH CARE,0.141476642105
INDUSTRIALS,0.097014701109
MATERIALS,0.033092522028
REAL ESTATE,0.004650943812
TECHNOLOGY,0.207522448342
UTILITIES,0.011012809879
