SECTOR,WEIGHT
COMMUNICATION SERVICES,0.139795085865
CONSUMER DISCRETIONARY,0.110502475086
CONSUMER STAPLES,0.080226837045
ENERGY,0.100528051814
FINANCIALS,0.074907278106
HEALTH CARE,0.139520799235
INDUSTRIALS,0.106612409968
MATERIALS,0.03685851715
REAL ESTATE,0.004694906177
TECHNOLOGY,0.194965739197
UTILITIES,0.011387900356
