SECTOR,WEIGHT
COMMUNICATION SERVICES,0.146357597281
CONSUMER DISCRETIONARY,0.116178061869
CONSUMER STAPLES,0.073992359256
ENERGY,0.090866841056
FINANCIALS,0.077489515558
HEALTH CARE,0.138767041611
INDUSTRIALS,0.096867415216
MATERIALS,0.031853834124
REAL ESTATE,0.004542087333
TECHNOLOGY,0.212220373043
UTILITIES,0.010864873655
