SECTOR,WEIGHT
COMMUNICATION SERVICES,0.147863907906
CONSUMER DISCRETIONARY,0.11465814924
CONSUMER STAPLES,0.075221371724
ENERGY,0.096012107923
FINANCIALS,0.073185712171
HEALTH CARE,0.135059759362
INDUSTRIALS,0.100940704788
MATERIALS,0.035712570873
REAL ESTATE,0.004741536258
TECHNOLOGY,0.202812711318
UTILITIES,0.010719473109
