SECTOR,WEIGHT
COMMUNICATION SERVICES,0.145892037264
CONSUMER DISCRETIONARY,0.115247456818
CONSUMER STAPLES,0.075023999856
ENERGY,0.090974750246
FINANCIALS,0.0787054824
HEALTH CARE,0.140467116938
INDUSTRIALS,0.096665499694
MATERIALS,0.031814228579
REAL ESTATE,0.00457326401
TECHNOLOGY,0.209483378658
UTILITIES,0.011152785538
