SECTOR,WEIGHT
COMMUNICATION SERVICES,0.145612348132
CONSUMER DISCRETIONARY,0.118767753599
CONSUMER STAPLES,0.07309093352
ENERGY,0.091128038479
FINANCIALS,0.079097954244
HEALTH CARE,0.142059873683
INDUSTRIALS,0.098800500936
MATERIALS,0.033953554129
REAL ESTATE,0.004648397276
TECHNOLOGY,0.202320589011
UTILITIES,0.010520056992
