SECTOR,WEIGHT
COMMUNICATION SERVICES,0.158973031827
CONSUMER DISCRETIONARY,0.097667957457
CONSUMER STAPLES,0.010756514815
ENERGY,0.001172162611
FINANCIALS,0.099405469468
HEALTH CARE,0.071533882394
INDUSTRIALS,0.067071846078
MATERIALS,0.005493398428
REAL ESTATE,0.007472611029
TECHNOLOGY,0.474791691307
UTILITIES,0.005661434585
