SECTOR,WEIGHT
COMMUNICATION SERVICES,0.166449674512
CONSUMER DISCRETIONARY,0.091437155734
CONSUMER STAPLES,0.010716074111
ENERGY,0.001602403605
FINANCIALS,0.084827240861
HEALTH CARE,0.06079118678
INDUSTRIALS,0.078217325989
MATERIALS,0.005708562844
REAL ESTATE,0.007811717576
TECHNOLOGY,0.48743114672
UTILITIES,0.005007511267
