SECTOR,WEIGHT
COMMUNICATION SERVICES,0.168270683835
CONSUMER DISCRETIONARY,0.096396278629
CONSUMER STAPLES,0.011373245649
ENERGY,0.00134014351
FINANCIALS,0.094683671737
HEALTH CARE,0.069840264808
INDUSTRIALS,0.071408721978
MATERIALS,0.006584725494
REAL ESTATE,0.007383940947
TECHNOLOGY,0.467552529839
UTILITIES,0.005165793574
