SECTOR,WEIGHT
COMMUNICATION SERVICES,0.158134856488
CONSUMER DISCRETIONARY,0.099001681261
CONSUMER STAPLES,0.010722686454
ENERGY,0.001154686184
FINANCIALS,0.099495715576
HEALTH CARE,0.071290168343
INDUSTRIALS,0.067242285873
MATERIALS,0.005619506923
REAL ESTATE,0.007416540375
TECHNOLOGY,0.474250721535
UTILITIES,0.005671150988
