SECTOR,WEIGHT
COMMUNICATION SERVICES,0.153854092866
CONSUMER DISCRETIONARY,0.094775665221
CONSUMER STAPLES,0.01204662178
ENERGY,0.001852708961
FINANCIALS,0.097024367
HEALTH CARE,0.072279477342
INDUSTRIALS,0.081565462892
MATERIALS,0.006209165368
REAL ESTATE,0.008946708621
TECHNOLOGY,0.465825733641
UTILITIES,0.005619996307
