SECTOR,WEIGHT
COMMUNICATION SERVICES,0.159547864359
CONSUMER DISCRETIONARY,0.092327698309
CONSUMER STAPLES,0.011103330999
ENERGY,0.001600480144
FINANCIALS,0.089026708012
HEALTH CARE,0.06321896569
INDUSTRIALS,0.080424127238
MATERIALS,0.006101830549
REAL ESTATE,0.008202460738
TECHNOLOGY,0.483345003501
UTILITIES,0.005101530459
