SECTOR,WEIGHT
COMMUNICATION SERVICES,0.157865818568
CONSUMER DISCRETIONARY,0.092566013037
CONSUMER STAPLES,0.011808281361
ENERGY,0.001793343449
FINANCIALS,0.095304677927
HEALTH CARE,0.071198250119
INDUSTRIALS,0.081048127856
MATERIALS,0.006695398442
REAL ESTATE,0.008973357783
TECHNOLOGY,0.467369197689
UTILITIES,0.005377533768
