SECTOR,WEIGHT
COMMUNICATION SERVICES,0.16201633345
CONSUMER DISCRETIONARY,0.092589893313
CONSUMER STAPLES,0.011571944846
ENERGY,0.001749433051
FINANCIALS,0.09377228644
HEALTH CARE,0.069066873138
INDUSTRIALS,0.082334355659
MATERIALS,0.006696351626
REAL ESTATE,0.00878408435
TECHNOLOGY,0.466186083298
UTILITIES,0.005232360828
