SECTOR,WEIGHT
COMMUNICATION SERVICES,0.033996084071
CONSUMER DISCRETIONARY,0.084213752381
CONSUMER STAPLES,0.067264250529
ENERGY,0.057444654029
FINANCIALS,0.169078373484
HEALTH CARE,0.13967547644
INDUSTRIALS,0.08893640658
MATERIALS,0.033837715727
REAL ESTATE,0.029843947885
TECHNOLOGY,0.258067782593
UTILITIES,0.03764155628
