SECTOR,WEIGHT
COMMUNICATION SERVICES,0.034145933504
CONSUMER DISCRETIONARY,0.106968639165
CONSUMER STAPLES,0.096240793475
ENERGY,0.070333416895
FINANCIALS,0.161675646562
HEALTH CARE,0.119684832961
INDUSTRIALS,0.124368308434
MATERIALS,0.04148411784
REAL ESTATE,0.036350589514
TECHNOLOGY,0.16312961795
UTILITIES,0.045618103701
