SECTOR,WEIGHT
COMMUNICATION SERVICES,0.034258781241
CONSUMER DISCRETIONARY,0.1140325044
CONSUMER STAPLES,0.088226471835
ENERGY,0.059237980028
FINANCIALS,0.176481127737
HEALTH CARE,0.122471281312
INDUSTRIALS,0.116588456281
MATERIALS,0.03775526973
REAL ESTATE,0.034750547997
TECHNOLOGY,0.173535627363
UTILITIES,0.042661952076
