SECTOR,WEIGHT
COMMUNICATION SERVICES,0.03416155442
CONSUMER DISCRETIONARY,0.103619226668
CONSUMER STAPLES,0.095236145632
ENERGY,0.079943758677
FINANCIALS,0.159051794921
HEALTH CARE,0.118141059225
INDUSTRIALS,0.11940526392
MATERIALS,0.041606549839
REAL ESTATE,0.036383178294
TECHNOLOGY,0.164187669004
UTILITIES,0.048263799402
