SECTOR,WEIGHT
COMMUNICATION SERVICES,0.033559967269
CONSUMER DISCRETIONARY,0.115311358917
CONSUMER STAPLES,0.087650474308
ENERGY,0.061453142413
FINANCIALS,0.175327877053
HEALTH CARE,0.124133850294
INDUSTRIALS,0.117863163473
MATERIALS,0.038666307808
REAL ESTATE,0.034581855023
TECHNOLOGY,0.169595662691
UTILITIES,0.041856340752
