SECTOR,WEIGHT
COMMUNICATION SERVICES,0.03549189024
CONSUMER DISCRETIONARY,0.108068848895
CONSUMER STAPLES,0.094755101876
ENERGY,0.073465243927
FINANCIALS,0.159701735257
HEALTH CARE,0.119153178315
INDUSTRIALS,0.123230135673
MATERIALS,0.040441852923
REAL ESTATE,0.03666343429
TECHNOLOGY,0.16284012313
UTILITIES,0.046188455472
