SECTOR,WEIGHT
COMMUNICATION SERVICES,0.035390550311
CONSUMER DISCRETIONARY,0.106705817772
CONSUMER STAPLES,0.09718308309
ENERGY,0.077204684398
FINANCIALS,0.15553146027
HEALTH CARE,0.119177681737
INDUSTRIALS,0.120616564572
MATERIALS,0.040618210922
REAL ESTATE,0.036700263243
TECHNOLOGY,0.16326571171
UTILITIES,0.047605971976
