SECTOR,WEIGHT
COMMUNICATION SERVICES,0.034588581238
CONSUMER DISCRETIONARY,0.112930695161
CONSUMER STAPLES,0.088370123432
ENERGY,0.060305378763
FINANCIALS,0.175105953982
HEALTH CARE,0.122901982839
INDUSTRIALS,0.116238399449
MATERIALS,0.037853731628
REAL ESTATE,0.035073212113
TECHNOLOGY,0.173673970852
UTILITIES,0.042957970542
