SECTOR,WEIGHT
COMMUNICATION SERVICES,0.032923670748
CONSUMER DISCRETIONARY,0.115213688284
CONSUMER STAPLES,0.091498523393
ENERGY,0.062697349424
FINANCIALS,0.1672043255
HEALTH CARE,0.123751700706
INDUSTRIALS,0.121000568132
MATERIALS,0.039604076721
REAL ESTATE,0.035518666944
TECHNOLOGY,0.167670250802
UTILITIES,0.042917179346
