SECTOR,WEIGHT
COMMUNICATION SERVICES,0.03501049043
CONSUMER DISCRETIONARY,0.106275244203
CONSUMER STAPLES,0.095598329019
ENERGY,0.079025500984
FINANCIALS,0.157182547469
HEALTH CARE,0.118670163068
INDUSTRIALS,0.120671011616
MATERIALS,0.040060825086
REAL ESTATE,0.036646773736
TECHNOLOGY,0.163034028906
UTILITIES,0.047825085483
