SECTOR,WEIGHT
COMMUNICATION SERVICES,0.035825925539
CONSUMER DISCRETIONARY,0.105701898668
CONSUMER STAPLES,0.098368495267
ENERGY,0.070898232175
FINANCIALS,0.157433125281
HEALTH CARE,0.124901767188
INDUSTRIALS,0.11979831336
MATERIALS,0.039135968077
REAL ESTATE,0.033508065951
TECHNOLOGY,0.168673104306
UTILITIES,0.045755104189
