SECTOR,WEIGHT
COMMUNICATION SERVICES,0.034374555853
CONSUMER DISCRETIONARY,0.112804980128
CONSUMER STAPLES,0.09336434552
ENERGY,0.06710952602
FINANCIALS,0.160277794325
HEALTH CARE,0.124549575496
INDUSTRIALS,0.116413334777
MATERIALS,0.037717409929
REAL ESTATE,0.032422516395
TECHNOLOGY,0.172377493814
UTILITIES,0.043283884509
