SECTOR,WEIGHT
COMMUNICATION SERVICES,0.03453464408
CONSUMER DISCRETIONARY,0.082596323151
CONSUMER STAPLES,0.069863851634
ENERGY,0.059097473141
FINANCIALS,0.16384122395
HEALTH CARE,0.144865479192
INDUSTRIALS,0.08378868207
MATERIALS,0.031383256873
REAL ESTATE,0.026858677552
TECHNOLOGY,0.265962388983
UTILITIES,0.037207999375
