SECTOR,WEIGHT
COMMUNICATION SERVICES,0.034604204997
CONSUMER DISCRETIONARY,0.105603417138
CONSUMER STAPLES,0.096670455578
ENERGY,0.075753038411
FINANCIALS,0.157378883957
HEALTH CARE,0.121846482566
INDUSTRIALS,0.11712112847
MATERIALS,0.039278037396
REAL ESTATE,0.033827464152
TECHNOLOGY,0.16996664004
UTILITIES,0.047950247294
