SECTOR,WEIGHT
COMMUNICATION SERVICES,0.03426712897
CONSUMER DISCRETIONARY,0.114320203299
CONSUMER STAPLES,0.093498496337
ENERGY,0.063213271934
FINANCIALS,0.162418347528
HEALTH CARE,0.129189315212
INDUSTRIALS,0.116731418516
MATERIALS,0.037107474893
REAL ESTATE,0.032649575496
TECHNOLOGY,0.1735961452
UTILITIES,0.043008622615
