SECTOR,WEIGHT
COMMUNICATION SERVICES,0.03428783202
CONSUMER DISCRETIONARY,0.114220357133
CONSUMER STAPLES,0.093909823556
ENERGY,0.065081938477
FINANCIALS,0.161550301476
HEALTH CARE,0.129453247642
INDUSTRIALS,0.117171272564
MATERIALS,0.037426465214
REAL ESTATE,0.032237315823
TECHNOLOGY,0.171872967785
UTILITIES,0.042788478311
