SECTOR,WEIGHT
COMMUNICATION SERVICES,0.037183729201
CONSUMER DISCRETIONARY,0.107017582146
CONSUMER STAPLES,0.09673461364
ENERGY,0.073862047425
FINANCIALS,0.155574252185
HEALTH CARE,0.124204396865
INDUSTRIALS,0.118892939423
MATERIALS,0.038157176326
REAL ESTATE,0.033781992537
TECHNOLOGY,0.168281834655
UTILITIES,0.046309435598
