SECTOR,WEIGHT
COMMUNICATION SERVICES,0.03667306895
CONSUMER DISCRETIONARY,0.105173804861
CONSUMER STAPLES,0.097552735428
ENERGY,0.079357415171
FINANCIALS,0.153348817119
HEALTH CARE,0.123655368019
INDUSTRIALS,0.116503940644
MATERIALS,0.037811955391
REAL ESTATE,0.033710290103
TECHNOLOGY,0.168323297633
UTILITIES,0.047889306681
