SECTOR,WEIGHT
COMMUNICATION SERVICES,0.033381826533
CONSUMER DISCRETIONARY,0.108483717981
CONSUMER STAPLES,0.094156332801
ENERGY,0.076398807909
FINANCIALS,0.156323019595
HEALTH CARE,0.116758253338
INDUSTRIALS,0.112310370303
MATERIALS,0.038061928279
REAL ESTATE,0.033953615505
TECHNOLOGY,0.184693923732
UTILITIES,0.045478204025
