SECTOR,WEIGHT
COMMUNICATION SERVICES,0.034418361712
CONSUMER DISCRETIONARY,0.083226058642
CONSUMER STAPLES,0.07098322634
ENERGY,0.057657753645
FINANCIALS,0.161407827186
HEALTH CARE,0.148752408078
INDUSTRIALS,0.083415200905
MATERIALS,0.031664488847
REAL ESTATE,0.027311724799
TECHNOLOGY,0.26232629547
UTILITIES,0.038836654377
