SECTOR,WEIGHT
COMMUNICATION SERVICES,0.036193357233
CONSUMER DISCRETIONARY,0.106182725373
CONSUMER STAPLES,0.098044012389
ENERGY,0.071730609397
FINANCIALS,0.157528901148
HEALTH CARE,0.125778050684
INDUSTRIALS,0.120981922985
MATERIALS,0.039202526461
REAL ESTATE,0.033336496704
TECHNOLOGY,0.165730387771
UTILITIES,0.045291009855
