SECTOR,WEIGHT
COMMUNICATION SERVICES,0.034647403317
CONSUMER DISCRETIONARY,0.082619789432
CONSUMER STAPLES,0.068148283406
ENERGY,0.058400580471
FINANCIALS,0.166949839335
HEALTH CARE,0.143885916919
INDUSTRIALS,0.084102407921
MATERIALS,0.031653964929
REAL ESTATE,0.026469862405
TECHNOLOGY,0.267147214949
UTILITIES,0.035974736916
