SECTOR,WEIGHT
COMMUNICATION SERVICES,0.007932441886
CONSUMER DISCRETIONARY,0.117453687161
CONSUMER STAPLES,0.036332617021
ENERGY,0.041473958622
FINANCIALS,0.126401715123
HEALTH CARE,0.114358615622
INDUSTRIALS,0.287648399873
MATERIALS,0.042122162222
REAL ESTATE,0.042340578653
TECHNOLOGY,0.180358625688
UTILITIES,0.00357719813
