SECTOR,WEIGHT
COMMUNICATION SERVICES,0.029409728875
CONSUMER DISCRETIONARY,0.10105362207
CONSUMER STAPLES,0.028021351321
ENERGY,0.023492070498
FINANCIALS,0.079028175838
HEALTH CARE,0.141557330262
INDUSTRIALS,0.272034725489
MATERIALS,0.042937381564
REAL ESTATE,0.045155374897
TECHNOLOGY,0.213967639969
UTILITIES,0.023342599215
