SECTOR,WEIGHT
COMMUNICATION SERVICES,0.015919291385
CONSUMER DISCRETIONARY,0.095604030966
CONSUMER STAPLES,0.031714784098
ENERGY,0.033866039691
FINANCIALS,0.07284029667
HEALTH CARE,0.146007340652
INDUSTRIALS,0.307661006767
MATERIALS,0.051163352346
REAL ESTATE,0.055455716099
TECHNOLOGY,0.16655792002
UTILITIES,0.023210221305
