SECTOR,WEIGHT
COMMUNICATION SERVICES,0.020462109845
CONSUMER DISCRETIONARY,0.111479028698
CONSUMER STAPLES,0.053759488357
ENERGY,0.042088231927
FINANCIALS,0.20403658152
HEALTH CARE,0.070501579803
INDUSTRIALS,0.169907622221
MATERIALS,0.071036884826
REAL ESTATE,0.092895005895
TECHNOLOGY,0.092109624041
UTILITIES,0.071723842867
