SECTOR,WEIGHT
COMMUNICATION SERVICES,0.004815892445
CONSUMER DISCRETIONARY,0.124811879201
CONSUMER STAPLES,0.060800642119
ENERGY,0.075950637102
FINANCIALS,0.229958864252
HEALTH CARE,0.032005618541
INDUSTRIALS,0.191532055784
MATERIALS,0.082873482492
REAL ESTATE,0.082572489214
TECHNOLOGY,0.068325474064
UTILITIES,0.046352964784
