SECTOR,WEIGHT
COMMUNICATION SERVICES,0.004811575879
CONSUMER DISCRETIONARY,0.124759797502
CONSUMER STAPLES,0.060791426464
ENERGY,0.076102171982
FINANCIALS,0.230100696901
HEALTH CARE,0.031947057613
INDUSTRIALS,0.191639197034
MATERIALS,0.082737029065
REAL ESTATE,0.082442012734
TECHNOLOGY,0.068367526128
UTILITIES,0.046301508697
