SECTOR,WEIGHT
COMMUNICATION SERVICES,0.103548948137
CONSUMER DISCRETIONARY,0.097248655002
CONSUMER STAPLES,0.052155909733
ENERGY,0.038451988689
FINANCIALS,0.124731247895
HEALTH CARE,0.094010988137
INDUSTRIALS,0.090879980181
MATERIALS,0.020995984037
REAL ESTATE,0.019430494241
TECHNOLOGY,0.333101398993
UTILITIES,0.025444404955
