SECTOR,WEIGHT
COMMUNICATION SERVICES,0.10688769677
CONSUMER DISCRETIONARY,0.102928294345
CONSUMER STAPLES,0.047974782973
ENERGY,0.028869009837
FINANCIALS,0.130104797617
HEALTH CARE,0.095374785728
INDUSTRIALS,0.081456305086
MATERIALS,0.016426198763
REAL ESTATE,0.017951278931
TECHNOLOGY,0.349173493464
UTILITIES,0.022853356486
