SECTOR,WEIGHT
COMMUNICATION SERVICES,0.102352244664
CONSUMER DISCRETIONARY,0.098983160817
CONSUMER STAPLES,0.052989522502
ENERGY,0.034435275181
FINANCIALS,0.126596992628
HEALTH CARE,0.09690360788
INDUSTRIALS,0.092543437733
MATERIALS,0.02115224422
REAL ESTATE,0.019252307192
TECHNOLOGY,0.330644900867
UTILITIES,0.024146306315
