SECTOR,WEIGHT
COMMUNICATION SERVICES,0.108000143296
CONSUMER DISCRETIONARY,0.100577109429
CONSUMER STAPLES,0.048777621977
ENERGY,0.034270086661
FINANCIALS,0.122332875805
HEALTH CARE,0.087435339435
INDUSTRIALS,0.088341416909
MATERIALS,0.020137619322
REAL ESTATE,0.019148230069
TECHNOLOGY,0.347192592061
UTILITIES,0.023786965036
