SECTOR,WEIGHT
COMMUNICATION SERVICES,0.104479666342
CONSUMER DISCRETIONARY,0.102904503952
CONSUMER STAPLES,0.047232230419
ENERGY,0.028646108936
FINANCIALS,0.132780238865
HEALTH CARE,0.094461868355
INDUSTRIALS,0.082379292734
MATERIALS,0.016611682415
REAL ESTATE,0.017707474325
TECHNOLOGY,0.350470135856
UTILITIES,0.022326797802
