SECTOR,WEIGHT
COMMUNICATION SERVICES,0.103380191649
CONSUMER DISCRETIONARY,0.099042792964
CONSUMER STAPLES,0.053307153506
ENERGY,0.034066319975
FINANCIALS,0.126561752563
HEALTH CARE,0.096286497587
INDUSTRIALS,0.091999454515
MATERIALS,0.021159610724
REAL ESTATE,0.019342879964
TECHNOLOGY,0.330329171229
UTILITIES,0.024524175326
