SECTOR,WEIGHT
COMMUNICATION SERVICES,0.105033016588
CONSUMER DISCRETIONARY,0.10550348523
CONSUMER STAPLES,0.046928780871
ENERGY,0.027558991269
FINANCIALS,0.133576669898
HEALTH CARE,0.095424860645
INDUSTRIALS,0.082396651213
MATERIALS,0.01832929311
REAL ESTATE,0.017693255143
TECHNOLOGY,0.345233895425
UTILITIES,0.022321100608
