SECTOR,WEIGHT
COMMUNICATION SERVICES,0.10696251131
CONSUMER DISCRETIONARY,0.102309547988
CONSUMER STAPLES,0.048580881963
ENERGY,0.028157871622
FINANCIALS,0.129272346469
HEALTH CARE,0.098772677462
INDUSTRIALS,0.08086496406
MATERIALS,0.016638949213
REAL ESTATE,0.018279720687
TECHNOLOGYQ,0.346477936678
UTILITIES,0.023682592548
