SECTOR,WEIGHT
COMMUNICATION SERVICES,0.109974198438
CONSUMER DISCRETIONARY,0.104051496472
CONSUMER STAPLES,0.049128184516
ENERGY,0.031300997564
FINANCIALS,0.125877807971
HEALTH CARE,0.093509144967
INDUSTRIALS,0.086125409809
MATERIALS,0.019919369656
REAL ESTATE,0.018009622611
TECHNOLOGY,0.337192258455
UTILITIES,0.022438599515
