SECTOR,WEIGHT
COMMUNICATION SERVICES,0.107159161011
CONSUMER DISCRETIONARY,0.099548303615
CONSUMER STAPLES,0.049116666906
ENERGY,0.035153754254
FINANCIALS,0.120370868666
HEALTH CARE,0.083986895327
INDUSTRIALS,0.086859504809
MATERIALS,0.01944379596
REAL ESTATE,0.018829151265
TECHNOLOGY,0.356403233856
UTILITIES,0.023128664331
