SECTOR,WEIGHT
COMMUNICATION SERVICES,0.103924377926
CONSUMER DISCRETIONARY,0.099048335941
CONSUMER STAPLES,0.054426346639
ENERGY,0.033973440147
FINANCIALS,0.126131255757
HEALTH CARE,0.09660935966
INDUSTRIALS,0.091039467071
MATERIALS,0.021139730643
REAL ESTATE,0.019228485373
TECHNOLOGY,0.330638372085
UTILITIES,0.023840828759
