SECTOR,WEIGHT
COMMUNICATION SERVICES,0.105912765986
CONSUMER DISCRETIONARY,0.106539304185
CONSUMER STAPLES,0.047068822997
ENERGY,0.028933332666
FINANCIALS,0.133976771431
HEALTH CARE,0.097018766383
INDUSTRIALS,0.083863320643
MATERIALS,0.018958390629
REAL ESTATE,0.017717828861
TECHNOLOGY,0.338107936313
UTILITIES,0.021902759909
