SECTOR,WEIGHT
COMMUNICATION SERVICES,0.106062930229
CONSUMER DISCRETIONARY,0.098703167858
CONSUMER STAPLES,0.052865176739
ENERGY,0.03682138917
FINANCIALS,0.12169605823
HEALTH CARE,0.095060984011
INDUSTRIALS,0.089007260381
MATERIALS,0.020395035382
REAL ESTATE,0.019336969919
TECHNOLOGY,0.335008893902
UTILITIES,0.025042134178
