SECTOR,WEIGHT
COMMUNICATION SERVICES,0.169444772686
CONSUMER DISCRETIONARY,0.092960299236
CONSUMER STAPLES,0.010809352795
FINANCIALS,0.095295377097
HEALTH CARE,0.06674028669
INDUSTRIALS,0.065188804503
MATERIALS,0.003911831053
REAL ESTATE,0.00641281728
TECHNOLOGY,0.484334280026
UTILITIES,0.004902178633
