SECTOR,WEIGHT
COMMUNICATION SERVICES,0.170046868319
CONSUMER DISCRETIONARY,0.092468247308
CONSUMER STAPLES,0.011377370092
FINANCIALS,0.095005279365
HEALTH CARE,0.065046045323
INDUSTRIALS,0.069619673195
MATERIALS,0.004220125985
REAL ESTATE,0.006223074019
TECHNOLOGY,0.481684927678
UTILITIES,0.004308388717
