SECTOR,WEIGHT
COMMUNICATION SERVICES,0.178182173213
CONSUMER DISCRETIONARY,0.096380636493
CONSUMER STAPLES,0.011519764938
FINANCIALS,0.101193504813
HEALTH CARE,0.070314865409
INDUSTRIALS,0.062391340494
MATERIALS,0.003946445298
REAL ESTATE,0.005917881685
TECHNOLOGY,0.466217411721
UTILITIES,0.003935975937
