SECTOR,WEIGHT
COMMUNICATION SERVICES,0.170056912746
CONSUMER DISCRETIONARY,0.09840949439
CONSUMER STAPLES,0.010372605586
FINANCIALS,0.097826193121
HEALTH CARE,0.068794857711
INDUSTRIALS,0.060066046848
MATERIALS,0.004253752718
REAL ESTATE,0.005410298621
TECHNOLOGY,0.480548001922
UTILITIES,0.004261836337
