SECTOR,WEIGHT
COMMUNICATION SERVICES,0.167133050506
CONSUMER DISCRETIONARY,0.094967149289
CONSUMER STAPLES,0.010767467704
FINANCIALS,0.096645170995
HEALTH CARE,0.06873291871
INDUSTRIALS,0.064631901305
MATERIALS,0.004160232178
REAL ESTATE,0.006193502043
TECHNOLOGY,0.481908152278
UTILITIES,0.004860454992
