SECTOR,WEIGHT
COMMUNICATION SERVICES,0.166702552142
CONSUMER DISCRETIONARY,0.119747515098
CONSUMER STAPLES,0.029868034093
ENERGY,0.003862175655
FINANCIALS,0.102242115939
HEALTH CARE,0.054440686512
INDUSTRIALS,0.079525107279
MATERIALS,0.004055507872
REAL ESTATE,0.010589484475
TECHNOLOGY,0.417989571804
UTILITIES,0.010977249132
