SECTOR,WEIGHT
COMMUNICATION SERVICES,0.165700255
CONSUMER DISCRETIONARY,0.097472845339
CONSUMER STAPLES,0.009877085732
FINANCIALS,0.100520054665
HEALTH CARE,0.067919238165
INDUSTRIALS,0.056336413834
MATERIALS,0.003526757858
REAL ESTATE,0.005515815463
TECHNOLOGY,0.488380591298
UTILITIES,0.004750942647
