SECTOR,WEIGHT
COMMUNICATION SERVICES,0.170011406993
CONSUMER DISCRETIONARY,0.091947286691
CONSUMER STAPLES,0.010728038303
FINANCIALS,0.089747979292
HEALTH CARE,0.056065868651
INDUSTRIALS,0.065170240698
MATERIALS,0.003560187031
REAL ESTATE,0.005950322771
TECHNOLOGY,0.502743660458
UTILITIES,0.004075009113
