SECTOR,WEIGHT
COMMUNICATION SERVICES,0.161674608913
CONSUMER DISCRETIONARY,0.094789025761
CONSUMER STAPLES,0.010974960714
FINANCIALS,0.098512519388
HEALTH CARE,0.068244387797
INDUSTRIALS,0.068900189692
MATERIALS,0.003784551987
REAL ESTATE,0.006321497248
TECHNOLOGY,0.482152346374
UTILITIES,0.004645912126
