SECTOR,WEIGHT
COMMUNICATION SERVICES,0.103460446565
CONSUMER DISCRETIONARY,0.106663277232
CONSUMER STAPLES,0.048205408456
ENERGY,0.030028137624
FINANCIALS,0.131646877858
HEALTH CARE,0.097388425729
INDUSTRIALS,0.095906226341
MATERIALS,0.022477794079
REAL ESTATE,0.020869395912
TECHNOLOGY,0.321057562433
UTILITIES,0.022296447772
