SECTOR,WEIGHT
COMMUNICATION SERVICES,0.10616858185
CONSUMER DISCRETIONARY,0.103446475653
CONSUMER STAPLES,0.052227545168
ENERGY,0.033606489092
FINANCIALS,0.133850883208
HEALTH CARE,0.097662076543
INDUSTRIALS,0.098941432058
MATERIALS,0.023617567443
REAL ESTATE,0.021209290051
TECHNOLOGY,0.306830364505
UTILITIES,0.022439294429
