SECTOR,WEIGHT
COMMUNICATION SERVICES,0.099832451909
CONSUMER DISCRETIONARY,0.100217564727
CONSUMER STAPLES,0.051842557021
ENERGY,0.034915040092
FINANCIALS,0.129438789309
HEALTH CARE,0.098032304542
INDUSTRIALS,0.102554611592
MATERIALS,0.024473637083
REAL ESTATE,0.021843726044
TECHNOLOGY,0.313176573984
UTILITIES,0.023672743696
