SECTOR,WEIGHT
COMMUNICATION SERVICES,0.019938225707
CONSUMER DISCRETIONARY,0.053567602114
CONSUMER STAPLES,0.016516583873
ENERGY,0.06278973964
FINANCIALS,0.192962530152
HEALTH CARE,0.28457063503
INDUSTRIALS,0.131382340812
MATERIALS,0.043231442203
REAL ESTATE,0.02626518087
TECHNOLOGY,0.162219560479
UTILITIES,0.00655615912
