SECTOR,WEIGHT
COMMUNICATION SERVICES,0.019286603069
CONSUMER DISCRETIONARY,0.051638324347
CONSUMER STAPLES,0.014620489423
ENERGY,0.059518871837
FINANCIALS,0.181459975114
HEALTH CARE,0.284840315222
INDUSTRIALS,0.128784736624
MATERIALS,0.041891331398
REAL ESTATE,0.024160099544
TECHNOLOGY,0.187577768561
UTILITIES,0.005806719204
