SECTOR,WEIGHT
COMMUNICATION SERVICES,0.019468034046
CONSUMER DISCRETIONARY,0.05533094522
CONSUMER STAPLES,0.017581741102
ENERGY,0.058225243828
FINANCIALS,0.202425462881
HEALTH CARE,0.282327828631
INDUSTRIALS,0.13692906747
MATERIALS,0.04483933833
REAL ESTATE,0.026005941466
TECHNOLOGY,0.150278392365
UTILITIES,0.006588004662
