SECTOR,WEIGHT
COMMUNICATION SERVICES,0.020220767961
CONSUMER DISCRETIONARY,0.053321789781
CONSUMER STAPLES,0.016763759106
ENERGY,0.062267268032
FINANCIALS,0.192559002045
HEALTH CARE,0.285825385178
INDUSTRIALS,0.129723099936
MATERIALS,0.045954168008
REAL ESTATE,0.026255330512
TECHNOLOGY,0.160414505405
UTILITIES,0.006694924036
