SECTOR,WEIGHT
COMMUNICATION SERVICES,0.019771232461
CONSUMER DISCRETIONARY,0.056232008509
CONSUMER STAPLES,0.017449122768
ENERGY,0.061256534943
FINANCIALS,0.196981696269
HEALTH CARE,0.284159482909
INDUSTRIALS,0.137984698684
MATERIALS,0.045602200561
REAL ESTATE,0.025678339256
TECHNOLOGY,0.148290532781
UTILITIES,0.00659415086
