SECTOR,WEIGHT
COMMUNICATION SERVICES,0.021416949268
CONSUMER DISCRETIONARY,0.054552172029
CONSUMER STAPLES,0.016677988644
ENERGY,0.060784366686
FINANCIALS,0.192920548792
HEALTH CARE,0.282593283717
INDUSTRIALS,0.133251556542
MATERIALS,0.04591263907
REAL ESTATE,0.025989729106
TECHNOLOGY,0.159193981159
UTILITIES,0.006706784987
