SECTOR,WEIGHT
COMMUNICATION SERVICES,0.024154403944
CONSUMER DISCRETIONARY,0.056400282499
CONSUMER STAPLES,0.015852455319
ENERGY,0.053323279606
FINANCIALS,0.196629088613
HEALTH CARE,0.302235808363
INDUSTRIALS,0.123744159288
MATERIALS,0.04111749768
REAL ESTATE,0.026886996526
TECHNOLOGY,0.153003345651
UTILITIES,0.006652682511
