SECTOR,WEIGHT
COMMUNICATION SERVICES,0.01998489707
CONSUMER DISCRETIONARY,0.050500170299
CONSUMER STAPLES,0.015136503477
ENERGY,0.060610074532
FINANCIALS,0.184985068024
HEALTH CARE,0.279958068231
INDUSTRIALS,0.129248717324
MATERIALS,0.041242640066
REAL ESTATE,0.025058480527
TECHNOLOGY,0.187446331454
UTILITIES,0.005829048995
