SECTOR,WEIGHT
COMMUNICATION SERVICES,0.018813174054
CONSUMER DISCRETIONARY,0.052339587385
CONSUMER STAPLES,0.015848325275
ENERGY,0.058510703733
FINANCIALS,0.194177346045
HEALTH CARE,0.291914615515
INDUSTRIALS,0.129133673278
MATERIALS,0.041808505321
REAL ESTATE,0.024906990762
TECHNOLOGY,0.1660665822
UTILITIES,0.006480496431
