SECTOR,WEIGHT
COMMUNICATION SERVICES,0.024855898795
CONSUMER DISCRETIONARY,0.060106986425
CONSUMER STAPLES,0.015781447543
ENERGY,0.055402724284
FINANCIALS,0.203958746683
HEALTH CARE,0.288087437443
INDUSTRIALS,0.128354414536
MATERIALS,0.03486725533
REAL ESTATE,0.028389344863
TECHNOLOGYQ,0.153254461919
UTILITIES,0.006941282179
