SECTOR,WEIGHT
COMMUNICATION SERVICES,0.025394909629
CONSUMER DISCRETIONARY,0.059120447202
CONSUMER STAPLES,0.016268578356
ENERGY,0.052876972486
FINANCIALS,0.213480239924
HEALTH CARE,0.287346525743
INDUSTRIALS,0.126865461094
MATERIALS,0.036906088796
REAL ESTATE,0.028392354827
TECHNOLOGY,0.146433996689
UTILITIES,0.006914425254
