SECTOR,WEIGHT
COMMUNICATION SERVICES,0.082157078934
CONSUMER DISCRETIONARY,0.071149190575
CONSUMER STAPLES,0.071224402623
ENERGY,0.067814461528
FINANCIALS,0.199804623013
HEALTH CARE,0.111753218475
INDUSTRIALS,0.134897138472
MATERIALS,0.043911478021
REAL ESTATE,0.039953629615
TECHNOLOGY,0.1328411067
UTILITIES,0.044493672044
