SECTOR,WEIGHT
COMMUNICATION SERVICES,0.081089184666
CONSUMER DISCRETIONARY,0.071399265582
CONSUMER STAPLES,0.075640700817
ENERGY,0.068214292528
FINANCIALS,0.200458907685
HEALTH CARE,0.117474689559
INDUSTRIALS,0.138512641002
MATERIALS,0.044035863096
REAL ESTATE,0.039957326579
TECHNOLOGY,0.117676043227
UTILITIES,0.04554108526
