SECTOR,WEIGHT
COMMUNICATION SERVICES,0.0794020682
CONSUMER DISCRETIONARY,0.068666320576
CONSUMER STAPLES,0.074612713355
ENERGY,0.074093745055
FINANCIALS,0.198835691188
HEALTH CARE,0.116019832769
INDUSTRIALS,0.135482960218
MATERIALS,0.04473521347
REAL ESTATE,0.039471079604
TECHNOLOGY,0.122069648712
UTILITIES,0.046610726853
