SECTOR,WEIGHT
COMMUNICATION SERVICES,0.078657109233
CONSUMER DISCRETIONARY,0.069755918398
CONSUMER STAPLES,0.074797906464
ENERGY,0.077738817285
FINANCIALS,0.198737665047
HEALTH CARE,0.116798683533
INDUSTRIALS,0.13522913617
MATERIALS,0.043624808984
REAL ESTATE,0.038872302161
TECHNOLOGY,0.119575528253
UTILITIES,0.046212124472
