SECTOR,WEIGHT
COMMUNICATION SERVICES,0.084342439009
CONSUMER DISCRETIONARY,0.075510422915
CONSUMER STAPLES,0.074366868686
ENERGY,0.057843901303
FINANCIALS,0.217522071175
HEALTH CARE,0.125879099342
INDUSTRIALS,0.130165644197
MATERIALS,0.039869420753
REAL ESTATE,0.039887548102
TECHNOLOGY,0.108809024667
UTILITIES,0.045803559851
