SECTOR,WEIGHT
COMMUNICATION SERVICES,0.084492661819
CONSUMER DISCRETIONARY,0.07410929584
CONSUMER STAPLES,0.072320344303
ENERGY,0.057072540441
FINANCIALS,0.221355838369
HEALTH CARE,0.122152825182
INDUSTRIALS,0.130844037794
MATERIALS,0.04078432834
REAL ESTATE,0.038951095725
TECHNOLOGY,0.114398601363
UTILITIES,0.043518430823
