SECTOR,WEIGHT
COMMUNICATION SERVICES,0.082951085163
CONSUMER DISCRETIONARY,0.07284223198
CONSUMER STAPLES,0.077155299853
ENERGY,0.063586830133
FINANCIALS,0.208428563574
HEALTH CARE,0.117918275
INDUSTRIALS,0.138042392523
MATERIALS,0.043316890082
REAL ESTATE,0.038202865306
TECHNOLOGY,0.115385924341
UTILITIES,0.042169642044
