SECTOR,WEIGHT
COMMUNICATION SERVICES,0.085728643216
CONSUMER DISCRETIONARY,0.069346733668
CONSUMER STAPLES,0.071055276382
ENERGY,0.064824120603
FINANCIALS,0.192361809045
HEALTH CARE,0.106633165829
INDUSTRIALS,0.13175879397
MATERIALS,0.041206030151
REAL ESTATE,0.039396984925
TECHNOLOGY,0.155577889447
UTILITIES,0.042110552764
