SECTOR,WEIGHT
COMMUNICATION SERVICES,0.079204850946
CONSUMER DISCRETIONARY,0.071131351277
CONSUMER STAPLES,0.076535063463
ENERGY,0.065659469303
FINANCIALS,0.201936391056
HEALTH CARE,0.11845877154
INDUSTRIALS,0.141552188732
MATERIALS,0.044926761864
REAL ESTATE,0.039234449693
TECHNOLOGY,0.117294349057
UTILITIES,0.044066353069
