SECTOR,WEIGHT
COMMUNICATION SERVICES,0.122717317845
CONSUMER DISCRETIONARY,0.129605438941
CONSUMER STAPLES,0.029435353888
ENERGY,0.004339513874
FINANCIALS,0.057717090387
HEALTH CARE,0.079727749088
INDUSTRIALS,0.066530257678
MATERIALS,0.003601081071
REAL ESTATE,0.004434041611
TECHNOLOGY,0.498938265947
UTILITIES,0.00295388967
