SECTOR,WEIGHT
COMMUNICATION SERVICES,0.120079148536
CONSUMER DISCRETIONARY,0.129925314297
CONSUMER STAPLES,0.029034379766
ENERGY,0.003962153803
FINANCIALS,0.06042961246
HEALTH CARE,0.084184730606
INDUSTRIALS,0.068335416677
MATERIALS,0.003937796671
REAL ESTATE,0.004578695231
TECHNOLOGY,0.492343346251
UTILITIES,0.003189405702
