SECTOR,WEIGHT
COMMUNICATION SERVICES,0.118678785631
CONSUMER DISCRETIONARY,0.135520334311
CONSUMER STAPLES,0.02360535019
ENERGY,0.002806257871
FINANCIALS,0.061184056109
HEALTH CARE,0.077985044227
INDUSTRIALS,0.056147549557
MATERIALS,0.003239131231
REAL ESTATE,0.004011750229
TECHNOLOGY,0.514065882085
UTILITIES,0.002755858559
