SECTOR,WEIGHT
COMMUNICATION SERVICES,0.127746941498
CONSUMER DISCRETIONARY,0.131914225034
CONSUMER STAPLES,0.02652290123
ENERGY,0.003845935781
FINANCIALS,0.056339547376
HEALTH CARE,0.072130056424
INDUSTRIALS,0.064217088292
MATERIALS,0.003441144954
REAL ESTATE,0.004225941373
TECHNOLOGY,0.506644060255
UTILITIES,0.002972157782
