SECTOR,WEIGHT
COMMUNICATION SERVICES,0.136508137387
CONSUMER DISCRETIONARY,0.116567989704
FINANCIALS,0.048870496338
HEALTH CARE,0.054786331142
INDUSTRIALS,0.125462634908
TECHNOLOGY,0.517804410521
