SECTOR,WEIGHT
COMMUNICATION SERVICES,0.182471565445
CONSUMER DISCRETIONARY,0.035931805955
FINANCIALS,0.066831167432
HEALTH CARE,0.090898902605
INDUSTRIALS,0.042251567335
TECHNOLOGY,0.581614991228
