SECTOR,WEIGHT
COMMUNICATION SERVICES,0.133619761735
CONSUMER DISCRETIONARY,0.119606856387
FINANCIALS,0.054664039176
HEALTH CARE,0.061773646977
INDUSTRIALS,0.121608617794
TECHNOLOGY,0.508727077931
