SECTOR,WEIGHT
COMMUNICATION SERVICES,0.128169014085
CONSUMER DISCRETIONARY,0.124044265594
FINANCIALS,0.05583501006
HEALTH CARE,0.061971830986
INDUSTRIALS,0.122434607646
TECHNOLOGY,0.50754527163
