SECTOR,WEIGHT
COMMUNICATION SERVICES,0.183034161809
CONSUMER DISCRETIONARY,0.03428281106
FINANCIALS,0.069056718652
HEALTH CARE,0.093995168191
INDUSTRIALS,0.042079217062
TECHNOLOGY,0.577551923225
