SECTOR,WEIGHT
COMMUNICATION SERVICES,0.182262216614
CONSUMER DISCRETIONARY,0.03353612075
FINANCIALS,0.066632482266
HEALTH CARE,0.091054144407
INDUSTRIALS,0.041861928896
TECHNOLOGY,0.584653107067
