SECTOR,WEIGHT
COMMUNICATION SERVICES,0.179536762152
CONSUMER DISCRETIONARY,0.031967956522
FINANCIALS,0.068589796754
HEALTH CARE,0.08758280886
INDUSTRIALS,0.043453560065
TECHNOLOGY,0.588869115646
