SECTOR,WEIGHT
COMMUNICATION SERVICES,0.186336744298
CONSUMER DISCRETIONARY,0.035602092772
FINANCIALS,0.065186439297
HEALTH CARE,0.09515935004
INDUSTRIALS,0.043448343431
TECHNOLOGY,0.574267030163
