SECTOR,WEIGHT
COMMUNICATION SERVICES,0.132522267044
CONSUMER DISCRETIONARY,0.118936869329
FINANCIALS,0.054839119693
HEALTH CARE,0.062231973148
INDUSTRIALS,0.119016244227
TECHNOLOGY,0.512453526559
