SECTOR,WEIGHT
COMMUNICATION SERVICES,0.117602914056
CONSUMER DISCRETIONARY,0.102163072968
CONSUMER STAPLES,0.046097573216
ENERGY,0.02222514101
FINANCIALS,0.131732679966
HEALTH CARE,0.094737918217
INDUSTRIALS,0.067707848664
MATERIALS,0.013086083503
REAL ESTATE,0.008832557143
TECHNOLOGY,0.383217279062
UTILITIES,0.012596932194
