SECTOR,WEIGHT
COMMUNICATION SERVICES,0.1206281379
CONSUMER DISCRETIONARY,0.101435434336
CONSUMER STAPLES,0.047157741527
ENERGY,0.021584627676
FINANCIALS,0.128695777856
HEALTH CARE,0.099079420519
INDUSTRIALS,0.066429413939
MATERIALS,0.012992646573
REAL ESTATE,0.009163733492
TECHNOLOGY,0.379544382611
UTILITIES,0.013288683572
