SECTOR,WEIGHT
COMMUNICATION SERVICES,0.122405946918
CONSUMER DISCRETIONARY,0.099747389035
CONSUMER STAPLES,0.049399980958
ENERGY,0.027430341873
FINANCIALS,0.120853574991
HEALTH CARE,0.086168149883
INDUSTRIALS,0.071398276577
MATERIALS,0.014347297752
REAL ESTATE,0.009852053004
TECHNOLOGY,0.38533919282
UTILITIES,0.013057796189
