SECTOR,WEIGHT
COMMUNICATION SERVICES,0.118949688945
CONSUMER DISCRETIONARY,0.102949650572
CONSUMER STAPLES,0.046159739205
ENERGY,0.021820895845
FINANCIALS,0.132161141774
HEALTH CARE,0.096637756965
INDUSTRIALS,0.067345834738
MATERIALS,0.013462768159
REAL ESTATE,0.008866218254
TECHNOLOGY,0.379020883428
UTILITIES,0.012625422116
