SECTOR,WEIGHT
COMMUNICATION SERVICES,0.119750248768
CONSUMER DISCRETIONARY,0.104398406471
CONSUMER STAPLES,0.048458756336
ENERGY,0.023419576764
FINANCIALS,0.127716502186
HEALTH CARE,0.096890247543
INDUSTRIALS,0.071156037213
MATERIALS,0.014389213328
REAL ESTATE,0.009154113056
TECHNOLOGY,0.371926500938
UTILITIES,0.012740397398
