SECTOR,WEIGHT
COMMUNICATION SERVICES,0.118336591539
CONSUMER DISCRETIONARY,0.105799486453
CONSUMER STAPLES,0.047238567795
ENERGY,0.02195262752
FINANCIALS,0.133495161466
HEALTH CARE,0.0969731852
INDUSTRIALS,0.067550390299
MATERIALS,0.013454257772
REAL ESTATE,0.00885147542
TECHNOLOGY,0.373513453599
UTILITIES,0.012834802937
