SECTOR,WEIGHT
COMMUNICATION SERVICES,0.120327810961
CONSUMER DISCRETIONARY,0.102358206766
CONSUMER STAPLES,0.046531489344
ENERGY,0.022118290684
FINANCIALS,0.129441006486
HEALTH CARE,0.095570090032
INDUSTRIALS,0.066867434571
MATERIALS,0.012891594244
REAL ESTATE,0.009007924943
TECHNOLOGY,0.38200894366
UTILITIES,0.012877208311
