SECTOR,WEIGHT
COMMUNICATION SERVICES,0.115681439569
CONSUMER DISCRETIONARY,0.098841948306
CONSUMER STAPLES,0.052832428275
ENERGY,0.032111424928
FINANCIALS,0.12696918235
HEALTH CARE,0.097667372372
INDUSTRIALS,0.075683380925
MATERIALS,0.015402661022
REAL ESTATE,0.010045228978
TECHNOLOGY,0.360410663799
UTILITIES,0.014354269474
