SECTOR,WEIGHT
COMMUNICATION SERVICES,0.121530216919
CONSUMER DISCRETIONARY,0.098058934364
CONSUMER STAPLES,0.051983415871
ENERGY,0.029607256005
FINANCIALS,0.123202577409
HEALTH CARE,0.095929645447
INDUSTRIALS,0.075435886311
MATERIALS,0.014979645125
REAL ESTATE,0.010168929991
TECHNOLOGY,0.364920755947
UTILITIES,0.014182736611
