SECTOR,WEIGHT
COMMUNICATION SERVICES,0.18402575924
CONSUMER DISCRETIONARY,0.108881257543
FINANCIALS,0.041253958923
HEALTH CARE,0.068231233486
INDUSTRIALS,0.104218961464
MATERIALS,0.010127553399
TECHNOLOGY,0.483261275945
