SECTOR,WEIGHT
COMMUNICATION SERVICES,0.180440877409
CONSUMER DISCRETIONARY,0.108894393262
FINANCIALS,0.029198670668
HEALTH CARE,0.073566484665
INDUSTRIALS,0.128041057301
TECHNOLOGY,0.479858516694
