SECTOR,WEIGHT
COMMUNICATION SERVICES,0.170047740204
CONSUMER DISCRETIONARY,0.019887796451
FINANCIALS,0.057786140519
HEALTH CARE,0.087820444686
INDUSTRIALS,0.103081711975
TECHNOLOGY,0.561376166165
