SECTOR,WEIGHT
COMMUNICATION SERVICES,0.159337646682
CONSUMER DISCRETIONARY,0.018161813492
FINANCIALS,0.090599915957
HEALTH CARE,0.070527101145
INDUSTRIALS,0.063692340298
MATERIALS,0.013269757078
TECHNOLOGY,0.584411425348
