SECTOR,WEIGHT
COMMUNICATION SERVICES,0.15596959598
CONSUMER DISCRETIONARY,0.017499558946
FINANCIALS,0.088110464624
HEALTH CARE,0.080987223393
INDUSTRIALS,0.080972803615
TECHNOLOGY,0.576460353442
