SECTOR,WEIGHT
COMMUNICATION SERVICES,0.15725755289
CONSUMER DISCRETIONARY,0.109532598743
FINANCIALS,0.037265944196
HEALTH CARE,0.06633528376
INDUSTRIALS,0.118121782477
TECHNOLOGY,0.511486837934
