SECTOR,WEIGHT
COMMUNICATION SERVICES,0.159420214884
CONSUMER DISCRETIONARY,0.020374150088
FINANCIALS,0.06422495504
HEALTH CARE,0.083910968278
INDUSTRIALS,0.124711248842
TECHNOLOGY,0.547358462868
