SECTOR,WEIGHT
COMMUNICATION SERVICES,0.151763958984
CONSUMER DISCRETIONARY,0.019735888297
FINANCIALS,0.070393907288
HEALTH CARE,0.092810952978
INDUSTRIALS,0.105401146289
TECHNOLOGY,0.559894146165
