SECTOR,WEIGHT
COMMUNICATION SERVICES,0.163038685247
CONSUMER DISCRETIONARY,0.017309494928
CONSUMER STAPLES,0.018708669219
FINANCIALS,0.06399595216
HEALTH CARE,0.067707072821
INDUSTRIALS,0.128468312439
TECHNOLOGY,0.540771813186
