SECTOR,WEIGHT
COMMUNICATION SERVICES,0.026370460447
CONSUMER DISCRETIONARY,0.089062395605
CONSUMER STAPLES,0.019018445911
ENERGY,0.062976150629
FINANCIALS,0.167861149426
HEALTH CARE,0.171385387487
INDUSTRIALS,0.182133664979
MATERIALS,0.048528755843
REAL ESTATE,0.057623671536
TECHNOLOGY,0.144058742049
UTILITIES,0.030981176089
