SECTOR,WEIGHT
COMMUNICATION SERVICES,0.026101746346
CONSUMER DISCRETIONARY,0.091454389839
CONSUMER STAPLES,0.018704370392
ENERGY,0.051704338923
FINANCIALS,0.172105788481
HEALTH CARE,0.181576194263
INDUSTRIALS,0.173001569963
MATERIALS,0.042145210845
REAL ESTATE,0.057461587086
TECHNOLOGY,0.153143102024
UTILITIES,0.032601701838
