SECTOR,WEIGHT
COMMUNICATION SERVICES,0.025989915649
CONSUMER DISCRETIONARY,0.094404797735
CONSUMER STAPLES,0.019058644198
ENERGY,0.049485434475
FINANCIALS,0.172246535228
HEALTH CARE,0.184874116453
INDUSTRIALS,0.171151460489
MATERIALS,0.041845214954
REAL ESTATE,0.059565598562
TECHNOLOGY,0.148271928422
UTILITIES,0.033106353833
