SECTOR,WEIGHT
COMMUNICATION SERVICES,0.024520073452
CONSUMER DISCRETIONARY,0.090498893811
CONSUMER STAPLES,0.019473003467
ENERGY,0.059358345801
FINANCIALS,0.168365815544
HEALTH CARE,0.17126520708
INDUSTRIALS,0.185924152099
MATERIALS,0.050159333955
REAL ESTATE,0.056955240581
TECHNOLOGY,0.143309133826
UTILITIES,0.030170800383
