SECTOR,WEIGHT
COMMUNICATION SERVICES,0.027554264981
CONSUMER DISCRETIONARY,0.094239513436
CONSUMER STAPLES,0.019496083203
ENERGY,0.047862970533
FINANCIALS,0.179416386465
HEALTH CARE,0.180625895212
INDUSTRIALS,0.171417405665
MATERIALS,0.044490812369
REAL ESTATE,0.059273528264
TECHNOLOGY,0.144965860348
UTILITIES,0.030657279525
