SECTOR,WEIGHT
COMMUNICATION SERVICES,0.026458564954
CONSUMER DISCRETIONARY,0.092448785466
CONSUMER STAPLES,0.018223570135
ENERGY,0.049809186312
FINANCIALS,0.173315823639
HEALTH CARE,0.180889171303
INDUSTRIALS,0.176856239152
MATERIALS,0.046586831038
REAL ESTATE,0.056869232841
TECHNOLOGY,0.148421548311
UTILITIES,0.030121046848
