SECTOR,WEIGHT
COMMUNICATION SERVICES,0.026231869149
CONSUMER DISCRETIONARY,0.08116448925
CONSUMER STAPLES,0.016870692316
ENERGY,0.061207694682
FINANCIALS,0.16171175805
HEALTH CARE,0.163357679251
INDUSTRIALS,0.191544079827
MATERIALS,0.040839419813
REAL ESTATE,0.053389568974
TECHNOLOGY,0.174879127662
UTILITIES,0.028700750952
