SECTOR,WEIGHT
COMMUNICATION SERVICES,0.024328033472
CONSUMER DISCRETIONARY,0.092556172859
CONSUMER STAPLES,0.020131032986
ENERGY,0.055094628982
FINANCIALS,0.177376517527
HEALTH CARE,0.173555462802
INDUSTRIALS,0.185797312091
MATERIALS,0.048356204435
REAL ESTATE,0.057609046291
TECHNOLOGY,0.134371582991
UTILITIES,0.030824005565
