SECTOR,WEIGHT
COMMUNICATION SERVICES,0.026375006047
CONSUMER DISCRETIONARY,0.092111663384
CONSUMER STAPLES,0.018458655822
ENERGY,0.050687313972
FINANCIALS,0.16992472087
HEALTH CARE,0.176628324036
INDUSTRIALS,0.182754970784
MATERIALS,0.048579397874
REAL ESTATE,0.055843530575
TECHNOLOGY,0.148848052941
UTILITIES,0.029788363695
