SECTOR,WEIGHT
COMMUNICATION SERVICES,0.026395877317
CONSUMER DISCRETIONARY,0.0891604223
CONSUMER STAPLES,0.018366962959
ENERGY,0.051922224572
FINANCIALS,0.17082529713
HEALTH CARE,0.179038369797
INDUSTRIALS,0.182182174288
MATERIALS,0.050717655293
REAL ESTATE,0.054823579666
TECHNOLOGY,0.147067585607
UTILITIES,0.029499851071
