SECTOR,WEIGHT
COMMUNICATION SERVICES,0.030162857627
CONSUMER DISCRETIONARY,0.099184459195
CONSUMER STAPLES,0.015837865323
ENERGY,0.072464035066
FINANCIALS,0.258195286792
HEALTH CARE,0.105743836382
INDUSTRIALS,0.127491222056
MATERIALS,0.057210323308
REAL ESTATE,0.09598778726
TECHNOLOGY,0.079953110797
UTILITIES,0.057769216193
