SECTOR,WEIGHT
COMMUNICATION SERVICES,0.030407213523
CONSUMER DISCRETIONARY,0.0989303248
CONSUMER STAPLES,0.016037089304
ENERGY,0.073244457265
FINANCIALS,0.25259389522
HEALTH CARE,0.103980229732
INDUSTRIALS,0.130030168752
MATERIALS,0.059962836666
REAL ESTATE,0.094184921867
TECHNOLOGY,0.083576850415
UTILITIES,0.057052012458
