SECTOR,WEIGHT
COMMUNICATION SERVICES,0.029903798251
CONSUMER DISCRETIONARY,0.089355629573
CONSUMER STAPLES,0.016186163226
ENERGY,0.094961132053
FINANCIALS,0.244688765247
HEALTH CARE,0.103734789203
INDUSTRIALS,0.126028714277
MATERIALS,0.056686022287
REAL ESTATE,0.096249527838
TECHNOLOGY,0.082511569221
UTILITIES,0.059693888824
