SECTOR,WEIGHT
COMMUNICATION SERVICES,0.030570393809
CONSUMER DISCRETIONARY,0.094899367275
CONSUMER STAPLES,0.015875145617
ENERGY,0.074268868529
FINANCIALS,0.25405511524
HEALTH CARE,0.106127866629
INDUSTRIALS,0.1305018523
MATERIALS,0.062479447432
REAL ESTATE,0.092232866147
TECHNOLOGY,0.082480828848
UTILITIES,0.056508248176
