SECTOR,WEIGHT
COMMUNICATION SERVICES,0.028471219311
CONSUMER DISCRETIONARY,0.087889416134
CONSUMER STAPLES,0.015576645348
ENERGY,0.092118836394
FINANCIALS,0.246956880545
HEALTH CARE,0.105322880132
INDUSTRIALS,0.128636269858
MATERIALS,0.04714256241
REAL ESTATE,0.090880957293
TECHNOLOGY,0.099855580772
UTILITIES,0.057045595214
