SECTOR,WEIGHT
COMMUNICATION SERVICES,0.027240625656
CONSUMER DISCRETIONARY,0.087721720742
CONSUMER STAPLES,0.016093898189
ENERGY,0.102519014125
FINANCIALS,0.245204812075
HEALTH CARE,0.106379266021
INDUSTRIALS,0.126449841484
MATERIALS,0.055578166041
REAL ESTATE,0.091240713928
TECHNOLOGY,0.083869369156
UTILITIES,0.057702572583
