SECTOR,WEIGHT
COMMUNICATION SERVICES,0.030280114469
CONSUMER DISCRETIONARY,0.091389786641
CONSUMER STAPLES,0.015798795861
ENERGY,0.092353619235
FINANCIALS,0.244917269738
HEALTH CARE,0.103247732458
INDUSTRIALS,0.129042078871
MATERIALS,0.057318420281
REAL ESTATE,0.094925124684
TECHNOLOGY,0.082318816248
UTILITIES,0.058408241515
