SECTOR,WEIGHT
COMMUNICATION SERVICES,0.02306770157
CONSUMER DISCRETIONARY,0.079980304349
CONSUMER STAPLES,0.019197943547
ENERGY,0.035179673333
FINANCIALS,0.094083009072
HEALTH CARE,0.234478091074
INDUSTRIALS,0.230871158062
MATERIALS,0.040910118776
REAL ESTATE,0.020131066135
TECHNOLOGY,0.217547886207
UTILITIES,0.004553047876
