SECTOR,WEIGHT
COMMUNICATION SERVICES,0.024374252582
CONSUMER DISCRETIONARY,0.087881146748
CONSUMER STAPLES,0.021360005379
ENERGY,0.028107118651
FINANCIALS,0.095745626259
HEALTH CARE,0.257607795102
INDUSTRIALS,0.212979972986
MATERIALS,0.032792414447
REAL ESTATE,0.02162266379
TECHNOLOGY,0.212262427251
UTILITIES,0.005266576805
