SECTOR,WEIGHT
COMMUNICATION SERVICES,0.02140936198
CONSUMER DISCRETIONARY,0.088513160957
CONSUMER STAPLES,0.022387719166
ENERGY,0.033306893392
FINANCIALS,0.093417816513
HEALTH CARE,0.239605277243
INDUSTRIALS,0.239782991649
MATERIALS,0.039848029373
REAL ESTATE,0.02186399557
TECHNOLOGY,0.195135430258
UTILITIES,0.004729323898
