SECTOR,WEIGHT
COMMUNICATION SERVICES,0.022672232796
CONSUMER DISCRETIONARY,0.086759675211
CONSUMER STAPLES,0.022241280044
ENERGY,0.035011883475
FINANCIALS,0.093391134822
HEALTH CARE,0.23669312417
INDUSTRIALS,0.233061767814
MATERIALS,0.040262117342
REAL ESTATE,0.022189164994
TECHNOLOGY,0.202878621667
UTILITIES,0.004838997665
