SECTOR,WEIGHT
COMMUNICATION SERVICES,0.023754081028
CONSUMER DISCRETIONARY,0.08634110192
CONSUMER STAPLES,0.021110493851
ENERGY,0.02875391165
FINANCIALS,0.09664152814
HEALTH CARE,0.25639501579
INDUSTRIALS,0.210986944954
MATERIALS,0.035395382283
REAL ESTATE,0.021733855679
TECHNOLOGY,0.213952847768
UTILITIES,0.004934836938
