SECTOR,WEIGHT
COMMUNICATION SERVICES,0.023390406146
CONSUMER DISCRETIONARY,0.085588160792
CONSUMER STAPLES,0.020935760646
ENERGY,0.028318211779
FINANCIALS,0.096280196746
HEALTH CARE,0.25640525444
INDUSTRIALS,0.212379638537
MATERIALS,0.035754362636
REAL ESTATE,0.021352419367
TECHNOLOGY,0.21458796515
UTILITIES,0.005007623761
