SECTOR,WEIGHT
COMMUNICATION SERVICES,0.024368045729
CONSUMER DISCRETIONARY,0.084364544824
CONSUMER STAPLES,0.020798408583
ENERGY,0.029852228521
FINANCIALS,0.094785336292
HEALTH CARE,0.252443983412
INDUSTRIALS,0.215061715769
MATERIALS,0.033022596355
REAL ESTATE,0.020876392076
TECHNOLOGY,0.218990145683
UTILITIES,0.005436602757
