SECTOR,WEIGHT
COMMUNICATION SERVICES,0.049535530796
CONSUMER DISCRETIONARY,0.213215218745
CONSUMER STAPLES,0.016857516231
ENERGY,0.037040622686
FINANCIALS,0.080255715796
HEALTH CARE,0.147227758292
INDUSTRIALS,0.248501688504
MATERIALS,0.006733268157
REAL ESTATE,0.013490578983
TECHNOLOGY,0.157177855597
UTILITIES,0.029964246214
