SECTOR,WEIGHT
COMMUNICATION SERVICES,0.057762564767
CONSUMER DISCRETIONARY,0.218510527634
CONSUMER STAPLES,0.01702118297
ENERGY,0.029760200868
FINANCIALS,0.091872259499
HEALTH CARE,0.153595167877
INDUSTRIALS,0.217994419933
MATERIALS,0.006029346591
REAL ESTATE,0.012968725004
TECHNOLOGY,0.166286823065
UTILITIES,0.028198781793
