SECTOR,WEIGHT
COMMUNICATION SERVICES,0.050355340028
CONSUMER DISCRETIONARY,0.213524778625
CONSUMER STAPLES,0.017637580245
ENERGY,0.035101495962
FINANCIALS,0.084456296947
HEALTH CARE,0.151001675589
INDUSTRIALS,0.235731776369
MATERIALS,0.006681657181
REAL ESTATE,0.01313675078
TECHNOLOGY,0.161160083097
UTILITIES,0.031212565176
