SECTOR,WEIGHT
COMMUNICATION SERVICES,0.059728699446
CONSUMER DISCRETIONARY,0.218508933695
CONSUMER STAPLES,0.016632094786
ENERGY,0.026899344255
FINANCIALS,0.093946720773
HEALTH CARE,0.152976888584
INDUSTRIALS,0.21579463307
MATERIALS,0.005760075218
REAL ESTATE,0.012598058139
TECHNOLOGY,0.167377647857
UTILITIES,0.029776904177
