SECTOR,WEIGHT
COMMUNICATION SERVICES,0.051085420682
CONSUMER DISCRETIONARY,0.211355630083
CONSUMER STAPLES,0.015887936556
ENERGY,0.036539506589
FINANCIALS,0.083273172728
HEALTH CARE,0.141573469737
INDUSTRIALS,0.245210845674
MATERIALS,0.00637211594
REAL ESTATE,0.013353077271
TECHNOLOGY,0.164268661804
UTILITIES,0.031080162935
