SECTOR,WEIGHT
COMMUNICATION SERVICES,0.052551845816
CONSUMER DISCRETIONARY,0.209896421917
CONSUMER STAPLES,0.017727058105
ENERGY,0.037870168218
FINANCIALS,0.083150418383
HEALTH CARE,0.146650329846
INDUSTRIALS,0.238793476427
MATERIALS,0.006515645987
REAL ESTATE,0.013304446685
TECHNOLOGY,0.163811053239
UTILITIES,0.029729135377
