SECTOR,WEIGHT
COMMUNICATION SERVICES,0.048839625426
CONSUMER DISCRETIONARY,0.209574838328
CONSUMER STAPLES,0.017806934868
ENERGY,0.042684703246
FINANCIALS,0.080923147139
HEALTH CARE,0.148636121755
INDUSTRIALS,0.239316518341
MATERIALS,0.00613404654
REAL ESTATE,0.013018431867
TECHNOLOGY,0.163505324218
UTILITIES,0.029560308272
