SECTOR,WEIGHT
COMMUNICATION SERVICES,0.059561158846
CONSUMER DISCRETIONARY,0.21136109741
CONSUMER STAPLES,0.015740475369
ENERGY,0.027412779155
FINANCIALS,0.093026271638
HEALTH CARE,0.163631669986
INDUSTRIALS,0.201184761393
MATERIALS,0.005301104626
REAL ESTATE,0.012727610282
TECHNOLOGY,0.179320929254
UTILITIES,0.030732142042
