SECTOR,WEIGHT
COMMUNICATION SERVICES,0.036621986083
CONSUMER DISCRETIONARY,0.105455212976
CONSUMER STAPLES,0.045862957825
ENERGY,0.073346137164
FINANCIALS,0.132358933872
HEALTH CARE,0.09119873323
INDUSTRIALS,0.188711784248
MATERIALS,0.056432994124
REAL ESTATE,0.066460335595
TECHNOLOGY,0.138368175921
UTILITIES,0.065182748963
