SECTOR,WEIGHT
COMMUNICATION SERVICES,0.036798550986
CONSUMER DISCRETIONARY,0.106261841794
CONSUMER STAPLES,0.04848119824
ENERGY,0.071323940207
FINANCIALS,0.133706063785
HEALTH CARE,0.092637062889
INDUSTRIALS,0.189705460638
MATERIALS,0.056120898144
REAL ESTATE,0.068182799733
TECHNOLOGY,0.131547585755
UTILITIES,0.065234597829
