SECTOR,WEIGHT
COMMUNICATION SERVICES,0.03560893255
CONSUMER DISCRETIONARY,0.110497116132
CONSUMER STAPLES,0.048502706893
ENERGY,0.063833075491
FINANCIALS,0.136234686808
HEALTH CARE,0.094955669943
INDUSTRIALS,0.194944980174
MATERIALS,0.05674302038
REAL ESTATE,0.066889122982
TECHNOLOGY,0.129598838822
UTILITIES,0.062191849825
