SECTOR,WEIGHT
COMMUNICATION SERVICES,0.036678221728
CONSUMER DISCRETIONARY,0.105692487068
CONSUMER STAPLES,0.047354239758
ENERGY,0.072255946083
FINANCIALS,0.132517889625
HEALTH CARE,0.092071435362
INDUSTRIALS,0.189730701046
MATERIALS,0.054338216467
REAL ESTATE,0.06754691964
TECHNOLOGY,0.136335488065
UTILITIES,0.065478455158
