SECTOR,WEIGHT
COMMUNICATION SERVICES,0.034273582044
CONSUMER DISCRETIONARY,0.10059650187
CONSUMER STAPLES,0.043069457082
ENERGY,0.066828429886
FINANCIALS,0.133151349712
HEALTH CARE,0.086138914164
INDUSTRIALS,0.195834597108
MATERIALS,0.050854312001
REAL ESTATE,0.067131735922
TECHNOLOGY,0.163481953291
UTILITIES,0.058639166919
