SECTOR,WEIGHT
COMMUNICATION SERVICES,0.03494548977
CONSUMER DISCRETIONARY,0.104677136192
CONSUMER STAPLES,0.043570707075
ENERGY,0.07194402996
FINANCIALS,0.134669727321
HEALTH CARE,0.085850035413
INDUSTRIALS,0.190976000021
MATERIALS,0.05450077404
REAL ESTATE,0.067334989736
TECHNOLOGY,0.150216438047
UTILITIES,0.061314672425
