SECTOR,WEIGHT
COMMUNICATION SERVICES,0.031134775075
CONSUMER DISCRETIONARY,0.075785179155
CONSUMER STAPLES,0.051153587493
ENERGY,0.081130081412
FINANCIALS,0.1492732217
HEALTH CARE,0.071297822252
INDUSTRIALS,0.174808918487
MATERIALS,0.067843070429
REAL ESTATE,0.082212970448
TECHNOLOGY,0.145075913491
UTILITIES,0.070284460059
