SECTOR,WEIGHT
COMMUNICATION SERVICES,0.032247611024
CONSUMER DISCRETIONARY,0.076607456078
CONSUMER STAPLES,0.051570531564
ENERGY,0.076305144475
FINANCIALS,0.150824357137
HEALTH CARE,0.073115947243
INDUSTRIALS,0.174701445272
MATERIALS,0.069041287265
REAL ESTATE,0.082134015303
TECHNOLOGY,0.141777494897
UTILITIES,0.071674709742
