SECTOR,WEIGHT
COMMUNICATION SERVICES,0.032879438479
CONSUMER DISCRETIONARY,0.08130417605
CONSUMER STAPLES,0.055698183021
ENERGY,0.068336200306
FINANCIALS,0.159777599594
HEALTH CARE,0.079852330245
INDUSTRIALS,0.182655491423
MATERIALS,0.069311353801
REAL ESTATE,0.082698578168
TECHNOLOGY,0.116501931398
UTILITIES,0.068880116542
