SECTOR,WEIGHT
COMMUNICATION SERVICES,0.03258636985
CONSUMER DISCRETIONARY,0.076439715686
CONSUMER STAPLES,0.055765859865
ENERGY,0.081624821928
FINANCIALS,0.147978932481
HEALTH CARE,0.076676717406
INDUSTRIALS,0.174981863987
MATERIALS,0.068233684158
REAL ESTATE,0.083206456204
TECHNOLOGY,0.127372904011
UTILITIES,0.075132674424
