SECTOR,WEIGHT
COMMUNICATION SERVICES,0.03411161162
CONSUMER DISCRETIONARY,0.083345791186
CONSUMER STAPLES,0.058111352161
ENERGY,0.069261260214
FINANCIALS,0.166614919447
HEALTH CARE,0.083159360235
INDUSTRIALS,0.179362408057
MATERIALS,0.064336025679
REAL ESTATE,0.084175605922
TECHNOLOGY,0.107793175633
UTILITIES,0.069728489847
