SECTOR,WEIGHT
COMMUNICATION SERVICES,0.036377385847
CONSUMER DISCRETIONARY,0.082338703434
CONSUMER STAPLES,0.05550766532
ENERGY,0.064924304726
FINANCIALS,0.168794833991
HEALTH CARE,0.082846034844
INDUSTRIALS,0.17871937992
MATERIALS,0.065912720945
REAL ESTATE,0.084842646124
TECHNOLOGY,0.109629582147
UTILITIES,0.070106742704
