SECTOR,WEIGHT
COMMUNICATION SERVICES,0.031705209493
CONSUMER DISCRETIONARY,0.080174776805
CONSUMER STAPLES,0.057079521325
ENERGY,0.071568045842
FINANCIALS,0.151362460554
HEALTH CARE,0.078587970463
INDUSTRIALS,0.181847021299
MATERIALS,0.070812154457
REAL ESTATE,0.082240273192
TECHNOLOGY,0.122912615751
UTILITIES,0.071709950818
