SECTOR,WEIGHT
COMMUNICATION SERVICES,0.032480818887
CONSUMER DISCRETIONARY,0.076874567672
CONSUMER STAPLES,0.054685596724
ENERGY,0.087362483316
FINANCIALS,0.147939147134
HEALTH CARE,0.075629748683
INDUSTRIALS,0.174526855849
MATERIALS,0.069468597977
REAL ESTATE,0.080733076172
TECHNOLOGY,0.126183307698
UTILITIES,0.074115799889
