SECTOR,WEIGHT
COMMUNICATION SERVICES,0.030859037425
CONSUMER DISCRETIONARY,0.081535146632
CONSUMER STAPLES,0.058483038167
ENERGY,0.071019692777
FINANCIALS,0.151054406999
HEALTH CARE,0.078033466186
INDUSTRIALS,0.182063563865
MATERIALS,0.072570389006
REAL ESTATE,0.082174866672
TECHNOLOGY,0.12123174347
UTILITIES,0.070974648802
