SECTOR,WEIGHT
COMMUNICATION SERVICES,0.033249051048
CONSUMER DISCRETIONARY,0.082247638164
CONSUMER STAPLES,0.055767320063
ENERGY,0.066704962412
FINANCIALS,0.161458472654
HEALTH CARE,0.082765348856
INDUSTRIALS,0.185082487773
MATERIALS,0.069181984868
REAL ESTATE,0.082238193091
TECHNOLOGY,0.113220998228
UTILITIES,0.068083542844
