SECTOR,WEIGHT
COMMUNICATION SERVICES,0.032010501868
CONSUMER DISCRETIONARY,0.077148338887
CONSUMER STAPLES,0.051903463597
ENERGY,0.076643441381
FINANCIALS,0.150156518227
HEALTH CARE,0.071190548319
INDUSTRIALS,0.17822881955
MATERIALS,0.063920024235
REAL ESTATE,0.081995354943
TECHNOLOGY,0.146622235686
UTILITIES,0.070180753307
