SECTOR,WEIGHT
COMMUNICATION SERVICES,0.103723859391
CONSUMER DISCRETIONARY,0.104249233142
CONSUMER STAPLES,0.046824778573
ENERGY,0.032820843202
FINANCIALS,0.131128167549
HEALTH CARE,0.0986620854
INDUSTRIALS,0.099550043024
MATERIALS,0.024140357968
REAL ESTATE,0.022158420721
TECHNOLOGY,0.311961706876
UTILITIES,0.022357910658
