SECTOR,WEIGHT
COMMUNICATION SERVICES,0.099011235089
CONSUMER DISCRETIONARY,0.104420577764
CONSUMER STAPLES,0.044884634149
ENERGY,0.030133847563
FINANCIALS,0.137234818243
HEALTH CARE,0.099335417312
INDUSTRIALS,0.095048072555
MATERIALS,0.021669896961
REAL ESTATE,0.02189508285
TECHNOLOGY,0.324113991491
UTILITIES,0.022252426023
