SECTOR,WEIGHT
COMMUNICATION SERVICES,0.099945485117
CONSUMER DISCRETIONARY,0.106115024092
CONSUMER STAPLES,0.046845926706
ENERGY,0.030965440197
FINANCIALS,0.13336921512
HEALTH CARE,0.101058487041
INDUSTRIALS,0.099974773267
MATERIALS,0.023654384157
REAL ESTATE,0.022426263399
TECHNOLOGY,0.313060401345
UTILITIES,0.02258459956
