SECTOR,WEIGHT
COMMUNICATION SERVICES,0.102011475349
CONSUMER DISCRETIONARY,0.100892790673
CONSUMER STAPLES,0.046408626619
ENERGY,0.036609186543
FINANCIALS,0.127506492535
HEALTH CARE,0.093304553857
INDUSTRIALS,0.101068628739
MATERIALS,0.024517203602
REAL ESTATE,0.023186501433
TECHNOLOGY,0.320839128313
UTILITIES,0.023655412336
