SECTOR,WEIGHT
COMMUNICATION SERVICES,0.097843993946
CONSUMER DISCRETIONARY,0.097973931307
CONSUMER STAPLES,0.049952968806
ENERGY,0.040841417642
FINANCIALS,0.129452399809
HEALTH CARE,0.099357981663
INDUSTRIALS,0.103090280104
MATERIALS,0.025522967894
REAL ESTATE,0.023470045013
TECHNOLOGY,0.307305530104
UTILITIES,0.025188483711
