SECTOR,WEIGHT
COMMUNICATION SERVICES,0.104398408001
CONSUMER DISCRETIONARY,0.100316358812
CONSUMER STAPLES,0.046229207062
ENERGY,0.034901520563
FINANCIALS,0.119910194918
HEALTH CARE,0.0865394428
INDUSTRIALS,0.100418410042
MATERIALS,0.023471782835
REAL ESTATE,0.0216348607
TECHNOLOGY,0.339626492499
UTILITIES,0.022553321768
