SECTOR,WEIGHT
COMMUNICATION SERVICES,0.101097222563
CONSUMER DISCRETIONARY,0.103720954708
CONSUMER STAPLES,0.046199962221
ENERGY,0.029713773891
FINANCIALS,0.134293156815
HEALTH CARE,0.103758976316
INDUSTRIALS,0.09320833112
MATERIALS,0.021518866034
REAL ESTATE,0.022578681684
TECHNOLOGYQ,0.32031149312
UTILITIES,0.023598581529
