SECTOR,WEIGHT
COMMUNICATION SERVICES,0.105273070017
CONSUMER DISCRETIONARY,0.070624100176
CONSUMER STAPLES,0.079880050576
ENERGY,0.054437990075
FINANCIALS,0.246041118136
HEALTH CARE,0.140294956915
INDUSTRIALS,0.109499538938
MATERIALS,0.028115203417
REAL ESTATE,0.017376586743
TECHNOLOGY,0.117367374731
UTILITIES,0.031090010278
