SECTOR,WEIGHT
COMMUNICATION SERVICES,0.106120479195
CONSUMER DISCRETIONARY,0.06848023887
CONSUMER STAPLES,0.081915815667
ENERGY,0.06468968242
FINANCIALS,0.218801349689
HEALTH CARE,0.1266043655
INDUSTRIALS,0.112346642255
MATERIALS,0.030348279872
REAL ESTATE,0.019337556706
TECHNOLOGY,0.140327650693
UTILITIES,0.031027939134
