SECTOR,WEIGHT
COMMUNICATION SERVICES,0.103915095549
CONSUMER DISCRETIONARY,0.066255383236
CONSUMER STAPLES,0.088766009954
ENERGY,0.062196886634
FINANCIALS,0.225072557378
HEALTH CARE,0.137065156688
INDUSTRIALS,0.120464625236
MATERIALS,0.031902717844
REAL ESTATE,0.018860778693
TECHNOLOGY,0.114550589894
UTILITIES,0.030950198894
