SECTOR,WEIGHT
COMMUNICATION SERVICES,0.106967329912
CONSUMER DISCRETIONARY,0.070208479406
CONSUMER STAPLES,0.080128276623
ENERGY,0.053387843252
FINANCIALS,0.24594516923
HEALTH CARE,0.140505044779
INDUSTRIALS,0.108425515595
MATERIALS,0.029085693671
REAL ESTATE,0.017554368423
TECHNOLOGY,0.116648729265
UTILITIES,0.031143549844
