SECTOR,WEIGHT
COMMUNICATION SERVICES,0.102360260419
CONSUMER DISCRETIONARY,0.066358150558
CONSUMER STAPLES,0.08685730708
ENERGY,0.061881227316
FINANCIALS,0.227100045744
HEALTH CARE,0.136192989031
INDUSTRIALS,0.119742892146
MATERIALS,0.032999226491
REAL ESTATE,0.019010736636
TECHNOLOGY,0.115645225769
UTILITIES,0.031851938809
