SECTOR,WEIGHT
COMMUNICATION SERVICES,0.101921688048
CONSUMER DISCRETIONARY,0.06505450379
CONSUMER STAPLES,0.08447564401
ENERGY,0.069917844575
FINANCIALS,0.223416725803
HEALTH CARE,0.135788511831
INDUSTRIALS,0.117070753941
MATERIALS,0.032385833228
REAL ESTATE,0.019361532738
TECHNOLOGY,0.117688303705
UTILITIES,0.03291865833
