SECTOR,WEIGHT
COMMUNICATION SERVICES,0.107588150416
CONSUMER DISCRETIONARY,0.070397426456
CONSUMER STAPLES,0.080847006899
ENERGY,0.058532083749
FINANCIALS,0.226477979936
HEALTH CARE,0.134777190512
INDUSTRIALS,0.113539191682
MATERIALS,0.031186717053
REAL ESTATE,0.017233939833
TECHNOLOGY,0.124020972763
UTILITIES,0.029946514281
