SECTOR,WEIGHT
COMMUNICATION SERVICES,0.129484866707
CONSUMER DISCRETIONARY,0.113048707156
CONSUMER STAPLES,0.029765484065
ENERGY,0.00040088194
FINANCIALS,0.055021046302
HEALTH CARE,0.065945079174
INDUSTRIALS,0.049007817198
MATERIALS,0.003307276007
REAL ESTATE,0.003407496492
TECHNOLOGY,0.550611344959
