SECTOR,WEIGHT
COMMUNICATION SERVICES,0.133135879034
CONSUMER DISCRETIONARY,0.111262647098
CONSUMER STAPLES,0.032800465139
ENERGY,0.000429676562
FINANCIALS,0.064471744075
HEALTH CARE,0.079126890272
INDUSTRIALS,0.050629591505
MATERIALS,0.003910728023
REAL ESTATE,0.003617725276
TECHNOLOGY,0.520614653015
