SECTOR,WEIGHT
COMMUNICATION SERVICES,0.127544627161
CONSUMER DISCRETIONARY,0.114865091743
CONSUMER STAPLES,0.030261891509
ENERGY,0.000402314959
FINANCIALS,0.06219210424
HEALTH CARE,0.077464574558
INDUSTRIALS,0.04783101392
MATERIALS,0.003655370211
REAL ESTATE,0.003582204594
TECHNOLOGY,0.532200807107
