SECTOR,WEIGHT
COMMUNICATION SERVICES,0.132292821064
CONSUMER DISCRETIONARY,0.112389265068
CONSUMER STAPLES,0.032196528076
ENERGY,0.000449281591
FINANCIALS,0.058067507251
HEALTH CARE,0.072426999101
INDUSTRIALS,0.05083129249
MATERIALS,0.003540766552
REAL ESTATE,0.003676560775
TECHNOLOGY,0.534128978031
