SECTOR,WEIGHT
COMMUNICATION SERVICES,0.123870712916
CONSUMER DISCRETIONARY,0.107810773197
CONSUMER STAPLES,0.032503897654
ENERGY,0.000449142574
FINANCIALS,0.061762649482
HEALTH CARE,0.079545527983
INDUSTRIALS,0.052828280458
MATERIALS,0.003885681402
REAL ESTATE,0.003862574649
TECHNOLOGY,0.533480759686
