SECTOR,WEIGHT
COMMUNICATION SERVICES,0.123597872709
CONSUMER DISCRETIONARY,0.11097695344
CONSUMER STAPLES,0.027086797328
ENERGY,0.000332129652
FINANCIALS,0.064254594112
HEALTH CARE,0.076179302718
INDUSTRIALS,0.046382362853
MATERIALS,0.003314974953
REAL ESTATE,0.003460431842
TECHNOLOGY,0.544414580393
