SECTOR,WEIGHT
COMMUNICATION SERVICES,0.127725542483
CONSUMER DISCRETIONARY,0.111383872591
CONSUMER STAPLES,0.032711643497
ENERGY,0.000447673697
FINANCIALS,0.058644994902
HEALTH CARE,0.073807400457
INDUSTRIALS,0.049990396359
MATERIALS,0.0034899274
REAL ESTATE,0.00367459193
TECHNOLOGY,0.538123956684
