SECTOR,WEIGHT
COMMUNICATION SERVICES,0.107627904378
CONSUMER DISCRETIONARY,0.119175995931
CONSUMER STAPLES,0.025774819458
ENERGY,0.000318657358
FINANCIALS,0.060764705195
HEALTH CARE,0.073691373622
INDUSTRIALS,0.043446382005
MATERIALS,0.003185113875
REAL ESTATE,0.003264054717
TECHNOLOGY,0.562750993461
