SECTOR,WEIGHT
COMMUNICATION SERVICES,0.130824878669
CONSUMER DISCRETIONARY,0.112423037293
CONSUMER STAPLES,0.029510015349
ENERGY,0.000435036709
FINANCIALS,0.05691606919
HEALTH CARE,0.062940010614
INDUSTRIALS,0.047655030378
MATERIALS,0.003127681854
REAL ESTATE,0.003403443954
TECHNOLOGY,0.552764795991
