SECTOR,WEIGHT
COMMUNICATION SERVICES,0.106548577679
CONSUMER DISCRETIONARY,0.113490917759
CONSUMER STAPLES,0.025465449392
ENERGY,0.000326565443
FINANCIALS,0.059418570847
HEALTH CARE,0.070289514722
INDUSTRIALS,0.043264550161
MATERIALS,0.003138509084
REAL ESTATE,0.003325518744
TECHNOLOGY,0.574731826168
