SECTOR,WEIGHT
ENERGY,0.988964472157
TECHNOLOGY,0.011035527843
