SECTOR,WEIGHT
ENERGY,0.983646512671
TECHNOLOGY,0.016353487329
