SECTOR,WEIGHT
ENERGY,0.985874000022
TECHNOLOGY,0.014125999978
