SECTOR,WEIGHT
ENERGY,0.986528523324
TECHNOLOGY,0.013471476676
