SECTOR,WEIGHT
ENERGY,0.981896713124
TECHNOLOGYQ,0.018103286876
