SECTOR,WEIGHT
ENERGY,0.988885801948
TECHNOLOGY,0.011114198052
