SECTOR,WEIGHT
ENERGY,0.985228702747
TECHNOLOGY,0.014771297253
