SECTOR,WEIGHT
ENERGY,0.986177174275
TECHNOLOGY,0.013822825725
