SECTOR,WEIGHT
ENERGY,0.988588588589
TECHNOLOGY,0.011411411411
