SECTOR,WEIGHT
FINANCIALS,0.995413644063
INDUSTRIALS,0.004005847835
TECHNOLOGY,0.000580508102
