SECTOR,WEIGHT
FINANCIALS,0.995409250046
INDUSTRIALS,0.003995811457
TECHNOLOGY,0.000594938497
