SECTOR,WEIGHT
FINANCIALS,0.995059267756
INDUSTRIALS,0.003195539451
TECHNOLOGY,0.001745192793
