SECTOR,WEIGHT
FINANCIALS,0.995134686874
INDUSTRIALS,0.004216009982
TECHNOLOGY,0.000649303144
