SECTOR,WEIGHT
FINANCIALS,0.994854807337
INDUSTRIALS,0.003224613497
TECHNOLOGY,0.001920579166
