SECTOR,WEIGHT
FINANCIALS,0.995227636456
INDUSTRIALS,0.004224225186
TECHNOLOGY,0.000548138358
