SECTOR,WEIGHT
HEALTH CARE,0.999925218258
INDUSTRIALS,0.000074781742
