SECTOR,WEIGHT
HEALTH CARE,0.999693502673
INDUSTRIALS,0.000306497327
