SECTOR,WEIGHT
HEALTH CARE,0.999698583342
INDUSTRIALS,0.000301416658
