SECTOR,WEIGHT
HEALTH CARE,0.999679888901
INDUSTRIALS,0.000320111099
