SECTOR,WEIGHT
HEALTH CARE,0.999917984254
INDUSTRIALS,0.000082015746
