SECTOR,WEIGHT
HEALTH CARE,0.999686438103
INDUSTRIALS,0.000313561897
