SECTOR,WEIGHT
HEALTH CARE,0.999892906494
INDUSTRIALS,0.000107093506
