SECTOR,WEIGHT
HEALTH CARE,0.999906289173
INDUSTRIALS,0.000093710827
