SECTOR,WEIGHT
CONSUMER DISCRETIONARY,0.003573557365
FINANCIALS,0.219092695447
HEALTH CARE,0.003893225947
INDUSTRIALS,0.661749399633
MATERIALS,0.058897519084
TECHNOLOGY,0.052793602524
