SECTOR,WEIGHT
CONSUMER DISCRETIONARY,0.003797381449
FINANCIALS,0.215407596669
HEALTH CARE,0.00427937677
INDUSTRIALS,0.663618264474
MATERIALS,0.060570511787
TECHNOLOGYQ,0.05232686885
