SECTOR,WEIGHT
CONSUMER DISCRETIONARY,0.00362191212
FINANCIALS,0.183091388852
HEALTH CARE,0.003552936086
INDUSTRIALS,0.703217913338
MATERIALS,0.060057257544
TECHNOLOGY,0.04645859206
