SECTOR,WEIGHT
CONSUMER DISCRETIONARY,0.003126406905
FINANCIALS,0.186488486841
HEALTH CARE,0.003248726804
INDUSTRIALS,0.703607405345
MATERIALS,0.057054630164
TECHNOLOGY,0.046474343941
