SECTOR,WEIGHT
CONSUMER DISCRETIONARY,0.00341259626
FINANCIALS,0.191858351028
HEALTH CARE,0.003295677347
INDUSTRIALS,0.700017334706
MATERIALS,0.055830138871
TECHNOLOGY,0.045585901788
