SECTOR,WEIGHT
CONSUMER DISCRETIONARY,0.003754961827
FINANCIALS,0.196281353058
HEALTH CARE,0.003724496508
INDUSTRIALS,0.681224502065
MATERIALS,0.059724397404
TECHNOLOGY,0.05088879682
