SECTOR,WEIGHT
CONSUMER DISCRETIONARY,0.003129865171
FINANCIALS,0.188735463386
HEALTH CARE,0.003557258675
INDUSTRIALS,0.69973927124
MATERIALS,0.058236395217
TECHNOLOGY,0.046601746311
