SECTOR,WEIGHT
CONSUMER DISCRETIONARY,0.003404425753
FINANCIALS,0.179433263242
HEALTH CARE,0.003404425753
INDUSTRIALS,0.712626414339
MATERIALS,0.055472113748
TECHNOLOGY,0.045659357164
