SECTOR,WEIGHT
CONSUMER DISCRETIONARY,0.003667843832
FINANCIALS,0.2168860598
HEALTH CARE,0.003953239487
INDUSTRIALS,0.662703788064
MATERIALS,0.059066109846
TECHNOLOGY,0.053722958971
