SECTOR,WEIGHT
CONSUMER DISCRETIONARY,0.003576981175
FINANCIALS,0.218799752804
HEALTH CARE,0.003915544345
INDUSTRIALS,0.661367697867
MATERIALS,0.059212929727
TECHNOLOGY,0.053127094083
