SECTOR,WEIGHT
CONSUMER STAPLES,0.859727568058
HEALTH CARE,0.116727576887
MATERIALS,0.023544855055
