SECTOR,WEIGHT
CONSUMER STAPLES,0.862525636813
HEALTH CARE,0.111092248123
MATERIALS,0.026382115064
