SECTOR,WEIGHT
CONSUMER STAPLES,0.860015676589
HEALTH CARE,0.115893318013
MATERIALS,0.024091005398
