SECTOR,WEIGHT
CONSUMER STAPLES,0.856296321443
HEALTH CARE,0.121762092295
MATERIALS,0.021941586262
