SECTOR,WEIGHT
CONSUMER STAPLES,0.863540400036
HEALTH CARE,0.112820414282
MATERIALS,0.023639185682
