SECTOR,WEIGHT
CONSUMER STAPLES,0.858614484558
HEALTH CARE,0.116011340201
MATERIALS,0.025374175241
