SECTOR,WEIGHT
CONSUMER STAPLES,0.864249474755
HEALTH CARE,0.113368082617
MATERIALS,0.022382442628
