SECTOR,WEIGHT
CONSUMER STAPLES,0.858852496233
HEALTH CARE,0.118229399943
MATERIALS,0.022918103824
