SECTOR,WEIGHT
CONSUMER STAPLES,0.863828444159
HEALTH CARE,0.112006573974
MATERIALS,0.024164981867
