SECTOR,WEIGHT
INDUSTRIALS,0.090893135487
MATERIALS,0.909106864513
