SECTOR,WEIGHT
INDUSTRIALS,0.085684189133
MATERIALS,0.914315810867
