SECTOR,WEIGHT
INDUSTRIALS,0.085847595112
MATERIALS,0.914152404888
