SECTOR,WEIGHT
INDUSTRIALS,0.090281404671
MATERIALS,0.909718595329
