SECTOR,WEIGHT
INDUSTRIALS,0.093079535247
MATERIALS,0.906920464753
