SECTOR,WEIGHT
INDUSTRIALS,0.086921235821
MATERIALS,0.913078764179
