SECTOR,WEIGHT
INDUSTRIALS,0.089647240761
MATERIALS,0.910352759239
