SECTOR,WEIGHT
INDUSTRIALS,0.090710126101
MATERIALS,0.909289873899
