SECTOR,WEIGHT
FINANCIALS,0.029024114643
INDUSTRIALS,0.014262245856
REAL ESTATE,0.956713639501
