SECTOR,WEIGHT
FINANCIALS,0.029892667269
INDUSTRIALS,0.011836693751
REAL ESTATE,0.958270638981
