SECTOR,WEIGHT
FINANCIALS,0.031627319698
INDUSTRIALS,0.020285952125
REAL ESTATE,0.948086728176
