SECTOR,WEIGHT
FINANCIALS,0.031330692682
INDUSTRIALS,0.022125227135
REAL ESTATE,0.946544080182
