SECTOR,WEIGHT
FINANCIALS,0.031544582836
INDUSTRIALS,0.020425889401
REAL ESTATE,0.948029527763
