SECTOR,WEIGHT
FINANCIALS,0.029815471073
INDUSTRIALS,0.01330543942
REAL ESTATE,0.956879089507
