SECTOR,WEIGHT
FINANCIALS,0.029389846727
INDUSTRIALS,0.022231385169
REAL ESTATE,0.948378768104
