SECTOR,WEIGHT
FINANCIALS,0.029407520782
INDUSTRIALS,0.012670378276
REAL ESTATE,0.957922100942
