SECTOR,WEIGHT
FINANCIALS,0.029326393754
INDUSTRIALS,0.010609548594
REAL ESTATE,0.960064057652
