SECTOR,WEIGHT
COMMUNICATION SERVICES,0.084357177158
CONSUMER DISCRETIONARY,0.00505709493
CONSUMER STAPLES,0.000460142883
FINANCIALS,0.001052815244
INDUSTRIALS,0.010658128614
TECHNOLOGY,0.898414641172
