SECTOR,WEIGHT
COMMUNICATION SERVICES,0.084102939803
CONSUMER DISCRETIONARY,0.004484138361
CONSUMER STAPLES,0.000458849176
FINANCIALS,0.000893666528
INDUSTRIALS,0.011941864495
TECHNOLOGY,0.898118541637
