SECTOR,WEIGHT
COMMUNICATION SERVICES,0.083327508528
CONSUMER DISCRETIONARY,0.005445949981
CONSUMER STAPLES,0.000515416397
FINANCIALS,0.001122467734
INDUSTRIALS,0.010112192922
TECHNOLOGY,0.899476464438
