SECTOR,WEIGHT
COMMUNICATION SERVICES,0.083989613848
CONSUMER DISCRETIONARY,0.004596294507
CONSUMER STAPLES,0.000442498845
FINANCIALS,0.000990272444
INDUSTRIALS,0.011819373282
TECHNOLOGY,0.898161947074
