SECTOR,WEIGHT
COMMUNICATION SERVICES,0.084914101787
CONSUMER DISCRETIONARY,0.005396840217
CONSUMER STAPLES,0.000497635199
FINANCIALS,0.001142645773
INDUSTRIALS,0.010363504633
TECHNOLOGY,0.897685272391
