SECTOR,WEIGHT
COMMUNICATION SERVICES,0.089662239229
CONSUMER DISCRETIONARY,0.004940444352
CONSUMER STAPLES,0.000423600781
FINANCIALS,0.000958268975
INDUSTRIALS,0.010867234213
TECHNOLOGY,0.891762115255
