SECTOR,WEIGHT
COMMUNICATION SERVICES,0.167518796992
CONSUMER DISCRETIONARY,0.003609022556
CONSUMER STAPLES,0.000401002506
FINANCIALS,0.000802005013
INDUSTRIALS,0.011127819549
TECHNOLOGY,0.816541353383
