SECTOR,WEIGHT
COMMUNICATION SERVICES,0.163014109877
CONSUMER DISCRETIONARY,0.00410287201
CONSUMER STAPLES,0.000500350245
FINANCIALS,0.000800560392
INDUSTRIALS,0.011908335835
TECHNOLOGY,0.81967377164
