SECTOR,WEIGHT
COMMUNICATION SERVICES,0.099917238504
CONSUMER DISCRETIONARY,0.103676152361
CONSUMER STAPLES,0.045789699545
ENERGY,0.028838010795
FINANCIALS,0.134490615775
HEALTH CARE,0.095076299897
INDUSTRIALS,0.0897452863
MATERIALS,0.020193414175
REAL ESTATE,0.019796952356
TECHNOLOGY,0.340147225448
UTILITIES,0.022329104845
