SECTOR,WEIGHT
COMMUNICATION SERVICES,0.102066790609
CONSUMER DISCRETIONARY,0.103478163364
CONSUMER STAPLES,0.046486527164
ENERGY,0.029149860452
FINANCIALS,0.132341693963
HEALTH CARE,0.096233751881
INDUSTRIALS,0.088845717757
MATERIALS,0.019896148242
REAL ESTATE,0.020030960501
TECHNOLOGY,0.338630103121
UTILITIES,0.022840282947
