SECTOR,WEIGHT
COMMUNICATION SERVICES,0.100588640547
CONSUMER DISCRETIONARY,0.10699565622
CONSUMER STAPLES,0.046920634637
ENERGY,0.028252266827
FINANCIALS,0.136251954917
HEALTH CARE,0.096824107222
INDUSTRIALS,0.089278714625
MATERIALS,0.020660260805
REAL ESTATE,0.019970025357
TECHNOLOGY,0.331470427368
UTILITIES,0.022787311475
