SECTOR,WEIGHT
COMMUNICATION SERVICES,0.096618455407
CONSUMER DISCRETIONARY,0.099410614738
CONSUMER STAPLES,0.051056406755
ENERGY,0.041268855392
FINANCIALS,0.127546675404
HEALTH CARE,0.09549965192
INDUSTRIALS,0.097846344335
MATERIALS,0.02369674893
REAL ESTATE,0.02120308722
TECHNOLOGY,0.3205684043
UTILITIES,0.025284755599
