SECTOR,WEIGHT
COMMUNICATION SERVICES,0.100180844907
CONSUMER DISCRETIONARY,0.100567131756
CONSUMER STAPLES,0.050500208012
ENERGY,0.035789972061
FINANCIALS,0.126677424535
HEALTH CARE,0.095668723303
INDUSTRIALS,0.098873853705
MATERIALS,0.023595257879
REAL ESTATE,0.021470970637
TECHNOLOGY,0.322136875634
UTILITIES,0.024538737571
