SECTOR,WEIGHT
COMMUNICATION SERVICES,0.104001560058
CONSUMER DISCRETIONARY,0.102446312165
CONSUMER STAPLES,0.051845037982
ENERGY,0.033415418231
FINANCIALS,0.133061929842
HEALTH CARE,0.096903541059
INDUSTRIALS,0.09727312604
MATERIALS,0.023498799998
REAL ESTATE,0.020635659551
TECHNOLOGY,0.314050138538
UTILITIES,0.022868476536
