SECTOR,WEIGHT
COMMUNICATION SERVICES,0.100664293889
CONSUMER DISCRETIONARY,0.105584042828
CONSUMER STAPLES,0.045671299477
ENERGY,0.027850322957
FINANCIALS,0.135826410843
HEALTH CARE,0.096241023944
INDUSTRIALS,0.089387734182
MATERIALS,0.020596271314
REAL ESTATE,0.01977115293
TECHNOLOGY,0.336076800037
UTILITIES,0.022330647599
