SECTOR,WEIGHT
COMMUNICATION SERVICES,0.102117861138
CONSUMER DISCRETIONARY,0.102893699571
CONSUMER STAPLES,0.047106195812
ENERGY,0.028464565414
FINANCIALS,0.131579718668
HEALTH CARE,0.099574314059
INDUSTRIALS,0.088210658069
MATERIALS,0.020151886835
REAL ESTATE,0.020411633143
TECHNOLOGY,0.335826638197
UTILITIES,0.023662829093
