SECTOR,WEIGHT
COMMUNICATION SERVICES,0.097533582549
CONSUMER DISCRETIONARY,0.099096412229
CONSUMER STAPLES,0.051448682868
ENERGY,0.034710558941
FINANCIALS,0.128526397334
HEALTH CARE,0.097215721142
INDUSTRIALS,0.100914193841
MATERIALS,0.024368536877
REAL ESTATE,0.02125878544
TECHNOLOGY,0.320842051107
UTILITIES,0.024085077671
