SECTOR,WEIGHT
COMMUNICATION SERVICES,0.086362948835
CONSUMER DISCRETIONARY,0.020463501197
CONSUMER STAPLES,0.013032537125
FINANCIALS,0.02989638162
HEALTH CARE,0.17989610125
INDUSTRIALS,0.100625176008
TECHNOLOGY,0.569723353964
