SECTOR,WEIGHT
COMMUNICATION SERVICES,0.086037267182
CONSUMER DISCRETIONARY,0.021063494815
CONSUMER STAPLES,0.013071974625
FINANCIALS,0.028216121578
HEALTH CARE,0.188874372477
INDUSTRIALS,0.099310356518
TECHNOLOGY,0.563426412804
