SECTOR,WEIGHT
COMMUNICATION SERVICES,0.081930516245
CONSUMER DISCRETIONARY,0.023776076743
CONSUMER STAPLES,0.027917824136
FINANCIALS,0.027804830307
HEALTH CARE,0.172071782468
INDUSTRIALS,0.083445262587
TECHNOLOGY,0.583053707514
