SECTOR,WEIGHT
COMMUNICATION SERVICES,0.080121424422
CONSUMER DISCRETIONARY,0.023126470741
CONSUMER STAPLES,0.013214577196
FINANCIALS,0.029797999211
HEALTH CARE,0.189160242519
INDUSTRIALS,0.104861320949
TECHNOLOGY,0.559717964961
