SECTOR,WEIGHT
COMMUNICATION SERVICES,0.091886543834
CONSUMER DISCRETIONARY,0.033393066863
CONSUMER STAPLES,0.028727806741
FINANCIALS,0.029999053204
HEALTH CARE,0.171753731618
INDUSTRIALS,0.091948685061
TECHNOLOGY,0.55229111268
