SECTOR,WEIGHT
COMMUNICATION SERVICES,0.091499522445
CONSUMER DISCRETIONARY,0.03476599809
CONSUMER STAPLES,0.032282712512
FINANCIALS,0.030945558739
HEALTH CARE,0.18299904489
INDUSTRIALS,0.092072588348
TECHNOLOGY,0.535434574976
