SECTOR,WEIGHT
COMMUNICATION SERVICES,0.138974897433
CONSUMER DISCRETIONARY,0.019462785123
CONSUMER STAPLES,0.023612790529
HEALTH CARE,0.156730329375
INDUSTRIALS,0.090971471564
TECHNOLOGY,0.570247725977
