SECTOR,WEIGHT
COMMUNICATION SERVICES,0.082130265435
CONSUMER DISCRETIONARY,0.026826184405
CONSUMER STAPLES,0.028947978973
FINANCIALS,0.02733174893
HEALTH CARE,0.170274238723
INDUSTRIALS,0.081635894561
TECHNOLOGY,0.582853688973
