SECTOR,WEIGHT
COMMUNICATION SERVICES,0.087160245325
CONSUMER DISCRETIONARY,0.027147047633
CONSUMER STAPLES,0.029246066213
FINANCIALS,0.030866502828
HEALTH CARE,0.189631695243
INDUSTRIALS,0.076025071367
TECHNOLOGY,0.559923371391
