SECTOR,WEIGHT
COMMUNICATION SERVICES,0.099065594855
CONSUMER DISCRETIONARY,0.022637357797
CONSUMER STAPLES,0.025201884926
HEALTH CARE,0.157131614433
INDUSTRIALS,0.086929637062
TECHNOLOGY,0.609033910927
