SECTOR,WEIGHT
COMMUNICATION SERVICES,0.083583344223
CONSUMER DISCRETIONARY,0.022040830647
CONSUMER STAPLES,0.012935082588
FINANCIALS,0.028605629831
HEALTH CARE,0.183973966328
INDUSTRIALS,0.09696015179
TECHNOLOGY,0.571900994593
