SECTOR,WEIGHT
COMMUNICATION SERVICES,0.066130324887
CONSUMER DISCRETIONARY,0.091254135586
CONSUMER STAPLES,0.048654008179
ENERGY,0.045887018885
FINANCIALS,0.216339929721
HEALTH CARE,0.151557651604
INDUSTRIALS,0.14240079732
MATERIALS,0.04695456507
REAL ESTATE,0.026576659885
TECHNOLOGY,0.123093520745
UTILITIES,0.041151388118
