SECTOR,WEIGHT
COMMUNICATION SERVICES,0.076515708412
CONSUMER DISCRETIONARY,0.076359562182
CONSUMER STAPLES,0.060543165814
ENERGY,0.056322147923
FINANCIALS,0.216254416961
HEALTH CARE,0.145812188531
INDUSTRIALS,0.150245119163
MATERIALS,0.039749354883
REAL ESTATE,0.028503784518
TECHNOLOGY,0.104347252992
UTILITIES,0.04534729862
