SECTOR,WEIGHT
COMMUNICATION SERVICES,0.064183052686
CONSUMER DISCRETIONARY,0.08758551174
CONSUMER STAPLES,0.043044192365
ENERGY,0.05192564508
FINANCIALS,0.221678153509
HEALTH CARE,0.163909312785
INDUSTRIALS,0.140681842602
MATERIALS,0.043538459177
REAL ESTATE,0.031034429828
TECHNOLOGY,0.111793328933
UTILITIES,0.040626071295
