SECTOR,WEIGHT
COMMUNICATION SERVICES,0.071991322278
CONSUMER DISCRETIONARY,0.086285003812
CONSUMER STAPLES,0.043714024038
ENERGY,0.051382756098
FINANCIALS,0.228089008048
HEALTH CARE,0.167980434193
INDUSTRIALS,0.133697292817
MATERIALS,0.04232026729
REAL ESTATE,0.030631948957
TECHNOLOGY,0.102076820352
UTILITIES,0.041831122117
