SECTOR,WEIGHT
COMMUNICATION SERVICES,0.077764536365
CONSUMER DISCRETIONARY,0.072486012269
CONSUMER STAPLES,0.060460494807
ENERGY,0.064005040587
FINANCIALS,0.215913999577
HEALTH CARE,0.144822930995
INDUSTRIALS,0.139936543338
MATERIALS,0.041463322478
REAL ESTATE,0.027847814299
TECHNOLOGY,0.107385134148
UTILITIES,0.047914171137
