SECTOR,WEIGHT
COMMUNICATION SERVICES,0.051100245753
CONSUMER DISCRETIONARY,0.077444577269
CONSUMER STAPLES,0.102380060643
ENERGY,0.08319489408
FINANCIALS,0.195500510489
HEALTH CARE,0.118178040234
INDUSTRIALS,0.164950156738
MATERIALS,0.045821939244
TECHNOLOGY,0.121190697293
UTILITIES,0.040238878257
