SECTOR,WEIGHT
COMMUNICATION SERVICES,0.052805526666
CONSUMER DISCRETIONARY,0.055948092495
CONSUMER STAPLES,0.075323502428
ENERGY,0.044173687039
FINANCIALS,0.219062174991
HEALTH CARE,0.140623691023
INDUSTRIALS,0.156443792411
MATERIALS,0.106218929362
TECHNOLOGY,0.10824790717
UTILITIES,0.041152696415
