SECTOR,WEIGHT
COMMUNICATION SERVICES,0.052348260259
CONSUMER DISCRETIONARY,0.08407482077
CONSUMER STAPLES,0.095825360718
ENERGY,0.0775985251
FINANCIALS,0.196051399759
HEALTH CARE,0.106099769239
INDUSTRIALS,0.156737852198
MATERIALS,0.044833129399
TECHNOLOGY,0.149135467394
UTILITIES,0.037295415165
