SECTOR,WEIGHT
COMMUNICATION SERVICES,0.055645759953
CONSUMER DISCRETIONARY,0.062566730948
CONSUMER STAPLES,0.069327084348
ENERGY,0.041030588385
FINANCIALS,0.198137247735
HEALTH CARE,0.139446960672
INDUSTRIALS,0.163307939966
MATERIALS,0.109602975956
TECHNOLOGY,0.107960764004
UTILITIES,0.052973948032
