SECTOR,WEIGHT
COMMUNICATION SERVICES,0.057877459812
CONSUMER DISCRETIONARY,0.08590055539
CONSUMER STAPLES,0.063851999271
ENERGY,0.046011898154
FINANCIALS,0.214669908223
HEALTH CARE,0.141509808695
INDUSTRIALS,0.157029759643
MATERIALS,0.088259408677
TECHNOLOGY,0.094922456263
UTILITIES,0.049966745872
