SECTOR,WEIGHT
COMMUNICATION SERVICES,0.132913235695
CONSUMER DISCRETIONARY,0.12953464496
CONSUMER STAPLES,0.031754562407
ENERGY,0.016214092652
FINANCIALS,0.071788505458
HEALTH CARE,0.108632430281
INDUSTRIALS,0.084790579756
REAL ESTATE,0.003613258742
TECHNOLOGY,0.419375825005
UTILITIES,0.001382865045
