SECTOR,WEIGHT
COMMUNICATION SERVICES,0.121551246312
CONSUMER DISCRETIONARY,0.138998808202
CONSUMER STAPLES,0.023713131912
ENERGY,0.010653093295
FINANCIALS,0.074095542837
HEALTH CARE,0.098691864301
INDUSTRIALS,0.074287408153
REAL ESTATE,0.003486060832
TECHNOLOGY,0.453118877314
UTILITIES,0.001403966841
