SECTOR,WEIGHT
COMMUNICATION SERVICES,0.126571374929
CONSUMER DISCRETIONARY,0.118362984772
CONSUMER STAPLES,0.048185736362
ENERGY,0.021107436346
FINANCIALS,0.060718566828
HEALTH CARE,0.126869505475
INDUSTRIALS,0.095839170434
MATERIALS,0.001807351961
REAL ESTATE,0.002954484028
TECHNOLOGY,0.396125747132
UTILITIES,0.001457641736
