SECTOR,WEIGHT
COMMUNICATION SERVICES,0.128265996239
CONSUMER DISCRETIONARY,0.12576539888
CONSUMER STAPLES,0.040329534475
ENERGY,0.018094268469
FINANCIALS,0.067967004997
HEALTH CARE,0.116745795111
INDUSTRIALS,0.092531452258
REAL ESTATE,0.003095878741
TECHNOLOGY,0.405614137154
UTILITIES,0.001590533675
