SECTOR,WEIGHT
COMMUNICATION SERVICES,0.120930393379
CONSUMER DISCRETIONARY,0.141085458942
CONSUMER STAPLES,0.022428980826
ENERGY,0.010421772637
FINANCIALS,0.073485293789
HEALTH CARE,0.092948828771
INDUSTRIALS,0.067216772464
REAL ESTATE,0.003289855043
TECHNOLOGY,0.46458346469
UTILITIES,0.003609179458
