SECTOR,WEIGHT
COMMUNICATION SERVICES,0.13148951874
CONSUMER DISCRETIONARY,0.126873918219
CONSUMER STAPLES,0.041401105041
ENERGY,0.018661995623
FINANCIALS,0.068252672942
HEALTH CARE,0.120059670151
INDUSTRIALS,0.094355765083
REAL ESTATE,0.003158151889
TECHNOLOGY,0.394142137626
UTILITIES,0.001605064686
