SECTOR,WEIGHT
COMMUNICATION SERVICES,0.122182878229
CONSUMER DISCRETIONARY,0.138551827738
CONSUMER STAPLES,0.018977757176
ENERGY,0.010578248508
FINANCIALS,0.072718992262
HEALTH CARE,0.09049884825
INDUSTRIALS,0.069786619413
REAL ESTATE,0.002441446367
TECHNOLOGY,0.470538832386
UTILITIES,0.003724549671
