SECTOR,WEIGHT
COMMUNICATION SERVICES,0.127241638295
CONSUMER DISCRETIONARY,0.068022756689
CONSUMER STAPLES,0.031650772189
FINANCIALS,0.077491534151
HEALTH CARE,0.135850907805
INDUSTRIALS,0.152582932888
MATERIALS,0.034157332525
TECHNOLOGY,0.373002125458
