SECTOR,WEIGHT
COMMUNICATION SERVICES,0.124717632035
CONSUMER DISCRETIONARY,0.067147533268
CONSUMER STAPLES,0.032365683125
FINANCIALS,0.081015642196
HEALTH CARE,0.138299696001
INDUSTRIALS,0.154924791476
MATERIALS,0.033627526857
TECHNOLOGY,0.367901495041
