SECTOR,WEIGHT
COMMUNICATION SERVICES,0.13191372748
CONSUMER DISCRETIONARY,0.069854351687
CONSUMER STAPLES,0.033174321238
FINANCIALS,0.044217203755
HEALTH CARE,0.131058107079
INDUSTRIALS,0.15180208069
MATERIALS,0.0363339254
TECHNOLOGY,0.370842933266
