SECTOR,WEIGHT
COMMUNICATION SERVICES,0.11719946303
CONSUMER DISCRETIONARY,0.18333750703
CONSUMER STAPLES,0.026223474787
ENERGY,0.03674529638
FINANCIALS,0.078122370058
HEALTH CARE,0.17385124123
INDUSTRIALS,0.057381490954
REAL ESTATE,0.042352076654
TECHNOLOGY,0.284787079876
