SECTOR,WEIGHT
COMMUNICATION SERVICES,0.136278892204
CONSUMER DISCRETIONARY,0.183069971499
CONSUMER STAPLES,0.019342602
ENERGY,0.038037824725
FINANCIALS,0.073719431276
HEALTH CARE,0.146379422833
INDUSTRIALS,0.063451248604
MATERIALS,0.010300501138
REAL ESTATE,0.037795436229
TECHNOLOGY,0.291624669493
