SECTOR,WEIGHT
COMMUNICATION SERVICES,0.133334887743
CONSUMER DISCRETIONARY,0.180880559506
CONSUMER STAPLES,0.025683239038
ENERGY,0.034462273973
FINANCIALS,0.08845131133
HEALTH CARE,0.181193806827
INDUSTRIALS,0.048968970268
REAL ESTATE,0.041708525903
TECHNOLOGY,0.265316425412
