SECTOR,WEIGHT
COMMUNICATION SERVICES,0.11384160742
CONSUMER DISCRETIONARY,0.173566158025
CONSUMER STAPLES,0.02511798273
ENERGY,0.038192957339
FINANCIALS,0.07709360711
HEALTH CARE,0.181833106953
INDUSTRIALS,0.062643017095
REAL ESTATE,0.043585288155
TECHNOLOGY,0.284126275172
