SECTOR,WEIGHT
COMMUNICATION SERVICES,0.13954936757
CONSUMER DISCRETIONARY,0.171260456606
CONSUMER STAPLES,0.021401057995
ENERGY,0.052385356216
FINANCIALS,0.08307097328
HEALTH CARE,0.171294749628
INDUSTRIALS,0.064271760028
REAL ESTATE,0.045684942266
TECHNOLOGY,0.25108133641
