SECTOR,WEIGHT
COMMUNICATION SERVICES,0.135739987519
CONSUMER DISCRETIONARY,0.171843119725
CONSUMER STAPLES,0.021294087447
ENERGY,0.05431569024
FINANCIALS,0.084603196381
HEALTH CARE,0.171804393143
INDUSTRIALS,0.063795957387
REAL ESTATE,0.046339120929
TECHNOLOGY,0.250264447228
