SECTOR,WEIGHT
COMMUNICATION SERVICES,0.115988661219
CONSUMER DISCRETIONARY,0.17148374237
CONSUMER STAPLES,0.02493531054
ENERGY,0.04463011108
FINANCIALS,0.07415342073
HEALTH CARE,0.175688812553
INDUSTRIALS,0.05991663382
REAL ESTATE,0.044508594967
TECHNOLOGY,0.288694712722
