SECTOR,WEIGHT
COMMUNICATION SERVICES,0.12017647867
CONSUMER DISCRETIONARY,0.176594694445
CONSUMER STAPLES,0.025440815018
ENERGY,0.03208166464
FINANCIALS,0.085921907679
HEALTH CARE,0.185961091237
INDUSTRIALS,0.050005343212
REAL ESTATE,0.041526428546
TECHNOLOGY,0.282291576553
