SECTOR,WEIGHT
COMMUNICATION SERVICES,0.119539845255
CONSUMER DISCRETIONARY,0.179467900166
CONSUMER STAPLES,0.023682094937
ENERGY,0.032293673076
FINANCIALS,0.086327984721
HEALTH CARE,0.189244556169
INDUSTRIALS,0.051183849695
REAL ESTATE,0.039662637524
TECHNOLOGY,0.278597458457
