SECTOR,WEIGHT
COMMUNICATION SERVICES,0.120138484997
CONSUMER DISCRETIONARY,0.182898793706
CONSUMER STAPLES,0.025007970323
ENERGY,0.034233173452
FINANCIALS,0.082918859566
HEALTH CARE,0.184492858285
INDUSTRIALS,0.052562369686
REAL ESTATE,0.041519016223
TECHNOLOGY,0.276228473762
