SECTOR,WEIGHT
COMMUNICATION SERVICES,0.053851460944
CONSUMER DISCRETIONARY,0.043990934759
CONSUMER STAPLES,0.07653482489
ENERGY,0.035517345834
FINANCIALS,0.172232482699
HEALTH CARE,0.072605000471
INDUSTRIALS,0.098190902948
MATERIALS,0.003005874981
REAL ESTATE,0.069331666442
TECHNOLOGY,0.352526221624
UTILITIES,0.022213284407
