SECTOR,WEIGHT
COMMUNICATION SERVICES,0.050208227485
CONSUMER DISCRETIONARY,0.058872980214
CONSUMER STAPLES,0.076397348237
ENERGY,0.060202330597
FINANCIALS,0.15486064776
HEALTH CARE,0.065237130399
INDUSTRIALS,0.068255969834
REAL ESTATE,0.056371393767
TECHNOLOGY,0.370987718557
UTILITIES,0.03860625315
