SECTOR,WEIGHT
COMMUNICATION SERVICES,0.048827162254
CONSUMER DISCRETIONARY,0.060055484717
CONSUMER STAPLES,0.075450253185
ENERGY,0.060159365796
FINANCIALS,0.151486110489
HEALTH CARE,0.064310535171
INDUSTRIALS,0.070353969683
REAL ESTATE,0.054364431119
TECHNOLOGY,0.376720657669
UTILITIES,0.038272029918
