SECTOR,WEIGHT
COMMUNICATION SERVICES,0.057563613549
CONSUMER DISCRETIONARY,0.05543426422
CONSUMER STAPLES,0.082740576307
ENERGY,0.049827181032
FINANCIALS,0.168908042412
HEALTH CARE,0.06729618395
INDUSTRIALS,0.078503232157
MATERIALS,0.002756765057
REAL ESTATE,0.064803808017
TECHNOLOGY,0.344987131368
UTILITIES,0.027179201931
