SECTOR,WEIGHT
COMMUNICATION SERVICES,0.05652350081
CONSUMER DISCRETIONARY,0.045279578606
CONSUMER STAPLES,0.076377633712
ENERGY,0.034542139384
FINANCIALS,0.173217179903
HEALTH CARE,0.073338735818
INDUSTRIALS,0.098055105348
MATERIALS,0.003140194489
REAL ESTATE,0.068780388979
TECHNOLOGY,0.347852512156
UTILITIES,0.022893030794
