SECTOR,WEIGHT
COMMUNICATION SERVICES,0.048912081
CONSUMER DISCRETIONARY,0.060435534005
CONSUMER STAPLES,0.076300892197
ENERGY,0.061334245276
FINANCIALS,0.151019116189
HEALTH CARE,0.065141809107
INDUSTRIALS,0.070005842132
REAL ESTATE,0.056125180404
TECHNOLOGY,0.371834409141
UTILITIES,0.038890890549
