SECTOR,WEIGHT
COMMUNICATION SERVICES,0.059156552091
CONSUMER DISCRETIONARY,0.054705055324
CONSUMER STAPLES,0.080744584452
ENERGY,0.050063592811
FINANCIALS,0.160589117299
HEALTH CARE,0.065863257171
INDUSTRIALS,0.084849673096
MATERIALS,0.003144085462
REAL ESTATE,0.065055648789
TECHNOLOGY,0.344154947033
UTILITIES,0.031673486471
