SECTOR,WEIGHT
COMMUNICATION SERVICES,0.049653792593
CONSUMER DISCRETIONARY,0.059029967289
CONSUMER STAPLES,0.075927252131
ENERGY,0.060146469622
FINANCIALS,0.155076672945
HEALTH CARE,0.065199253899
INDUSTRIALS,0.068596640102
REAL ESTATE,0.056195925785
TECHNOLOGY,0.371665900939
UTILITIES,0.038508124694
