SECTOR,WEIGHT
COMMUNICATION SERVICES,0.053976182499
CONSUMER DISCRETIONARY,0.054299028417
CONSUMER STAPLES,0.07791754231
ENERGY,0.047222814445
FINANCIALS,0.167940791277
HEALTH CARE,0.064905227464
INDUSTRIALS,0.07786170418
MATERIALS,0.002857897034
REAL ESTATE,0.062707235606
TECHNOLOGY,0.362970182438
UTILITIES,0.027341394329
