SECTOR,WEIGHT
COMMUNICATION SERVICES,0.06235331747
CONSUMER DISCRETIONARY,0.05232695536
CONSUMER STAPLES,0.077598114315
ENERGY,0.058802377887
FINANCIALS,0.161299851688
HEALTH CARE,0.068404990466
INDUSTRIALS,0.084690825823
MATERIALS,0.003341102075
REAL ESTATE,0.063784490767
TECHNOLOGY,0.336819759767
UTILITIES,0.030578214385
