SECTOR,WEIGHT
COMMUNICATION SERVICES,0.052631578947
CONSUMER DISCRETIONARY,0.042592029206
CONSUMER STAPLES,0.076462833384
ENERGY,0.033262346618
FINANCIALS,0.170063888044
HEALTH CARE,0.071392353717
INDUSTRIALS,0.099482811074
MATERIALS,0.003245106987
REAL ESTATE,0.068045837136
TECHNOLOGY,0.361220971504
UTILITIES,0.021600243383
