SECTOR,WEIGHT
COMMUNICATION SERVICES,0.057202162285
CONSUMER DISCRETIONARY,0.053422838985
CONSUMER STAPLES,0.080414810719
ENERGY,0.049679092962
FINANCIALS,0.1664487982
HEALTH CARE,0.066631157156
INDUSTRIALS,0.080467668387
MATERIALS,0.00294376554
REAL ESTATE,0.063746348247
TECHNOLOGY,0.351773883026
UTILITIES,0.027269474493
