SECTOR,WEIGHT
COMMUNICATION SERVICES,0.083555743599
CONSUMER DISCRETIONARY,0.103014218884
CONSUMER STAPLES,0.048473740884
ENERGY,0.033400641263
FINANCIALS,0.1551584811
HEALTH CARE,0.103167616798
INDUSTRIALS,0.120706111654
MATERIALS,0.030445976864
REAL ESTATE,0.023399698819
TECHNOLOGY,0.262053767473
UTILITIES,0.036624002663
