SECTOR,WEIGHT
COMMUNICATION SERVICES,0.082297561059
CONSUMER DISCRETIONARY,0.103044482372
CONSUMER STAPLES,0.051883878317
ENERGY,0.035847280639
FINANCIALS,0.14840884685
HEALTH CARE,0.101935461836
INDUSTRIALS,0.126731714471
MATERIALS,0.032352459585
REAL ESTATE,0.024072978373
TECHNOLOGY,0.255714620085
UTILITIES,0.037710716413
