SECTOR,WEIGHT
COMMUNICATION SERVICES,0.083621787938
CONSUMER DISCRETIONARY,0.102160004167
CONSUMER STAPLES,0.051046449204
ENERGY,0.036329254906
FINANCIALS,0.145289977004
HEALTH CARE,0.098323958559
INDUSTRIALS,0.123967372579
MATERIALS,0.03241208144
REAL ESTATE,0.023393868737
TECHNOLOGY,0.263239866029
UTILITIES,0.037393932838
