SECTOR,WEIGHT
COMMUNICATION SERVICES,0.081984503468
CONSUMER DISCRETIONARY,0.097283340074
CONSUMER STAPLES,0.055153083702
ENERGY,0.041675656636
FINANCIALS,0.143887339548
HEALTH CARE,0.100301962606
INDUSTRIALS,0.132023591017
MATERIALS,0.034101001424
REAL ESTATE,0.024710957861
TECHNOLOGY,0.248021788674
UTILITIES,0.040856774991
