SECTOR,WEIGHT
COMMUNICATION SERVICES,0.080815775836
CONSUMER DISCRETIONARY,0.097688815559
CONSUMER STAPLES,0.054836126127
ENERGY,0.03949672573
FINANCIALS,0.143666921605
HEALTH CARE,0.099477059061
INDUSTRIALS,0.130336288011
MATERIALS,0.034199154594
REAL ESTATE,0.024279615528
TECHNOLOGY,0.254738494447
UTILITIES,0.040465023501
