SECTOR,WEIGHT
COMMUNICATION SERVICES,0.083100185849
CONSUMER DISCRETIONARY,0.103450248267
CONSUMER STAPLES,0.051534960081
ENERGY,0.033892352094
FINANCIALS,0.156645004355
HEALTH CARE,0.101891806187
INDUSTRIALS,0.119738125534
MATERIALS,0.030187414451
REAL ESTATE,0.024026901942
TECHNOLOGY,0.25735668956
UTILITIES,0.03817631168
