SECTOR,WEIGHT
COMMUNICATION SERVICES,0.078231541021
CONSUMER DISCRETIONARY,0.09957014537
CONSUMER STAPLES,0.054460930267
ENERGY,0.047454149673
FINANCIALS,0.142949933695
HEALTH CARE,0.097338304101
INDUSTRIALS,0.130329521856
MATERIALS,0.033694798209
REAL ESTATE,0.023967773413
TECHNOLOGY,0.250532689469
UTILITIES,0.041470212926
