SECTOR,WEIGHT
COMMUNICATION SERVICES,0.0837564932
CONSUMER DISCRETIONARY,0.103506076408
CONSUMER STAPLES,0.051636899674
ENERGY,0.035169361148
FINANCIALS,0.149520061297
HEALTH CARE,0.101580489531
INDUSTRIALS,0.124551785718
MATERIALS,0.031772686229
REAL ESTATE,0.023845100362
TECHNOLOGY,0.257065345268
UTILITIES,0.037595701165
