SECTOR,WEIGHT
COMMUNICATION SERVICES,0.080650962327
CONSUMER DISCRETIONARY,0.099752242392
CONSUMER STAPLES,0.055512531646
ENERGY,0.044479152996
FINANCIALS,0.141036494405
HEALTH CARE,0.09751711411
INDUSTRIALS,0.12920063357
MATERIALS,0.033331563398
REAL ESTATE,0.024852903312
TECHNOLOGY,0.251245049607
UTILITIES,0.042421352238
