SECTOR,WEIGHT
COMMUNICATION SERVICES,0.035374085542
CONSUMER DISCRETIONARY,0.10638496278
CONSUMER STAPLES,0.04169206828
ENERGY,0.041161642495
FINANCIALS,0.164096090291
HEALTH CARE,0.105167690753
INDUSTRIALS,0.201556784637
MATERIALS,0.049401792017
REAL ESTATE,0.051537532888
TECHNOLOGY,0.152046701534
UTILITIES,0.051580648784
