SECTOR,WEIGHT
COMMUNICATION SERVICES,0.027312792128
CONSUMER DISCRETIONARY,0.102206978765
CONSUMER STAPLES,0.042964540231
ENERGY,0.057636925201
FINANCIALS,0.153086699727
HEALTH CARE,0.108112257492
INDUSTRIALS,0.198787636745
MATERIALS,0.05994184028
REAL ESTATE,0.053436500944
TECHNOLOGY,0.13828587369
UTILITIES,0.058227954797
