SECTOR,WEIGHT
COMMUNICATION SERVICES,0.035564561631
CONSUMER DISCRETIONARY,0.106508642395
CONSUMER STAPLES,0.041885330276
ENERGY,0.039441353662
FINANCIALS,0.167050907922
HEALTH CARE,0.105594552672
INDUSTRIALS,0.200386870274
MATERIALS,0.050916010929
REAL ESTATE,0.052203219133
TECHNOLOGY,0.148411162411
UTILITIES,0.052037388696
