SECTOR,WEIGHT
COMMUNICATION SERVICES,0.02747785647
CONSUMER DISCRETIONARY,0.102173489611
CONSUMER STAPLES,0.042339272411
ENERGY,0.056174585995
FINANCIALS,0.151146282839
HEALTH CARE,0.106934524228
INDUSTRIALS,0.201906221072
MATERIALS,0.059843253327
REAL ESTATE,0.052699693374
TECHNOLOGY,0.142058951689
UTILITIES,0.057245868984
