SECTOR,WEIGHT
COMMUNICATION SERVICES,0.02832178367
CONSUMER DISCRETIONARY,0.101737471126
CONSUMER STAPLES,0.040373606508
ENERGY,0.049914632922
FINANCIALS,0.154966355328
HEALTH CARE,0.104750426835
INDUSTRIALS,0.200461986542
MATERIALS,0.058853068193
REAL ESTATE,0.053530179773
TECHNOLOGY,0.152756854474
UTILITIES,0.054333634629
