SECTOR,WEIGHT
COMMUNICATION SERVICES,0.028884520271
CONSUMER DISCRETIONARY,0.105043673878
CONSUMER STAPLES,0.043260379211
ENERGY,0.043891190573
FINANCIALS,0.154848595212
HEALTH CARE,0.099428748498
INDUSTRIALS,0.211956642031
MATERIALS,0.055273965298
REAL ESTATE,0.050608778238
TECHNOLOGY,0.152911893662
UTILITIES,0.053891613127
