SECTOR,WEIGHT
COMMUNICATION SERVICES,0.029104838888
CONSUMER DISCRETIONARY,0.105566056876
CONSUMER STAPLES,0.042511264089
ENERGY,0.042982316937
FINANCIALS,0.158630310895
HEALTH CARE,0.098909045621
INDUSTRIALS,0.211443470645
MATERIALS,0.055174450254
REAL ESTATE,0.050476978673
TECHNOLOGY,0.154885993158
UTILITIES,0.050315273964
