SECTOR,WEIGHT
COMMUNICATION SERVICES,0.021925562498
CONSUMER DISCRETIONARY,0.13245737595
CONSUMER STAPLES,0.019896110672
ENERGY,0.039369545279
FINANCIALS,0.182221921113
HEALTH CARE,0.081662431479
INDUSTRIALS,0.20544281385
MATERIALS,0.06081681644
REAL ESTATE,0.073667988962
TECHNOLOGY,0.138314169659
UTILITIES,0.044225264097
