SECTOR,WEIGHT
COMMUNICATION SERVICES,0.021263023819
CONSUMER DISCRETIONARY,0.132736211948
CONSUMER STAPLES,0.019547064068
ENERGY,0.038325818367
FINANCIALS,0.176875302509
HEALTH CARE,0.082144949688
INDUSTRIALS,0.209042414979
MATERIALS,0.0641467329
REAL ESTATE,0.070622341103
TECHNOLOGY,0.14415386575
UTILITIES,0.041142274869
