SECTOR,WEIGHT
COMMUNICATION SERVICES,0.02139042295
CONSUMER DISCRETIONARY,0.132056945498
CONSUMER STAPLES,0.019740809694
ENERGY,0.037586533984
FINANCIALS,0.182633299964
HEALTH CARE,0.083846417268
INDUSTRIALS,0.204981367351
MATERIALS,0.060374026824
REAL ESTATE,0.075264993752
TECHNOLOGY,0.136449179689
UTILITIES,0.045676003026
