SECTOR,WEIGHT
COMMUNICATION SERVICES,0.028885333116
CONSUMER DISCRETIONARY,0.139920912362
CONSUMER STAPLES,0.027091592862
ENERGY,0.073771644636
FINANCIALS,0.181139228896
HEALTH CARE,0.07488457893
INDUSTRIALS,0.184493319337
MATERIALS,0.058354650985
REAL ESTATE,0.060063800079
TECHNOLOGY,0.124339832245
UTILITIES,0.047055106554
