SECTOR,WEIGHT
COMMUNICATION SERVICES,0.021495032473
CONSUMER DISCRETIONARY,0.127945366835
CONSUMER STAPLES,0.02028774251
ENERGY,0.040106152313
FINANCIALS,0.176345428872
HEALTH CARE,0.078611707773
INDUSTRIALS,0.20864220933
MATERIALS,0.063965080836
REAL ESTATE,0.067932614771
TECHNOLOGY,0.151756652512
UTILITIES,0.042048358501
