SECTOR,WEIGHT
COMMUNICATION SERVICES,0.020831116664
CONSUMER DISCRETIONARY,0.128778597565
CONSUMER STAPLES,0.020931436777
ENERGY,0.041837540191
FINANCIALS,0.16958962994
HEALTH CARE,0.075340404381
INDUSTRIALS,0.215770321663
MATERIALS,0.063161137407
REAL ESTATE,0.068851010446
TECHNOLOGY,0.152114677035
UTILITIES,0.042794127929
