SECTOR,WEIGHT
COMMUNICATION SERVICES,0.021676252401
CONSUMER DISCRETIONARY,0.125941693548
CONSUMER STAPLES,0.021960136952
ENERGY,0.044728486148
FINANCIALS,0.168162701207
HEALTH CARE,0.074102960178
INDUSTRIALS,0.214267168701
MATERIALS,0.06383260308
REAL ESTATE,0.07209455275
TECHNOLOGY,0.149694041152
UTILITIES,0.043539403883
