SECTOR,WEIGHT
COMMUNICATION SERVICES,0.019530607395
CONSUMER DISCRETIONARY,0.131046892549
CONSUMER STAPLES,0.020787763947
ENERGY,0.040755025072
FINANCIALS,0.179110282484
HEALTH CARE,0.07588432535
INDUSTRIALS,0.212019757058
MATERIALS,0.064872527575
REAL ESTATE,0.067887469257
TECHNOLOGY,0.146105353375
UTILITIES,0.041999995938
