SECTOR,WEIGHT
COMMUNICATION SERVICES,0.02146613316
CONSUMER DISCRETIONARY,0.119163389309
CONSUMER STAPLES,0.037865545155
ENERGY,0.053414279149
FINANCIALS,0.152486106457
HEALTH CARE,0.090231000574
INDUSTRIALS,0.22697126472
MATERIALS,0.061038221378
REAL ESTATE,0.076656461989
TECHNOLOGY,0.135947681228
UTILITIES,0.024759916883
