SECTOR,WEIGHT
COMMUNICATION SERVICES,0.020128880016
CONSUMER DISCRETIONARY,0.123802238464
CONSUMER STAPLES,0.037956698868
ENERGY,0.049455827347
FINANCIALS,0.156368173905
HEALTH CARE,0.086978052921
INDUSTRIALS,0.229540889394
MATERIALS,0.063601948335
REAL ESTATE,0.074845746537
TECHNOLOGY,0.132802630725
UTILITIES,0.024518913487
