SECTOR,WEIGHT
COMMUNICATION SERVICES,0.020712285162
CONSUMER DISCRETIONARY,0.118392087558
CONSUMER STAPLES,0.037963393586
ENERGY,0.054519992972
FINANCIALS,0.15595551835
HEALTH CARE,0.088762802427
INDUSTRIALS,0.22384067632
MATERIALS,0.06091216321
REAL ESTATE,0.077429489763
TECHNOLOGY,0.136277762275
UTILITIES,0.025233828378
