SECTOR,WEIGHT
COMMUNICATION SERVICES,0.017675975316
CONSUMER DISCRETIONARY,0.118083882439
CONSUMER STAPLES,0.032214203535
ENERGY,0.05177282711
FINANCIALS,0.16849701914
HEALTH CARE,0.090157933271
INDUSTRIALS,0.2207928041
MATERIALS,0.060140152704
REAL ESTATE,0.074678380922
TECHNOLOGY,0.14245371823
UTILITIES,0.023533103232
