SECTOR,WEIGHT
COMMUNICATION SERVICES,0.020196812445
CONSUMER DISCRETIONARY,0.125815891311
CONSUMER STAPLES,0.035829931876
ENERGY,0.043119206229
FINANCIALS,0.169544405069
HEALTH CARE,0.091802674025
INDUSTRIALS,0.216449876814
MATERIALS,0.063850945853
REAL ESTATE,0.070579820305
TECHNOLOGY,0.138945551546
UTILITIES,0.023864884527
