SECTOR,WEIGHT
COMMUNICATION SERVICES,0.040034489036
CONSUMER DISCRETIONARY,0.211461402888
CONSUMER STAPLES,0.03718374214
ENERGY,0.018816930036
FINANCIALS,0.092195155131
HEALTH CARE,0.154833566394
INDUSTRIALS,0.262177690555
MATERIALS,0.011686061748
REAL ESTATE,0.024354380848
TECHNOLOGY,0.137865120662
UTILITIES,0.009391460563
