SECTOR,WEIGHT
COMMUNICATION SERVICES,0.029192586995
CONSUMER DISCRETIONARY,0.17913328095
CONSUMER STAPLES,0.029436817793
ENERGY,0.022120904255
FINANCIALS,0.097954567066
HEALTH CARE,0.171629189584
INDUSTRIALS,0.234964041019
MATERIALS,0.020933782424
REAL ESTATE,0.061906501644
TECHNOLOGY,0.133135813344
UTILITIES,0.019592514927
