SECTOR,WEIGHT
COMMUNICATION SERVICES,0.042848880724
CONSUMER DISCRETIONARY,0.213867175774
CONSUMER STAPLES,0.031470007885
ENERGY,0.01886339349
FINANCIALS,0.089447026004
HEALTH CARE,0.141324359913
INDUSTRIALS,0.267773735336
MATERIALS,0.009959015245
REAL ESTATE,0.024411744694
TECHNOLOGY,0.150727039132
UTILITIES,0.009307621804
