SECTOR,WEIGHT
COMMUNICATION SERVICES,0.036208738019
CONSUMER DISCRETIONARY,0.200804638623
CONSUMER STAPLES,0.024906195497
ENERGY,0.01486771365
FINANCIALS,0.106184096837
HEALTH CARE,0.181133694417
INDUSTRIALS,0.191223178713
MATERIALS,0.014634702466
REAL ESTATE,0.060464902315
TECHNOLOGY,0.152629326208
UTILITIES,0.016942813255
