SECTOR,WEIGHT
COMMUNICATION SERVICES,0.043935148118
CONSUMER DISCRETIONARY,0.204963971177
CONSUMER STAPLES,0.030424339472
ENERGY,0.018214571657
FINANCIALS,0.083867093675
HEALTH CARE,0.133506805444
INDUSTRIALS,0.282826261009
MATERIALS,0.010008006405
REAL ESTATE,0.024019215372
TECHNOLOGY,0.159427542034
UTILITIES,0.008807045637
