SECTOR,WEIGHT
COMMUNICATION SERVICES,0.035607103414
CONSUMER DISCRETIONARY,0.193231109048
CONSUMER STAPLES,0.024167893785
ENERGY,0.016344014597
FINANCIALS,0.106171070954
HEALTH CARE,0.177850448965
INDUSTRIALS,0.211226731437
MATERIALS,0.016891215967
REAL ESTATE,0.059068737295
TECHNOLOGY,0.143044640428
UTILITIES,0.016397034109
