SECTOR,WEIGHT
COMMUNICATION SERVICES,0.032466472934
CONSUMER DISCRETIONARY,0.190676587562
CONSUMER STAPLES,0.025342127734
ENERGY,0.01696949555
FINANCIALS,0.10695827398
HEALTH CARE,0.180993604406
INDUSTRIALS,0.217971728852
MATERIALS,0.017384923856
REAL ESTATE,0.060623502831
TECHNOLOGY,0.133724870341
UTILITIES,0.016888411953
