SECTOR,WEIGHT
COMMUNICATION SERVICES,0.04054893884
CONSUMER DISCRETIONARY,0.213986271525
CONSUMER STAPLES,0.036404776845
ENERGY,0.020319503781
FINANCIALS,0.088071198324
HEALTH CARE,0.152152092046
INDUSTRIALS,0.264815053886
MATERIALS,0.009890546487
REAL ESTATE,0.023481916702
TECHNOLOGY,0.141026603298
UTILITIES,0.009303098264
