SECTOR,WEIGHT
COMMUNICATION SERVICES,0.043935148118
CONSUMER DISCRETIONARY,0.212570056045
CONSUMER STAPLES,0.031725380304
ENERGY,0.017914331465
FINANCIALS,0.087069655725
HEALTH CARE,0.14081265012
INDUSTRIALS,0.271617293835
MATERIALS,0.010108086469
REAL ESTATE,0.02371897518
TECHNOLOGY,0.151521216974
UTILITIES,0.009007205765
