SECTOR,WEIGHT
COMMUNICATION SERVICES,0.08381535
CONSUMER DISCRETIONARY,0.069642608705
CONSUMER STAPLES,0.067491675016
ENERGY,0.033967536816
FINANCIALS,0.107531670972
HEALTH CARE,0.098463518703
INDUSTRIALS,0.148424433566
MATERIALS,0.017199462317
REAL ESTATE,0.021380220819
TECHNOLOGY,0.326686691336
UTILITIES,0.025396831752
