SECTOR,WEIGHT
COMMUNICATION SERVICES,0.081506948865
CONSUMER DISCRETIONARY,0.067724491177
CONSUMER STAPLES,0.065355913176
ENERGY,0.040428208431
FINANCIALS,0.107577344647
HEALTH CARE,0.09947927369
INDUSTRIALS,0.141576412451
MATERIALS,0.016284349643
REAL ESTATE,0.022039903974
TECHNOLOGY,0.331752276611
UTILITIES,0.026274877336
