SECTOR,WEIGHT
COMMUNICATION SERVICES,0.084633751984
CONSUMER DISCRETIONARY,0.074170667121
CONSUMER STAPLES,0.063465302424
ENERGY,0.030084747884
FINANCIALS,0.113392968879
HEALTH CARE,0.096231146975
INDUSTRIALS,0.141381295396
MATERIALS,0.015543953266
REAL ESTATE,0.020456627405
TECHNOLOGY,0.337556878194
UTILITIES,0.023082660473
