SECTOR,WEIGHT
COMMUNICATION SERVICES,0.086988635393
CONSUMER DISCRETIONARY,0.073834271088
CONSUMER STAPLES,0.059938277994
ENERGY,0.027625169957
FINANCIALS,0.116547265771
HEALTH CARE,0.099742037791
INDUSTRIALS,0.136715951149
MATERIALS,0.014490903993
REAL ESTATE,0.020500308007
TECHNOLOGY,0.340605583118
UTILITIES,0.023011595738
