SECTOR,WEIGHT
COMMUNICATION SERVICES,0.083910572566
CONSUMER DISCRETIONARY,0.067619357585
CONSUMER STAPLES,0.066568860626
ENERGY,0.036514032496
FINANCIALS,0.106565856345
HEALTH CARE,0.094409533585
INDUSTRIALS,0.145206919861
MATERIALS,0.015770472924
REAL ESTATE,0.021396489998
TECHNOLOGY,0.336858022682
UTILITIES,0.025179881331
