SECTOR,WEIGHT
COMMUNICATION SERVICES,0.080268563984
CONSUMER DISCRETIONARY,0.065537629021
CONSUMER STAPLES,0.061729632228
ENERGY,0.033871129372
FINANCIALS,0.102214650767
HEALTH CARE,0.088686241106
INDUSTRIALS,0.140495039583
MATERIALS,0.016234091592
REAL ESTATE,0.021244613689
TECHNOLOGY,0.365267060828
UTILITIES,0.02445134783
