SECTOR,WEIGHT
COMMUNICATION SERVICES,0.083468450683
CONSUMER DISCRETIONARY,0.075411515005
CONSUMER STAPLES,0.06029273533
ENERGY,0.030773686289
FINANCIALS,0.115542871115
HEALTH CARE,0.100745767604
INDUSTRIALS,0.143175955859
MATERIALS,0.016876474349
REAL ESTATE,0.023459311473
TECHNOLOGY,0.329492593431
UTILITIES,0.020760638863
