SECTOR,WEIGHT
COMMUNICATION SERVICES,0.081324116507
CONSUMER DISCRETIONARY,0.068897013272
CONSUMER STAPLES,0.066658193111
ENERGY,0.033266045295
FINANCIALS,0.108107891716
HEALTH CARE,0.096756663167
INDUSTRIALS,0.147895238829
MATERIALS,0.017012831432
REAL ESTATE,0.021222253692
TECHNOLOGY,0.333696295088
UTILITIES,0.025163457891
