SECTOR,WEIGHT
COMMUNICATION SERVICES,0.084383630781
CONSUMER DISCRETIONARY,0.072561150243
CONSUMER STAPLES,0.065365118976
ENERGY,0.031362719631
FINANCIALS,0.112531869426
HEALTH CARE,0.095917709287
INDUSTRIALS,0.144966082719
MATERIALS,0.016316745543
REAL ESTATE,0.020442496841
TECHNOLOGY,0.332788907737
UTILITIES,0.023363568815
