SECTOR,WEIGHT
COMMUNICATION SERVICES,0.081181449002
CONSUMER DISCRETIONARY,0.06486926054
CONSUMER STAPLES,0.060987987732
ENERGY,0.035032854282
FINANCIALS,0.103649862208
HEALTH CARE,0.087760336926
INDUSTRIALS,0.138477910578
MATERIALS,0.016245927726
REAL ESTATE,0.021733521407
TECHNOLOGY,0.365553452837
UTILITIES,0.024507436764
