SECTOR,WEIGHT
COMMUNICATION SERVICES,0.062312091141
CONSUMER DISCRETIONARY,0.10990524349
CONSUMER STAPLES,0.02545673203
ENERGY,0.008437486128
FINANCIALS,0.224102375773
HEALTH CARE,0.100876538078
INDUSTRIALS,0.187069449097
MATERIALS,0.01786370075
REAL ESTATE,0.009356600065
TECHNOLOGYQ,0.254619783448
