SECTOR,WEIGHT
COMMUNICATION SERVICES,0.040399043035
CONSUMER DISCRETIONARY,0.116764544137
CONSUMER STAPLES,0.044086006398
ENERGY,0.016856266633
FINANCIALS,0.229090482135
HEALTH CARE,0.121709932121
INDUSTRIALS,0.200547123687
MATERIALS,0.050179430879
REAL ESTATE,0.009248517789
TECHNOLOGY,0.161495819301
UTILITIES,0.009622833884
