SECTOR,WEIGHT
COMMUNICATION SERVICES,0.061582749202
CONSUMER DISCRETIONARY,0.113074415305
CONSUMER STAPLES,0.024960825287
ENERGY,0.008059951184
FINANCIALS,0.222149125241
HEALTH CARE,0.094586372548
INDUSTRIALS,0.186209290335
MATERIALS,0.017790818638
REAL ESTATE,0.008538220696
TECHNOLOGY,0.263048231563
