SECTOR,WEIGHT
COMMUNICATION SERVICES,0.039610547537
CONSUMER DISCRETIONARY,0.115434787415
CONSUMER STAPLES,0.041700919965
ENERGY,0.018847521401
FINANCIALS,0.228537000597
HEALTH CARE,0.106056251118
INDUSTRIALS,0.19752310967
MATERIALS,0.046401242968
REAL ESTATE,0.009400646005
TECHNOLOGY,0.187665194696
UTILITIES,0.008822778628
