SECTOR,WEIGHT
COMMUNICATION SERVICES,0.062462914001
CONSUMER DISCRETIONARY,0.115758774497
CONSUMER STAPLES,0.025511130845
ENERGY,0.007574626113
FINANCIALS,0.226276061114
HEALTH CARE,0.095238864109
INDUSTRIALS,0.184655983208
MATERIALS,0.018808404142
REAL ESTATE,0.008506064948
TECHNOLOGY,0.255207177024
