SECTOR,WEIGHT
COMMUNICATION SERVICES,0.039670414333
CONSUMER DISCRETIONARY,0.118009789534
CONSUMER STAPLES,0.043711384527
ENERGY,0.018485203701
FINANCIALS,0.231031396621
HEALTH CARE,0.120312027587
INDUSTRIALS,0.196466687359
MATERIALS,0.047416862789
REAL ESTATE,0.009220001346
TECHNOLOGY,0.165898751749
UTILITIES,0.009777480456
