SECTOR,WEIGHT
COMMUNICATION SERVICES,0.059739149285
CONSUMER DISCRETIONARY,0.116464545498
CONSUMER STAPLES,0.026280769787
ENERGY,0.008613733802
FINANCIALS,0.221422033817
HEALTH CARE,0.095065192607
INDUSTRIALS,0.191953891485
MATERIALS,0.020220145479
REAL ESTATE,0.008301620181
TECHNOLOGY,0.25193891806
