SECTOR,WEIGHT
COMMUNICATION SERVICES,0.062022691844
CONSUMER DISCRETIONARY,0.109913682203
CONSUMER STAPLES,0.025351501607
ENERGY,0.008539962971
FINANCIALS,0.222822001705
HEALTH CARE,0.097572911044
INDUSTRIALS,0.187687480136
MATERIALS,0.017670176217
REAL ESTATE,0.009162500441
TECHNOLOGY,0.259257091832
