SECTOR,WEIGHT
COMMUNICATION SERVICES,0.041245445592
CONSUMER DISCRETIONARY,0.116907108642
CONSUMER STAPLES,0.044417090942
ENERGY,0.015870274786
FINANCIALS,0.22821589678
HEALTH CARE,0.121270505505
INDUSTRIALS,0.196564703473
MATERIALS,0.048269450298
REAL ESTATE,0.00954204413
TECHNOLOGY,0.168076119488
UTILITIES,0.009621360364
