SECTOR,WEIGHT
COMMUNICATION SERVICES,0.038303811618
CONSUMER DISCRETIONARY,0.116277062966
CONSUMER STAPLES,0.043650933012
ENERGY,0.017380903883
FINANCIALS,0.227033416248
HEALTH CARE,0.121046225659
INDUSTRIALS,0.198004035677
MATERIALS,0.050843307971
REAL ESTATE,0.009103852958
TECHNOLOGY,0.168724808376
UTILITIES,0.009631641633
