SECTOR,WEIGHT
COMMUNICATION SERVICES,0.039602199776
CONSUMER DISCRETIONARY,0.117194140092
CONSUMER STAPLES,0.044708823015
ENERGY,0.01909935361
FINANCIALS,0.2292997406
HEALTH CARE,0.119496792161
INDUSTRIALS,0.197466479936
MATERIALS,0.047920681071
REAL ESTATE,0.009368337931
TECHNOLOGY,0.165986855192
UTILITIES,0.009856596616
