SECTOR,WEIGHT
COMMUNICATION SERVICES,0.103148184431
CONSUMER DISCRETIONARY,0.120079825644
CONSUMER STAPLES,0.02140365477
ENERGY,0.065157277929
FINANCIALS,0.166941033653
HEALTH CARE,0.100753617099
INDUSTRIALS,0.083696743348
MATERIALS,0.022683248532
REAL ESTATE,0.026324081611
TECHNOLOGY,0.25967370864
UTILITIES,0.030138624341
