SECTOR,WEIGHT
COMMUNICATION SERVICES,0.103623613753
CONSUMER DISCRETIONARY,0.117557558852
CONSUMER STAPLES,0.022835626527
ENERGY,0.058132192646
FINANCIALS,0.16975933838
HEALTH CARE,0.103159889797
INDUSTRIALS,0.082516596569
MATERIALS,0.022713381214
REAL ESTATE,0.027243529838
TECHNOLOGY,0.263014326949
UTILITIES,0.029443945473
