SECTOR,WEIGHT
COMMUNICATION SERVICES,0.105183199195
CONSUMER DISCRETIONARY,0.116623243691
CONSUMER STAPLES,0.022927532926
ENERGY,0.057959325408
FINANCIALS,0.166400004845
HEALTH CARE,0.100502400966
INDUSTRIALS,0.084312915955
MATERIALS,0.022890183447
REAL ESTATE,0.026909794951
TECHNOLOGY,0.266929660836
UTILITIES,0.02936173778
