SECTOR,WEIGHT
COMMUNICATION SERVICES,0.116245567825
CONSUMER DISCRETIONARY,0.122815317597
CONSUMER STAPLES,0.019972647148
ENERGY,0.047153277277
FINANCIALS,0.160010130686
HEALTH CARE,0.087994124202
INDUSTRIALS,0.069935163611
MATERIALS,0.015233512309
REAL ESTATE,0.027941444636
TECHNOLOGY,0.308789383041
UTILITIES,0.023909431669
