SECTOR,WEIGHT
COMMUNICATION SERVICES,0.114864474866
CONSUMER DISCRETIONARY,0.124244452568
CONSUMER STAPLES,0.019536641456
ENERGY,0.048516043579
FINANCIALS,0.16124488496
HEALTH CARE,0.084537264222
INDUSTRIALS,0.070028323219
MATERIALS,0.015967126029
REAL ESTATE,0.026860983323
TECHNOLOGY,0.310495185458
UTILITIES,0.02370462032
