SECTOR,WEIGHT
COMMUNICATION SERVICES,0.115531412185
CONSUMER DISCRETIONARY,0.127410690846
CONSUMER STAPLES,0.019150225166
ENERGY,0.047625153981
FINANCIALS,0.167619499586
HEALTH CARE,0.085661059391
INDUSTRIALS,0.068591853632
MATERIALS,0.017715422363
REAL ESTATE,0.023250671459
TECHNOLOGY,0.303715745471
UTILITIES,0.023728265918
