SECTOR,WEIGHT
COMMUNICATION SERVICES,0.031518986454
CONSUMER DISCRETIONARY,0.083148350993
CONSUMER STAPLES,0.114002904264
ENERGY,0.065952259023
FINANCIALS,0.090653539685
HEALTH CARE,0.117435307959
INDUSTRIALS,0.125406501824
MATERIALS,0.089238487417
REAL ESTATE,0.103650574289
TECHNOLOGY,0.083479064342
UTILITIES,0.095514023749
