SECTOR,WEIGHT
COMMUNICATION SERVICES,0.027048767319
CONSUMER DISCRETIONARY,0.08038498564
CONSUMER STAPLES,0.11696623462
ENERGY,0.072015514825
FINANCIALS,0.086007707326
HEALTH CARE,0.112030701082
INDUSTRIALS,0.125653254477
MATERIALS,0.092229464745
REAL ESTATE,0.099529085789
TECHNOLOGY,0.088231552354
UTILITIES,0.099902731823
