SECTOR,WEIGHT
COMMUNICATION SERVICES,0.038203148501
CONSUMER DISCRETIONARY,0.077709816505
CONSUMER STAPLES,0.108192118721
ENERGY,0.070791136067
FINANCIALS,0.09164744811
HEALTH CARE,0.108492930913
INDUSTRIALS,0.121929208864
MATERIALS,0.082021457936
REAL ESTATE,0.104381830944
TECHNOLOGY,0.10297804071
UTILITIES,0.093652862729
