SECTOR,WEIGHT
COMMUNICATION SERVICES,0.027631741046
CONSUMER DISCRETIONARY,0.080041706021
CONSUMER STAPLES,0.115715177125
ENERGY,0.070545673802
FINANCIALS,0.089349440164
HEALTH CARE,0.112705412668
INDUSTRIALS,0.127812326914
MATERIALS,0.091859413451
REAL ESTATE,0.100799565713
TECHNOLOGY,0.089423557492
UTILITIES,0.094115985605
