SECTOR,WEIGHT
COMMUNICATION SERVICES,0.027285676804
CONSUMER DISCRETIONARY,0.082793929457
CONSUMER STAPLES,0.113712603202
ENERGY,0.067606514464
FINANCIALS,0.090416789392
HEALTH CARE,0.11732650027
INDUSTRIALS,0.127504722192
MATERIALS,0.090210711812
REAL ESTATE,0.103492160507
TECHNOLOGY,0.08327645257
UTILITIES,0.096373939329
