SECTOR,WEIGHT
COMMUNICATION SERVICES,0.036689154908
CONSUMER DISCRETIONARY,0.077654257109
CONSUMER STAPLES,0.111633771544
ENERGY,0.077908442886
FINANCIALS,0.089021284291
HEALTH CARE,0.116216148332
INDUSTRIALS,0.118643471796
MATERIALS,0.081590620243
REAL ESTATE,0.102029969809
TECHNOLOGY,0.09320279102
UTILITIES,0.095410088061
