SECTOR,WEIGHT
COMMUNICATION SERVICES,0.036258117395
CONSUMER DISCRETIONARY,0.076642441817
CONSUMER STAPLES,0.108183176338
ENERGY,0.072928053899
FINANCIALS,0.092397779183
HEALTH CARE,0.108334477275
INDUSTRIALS,0.12132732004
MATERIALS,0.082428951184
REAL ESTATE,0.106638103187
TECHNOLOGY,0.100531958065
UTILITIES,0.094329621617
