SECTOR,WEIGHT
COMMUNICATION SERVICES,0.03175381131
CONSUMER DISCRETIONARY,0.080239434676
CONSUMER STAPLES,0.07305619145
ENERGY,0.099382234994
FINANCIALS,0.103024085529
HEALTH CARE,0.08950185086
INDUSTRIALS,0.118970499894
MATERIALS,0.108641607001
REAL ESTATE,0.12089441982
TECHNOLOGY,0.118926866689
UTILITIES,0.055608997776
