SECTOR,WEIGHT
COMMUNICATION SERVICES,0.041456042949
CONSUMER DISCRETIONARY,0.073897865996
CONSUMER STAPLES,0.067776709667
ENERGY,0.086458914628
FINANCIALS,0.101614657374
HEALTH CARE,0.096925267107
INDUSTRIALS,0.122030052831
MATERIALS,0.104756192439
REAL ESTATE,0.11727854469
TECHNOLOGY,0.130553439701
UTILITIES,0.057252312618
