SECTOR,WEIGHT
COMMUNICATION SERVICES,0.029277682099
CONSUMER DISCRETIONARY,0.077499746733
CONSUMER STAPLES,0.070003039206
ENERGY,0.093101002938
FINANCIALS,0.108702259143
HEALTH CARE,0.090568331476
INDUSTRIALS,0.120352547867
MATERIALS,0.096545436126
REAL ESTATE,0.123290446763
TECHNOLOGY,0.140715226421
UTILITIES,0.049944281228
