SECTOR,WEIGHT
COMMUNICATION SERVICES,0.032848109023
CONSUMER DISCRETIONARY,0.084475827078
CONSUMER STAPLES,0.073365064863
ENERGY,0.088175025146
FINANCIALS,0.106706467823
HEALTH CARE,0.093215334452
INDUSTRIALS,0.120912725464
MATERIALS,0.111780203618
REAL ESTATE,0.119201897004
TECHNOLOGY,0.115598926706
UTILITIES,0.053720418824
