SECTOR,WEIGHT
COMMUNICATION SERVICES,0.032081591224
CONSUMER DISCRETIONARY,0.080255847232
CONSUMER STAPLES,0.073244355668
ENERGY,0.100791971059
FINANCIALS,0.103346782026
HEALTH CARE,0.089373633985
INDUSTRIALS,0.118407148589
MATERIALS,0.10690439698
REAL ESTATE,0.119772019735
TECHNOLOGY,0.119789309459
UTILITIES,0.056032944043
