SECTOR,WEIGHT
COMMUNICATION SERVICES,0.040735813709
CONSUMER DISCRETIONARY,0.074257707696
CONSUMER STAPLES,0.06805575049
ENERGY,0.08787089189
FINANCIALS,0.100749767605
HEALTH CARE,0.097701675484
INDUSTRIALS,0.123099392009
MATERIALS,0.104998993123
REAL ESTATE,0.118946786027
TECHNOLOGY,0.125228072959
UTILITIES,0.058355149008
