SECTOR,WEIGHT
COMMUNICATION SERVICES,0.030622775981
CONSUMER DISCRETIONARY,0.084609535782
CONSUMER STAPLES,0.075157899005
ENERGY,0.091431381097
FINANCIALS,0.106807652146
HEALTH CARE,0.086366447348
INDUSTRIALS,0.124233822322
MATERIALS,0.111854337534
REAL ESTATE,0.116645545879
TECHNOLOGY,0.116681028802
UTILITIES,0.055589574104
