SECTOR,WEIGHT
COMMUNICATION SERVICES,0.036196956037
CONSUMER DISCRETIONARY,0.085336929921
CONSUMER STAPLES,0.07382533205
ENERGY,0.077590722112
FINANCIALS,0.107505561812
HEALTH CARE,0.098112506343
INDUSTRIALS,0.120199459491
MATERIALS,0.103909655142
REAL ESTATE,0.125698480877
TECHNOLOGY,0.117558173132
UTILITIES,0.054066223083
