SECTOR,WEIGHT
COMMUNICATION SERVICES,0.070758945606
CONSUMER DISCRETIONARY,0.080694381554
CONSUMER STAPLES,0.02632117182
ENERGY,0.066191127912
FINANCIALS,0.254915568128
HEALTH CARE,0.076202880707
INDUSTRIALS,0.122064218083
MATERIALS,0.047805890643
REAL ESTATE,0.115921220663
TECHNOLOGY,0.068032907825
UTILITIES,0.07109168706
