SECTOR,WEIGHT
COMMUNICATION SERVICES,0.061530067772
CONSUMER DISCRETIONARY,0.096404367202
CONSUMER STAPLES,0.025797677965
ENERGY,0.053367521228
FINANCIALS,0.27100285623
HEALTH CARE,0.0734730979
INDUSTRIALS,0.135556903709
MATERIALS,0.051516977568
REAL ESTATE,0.106450030232
TECHNOLOGY,0.059207218138
UTILITIES,0.065693282058
