SECTOR,WEIGHT
COMMUNICATION SERVICES,0.060680692692
CONSUMER DISCRETIONARY,0.099030923013
CONSUMER STAPLES,0.026058307318
ENERGY,0.05153699881
FINANCIALS,0.274145066656
HEALTH CARE,0.074246753643
INDUSTRIALS,0.127887656217
MATERIALS,0.049308020053
REAL ESTATE,0.106585249286
TECHNOLOGY,0.065757923958
UTILITIES,0.064762408355
