SECTOR,WEIGHT
COMMUNICATION SERVICES,0.068833849329
CONSUMER DISCRETIONARY,0.089060887513
CONSUMER STAPLES,0.019401444788
ENERGY,0.071723426213
FINANCIALS,0.256140350877
HEALTH CARE,0.074200206398
INDUSTRIALS,0.129618163055
MATERIALS,0.055933952528
REAL ESTATE,0.085345717234
TECHNOLOGY,0.091950464396
UTILITIES,0.057791537668
