SECTOR,WEIGHT
COMMUNICATION SERVICES,0.061439535872
CONSUMER DISCRETIONARY,0.094689873044
CONSUMER STAPLES,0.0260868327
ENERGY,0.055817969889
FINANCIALS,0.270978398622
HEALTH CARE,0.073353960321
INDUSTRIALS,0.134724332725
MATERIALS,0.051512544015
REAL ESTATE,0.102811494968
TECHNOLOGY,0.062547168468
UTILITIES,0.066037889375
