SECTOR,WEIGHT
COMMUNICATION SERVICES,0.05571493342
CONSUMER DISCRETIONARY,0.089903252419
CONSUMER STAPLES,0.026698737465
ENERGY,0.061100121275
FINANCIALS,0.262509984257
HEALTH CARE,0.077724225469
INDUSTRIALS,0.129056688367
MATERIALS,0.051486960131
REAL ESTATE,0.116088008894
TECHNOLOGY,0.061205139002
UTILITIES,0.068511949301
