SECTOR,WEIGHT
COMMUNICATION SERVICES,0.0416282493
CONSUMER DISCRETIONARY,0.076925721033
CONSUMER STAPLES,0.134415287685
ENERGY,0.059592411964
FINANCIALS,0.092089459892
HEALTH CARE,0.128380728232
INDUSTRIALS,0.100487698355
MATERIALS,0.081387190437
REAL ESTATE,0.092449369955
TECHNOLOGY,0.094190283237
UTILITIES,0.098453599909
