SECTOR,WEIGHT
COMMUNICATION SERVICES,0.0405124324
CONSUMER DISCRETIONARY,0.07684180454
CONSUMER STAPLES,0.135651241235
ENERGY,0.063113788662
FINANCIALS,0.087298953984
HEALTH CARE,0.127080628913
INDUSTRIALS,0.10269498143
MATERIALS,0.08571113528
REAL ESTATE,0.091670467474
TECHNOLOGY,0.091773715786
UTILITIES,0.097650850295
