SECTOR,WEIGHT
COMMUNICATION SERVICES,0.046069103655
CONSUMER DISCRETIONARY,0.078818227341
CONSUMER STAPLES,0.117476214321
ENERGY,0.066099148723
FINANCIALS,0.089634451678
HEALTH CARE,0.117275913871
INDUSTRIALS,0.108763144717
MATERIALS,0.078317476214
REAL ESTATE,0.095042563846
TECHNOLOGY,0.106459689534
UTILITIES,0.096044066099
