SECTOR,WEIGHT
COMMUNICATION SERVICES,0.038733166952
CONSUMER DISCRETIONARY,0.072620179519
CONSUMER STAPLES,0.138570760166
ENERGY,0.067334194293
FINANCIALS,0.085251039213
HEALTH CARE,0.124811769432
INDUSTRIALS,0.105198720383
MATERIALS,0.089694432784
REAL ESTATE,0.089894811299
TECHNOLOGY,0.092909506057
UTILITIES,0.094981419902
