SECTOR,WEIGHT
COMMUNICATION SERVICES,0.037750009532
CONSUMER DISCRETIONARY,0.075996676908
CONSUMER STAPLES,0.128863145179
ENERGY,0.062976214604
FINANCIALS,0.087426830761
HEALTH CARE,0.141098988423
INDUSTRIALS,0.098491765513
MATERIALS,0.081746871056
REAL ESTATE,0.090468985474
TECHNOLOGYQ,0.101507833147
UTILITIES,0.093672679404
