SECTOR,WEIGHT
COMMUNICATION SERVICES,0.067846734571
CONSUMER DISCRETIONARY,0.110674135383
CONSUMER STAPLES,0.054966900006
ENERGY,0.02961441533
FINANCIALS,0.140289551167
HEALTH CARE,0.100227403014
INDUSTRIALS,0.091720549409
MATERIALS,0.014878740069
REAL ESTATE,0.021599784702
TECHNOLOGYQ,0.352780809707
UTILITIES,0.015400976642
