SECTOR,WEIGHT
COMMUNICATION SERVICES,0.061305146875
CONSUMER DISCRETIONARY,0.11201732393
CONSUMER STAPLES,0.059414225103
ENERGY,0.036064798392
FINANCIALS,0.135333682057
HEALTH CARE,0.100681814082
INDUSTRIALS,0.098412106709
MATERIALS,0.017791900401
REAL ESTATE,0.021983593974
TECHNOLOGY,0.341825947014
UTILITIES,0.015169461463
