SECTOR,WEIGHT
COMMUNICATION SERVICES,0.059505301343
CONSUMER DISCRETIONARY,0.112202593546
CONSUMER STAPLES,0.061325105697
ENERGY,0.036359070709
FINANCIALS,0.133531020711
HEALTH CARE,0.102325227751
INDUSTRIALS,0.097943290935
MATERIALS,0.018248065645
REAL ESTATE,0.022778067906
TECHNOLOGY,0.339604105014
UTILITIES,0.016178150743
