SECTOR,WEIGHT
COMMUNICATION SERVICES,0.062451974719
CONSUMER DISCRETIONARY,0.111398536411
CONSUMER STAPLES,0.053449371799
ENERGY,0.029229543745
FINANCIALS,0.142594350819
HEALTH CARE,0.09592081813
INDUSTRIALS,0.092170320276
MATERIALS,0.015371107186
REAL ESTATE,0.021192475268
TECHNOLOGY,0.361442790073
UTILITIES,0.014778711575
