SECTOR,WEIGHT
COMMUNICATION SERVICES,0.066710833655
CONSUMER DISCRETIONARY,0.110651316303
CONSUMER STAPLES,0.054595601849
ENERGY,0.030209019273
FINANCIALS,0.137962127141
HEALTH CARE,0.096783749217
INDUSTRIALS,0.091882014095
MATERIALS,0.015008436429
REAL ESTATE,0.021236181971
TECHNOLOGY,0.359942276014
UTILITIES,0.015018444054
