SECTOR,WEIGHT
COMMUNICATION SERVICES,0.06138816142
CONSUMER DISCRETIONARY,0.109068967417
CONSUMER STAPLES,0.059221944588
ENERGY,0.03975103028
FINANCIALS,0.134067089628
HEALTH CARE,0.099936405562
INDUSTRIALS,0.095217397836
MATERIALS,0.018721801876
REAL ESTATE,0.022259054696
TECHNOLOGY,0.344171094075
UTILITIES,0.016197052623
