SECTOR,WEIGHT
COMMUNICATION SERVICES,0.061936588516
CONSUMER DISCRETIONARY,0.109688950301
CONSUMER STAPLES,0.058929724696
ENERGY,0.038150022779
FINANCIALS,0.133133076003
HEALTH CARE,0.101395292951
INDUSTRIALS,0.096384854538
MATERIALS,0.018668989652
REAL ESTATE,0.022330694943
TECHNOLOGY,0.343554467491
UTILITIES,0.015827338129
