SECTOR,WEIGHT
COMMUNICATION SERVICES,0.065962307539
CONSUMER DISCRETIONARY,0.114108983033
CONSUMER STAPLES,0.054891136152
ENERGY,0.030144754514
FINANCIALS,0.141861026452
HEALTH CARE,0.0968111541
INDUSTRIALS,0.092734831724
MATERIALS,0.015553122894
REAL ESTATE,0.021579469758
TECHNOLOGY,0.351542242017
UTILITIES,0.014810971817
