SECTOR,WEIGHT
COMMUNICATION SERVICES,0.063512406813
CONSUMER DISCRETIONARY,0.097031477697
CONSUMER STAPLES,0.056542230537
ENERGY,0.036547007792
FINANCIALS,0.126229942553
HEALTH CARE,0.085272002473
INDUSTRIALS,0.101795686018
MATERIALS,0.017783233038
REAL ESTATE,0.021802751539
TECHNOLOGY,0.377295792402
UTILITIES,0.016187469139
