SECTOR,WEIGHT
COMMUNICATION SERVICES,0.039702851177
CONSUMER DISCRETIONARY,0.121366772577
CONSUMER STAPLES,0.006251606406
ENERGY,0.007024681394
FINANCIALS,0.119707611638
HEALTH CARE,0.215715924445
INDUSTRIALS,0.210496418153
MATERIALS,0.023304260513
REAL ESTATE,0.037950681216
TECHNOLOGY,0.218479192482
