SECTOR,WEIGHT
COMMUNICATION SERVICES,0.041084800648
CONSUMER DISCRETIONARY,0.094818862578
CONSUMER STAPLES,0.021655535317
ENERGY,0.016798218984
FINANCIALS,0.097955879377
HEALTH CARE,0.193381906497
INDUSTRIALS,0.287593604533
MATERIALS,0.025905687108
REAL ESTATE,0.039769277474
TECHNOLOGY,0.181036227484
