SECTOR,WEIGHT
COMMUNICATION SERVICES,0.040091923388
CONSUMER DISCRETIONARY,0.117890644384
CONSUMER STAPLES,0.00657110156
ENERGY,0.007773669172
FINANCIALS,0.116392937466
HEALTH CARE,0.206833625471
INDUSTRIALS,0.22440391865
MATERIALS,0.028293354463
REAL ESTATE,0.037646769275
TECHNOLOGY,0.214102056171
