SECTOR,WEIGHT
COMMUNICATION SERVICES,0.038207342419
CONSUMER DISCRETIONARY,0.124839723394
CONSUMER STAPLES,0.005452905182
ENERGY,0.008153353457
FINANCIALS,0.119127775211
HEALTH CARE,0.197555794262
INDUSTRIALS,0.237642448646
MATERIALS,0.02453307249
REAL ESTATE,0.040419709672
TECHNOLOGY,0.204067875267
