SECTOR,WEIGHT
COMMUNICATION SERVICES,0.03535958612
CONSUMER DISCRETIONARY,0.161724953794
CONSUMER STAPLES,0.026679229153
ENERGY,0.031032953449
FINANCIALS,0.175547702329
HEALTH CARE,0.143480250206
INDUSTRIALS,0.182694874064
MATERIALS,0.00473300703
REAL ESTATE,0.003062356891
TECHNOLOGY,0.235685086964
