SECTOR,WEIGHT
COMMUNICATION SERVICES,0.035327408498
CONSUMER DISCRETIONARY,0.161718329321
CONSUMER STAPLES,0.02672493234
ENERGY,0.028076621099
FINANCIALS,0.17372409305
HEALTH CARE,0.15209205923
INDUSTRIALS,0.184485460823
MATERIALS,0.004462177282
REAL ESTATE,0.00322780869
TECHNOLOGY,0.230161109668
