SECTOR,WEIGHT
COMMUNICATION SERVICES,0.043659361924
CONSUMER DISCRETIONARY,0.107811158627
CONSUMER STAPLES,0.024091443025
ENERGY,0.019354799978
FINANCIALS,0.099424478859
HEALTH CARE,0.196515655736
INDUSTRIALS,0.254512017706
MATERIALS,0.026314683593
REAL ESTATE,0.039895261556
TECHNOLOGY,0.188421138996
