SECTOR,WEIGHT
COMMUNICATION SERVICES,0.019420400981
CONSUMER DISCRETIONARY,0.117407289883
CONSUMER STAPLES,0.01979377398
ENERGY,0.035757721964
FINANCIALS,0.15951835884
HEALTH CARE,0.191137946809
INDUSTRIALS,0.204716511795
MATERIALS,0.011475463989
REAL ESTATE,0.016754737983
TECHNOLOGY,0.224017793776
