SECTOR,WEIGHT
COMMUNICATION SERVICES,0.0305547723
CONSUMER DISCRETIONARY,0.0786416889
CONSUMER STAPLES,0.014712424175
ENERGY,0.028630847738
FINANCIALS,0.106884697878
HEALTH CARE,0.213453831409
INDUSTRIALS,0.259064076867
MATERIALS,0.035829786628
REAL ESTATE,0.03888058129
TECHNOLOGY,0.193347292814
