SECTOR,WEIGHT
COMMUNICATION SERVICES,0.019566106754
CONSUMER DISCRETIONARY,0.116019281032
CONSUMER STAPLES,0.019762157923
ENERGY,0.032508484715
FINANCIALS,0.158606396269
HEALTH CARE,0.196794363329
INDUSTRIALS,0.207688206622
MATERIALS,0.010836828412
REAL ESTATE,0.01687440422
TECHNOLOGYQ,0.221343770724
