SECTOR,WEIGHT
COMMUNICATION SERVICES,0.029835058545
CONSUMER DISCRETIONARY,0.071318877269
CONSUMER STAPLES,0.014228398722
ENERGY,0.028207319916
FINANCIALS,0.11401941017
HEALTH CARE,0.19835406178
INDUSTRIALS,0.272167714336
MATERIALS,0.031961752232
REAL ESTATE,0.037164994622
TECHNOLOGY,0.202742412407
