SECTOR,WEIGHT
COMMUNICATION SERVICES,0.030650935417
CONSUMER DISCRETIONARY,0.096830259973
CONSUMER STAPLES,0.005551909395
ENERGY,0.020624834285
FINANCIALS,0.120645904723
HEALTH CARE,0.256096565115
INDUSTRIALS,0.194335983773
MATERIALS,0.013228001303
REAL ESTATE,0.040257644083
TECHNOLOGY,0.221777961934
