SECTOR,WEIGHT
COMMUNICATION SERVICES,0.029453730126
CONSUMER DISCRETIONARY,0.071748878924
CONSUMER STAPLES,0.014064410925
ENERGY,0.027823073787
FINANCIALS,0.111598043212
HEALTH CARE,0.19557684468
INDUSTRIALS,0.270994700367
MATERIALS,0.032103546678
REAL ESTATE,0.038422339992
TECHNOLOGY,0.208214431309
