SECTOR,WEIGHT
COMMUNICATION SERVICES,0.027735291119
CONSUMER DISCRETIONARY,0.064851636586
CONSUMER STAPLES,0.013255837667
ENERGY,0.02732741919
FINANCIALS,0.107678189049
HEALTH CARE,0.194860813704
INDUSTRIALS,0.286326093607
MATERIALS,0.031508106455
REAL ESTATE,0.038543897216
TECHNOLOGY,0.207912715407
