SECTOR,WEIGHT
COMMUNICATION SERVICES,0.03118775886
CONSUMER DISCRETIONARY,0.097729241524
CONSUMER STAPLES,0.005741185772
ENERGY,0.02106479684
FINANCIALS,0.122791589813
HEALTH CARE,0.25729245558
INDUSTRIALS,0.190736854419
MATERIALS,0.012034001374
REAL ESTATE,0.042644918804
TECHNOLOGY,0.218777197015
