SECTOR,WEIGHT
COMMUNICATION SERVICES,0.166749654387
CONSUMER DISCRETIONARY,0.124289291143
FINANCIALS,0.045866907938
HEALTH CARE,0.013884250348
INDUSTRIALS,0.027703729792
REAL ESTATE,0.008143929043
TECHNOLOGY,0.613362237349
