SECTOR,WEIGHT
COMMUNICATION SERVICES,0.173260673529
CONSUMER DISCRETIONARY,0.134508323157
FINANCIALS,0.062228945938
HEALTH CARE,0.015712819085
INDUSTRIALS,0.02452780169
TECHNOLOGY,0.589761436601
