SECTOR,WEIGHT
COMMUNICATION SERVICES,0.103251540598
CONSUMER DISCRETIONARY,0.110338141295
CONSUMER STAPLES,0.046597998758
ENERGY,0.035466226644
FINANCIALS,0.126782598716
HEALTH CARE,0.098541905982
INDUSTRIALS,0.089020953746
MATERIALS,0.020656751399
REAL ESTATE,0.019615759054
TECHNOLOGY,0.324495637195
UTILITIES,0.025232486613
