SECTOR,WEIGHT
COMMUNICATION SERVICES,0.106118982621
CONSUMER DISCRETIONARY,0.110171069089
CONSUMER STAPLES,0.042212336576
ENERGY,0.034199730532
FINANCIALS,0.122645297034
HEALTH CARE,0.084117773133
INDUSTRIALS,0.085415809275
MATERIALS,0.019118361778
REAL ESTATE,0.018874854222
TECHNOLOGY,0.353559889274
UTILITIES,0.023565896465
