SECTOR,WEIGHT
COMMUNICATION SERVICES,0.1038267116
CONSUMER DISCRETIONARY,0.110891192879
CONSUMER STAPLES,0.045064537715
ENERGY,0.037708810345
FINANCIALS,0.12484379535
HEALTH CARE,0.093647207262
INDUSTRIALS,0.086257215647
MATERIALS,0.019139604631
REAL ESTATE,0.020046599374
TECHNOLOGY,0.333139169273
UTILITIES,0.025435155922
