SECTOR,WEIGHT
COMMUNICATION SERVICES,0.104860621918
CONSUMER DISCRETIONARY,0.110798027574
CONSUMER STAPLES,0.042568179531
ENERGY,0.034014290027
FINANCIALS,0.122370936902
HEALTH CARE,0.085740163027
INDUSTRIALS,0.087450940928
MATERIALS,0.019321726879
REAL ESTATE,0.018919190903
TECHNOLOGY,0.350206299688
UTILITIES,0.023749622623
