SECTOR,WEIGHT
COMMUNICATION SERVICES,0.105717044886
CONSUMER DISCRETIONARY,0.112068756956
CONSUMER STAPLES,0.042078958404
ENERGY,0.027966282802
FINANCIALS,0.132072466573
HEALTH CARE,0.099159690973
INDUSTRIALS,0.078315269109
MATERIALS,0.017750721763
REAL ESTATE,0.018440226771
TECHNOLOGY,0.342555966839
UTILITIES,0.023874614926
