SECTOR,WEIGHT
COMMUNICATION SERVICES,0.109419120613
CONSUMER DISCRETIONARY,0.109620814845
CONSUMER STAPLES,0.041448164582
ENERGY,0.0319685357
FINANCIALS,0.118898749496
HEALTH CARE,0.082795482049
INDUSTRIALS,0.08420734167
MATERIALS,0.018253327955
REAL ESTATE,0.018555869302
TECHNOLOGY,0.362444534086
UTILITIES,0.022388059701
