SECTOR,WEIGHT
COMMUNICATION SERVICES,0.110650103827
CONSUMER DISCRETIONARY,0.091309522496
CONSUMER STAPLES,0.055335579992
ENERGY,0.039606630885
FINANCIALS,0.129569562022
HEALTH CARE,0.098208923198
INDUSTRIALS,0.096501369152
MATERIALS,0.020483629841
REAL ESTATE,0.02085461927
TECHNOLOGY,0.312891481581
UTILITIES,0.024588577737
