SECTOR,WEIGHT
COMMUNICATION SERVICES,0.111077443577
CONSUMER DISCRETIONARY,0.09483742929
CONSUMER STAPLES,0.051310659253
ENERGY,0.029532224178
FINANCIALS,0.137655843335
HEALTH CARE,0.102805932532
INDUSTRIALS,0.087518085151
MATERIALS,0.016817936457
REAL ESTATE,0.019709553977
TECHNOLOGY,0.325531718496
UTILITIES,0.023203173756
