SECTOR,WEIGHT
COMMUNICATION SERVICES,0.086652075264
CONSUMER DISCRETIONARY,0.098486952459
CONSUMER STAPLES,0.054483146529
ENERGY,0.03637490212
FINANCIALS,0.127358277747
HEALTH CARE,0.084821298768
INDUSTRIALS,0.087944447062
MATERIALS,0.022254060845
REAL ESTATE,0.0214339211
TECHNOLOGY,0.358531408445
UTILITIES,0.021659509661
