SECTOR,WEIGHT
COMMUNICATION SERVICES,0.108860082693
CONSUMER DISCRETIONARY,0.097984727669
CONSUMER STAPLES,0.052515472331
ENERGY,0.031986870378
FINANCIALS,0.136064048112
HEALTH CARE,0.102288236607
INDUSTRIALS,0.094754583408
MATERIALS,0.019325589295
REAL ESTATE,0.019926593112
TECHNOLOGY,0.31425966983
UTILITIES,0.022034126565
