SECTOR,WEIGHT
COMMUNICATION SERVICES,0.109191375042
CONSUMER DISCRETIONARY,0.095058057236
CONSUMER STAPLES,0.050427372737
ENERGY,0.030088767436
FINANCIALS,0.140044132736
HEALTH CARE,0.097841953406
INDUSTRIALS,0.087953249017
MATERIALS,0.016631094102
REAL ESTATE,0.019351742721
TECHNOLOGY,0.331481418271
UTILITIES,0.021930837297
