SECTOR,WEIGHT
COMMUNICATION SERVICES,0.085227841763
CONSUMER DISCRETIONARY,0.098447671507
CONSUMER STAPLES,0.054982473711
ENERGY,0.035252879319
FINANCIALS,0.127491236855
HEALTH CARE,0.086830245368
INDUSTRIALS,0.090535803706
MATERIALS,0.023134702053
REAL ESTATE,0.021832749124
TECHNOLOGY,0.354531797697
UTILITIES,0.021732598898
