SECTOR,WEIGHT
COMMUNICATION SERVICES,0.109006148478
CONSUMER DISCRETIONARY,0.095641421513
CONSUMER STAPLES,0.049288269275
ENERGY,0.028841894426
FINANCIALS,0.144096969356
HEALTH CARE,0.100131487618
INDUSTRIALS,0.088717478411
MATERIALS,0.01753436106
REAL ESTATE,0.019409742138
TECHNOLOGY,0.325291728736
UTILITIES,0.02204049899
