SECTOR,WEIGHT
COMMUNICATION SERVICES,0.110854035194
CONSUMER DISCRETIONARY,0.094308941457
CONSUMER STAPLES,0.051007430888
ENERGY,0.030200341883
FINANCIALS,0.139468424999
HEALTH CARE,0.099443210369
INDUSTRIALS,0.088127743421
MATERIALS,0.016654504355
REAL ESTATE,0.019410848916
TECHNOLOGY,0.327970874693
UTILITIES,0.022553643825
