SECTOR,WEIGHT
COMMUNICATION SERVICES,0.107149152855
CONSUMER DISCRETIONARY,0.090930397471
CONSUMER STAPLES,0.055669403012
ENERGY,0.035070692259
FINANCIALS,0.13245834385
HEALTH CARE,0.100180085977
INDUSTRIALS,0.098646650882
MATERIALS,0.02112654896
REAL ESTATE,0.020532605778
TECHNOLOGY,0.314227994055
UTILITIES,0.024008124902
