SECTOR,WEIGHT
COMMUNICATION SERVICES,0.109417459282
CONSUMER DISCRETIONARY,0.10001934552
CONSUMER STAPLES,0.049309024134
ENERGY,0.030183020648
FINANCIALS,0.14373320423
HEALTH CARE,0.101188095589
INDUSTRIALS,0.090124061918
MATERIALS,0.018161734561
REAL ESTATE,0.019239270002
TECHNOLOGY,0.317286575312
UTILITIES,0.021338208805
