SECTOR,WEIGHT
COMMUNICATION SERVICES,0.109308934636
CONSUMER DISCRETIONARY,0.095784574615
CONSUMER STAPLES,0.049367982537
ENERGY,0.029326052299
FINANCIALS,0.142835042588
HEALTH CARE,0.100366362185
INDUSTRIALS,0.08837093895
MATERIALS,0.017539577061
REAL ESTATE,0.019579833706
TECHNOLOGY,0.325386277541
UTILITIES,0.022134423881
