SECTOR,WEIGHT
COMMUNICATION SERVICES,0.085643359951
CONSUMER DISCRETIONARY,0.113340629209
CONSUMER STAPLES,0.038212149638
ENERGY,0.029480148804
FINANCIALS,0.117572838497
HEALTH CARE,0.099059553589
INDUSTRIALS,0.116198848695
MATERIALS,0.031743072927
REAL ESTATE,0.021644097556
TECHNOLOGYQ,0.322966775704
UTILITIES,0.024138525431
