SECTOR,WEIGHT
COMMUNICATION SERVICES,0.077764398956
CONSUMER DISCRETIONARY,0.112984146097
CONSUMER STAPLES,0.036925546859
ENERGY,0.03642384106
FINANCIALS,0.114087898856
HEALTH CARE,0.092012843668
INDUSTRIALS,0.104053782862
MATERIALS,0.036724864539
REAL ESTATE,0.020268914309
TECHNOLOGY,0.345675296006
UTILITIES,0.023078466787
