SECTOR,WEIGHT
COMMUNICATION SERVICES,0.075964007449
CONSUMER DISCRETIONARY,0.117922911476
CONSUMER STAPLES,0.039566549939
ENERGY,0.030273752658
FINANCIALS,0.119607681992
HEALTH CARE,0.099074729244
INDUSTRIALS,0.115081552515
MATERIALS,0.038311741678
REAL ESTATE,0.019844411794
TECHNOLOGY,0.321901415368
UTILITIES,0.022451245888
