SECTOR,WEIGHT
COMMUNICATION SERVICES,0.078250109479
CONSUMER DISCRETIONARY,0.120903590498
CONSUMER STAPLES,0.039237546554
ENERGY,0.029417613808
FINANCIALS,0.118154571788
HEALTH CARE,0.097984387743
INDUSTRIALS,0.112690683669
MATERIALS,0.036681370954
REAL ESTATE,0.020978718959
TECHNOLOGY,0.32356562893
UTILITIES,0.02213577762
