SECTOR,WEIGHT
COMMUNICATION SERVICES,0.076423838272
CONSUMER DISCRETIONARY,0.115379488069
CONSUMER STAPLES,0.039585114562
ENERGY,0.042529967234
FINANCIALS,0.114475384219
HEALTH CARE,0.097739439676
INDUSTRIALS,0.107990293413
MATERIALS,0.039944951903
REAL ESTATE,0.020616975702
TECHNOLOGY,0.320107891063
UTILITIES,0.025206655888
