SECTOR,WEIGHT
CONSUMER DISCRETIONARY,0.280065484869
CONSUMER STAPLES,0.014725910009
FINANCIALS,0.045771877318
HEALTH CARE,0.17400966925
INDUSTRIALS,0.08401913386
TECHNOLOGY,0.401407924692
