SECTOR,WEIGHT
CONSUMER DISCRETIONARY,0.237192489564
FINANCIALS,0.065258564937
HEALTH CARE,0.172122903386
INDUSTRIALS,0.140800723999
TECHNOLOGY,0.384625318114
