SECTOR,WEIGHT
CONSUMER DISCRETIONARY,0.259452191358
FINANCIALS,0.048041460003
HEALTH CARE,0.172015318786
INDUSTRIALS,0.112877585096
TECHNOLOGY,0.407613444758
