SECTOR,WEIGHT
CONSUMER DISCRETIONARY,0.288432113824
FINANCIALS,0.051553150539
HEALTH CARE,0.159551806451
INDUSTRIALS,0.097815241417
TECHNOLOGY,0.402647687769
