SECTOR,WEIGHT
CONSUMER DISCRETIONARY,0.270313082761
FINANCIALS,0.05278216631
HEALTH CARE,0.167355328609
INDUSTRIALS,0.108047287189
TECHNOLOGY,0.401502135131
