SECTOR,WEIGHT
CONSUMER DISCRETIONARY,0.290164619129
FINANCIALS,0.046908530526
HEALTH CARE,0.162667607622
INDUSTRIALS,0.092158730616
TECHNOLOGY,0.408100512107
