SECTOR,WEIGHT
CONSUMER DISCRETIONARY,0.275134280749
CONSUMER STAPLES,0.015236024534
FINANCIALS,0.046561217411
HEALTH CARE,0.180401600845
INDUSTRIALS,0.084074001796
TECHNOLOGYQ,0.398592874666
