SECTOR,WEIGHT
COMMUNICATION SERVICES,0.136941081096
CONSUMER DISCRETIONARY,0.116652489936
CONSUMER STAPLES,0.034527761315
ENERGY,0.030357652825
FINANCIALS,0.240815064798
HEALTH CARE,0.10360580294
INDUSTRIALS,0.101515630742
TECHNOLOGY,0.235584516348
