SECTOR,WEIGHT
COMMUNICATION SERVICES,0.127333658361
CONSUMER DISCRETIONARY,0.111429524518
CONSUMER STAPLES,0.034880295604
ENERGY,0.033983218291
FINANCIALS,0.234768417541
HEALTH CARE,0.104558774473
INDUSTRIALS,0.106963639629
TECHNOLOGY,0.246082471581
