SECTOR,WEIGHT
COMMUNICATION SERVICES,0.125352359464
CONSUMER DISCRETIONARY,0.111502877794
CONSUMER STAPLES,0.03656750905
ENERGY,0.032619443582
FINANCIALS,0.23865866192
HEALTH CARE,0.104714418483
INDUSTRIALS,0.107257657126
TECHNOLOGY,0.243327072581
