SECTOR,WEIGHT
COMMUNICATION SERVICES,0.126845744544
CONSUMER DISCRETIONARY,0.115220934118
CONSUMER STAPLES,0.035099606714
ENERGY,0.035664087602
FINANCIALS,0.234251343084
HEALTH CARE,0.105338919878
INDUSTRIALS,0.099467907359
TECHNOLOGY,0.2481114567
