SECTOR,WEIGHT
COMMUNICATION SERVICES,0.122599126609
CONSUMER DISCRETIONARY,0.115204853592
CONSUMER STAPLES,0.035231172715
ENERGY,0.037535640478
FINANCIALS,0.236461251888
HEALTH CARE,0.104924332523
INDUSTRIALS,0.087804546536
TECHNOLOGY,0.260239075659
