SECTOR,WEIGHT
COMMUNICATION SERVICES,0.129537963968
CONSUMER DISCRETIONARY,0.113542591314
CONSUMER STAPLES,0.034134899892
ENERGY,0.034478046816
FINANCIALS,0.232266290232
HEALTH CARE,0.103995093204
INDUSTRIALS,0.101658817438
TECHNOLOGY,0.250386297136
