SECTOR,WEIGHT
COMMUNICATION SERVICES,0.140739171765
CONSUMER DISCRETIONARY,0.114779444644
CONSUMER STAPLES,0.031964129121
ENERGY,0.025170805181
FINANCIALS,0.220568658209
HEALTH CARE,0.105895631051
INDUSTRIALS,0.099458396391
TECHNOLOGY,0.261423763639
