SECTOR,WEIGHT
COMMUNICATION SERVICES,0.142548031586
CONSUMER DISCRETIONARY,0.120044116079
CONSUMER STAPLES,0.027512074522
ENERGY,0.030814630466
FINANCIALS,0.247414945347
HEALTH CARE,0.098094726571
INDUSTRIALS,0.094076719338
TECHNOLOGY,0.239494756091
