SECTOR,WEIGHT
COMMUNICATION SERVICES,0.138813515488
CONSUMER DISCRETIONARY,0.119331943087
CONSUMER STAPLES,0.028380308864
ENERGY,0.030578566678
FINANCIALS,0.25647059548
HEALTH CARE,0.099419339743
INDUSTRIALS,0.093870329472
TECHNOLOGY,0.233135401187
