SECTOR,WEIGHT
COMMUNICATION SERVICES,0.131292269728
CONSUMER DISCRETIONARY,0.110641347921
CONSUMER STAPLES,0.035206299309
ENERGY,0.031339883168
FINANCIALS,0.242036012144
HEALTH CARE,0.101265083989
INDUSTRIALS,0.105410013158
TECHNOLOGY,0.242809090583
