SECTOR,WEIGHT
COMMUNICATION SERVICES,0.101772321379
CONSUMER DISCRETIONARY,0.10819006808
CONSUMER STAPLES,0.064048834137
ENERGY,0.028104039145
FINANCIALS,0.116886299678
HEALTH CARE,0.110639305239
INDUSTRIALS,0.080348868343
MATERIALS,0.018247492547
REAL ESTATE,0.00852623829
TECHNOLOGYQ,0.344061946505
UTILITIES,0.019174586658
