SECTOR,WEIGHT
COMMUNICATION SERVICES,0.117980607417
CONSUMER DISCRETIONARY,0.112224698269
CONSUMER STAPLES,0.067448576797
ENERGY,0.034400981094
FINANCIALS,0.11493413218
HEALTH CARE,0.106624787427
INDUSTRIALS,0.084304936588
MATERIALS,0.018528206543
REAL ESTATE,0.011947615756
TECHNOLOGY,0.31597660785
UTILITIES,0.015628850079
