SECTOR,WEIGHT
COMMUNICATION SERVICES,0.113569133777
CONSUMER DISCRETIONARY,0.100206879208
CONSUMER STAPLES,0.067280824825
ENERGY,0.035018714622
FINANCIALS,0.112222731314
HEALTH CARE,0.10110993038
INDUSTRIALS,0.101632900436
MATERIALS,0.018386226205
REAL ESTATE,0.010017668855
TECHNOLOGY,0.315914637245
UTILITIES,0.024640353134
