SECTOR,WEIGHT
COMMUNICATION SERVICES,0.114644420092
CONSUMER DISCRETIONARY,0.100145276202
CONSUMER STAPLES,0.067431215769
ENERGY,0.034500054094
FINANCIALS,0.112623296675
HEALTH CARE,0.100652349874
INDUSTRIALS,0.100678464722
MATERIALS,0.018508535774
REAL ESTATE,0.010133792717
TECHNOLOGY,0.315693317354
UTILITIES,0.024989276727
