SECTOR,WEIGHT
COMMUNICATION SERVICES,0.101724313882
CONSUMER DISCRETIONARY,0.108261052641
CONSUMER STAPLES,0.064112499043
ENERGY,0.028906958342
FINANCIALS,0.11727509393
HEALTH CARE,0.108025227217
INDUSTRIALS,0.080228730901
MATERIALS,0.016892948387
REAL ESTATE,0.008363562267
TECHNOLOGY,0.347672512929
UTILITIES,0.018537100462
