SECTOR,WEIGHT
COMMUNICATION SERVICES,0.120743346999
CONSUMER DISCRETIONARY,0.109912077958
CONSUMER STAPLES,0.065904671656
ENERGY,0.029153141382
FINANCIALS,0.113067140629
HEALTH CARE,0.106529689375
INDUSTRIALS,0.095387117344
MATERIALS,0.007034935218
REAL ESTATE,0.004708300023
TECHNOLOGY,0.33329468292
UTILITIES,0.014264896495
