SECTOR,WEIGHT
COMMUNICATION SERVICES,0.124527764224
CONSUMER DISCRETIONARY,0.105136072548
CONSUMER STAPLES,0.070035150741
ENERGY,0.030774499326
FINANCIALS,0.120234882216
HEALTH CARE,0.108729158673
INDUSTRIALS,0.098429349544
MATERIALS,0.006443908003
REAL ESTATE,0.004806215349
TECHNOLOGY,0.316280029306
UTILITIES,0.014602970069
