SECTOR,WEIGHT
COMMUNICATION SERVICES,0.114234313184
CONSUMER DISCRETIONARY,0.112360397206
CONSUMER STAPLES,0.067820366646
ENERGY,0.038850862806
FINANCIALS,0.115397652464
HEALTH CARE,0.109483012351
INDUSTRIALS,0.08313467538
MATERIALS,0.01727003825
REAL ESTATE,0.012045317861
TECHNOLOGY,0.313706087683
UTILITIES,0.015697276168
