SECTOR,WEIGHT
COMMUNICATION SERVICES,0.116914136201
CONSUMER DISCRETIONARY,0.102392156342
CONSUMER STAPLES,0.065915895869
ENERGY,0.035801578505
FINANCIALS,0.111055431952
HEALTH CARE,0.099175843485
INDUSTRIALS,0.099623049904
MATERIALS,0.018778741385
REAL ESTATE,0.010153428454
TECHNOLOGY,0.315007677105
UTILITIES,0.025182060798
