SECTOR,WEIGHT
COMMUNICATION SERVICES,0.070692674023
CONSUMER DISCRETIONARY,0.035568470336
CONSUMER STAPLES,0.148709716976
ENERGY,0.07581279689
FINANCIALS,0.196906617563
HEALTH CARE,0.04153290086
MATERIALS,0.012795281526
REAL ESTATE,0.128970004965
TECHNOLOGY,0.024199465674
UTILITIES,0.264812071187
