SECTOR,WEIGHT
COMMUNICATION SERVICES,0.058150412296
CONSUMER DISCRETIONARY,0.041504505602
CONSUMER STAPLES,0.148975377028
ENERGY,0.066769912707
FINANCIALS,0.228388566273
HEALTH CARE,0.037974135457
MATERIALS,0.014058042669
REAL ESTATE,0.132301275706
TECHNOLOGY,0.025856487332
UTILITIES,0.24602128493
