SECTOR,WEIGHT
COMMUNICATION SERVICES,0.073521633769
CONSUMER DISCRETIONARY,0.035054448925
CONSUMER STAPLES,0.146682285749
ENERGY,0.080925279786
FINANCIALS,0.202126675448
HEALTH CARE,0.040314325648
MATERIALS,0.013807804849
REAL ESTATE,0.122911785704
TECHNOLOGY,0.025694060392
UTILITIES,0.258961699732
