SECTOR,WEIGHT
COMMUNICATION SERVICES,0.070745694057
CONSUMER DISCRETIONARY,0.035922605988
CONSUMER STAPLES,0.1504009977
ENERGY,0.075463077787
FINANCIALS,0.196283529021
HEALTH CARE,0.042246591243
MATERIALS,0.01249935987
REAL ESTATE,0.129185824553
TECHNOLOGY,0.024863162736
UTILITIES,0.262389157046
