SECTOR,WEIGHT
COMMUNICATION SERVICES,0.067190136236
CONSUMER DISCRETIONARY,0.04118641897
CONSUMER STAPLES,0.155746987915
ENERGY,0.07041727974
FINANCIALS,0.207844177376
HEALTH CARE,0.040940349278
MATERIALS,0.012485011431
REAL ESTATE,0.126706730309
TECHNOLOGY,0.022860277797
UTILITIES,0.254622630949
