SECTOR,WEIGHT
COMMUNICATION SERVICES,0.061538848505
CONSUMER DISCRETIONARY,0.040979953216
CONSUMER STAPLES,0.153238926478
ENERGY,0.065394270191
FINANCIALS,0.230689438338
HEALTH CARE,0.037669844304
MATERIALS,0.012054229444
REAL ESTATE,0.124713635335
TECHNOLOGY,0.031131121563
UTILITIES,0.242589732626
