SECTOR,WEIGHT
COMMUNICATION SERVICES,0.063194649206
CONSUMER DISCRETIONARY,0.040325497837
CONSUMER STAPLES,0.157164873713
ENERGY,0.064160280631
FINANCIALS,0.210592763945
HEALTH CARE,0.038104444235
MATERIALS,0.012584619406
REAL ESTATE,0.13046663404
TECHNOLOGYQ,0.032116110846
UTILITIES,0.25129012614
