SECTOR,WEIGHT
COMMUNICATION SERVICES,0.061116022977
CONSUMER DISCRETIONARY,0.040852311075
CONSUMER STAPLES,0.15570549321
ENERGY,0.063670864049
FINANCIALS,0.22841385609
HEALTH CARE,0.036406485273
MATERIALS,0.012324593564
REAL ESTATE,0.125353176603
TECHNOLOGY,0.031517082734
UTILITIES,0.244640114425
