SECTOR,WEIGHT
COMMUNICATION SERVICES,0.073599005239
CONSUMER DISCRETIONARY,0.034450426958
CONSUMER STAPLES,0.149469621975
ENERGY,0.081259909377
FINANCIALS,0.199016506909
HEALTH CARE,0.039643544116
MATERIALS,0.013932483441
REAL ESTATE,0.122913497678
TECHNOLOGY,0.025921320553
UTILITIES,0.259793683753
