SECTOR,WEIGHT
COMMUNICATION SERVICES,0.110152487961
CONSUMER DISCRETIONARY,0.070224719101
CONSUMER STAPLES,0.080959069021
ENERGY,0.005818619583
FINANCIALS,0.100321027287
HEALTH CARE,0.119181380417
INDUSTRIALS,0.09650882825
MATERIALS,0.007724719101
TECHNOLOGY,0.39054975923
UTILITIES,0.018559390048
