SECTOR,WEIGHT
COMMUNICATION SERVICES,0.142423178156
CONSUMER DISCRETIONARY,0.142549330685
CONSUMER STAPLES,0.034859476174
FINANCIALS,0.061977223918
HEALTH CARE,0.080731563565
INDUSTRIALS,0.186361599574
TECHNOLOGY,0.351097627929
