SECTOR,WEIGHT
COMMUNICATION SERVICES,0.105290301048
CONSUMER DISCRETIONARY,0.0658231513
CONSUMER STAPLES,0.091862482734
ENERGY,0.007329656609
FINANCIALS,0.109477383722
HEALTH CARE,0.142298482195
INDUSTRIALS,0.102439264682
MATERIALS,0.008827556533
TECHNOLOGY,0.345055824418
UTILITIES,0.02159589676
