SECTOR,WEIGHT
COMMUNICATION SERVICES,0.139958821986
CONSUMER DISCRETIONARY,0.142607133485
CONSUMER STAPLES,0.034551179831
FINANCIALS,0.060930340526
HEALTH CARE,0.079400900264
INDUSTRIALS,0.189146363618
TECHNOLOGY,0.353405260289
