SECTOR,WEIGHT
COMMUNICATION SERVICES,0.029302433232
CONSUMER DISCRETIONARY,0.065244430133
CONSUMER STAPLES,0.086516593878
ENERGY,0.067238915612
FINANCIALS,0.159742991124
HEALTH CARE,0.192011995089
INDUSTRIALS,0.16471511663
REAL ESTATE,0.030041057017
TECHNOLOGY,0.205186467285
