SECTOR,WEIGHT
COMMUNICATION SERVICES,0.031540652296
CONSUMER DISCRETIONARY,0.056037135231
CONSUMER STAPLES,0.085852131672
ENERGY,0.06691609538
FINANCIALS,0.161876357109
HEALTH CARE,0.195006138677
INDUSTRIALS,0.171599860663
REAL ESTATE,0.028712745058
TECHNOLOGY,0.202458883915
