SECTOR,WEIGHT
COMMUNICATION SERVICES,0.027749441551
CONSUMER DISCRETIONARY,0.05062806119
CONSUMER STAPLES,0.09209825499
ENERGY,0.088146228975
FINANCIALS,0.138780308479
HEALTH CARE,0.206807314659
INDUSTRIALS,0.180831269553
REAL ESTATE,0.033841981149
TECHNOLOGY,0.181117139455
