SECTOR,WEIGHT
COMMUNICATION SERVICES,0.042759885317
CONSUMER DISCRETIONARY,0.077838451174
CONSUMER STAPLES,0.117053501778
ENERGY,0.055041689039
FINANCIALS,0.159379780563
HEALTH CARE,0.156133810165
INDUSTRIALS,0.158339327505
REAL ESTATE,0.019463665191
TECHNOLOGY,0.213989889268
