SECTOR,WEIGHT
COMMUNICATION SERVICES,0.029963862326
CONSUMER DISCRETIONARY,0.062777793946
CONSUMER STAPLES,0.088873991813
ENERGY,0.067159273714
FINANCIALS,0.157801512745
HEALTH CARE,0.189267682723
INDUSTRIALS,0.165798767044
REAL ESTATE,0.029492195928
TECHNOLOGY,0.208864919762
