SECTOR,WEIGHT
COMMUNICATION SERVICES,0.091372141372
CONSUMER DISCRETIONARY,0.022037422037
CONSUMER STAPLES,0.007692307692
ENERGY,0.061122661123
FINANCIALS,0.299896049896
HEALTH CARE,0.101247401247
INDUSTRIALS,0.137837837838
MATERIALS,0.050207900208
REAL ESTATE,0.028586278586
TECHNOLOGY,0.196465696466
UTILITIES,0.003534303534
