SECTOR,WEIGHT
COMMUNICATION SERVICES,0.027829354487
CONSUMER DISCRETIONARY,0.051134670884
CONSUMER STAPLES,0.092012514834
ENERGY,0.089974189911
FINANCIALS,0.139261127278
HEALTH CARE,0.206092505043
INDUSTRIALS,0.180667611599
REAL ESTATE,0.033668473273
TECHNOLOGY,0.179359552692
