SECTOR,WEIGHT
COMMUNICATION SERVICES,0.024791236246
CONSUMER DISCRETIONARY,0.09632988793
FINANCIALS,0.183028516381
HEALTH CARE,0.082206482078
INDUSTRIALS,0.126304995987
MATERIALS,0.020896211684
TECHNOLOGY,0.466442669694
