SECTOR,WEIGHT
COMMUNICATION SERVICES,0.030142566191
CONSUMER DISCRETIONARY,0.103462321792
FINANCIALS,0.156313645621
HEALTH CARE,0.079531568228
INDUSTRIALS,0.129735234216
MATERIALS,0.021079429735
TECHNOLOGY,0.479735234216
