SECTOR,WEIGHT
COMMUNICATION SERVICES,0.027844976549
CONSUMER DISCRETIONARY,0.097053196742
FINANCIALS,0.17868118983
HEALTH CARE,0.082317123344
INDUSTRIALS,0.126885336954
MATERIALS,0.020941331359
TECHNOLOGY,0.466276845223
