SECTOR,WEIGHT
COMMUNICATION SERVICES,0.022019204395
CONSUMER DISCRETIONARY,0.092194246489
FINANCIALS,0.178072636459
HEALTH CARE,0.085097639978
INDUSTRIALS,0.128175520817
MATERIALS,0.024835040882
TECHNOLOGY,0.469605710981
