SECTOR,WEIGHT
COMMUNICATION SERVICES,0.025320771153
CONSUMER DISCRETIONARY,0.093708529745
FINANCIALS,0.184904419966
HEALTH CARE,0.081117854904
INDUSTRIALS,0.126131654577
MATERIALS,0.020663890449
TECHNOLOGY,0.468152879206
