SECTOR,WEIGHT
COMMUNICATION SERVICES,0.025617227981
CONSUMER DISCRETIONARY,0.093086965115
FINANCIALS,0.188020978722
HEALTH CARE,0.081141767339
INDUSTRIALS,0.127278247209
MATERIALS,0.021161083412
TECHNOLOGY,0.463693730223
