SECTOR,WEIGHT
COMMUNICATION SERVICES,0.031440438077
CONSUMER DISCRETIONARY,0.0960796796
FINANCIALS,0.166373090726
HEALTH CARE,0.085259603539
INDUSTRIALS,0.129278483047
MATERIALS,0.026213756248
TECHNOLOGY,0.465354948763
