SECTOR,WEIGHT
COMMUNICATION SERVICES,0.074260828985
CONSUMER DISCRETIONARY,0.042765556938
CONSUMER STAPLES,0.034263926194
ENERGY,0.058900344146
FINANCIALS,0.196470855363
HEALTH CARE,0.218451625459
INDUSTRIALS,0.115278973819
MATERIALS,0.078984073437
REAL ESTATE,0.030993021861
TECHNOLOGY,0.119564842068
UTILITIES,0.030065951727
