SECTOR,WEIGHT
COMMUNICATION SERVICES,0.067277913827
CONSUMER DISCRETIONARY,0.039303263231
CONSUMER STAPLES,0.039573118582
ENERGY,0.065716152543
FINANCIALS,0.184099782735
HEALTH CARE,0.21776370658
INDUSTRIALS,0.130721544338
MATERIALS,0.084264989455
REAL ESTATE,0.027070528927
TECHNOLOGY,0.116542451753
UTILITIES,0.027666548029
