SECTOR,WEIGHT
COMMUNICATION SERVICES,0.073994867408
CONSUMER DISCRETIONARY,0.041381522669
CONSUMER STAPLES,0.048224978614
ENERGY,0.065547476476
FINANCIALS,0.158575705731
HEALTH CARE,0.21621043627
INDUSTRIALS,0.118584260051
MATERIALS,0.071642429427
REAL ESTATE,0.030581693755
TECHNOLOGY,0.144461077844
UTILITIES,0.030795551754
