SECTOR,WEIGHT
COMMUNICATION SERVICES,0.074344440568
CONSUMER DISCRETIONARY,0.039431761439
CONSUMER STAPLES,0.035817331297
ENERGY,0.058065924699
FINANCIALS,0.198940951076
HEALTH CARE,0.217784040933
INDUSTRIALS,0.106692545708
MATERIALS,0.081818789605
REAL ESTATE,0.031168714496
TECHNOLOGY,0.122388156369
UTILITIES,0.033547343812
