SECTOR,WEIGHT
COMMUNICATION SERVICES,0.073900326494
CONSUMER DISCRETIONARY,0.042316164857
CONSUMER STAPLES,0.034284478895
ENERGY,0.061123932283
FINANCIALS,0.193646225905
HEALTH CARE,0.219065730109
INDUSTRIALS,0.120586534516
MATERIALS,0.078648183189
REAL ESTATE,0.032272621847
TECHNOLOGY,0.117141085017
UTILITIES,0.027014716886
