SECTOR,WEIGHT
COMMUNICATION SERVICES,0.074813703086
CONSUMER DISCRETIONARY,0.040995256946
CONSUMER STAPLES,0.034660377457
ENERGY,0.057708378001
FINANCIALS,0.207784465583
HEALTH CARE,0.215792748932
INDUSTRIALS,0.1031046871
MATERIALS,0.082005156176
REAL ESTATE,0.031003990022
TECHNOLOGY,0.119384814906
UTILITIES,0.032746421792
