SECTOR,WEIGHT
COMMUNICATION SERVICES,0.075060945447
CONSUMER DISCRETIONARY,0.04187692105
CONSUMER STAPLES,0.035035134488
ENERGY,0.058955241831
FINANCIALS,0.207356750748
HEALTH CARE,0.216277637231
INDUSTRIALS,0.103088007212
MATERIALS,0.080889327671
REAL ESTATE,0.030635349091
TECHNOLOGY,0.119256460322
UTILITIES,0.031568224911
