SECTOR,WEIGHT
COMMUNICATION SERVICES,0.070357978834
CONSUMER DISCRETIONARY,0.039997935264
CONSUMER STAPLES,0.052391617173
ENERGY,0.06463887139
FINANCIALS,0.176047168678
HEALTH CARE,0.214592414835
INDUSTRIALS,0.129760216755
MATERIALS,0.072083508028
REAL ESTATE,0.026314846925
TECHNOLOGY,0.123683994295
UTILITIES,0.030131447822
