SECTOR,WEIGHT
COMMUNICATION SERVICES,0.067555465543
CONSUMER DISCRETIONARY,0.040878841291
CONSUMER STAPLES,0.050399727432
ENERGY,0.069551201925
FINANCIALS,0.175370587782
HEALTH CARE,0.213927750546
INDUSTRIALS,0.123706120434
MATERIALS,0.070717842748
REAL ESTATE,0.026931892859
TECHNOLOGY,0.131197515667
UTILITIES,0.029763053772
