SECTOR,WEIGHT
COMMUNICATION SERVICES,0.067283953856
CONSUMER DISCRETIONARY,0.038670856525
CONSUMER STAPLES,0.053994617536
ENERGY,0.066436189467
FINANCIALS,0.175204990059
HEALTH CARE,0.220186864898
INDUSTRIALS,0.128646147551
MATERIALS,0.076159249603
REAL ESTATE,0.027533456791
TECHNOLOGY,0.115152214627
UTILITIES,0.030731459089
