SECTOR,WEIGHT
COMMUNICATION SERVICES,0.070331959174
CONSUMER DISCRETIONARY,0.040708294816
CONSUMER STAPLES,0.05360382249
ENERGY,0.061711751121
FINANCIALS,0.175648597398
HEALTH CARE,0.214764188085
INDUSTRIALS,0.128109910288
MATERIALS,0.070965456977
REAL ESTATE,0.027216161889
TECHNOLOGY,0.125937466072
UTILITIES,0.031002391691
