SECTOR,WEIGHT
COMMUNICATION SERVICES,0.135332564013
CONSUMER DISCRETIONARY,0.094256464448
CONSUMER STAPLES,0.096032050787
ENERGY,0.0480932248
FINANCIALS,0.172115574529
HEALTH CARE,0.132773955126
INDUSTRIALS,0.024653680457
TECHNOLOGY,0.296742485841
