SECTOR,WEIGHT
COMMUNICATION SERVICES,0.144703878144
CONSUMER DISCRETIONARY,0.098106022648
CONSUMER STAPLES,0.09509970939
ENERGY,0.061228580018
FINANCIALS,0.156228078966
HEALTH CARE,0.127066840365
INDUSTRIALS,0.020943982363
TECHNOLOGY,0.296622908107
