SECTOR,WEIGHT
COMMUNICATION SERVICES,0.137307440743
CONSUMER DISCRETIONARY,0.095408873676
CONSUMER STAPLES,0.11124397594
ENERGY,0.071317649042
FINANCIALS,0.166533913302
HEALTH CARE,0.1342868837
INDUSTRIALS,0.027278308568
TECHNOLOGY,0.25662295503
