SECTOR,WEIGHT
COMMUNICATION SERVICES,0.136613833676
CONSUMER DISCRETIONARY,0.097381255991
CONSUMER STAPLES,0.110368294997
ENERGY,0.060155083176
FINANCIALS,0.173887086386
HEALTH CARE,0.132396677161
INDUSTRIALS,0.026110309195
TECHNOLOGY,0.263087459419
