SECTOR,WEIGHT
COMMUNICATION SERVICES,0.141827880305
CONSUMER DISCRETIONARY,0.097768335826
CONSUMER STAPLES,0.112250230448
ENERGY,0.066509590569
FINANCIALS,0.16173421641
HEALTH CARE,0.133578877578
INDUSTRIALS,0.028044001368
TECHNOLOGY,0.258286867495
