SECTOR,WEIGHT
COMMUNICATION SERVICES,0.142254063585
CONSUMER DISCRETIONARY,0.097827940294
CONSUMER STAPLES,0.113918794495
ENERGY,0.06272454279
FINANCIALS,0.166278512296
HEALTH CARE,0.138066610098
INDUSTRIALS,0.028135675499
TECHNOLOGY,0.250793860942
