SECTOR,WEIGHT
COMMUNICATION SERVICES,0.145266430954
CONSUMER DISCRETIONARY,0.0987938514
CONSUMER STAPLES,0.096453772662
ENERGY,0.060775846937
FINANCIALS,0.158948820181
HEALTH CARE,0.123573810778
INDUSTRIALS,0.021513077058
TECHNOLOGY,0.29467439003
