SECTOR,WEIGHT
COMMUNICATION SERVICES,0.035569381541
CONSUMER DISCRETIONARY,0.123230197579
CONSUMER STAPLES,0.04550680879
ENERGY,0.031450051085
FINANCIALS,0.141138915575
HEALTH CARE,0.115870910024
INDUSTRIALS,0.215590832152
MATERIALS,0.066084145356
REAL ESTATE,0.060198951868
TECHNOLOGY,0.136389282828
UTILITIES,0.028970523202
