SECTOR,WEIGHT
COMMUNICATION SERVICES,0.033094875554
CONSUMER DISCRETIONARY,0.115093506767
CONSUMER STAPLES,0.043202839625
ENERGY,0.037623413544
FINANCIALS,0.134550122705
HEALTH CARE,0.106368503325
INDUSTRIALS,0.206606826115
MATERIALS,0.064355252821
REAL ESTATE,0.060539455887
TECHNOLOGY,0.169727538533
UTILITIES,0.028837665125
