SECTOR,WEIGHT
COMMUNICATION SERVICES,0.032823422146
CONSUMER DISCRETIONARY,0.109208793435
CONSUMER STAPLES,0.042143653125
ENERGY,0.035457400466
FINANCIALS,0.130584540573
HEALTH CARE,0.107891804275
INDUSTRIALS,0.205450308986
MATERIALS,0.063316786546
REAL ESTATE,0.060176273934
TECHNOLOGY,0.185087630433
UTILITIES,0.02785938608
