SECTOR,WEIGHT
COMMUNICATION SERVICES,0.031609081634
CONSUMER DISCRETIONARY,0.127710354139
CONSUMER STAPLES,0.039423794369
ENERGY,0.030406115332
FINANCIALS,0.163103957607
HEALTH CARE,0.121961494927
INDUSTRIALS,0.21205301173
MATERIALS,0.05270718176
REAL ESTATE,0.052996502769
TECHNOLOGY,0.1360245263
UTILITIES,0.032003979433
