SECTOR,WEIGHT
COMMUNICATION SERVICES,0.030605046321
CONSUMER DISCRETIONARY,0.126283518234
CONSUMER STAPLES,0.039135350256
ENERGY,0.031873255959
FINANCIALS,0.159333891359
HEALTH CARE,0.124229889059
INDUSTRIALS,0.21284262156
MATERIALS,0.051043160625
REAL ESTATE,0.052576550571
TECHNOLOGY,0.139075937721
UTILITIES,0.033000778335
