SECTOR,WEIGHT
COMMUNICATION SERVICES,0.032305378341
CONSUMER DISCRETIONARY,0.124758741823
CONSUMER STAPLES,0.03937959299
ENERGY,0.030592344343
FINANCIALS,0.159044657999
HEALTH CARE,0.1272611645
INDUSTRIALS,0.212379875636
MATERIALS,0.050624848583
REAL ESTATE,0.053530041185
TECHNOLOGYQ,0.136155414681
UTILITIES,0.033967939918
