SECTOR,WEIGHT
COMMUNICATION SERVICES,0.040382270253
CONSUMER DISCRETIONARY,0.127561521938
CONSUMER STAPLES,0.04429069275
ENERGY,0.028582508023
FINANCIALS,0.153914290234
HEALTH CARE,0.121487649691
INDUSTRIALS,0.203686979238
MATERIALS,0.059464148132
REAL ESTATE,0.061810222107
TECHNOLOGY,0.129925964477
UTILITIES,0.028893753157
