SECTOR,WEIGHT
COMMUNICATION SERVICES,0.032811515289
CONSUMER DISCRETIONARY,0.12402631778
CONSUMER STAPLES,0.046573394842
ENERGY,0.032442461368
FINANCIALS,0.136995638912
HEALTH CARE,0.112942600015
INDUSTRIALS,0.216582217853
MATERIALS,0.067482417001
REAL ESTATE,0.06077995412
TECHNOLOGY,0.139906728176
UTILITIES,0.029456754645
