SECTOR,WEIGHT
COMMUNICATION SERVICES,0.040461675353
CONSUMER DISCRETIONARY,0.126564128639
CONSUMER STAPLES,0.044443879497
ENERGY,0.029231981696
FINANCIALS,0.148310664802
HEALTH CARE,0.118420744884
INDUSTRIALS,0.211516461167
MATERIALS,0.062613957036
REAL ESTATE,0.060875047667
TECHNOLOGY,0.128916232363
UTILITIES,0.028645226897
