SECTOR,WEIGHT
COMMUNICATION SERVICES,0.037586968878
CONSUMER DISCRETIONARY,0.121650552031
CONSUMER STAPLES,0.044311447622
ENERGY,0.030539285566
FINANCIALS,0.145364040807
HEALTH CARE,0.11658971561
INDUSTRIALS,0.210811446102
MATERIALS,0.064359249476
REAL ESTATE,0.059519286397
TECHNOLOGY,0.133557448852
UTILITIES,0.029011409425
