SECTOR,WEIGHT
COMMUNICATION SERVICES,0.034591382714
CONSUMER DISCRETIONARY,0.116693296958
CONSUMER STAPLES,0.044775318931
ENERGY,0.039906984557
FINANCIALS,0.131354967452
HEALTH CARE,0.108743674252
INDUSTRIALS,0.210035589133
MATERIALS,0.066862438943
REAL ESTATE,0.059851875538
TECHNOLOGY,0.157940060088
UTILITIES,0.029244411433
