SECTOR,WEIGHT
COMMUNICATION SERVICES,0.034555267188
CONSUMER DISCRETIONARY,0.11873802728
CONSUMER STAPLES,0.046512310029
ENERGY,0.036420331221
FINANCIALS,0.13278669291
HEALTH CARE,0.114435433789
INDUSTRIALS,0.21120535326
MATERIALS,0.067763318924
REAL ESTATE,0.062273314818
TECHNOLOGY,0.145927100675
UTILITIES,0.029382849907
