SECTOR,WEIGHT
COMMUNICATION SERVICES,0.026647492887
CONSUMER DISCRETIONARY,0.095103253486
CONSUMER STAPLES,0.026346052996
ENERGY,0.067239677748
FINANCIALS,0.173752224668
HEALTH CARE,0.167301204521
INDUSTRIALS,0.158414921688
MATERIALS,0.039770451458
REAL ESTATE,0.073174533697
TECHNOLOGY,0.156855073481
UTILITIES,0.01539511337
