SECTOR,WEIGHT
COMMUNICATION SERVICES,0.024213589542
CONSUMER DISCRETIONARY,0.100341303935
CONSUMER STAPLES,0.026047905728
ENERGY,0.055893780057
FINANCIALS,0.180695028254
HEALTH CARE,0.173088826274
INDUSTRIALS,0.163673970058
MATERIALS,0.04131060711
REAL ESTATE,0.069148690471
TECHNOLOGY,0.150712632352
UTILITIES,0.01487366622
