SECTOR,WEIGHT
COMMUNICATION SERVICES,0.036560096846
CONSUMER DISCRETIONARY,0.11233722091
CONSUMER STAPLES,0.019714157979
ENERGY,0.046284482424
FINANCIALS,0.183035249494
HEALTH CARE,0.158055204542
INDUSTRIALS,0.17507568628
MATERIALS,0.03878832543
REAL ESTATE,0.069766112553
TECHNOLOGY,0.149082067812
UTILITIES,0.011301395731
