SECTOR,WEIGHT
COMMUNICATION SERVICES,0.023904995966
CONSUMER DISCRETIONARY,0.101750733493
CONSUMER STAPLES,0.026026941626
ENERGY,0.058405348083
FINANCIALS,0.181226683749
HEALTH CARE,0.166465456531
INDUSTRIALS,0.165226371668
MATERIALS,0.04171003977
REAL ESTATE,0.07004576504
TECHNOLOGY,0.15074334826
UTILITIES,0.014494315814
