SECTOR,WEIGHT
COMMUNICATION SERVICES,0.025421135125
CONSUMER DISCRETIONARY,0.099272165562
CONSUMER STAPLES,0.027010149287
ENERGY,0.061695381245
FINANCIALS,0.172746036997
HEALTH CARE,0.16943610607
INDUSTRIALS,0.162501945048
MATERIALS,0.041051593497
REAL ESTATE,0.072317662686
TECHNOLOGY,0.153410970381
UTILITIES,0.015136854102
