SECTOR,WEIGHT
COMMUNICATION SERVICES,0.033777112059
CONSUMER DISCRETIONARY,0.11269219333
CONSUMER STAPLES,0.019183053397
ENERGY,0.046795162578
FINANCIALS,0.177547008781
HEALTH CARE,0.161353601224
INDUSTRIALS,0.177916401546
MATERIALS,0.036062476088
REAL ESTATE,0.069868002975
TECHNOLOGYQ,0.152934693592
UTILITIES,0.011870294428
