SECTOR,WEIGHT
COMMUNICATION SERVICES,0.02435128466
CONSUMER DISCRETIONARY,0.097959208895
CONSUMER STAPLES,0.026559326712
ENERGY,0.060618169385
FINANCIALS,0.176132548435
HEALTH CARE,0.168889470193
INDUSTRIALS,0.163368335194
MATERIALS,0.041120663731
REAL ESTATE,0.071788143309
TECHNOLOGY,0.154213817565
UTILITIES,0.014999031922
