SECTOR,WEIGHT
COMMUNICATION SERVICES,0.110008505812
CONSUMER DISCRETIONARY,0.099853812635
CONSUMER STAPLES,0.04758026732
ENERGY,0.034758207707
FINANCIALS,0.120685009461
HEALTH CARE,0.084921386588
INDUSTRIALS,0.089161222344
MATERIALS,0.018803274436
REAL ESTATE,0.018055245553
TECHNOLOGY,0.353173190806
UTILITIES,0.022999877339
