SECTOR,WEIGHT
COMMUNICATION SERVICES,0.109935664161
CONSUMER DISCRETIONARY,0.103176928087
CONSUMER STAPLES,0.047307125866
ENERGY,0.028250993325
FINANCIALS,0.12869583775
HEALTH CARE,0.099678773804
INDUSTRIALS,0.081542731339
MATERIALS,0.017711230636
REAL ESTATE,0.018396768209
TECHNOLOGY,0.34252920078
UTILITIES,0.022774746044
