SECTOR,WEIGHT
COMMUNICATION SERVICES,0.10361207184
CONSUMER DISCRETIONARY,0.099512739864
CONSUMER STAPLES,0.050924307974
ENERGY,0.041005370707
FINANCIALS,0.125864153642
HEALTH CARE,0.095375246542
INDUSTRIALS,0.092180740169
MATERIALS,0.019730420217
REAL ESTATE,0.018175847483
TECHNOLOGY,0.328763010006
UTILITIES,0.024856091555
