SECTOR,WEIGHT
COMMUNICATION SERVICES,0.108251467753
CONSUMER DISCRETIONARY,0.098604441792
CONSUMER STAPLES,0.050680798088
ENERGY,0.033486765358
FINANCIALS,0.129604342317
HEALTH CARE,0.094711870333
INDUSTRIALS,0.091751747588
MATERIALS,0.01976329066
REAL ESTATE,0.017462312694
TECHNOLOGY,0.333787500163
UTILITIES,0.021895463255
