SECTOR,WEIGHT
COMMUNICATION SERVICES,0.108559165132
CONSUMER DISCRETIONARY,0.099076693475
CONSUMER STAPLES,0.050441439276
ENERGY,0.0362433764
FINANCIALS,0.122005991788
HEALTH CARE,0.095159605013
INDUSTRIALS,0.092298471078
MATERIALS,0.019315922487
REAL ESTATE,0.018142304455
TECHNOLOGY,0.334946764807
UTILITIES,0.02381026609
