SECTOR,WEIGHT
COMMUNICATION SERVICES,0.107630160495
CONSUMER DISCRETIONARY,0.103898772116
CONSUMER STAPLES,0.046264180283
ENERGY,0.028841970415
FINANCIALS,0.12966700506
HEALTH CARE,0.093721800574
INDUSTRIALS,0.082229527216
MATERIALS,0.017532993329
REAL ESTATE,0.017738446292
TECHNOLOGY,0.350986174224
UTILITIES,0.021488969996
