SECTOR,WEIGHT
COMMUNICATION SERVICES,0.114571857787
CONSUMER DISCRETIONARY,0.085428142213
CONSUMER STAPLES,0.060490736104
ENERGY,0.039058587882
FINANCIALS,0.059489233851
HEALTH CARE,0.028242363545
INDUSTRIALS,0.219629444166
MATERIALS,0.139609414121
TECHNOLOGY,0.197896845268
UTILITIES,0.055583375063
