SECTOR,WEIGHT
COMMUNICATION SERVICES,0.09213341459
CONSUMER DISCRETIONARY,0.086850404057
CONSUMER STAPLES,0.096553995239
ENERGY,0.030942056559
FINANCIALS,0.110884989604
HEALTH CARE,0.077716076838
INDUSTRIALS,0.232680369831
MATERIALS,0.099486658441
TECHNOLOGY,0.172752034843
