SECTOR,WEIGHT
COMMUNICATION SERVICES,0.109938590707
CONSUMER DISCRETIONARY,0.087772435367
CONSUMER STAPLES,0.060873378836
ENERGY,0.030605291496
FINANCIALS,0.089241682047
HEALTH CARE,0.059876820125
INDUSTRIALS,0.189743574304
MATERIALS,0.15956681309
TECHNOLOGY,0.149819003662
UTILITIES,0.062562410367
