SECTOR,WEIGHT
CONSUMER DISCRETIONARY,0.128076635649
CONSUMER STAPLES,0.030716133905
FINANCIALS,0.153838813622
HEALTH CARE,0.095864873118
INDUSTRIALS,0.335104181733
MATERIALS,0.063373873005
TECHNOLOGY,0.193025488967
