SECTOR,WEIGHT
COMMUNICATION SERVICES,0.08777523553
CONSUMER DISCRETIONARY,0.08683581561
CONSUMER STAPLES,0.098500029513
ENERGY,0.065830426201
FINANCIALS,0.093757909786
HEALTH CARE,0.105680239067
INDUSTRIALS,0.212702077829
MATERIALS,0.071319879986
TECHNOLOGY,0.177598386479
