SECTOR,WEIGHT
CONSUMER DISCRETIONARY,0.126574228984
CONSUMER STAPLES,0.030261906768
FINANCIALS,0.153742843502
HEALTH CARE,0.09571853849
INDUSTRIALS,0.33808560917
MATERIALS,0.064534862728
TECHNOLOGY,0.191082010359
