SECTOR,WEIGHT
CONSUMER DISCRETIONARY,0.126823942297
CONSUMER STAPLES,0.03105234452
FINANCIALS,0.153060988753
HEALTH CARE,0.09476815957
INDUSTRIALS,0.335896670976
MATERIALS,0.062271426519
TECHNOLOGY,0.196126467365
