SECTOR,WEIGHT
COMMUNICATION SERVICES,0.026451790496
CONSUMER DISCRETIONARY,0.116535622232
CONSUMER STAPLES,0.07425139511
FINANCIALS,0.12879957959
HEALTH CARE,0.119334350992
INDUSTRIALS,0.299922424364
MATERIALS,0.074517654713
TECHNOLOGY,0.160187182503
