SECTOR,WEIGHT
COMMUNICATION SERVICES,0.051925869601
CONSUMER DISCRETIONARY,0.051656717594
CONSUMER STAPLES,0.084062414611
ENERGY,0.054136395594
FINANCIALS,0.147529071999
HEALTH CARE,0.124281706976
INDUSTRIALS,0.137391354183
MATERIALS,0.047597946258
REAL ESTATE,0.035089029958
TECHNOLOGY,0.191072340487
UTILITIES,0.07525715274
