SECTOR,WEIGHT
COMMUNICATION SERVICES,0.05408982572
CONSUMER DISCRETIONARY,0.053818983104
CONSUMER STAPLES,0.08293814159
ENERGY,0.034410298969
FINANCIALS,0.155538271595
HEALTH CARE,0.123046355991
INDUSTRIALS,0.136901233407
MATERIALS,0.046836353825
REAL ESTATE,0.033045865409
TECHNOLOGY,0.208476249658
UTILITIES,0.070898420732
