SECTOR,WEIGHT
COMMUNICATION SERVICES,0.05271489549
CONSUMER DISCRETIONARY,0.056000298956
CONSUMER STAPLES,0.081606723192
ENERGY,0.032994170355
FINANCIALS,0.141239131698
HEALTH CARE,0.128941446117
INDUSTRIALS,0.137728473081
MATERIALS,0.046366229582
REAL ESTATE,0.033717685747
TECHNOLOGY,0.216481618349
UTILITIES,0.072209327432
