SECTOR,WEIGHT
COMMUNICATION SERVICES,0.05162735743
CONSUMER DISCRETIONARY,0.052253893107
CONSUMER STAPLES,0.080942685784
ENERGY,0.066310573633
FINANCIALS,0.148328488669
HEALTH CARE,0.120881524454
INDUSTRIALS,0.135548387361
MATERIALS,0.046734655497
REAL ESTATE,0.034340900821
TECHNOLOGY,0.18733314527
UTILITIES,0.075698387974
