SECTOR,WEIGHT
COMMUNICATION SERVICES,0.054405113178
CONSUMER DISCRETIONARY,0.051178746822
CONSUMER STAPLES,0.076173897063
ENERGY,0.0292894847
FINANCIALS,0.151696394842
HEALTH CARE,0.129901064905
INDUSTRIALS,0.127517025209
MATERIALS,0.049296019113
REAL ESTATE,0.034238281449
TECHNOLOGY,0.21960425962
UTILITIES,0.076699713098
