SECTOR,WEIGHT
CONSUMER DISCRETIONARY,0.063051186815
CONSUMER STAPLES,0.097780203824
ENERGY,0.099917257925
FINANCIALS,0.153575547182
HEALTH CARE,0.092878248328
INDUSTRIALS,0.187032687974
MATERIALS,0.050415490352
REAL ESTATE,0.01390757268
TECHNOLOGY,0.209320188095
UTILITIES,0.032121616825
