SECTOR,WEIGHT
CONSUMER DISCRETIONARY,0.07414177906
CONSUMER STAPLES,0.097999179966
ENERGY,0.073477696429
FINANCIALS,0.177795472877
HEALTH CARE,0.104265104265
INDUSTRIALS,0.178237506106
MATERIALS,0.03719482408
REAL ESTATE,0.013735046522
TECHNOLOGY,0.213232491921
UTILITIES,0.029920898773
