SECTOR,WEIGHT
CONSUMER DISCRETIONARY,0.072699787767
CONSUMER STAPLES,0.09666853344
ENERGY,0.073565667358
FINANCIALS,0.180163917826
HEALTH CARE,0.103523241324
INDUSTRIALS,0.179179212277
MATERIALS,0.03655499782
REAL ESTATE,0.013460397891
TECHNOLOGY,0.215670147406
UTILITIES,0.028514096892
