SECTOR,WEIGHT
CONSUMER DISCRETIONARY,0.071194284569
CONSUMER STAPLES,0.102106363986
ENERGY,0.09321769887
FINANCIALS,0.171327604057
HEALTH CARE,0.10013961309
INDUSTRIALS,0.200253002835
MATERIALS,0.037513019891
REAL ESTATE,0.013439988923
TECHNOLOGY,0.180770106226
UTILITIES,0.030038317552
