SECTOR,WEIGHT
CONSUMER DISCRETIONARY,0.075192310274
CONSUMER STAPLES,0.098042354214
ENERGY,0.072785140191
FINANCIALS,0.17765142401
HEALTH CARE,0.107062787794
INDUSTRIALS,0.180485089693
MATERIALS,0.036289302396
REAL ESTATE,0.013986577264
TECHNOLOGYQ,0.207391488883
UTILITIES,0.03111352528
