SECTOR,WEIGHT
CONSUMER DISCRETIONARY,0.074777500128
CONSUMER STAPLES,0.094802749673
ENERGY,0.077790111326
FINANCIALS,0.188511143529
HEALTH CARE,0.096431752609
INDUSTRIALS,0.194286794321
MATERIALS,0.037102630318
REAL ESTATE,0.013747322849
TECHNOLOGY,0.19295122076
UTILITIES,0.029598774489
