SECTOR,WEIGHT
COMMUNICATION SERVICES,0.114293770755
CONSUMER DISCRETIONARY,0.069014238795
CONSUMER STAPLES,0.040443331866
ENERGY,0.020008155002
FINANCIALS,0.167738447588
HEALTH CARE,0.13232099061
INDUSTRIALS,0.085418572712
MATERIALS,0.059119706095
REAL ESTATE,0.028608436167
TECHNOLOGY,0.283034350409
