SECTOR,WEIGHT
COMMUNICATION SERVICES,0.116043503827
CONSUMER DISCRETIONARY,0.074584904242
CONSUMER STAPLES,0.041376213775
ENERGY,0.020279267302
FINANCIALS,0.164693354863
HEALTH CARE,0.133936672087
INDUSTRIALS,0.079843178609
MATERIALS,0.059059298217
REAL ESTATE,0.029098668336
TECHNOLOGY,0.281084938741
