SECTOR,WEIGHT
COMMUNICATION SERVICES,0.120407932225
CONSUMER DISCRETIONARY,0.076916545595
CONSUMER STAPLES,0.043323668581
ENERGY,0.022767725177
FINANCIALS,0.156570040106
HEALTH CARE,0.134477380076
INDUSTRIALS,0.08220176062
MATERIALS,0.074556962291
REAL ESTATE,0.02353608349
TECHNOLOGY,0.265241901839
