SECTOR,WEIGHT
COMMUNICATION SERVICES,0.121956876269
CONSUMER DISCRETIONARY,0.077419544416
CONSUMER STAPLES,0.045370589976
ENERGY,0.024406907017
FINANCIALS,0.160314035467
HEALTH CARE,0.13164638792
INDUSTRIALS,0.08498078469
MATERIALS,0.072177574232
REAL ESTATE,0.024980952601
TECHNOLOGY,0.256746347412
