SECTOR,WEIGHT
COMMUNICATION SERVICES,0.116214022125
CONSUMER DISCRETIONARY,0.075665573946
CONSUMER STAPLES,0.038960878407
ENERGY,0.020616772402
FINANCIALS,0.160869959389
HEALTH CARE,0.139797829531
INDUSTRIALS,0.081794355628
MATERIALS,0.05979090645
REAL ESTATE,0.02842790414
TECHNOLOGY,0.277861797982
