SECTOR,WEIGHT
CONSUMER STAPLES,0.040667597017
FINANCIALS,0.118172646485
HEALTH CARE,0.120301175826
INDUSTRIALS,0.362929355783
MATERIALS,0.119306385387
REAL ESTATE,0.036048064085
TECHNOLOGY,0.202574775417
