SECTOR,WEIGHT
CONSUMER STAPLES,0.041564497327
FINANCIALS,0.116498171001
HEALTH CARE,0.114919403465
INDUSTRIALS,0.364684246493
MATERIALS,0.121904771476
REAL ESTATE,0.044194436628
TECHNOLOGY,0.19623447361
