SECTOR,WEIGHT
CONSUMER STAPLES,0.04181413935
FINANCIALS,0.114578012799
HEALTH CARE,0.118117357209
INDUSTRIALS,0.371945637913
MATERIALS,0.120738314855
REAL ESTATE,0.037758014602
TECHNOLOGY,0.19504852327
