SECTOR,WEIGHT
CONSUMER STAPLES,0.038769617378
FINANCIALS,0.116533367162
HEALTH CARE,0.117448542767
INDUSTRIALS,0.368266059369
MATERIALS,0.115221514782
REAL ESTATE,0.036329149098
TECHNOLOGY,0.207431749445
