SECTOR,WEIGHT
CONSUMER STAPLES,0.041458311843
FINANCIALS,0.114693384156
HEALTH CARE,0.115341358061
INDUSTRIALS,0.371122797565
MATERIALS,0.122390953603
REAL ESTATE,0.03929205596
TECHNOLOGY,0.195701138812
