SECTOR,WEIGHT
CONSUMER STAPLES,0.038240385588
FINANCIALS,0.121219038694
HEALTH CARE,0.121309147997
INDUSTRIALS,0.3594800493
MATERIALS,0.118125285972
REAL ESTATE,0.037539535457
TECHNOLOGY,0.204086556994
