SECTOR,WEIGHT
CONSUMER STAPLES,0.038401124505
FINANCIALS,0.121665653055
HEALTH CARE,0.116704660333
INDUSTRIALS,0.362726401302
MATERIALS,0.120916519995
REAL ESTATE,0.037144514211
TECHNOLOGY,0.202441126599
