SECTOR,WEIGHT
CONSUMER STAPLES,0.042807099089
FINANCIALS,0.117317075858
HEALTH CARE,0.110691607172
INDUSTRIALS,0.384210067627
MATERIALS,0.128251002485
REAL ESTATE,0.041064081926
TECHNOLOGY,0.175659065843
