SECTOR,WEIGHT
CONSUMER STAPLES,0.042327435232
FINANCIALS,0.124475109205
HEALTH CARE,0.110520965437
INDUSTRIALS,0.367519173863
MATERIALS,0.119796887896
REAL ESTATE,0.051911347304
TECHNOLOGY,0.183449081064
