SECTOR,WEIGHT
COMMUNICATION SERVICES,0.145740411219
CONSUMER DISCRETIONARY,0.10597997574
FINANCIALS,0.191596034127
HEALTH CARE,0.036442990773
INDUSTRIALS,0.226060669944
TECHNOLOGY,0.294179918197
