SECTOR,WEIGHT
COMMUNICATION SERVICES,0.152069563255
CONSUMER DISCRETIONARY,0.098988266591
FINANCIALS,0.141084469013
INDUSTRIALS,0.286894971853
TECHNOLOGY,0.320962729288
