SECTOR,WEIGHT
COMMUNICATION SERVICES,0.123774966423
CONSUMER DISCRETIONARY,0.097990588231
FINANCIALS,0.185036103431
HEALTH CARE,0.036273944551
INDUSTRIALS,0.280228924585
TECHNOLOGY,0.276695472779
