SECTOR,WEIGHT
COMMUNICATION SERVICES,0.148260962332
CONSUMER DISCRETIONARY,0.103887763414
FINANCIALS,0.133631622261
INDUSTRIALS,0.290280405556
TECHNOLOGY,0.323939246436
