SECTOR,WEIGHT
COMMUNICATION SERVICES,0.142088763885
CONSUMER DISCRETIONARY,0.095071507987
FINANCIALS,0.150378429462
HEALTH CARE,0.045346362146
INDUSTRIALS,0.266604907174
TECHNOLOGY,0.300510029347
