SECTOR,WEIGHT
COMMUNICATION SERVICES,0.152536958358
CONSUMER DISCRETIONARY,0.099858505532
FINANCIALS,0.141411393712
INDUSTRIALS,0.28828464861
TECHNOLOGY,0.317908493787
