SECTOR,WEIGHT
COMMUNICATION SERVICES,0.125619558387
CONSUMER DISCRETIONARY,0.106518494419
FINANCIALS,0.198163750025
HEALTH CARE,0.034480829755
INDUSTRIALS,0.255592690065
TECHNOLOGY,0.279624677349
