SECTOR,WEIGHT
COMMUNICATION SERVICES,0.125666318463
CONSUMER DISCRETIONARY,0.107078142745
FINANCIALS,0.198334120165
HEALTH CARE,0.034022646245
INDUSTRIALS,0.253720222189
TECHNOLOGY,0.281178550193
