SECTOR,WEIGHT
COMMUNICATION SERVICES,0.146631227843
CONSUMER DISCRETIONARY,0.074373151728
FINANCIALS,0.164342964441
HEALTH CARE,0.035161237159
INDUSTRIALS,0.27370572405
TECHNOLOGY,0.305785694779
