SECTOR,WEIGHT
COMMUNICATION SERVICES,0.033126501201
CONSUMER DISCRETIONARY,0.112289831865
CONSUMER STAPLES,0.035528422738
ENERGY,0.072057646117
FINANCIALS,0.225480384307
HEALTH CARE,0.122598078463
INDUSTRIALS,0.188650920737
MATERIALS,0.036529223379
TECHNOLOGY,0.153122497998
UTILITIES,0.020616493195
