SECTOR,WEIGHT
COMMUNICATION SERVICES,0.038222839558
CONSUMER DISCRETIONARY,0.130991848415
CONSUMER STAPLES,0.026510039039
ENERGY,0.065332630431
FINANCIALS,0.201190028597
HEALTH CARE,0.142991925022
INDUSTRIALS,0.195938420102
MATERIALS,0.050171508865
TECHNOLOGY,0.141138238262
UTILITIES,0.00751252171
