SECTOR,WEIGHT
COMMUNICATION SERVICES,0.029566262199
CONSUMER DISCRETIONARY,0.131891431711
CONSUMER STAPLES,0.026242435098
ENERGY,0.074600446397
FINANCIALS,0.198718168041
HEALTH CARE,0.130432288721
INDUSTRIALS,0.206233257592
MATERIALS,0.056474871545
TECHNOLOGY,0.138736321792
UTILITIES,0.007104516903
