SECTOR,WEIGHT
COMMUNICATION SERVICES,0.032290861358
CONSUMER DISCRETIONARY,0.12515602854
CONSUMER STAPLES,0.026951665378
ENERGY,0.079320883262
FINANCIALS,0.193741141605
HEALTH CARE,0.129298334622
INDUSTRIALS,0.204477918438
MATERIALS,0.059582769617
TECHNOLOGY,0.141905440665
UTILITIES,0.007274956513
