SECTOR,WEIGHT
COMMUNICATION SERVICES,0.035409946487
CONSUMER DISCRETIONARY,0.131982894486
CONSUMER STAPLES,0.02585590591
ENERGY,0.064226344548
FINANCIALS,0.204951564291
HEALTH CARE,0.138136805794
INDUSTRIALS,0.193203371492
MATERIALS,0.05356514444
TECHNOLOGY,0.145473502284
UTILITIES,0.007194520266
