SECTOR,WEIGHT
COMMUNICATION SERVICES,0.032551230526
CONSUMER DISCRETIONARY,0.112509064576
CONSUMER STAPLES,0.0365933042
ENERGY,0.082253691777
FINANCIALS,0.221778452237
HEALTH CARE,0.127361428587
INDUSTRIALS,0.189995516608
MATERIALS,0.036132929059
TECHNOLOGY,0.138714339733
UTILITIES,0.022110042698
