SECTOR,WEIGHT
COMMUNICATION SERVICES,0.032442874423
CONSUMER DISCRETIONARY,0.113853967948
CONSUMER STAPLES,0.036382638559
ENERGY,0.080699970111
FINANCIALS,0.222862467327
HEALTH CARE,0.128384355686
INDUSTRIALS,0.188511896523
MATERIALS,0.035139927824
TECHNOLOGY,0.139958917327
UTILITIES,0.021762984271
