SECTOR,WEIGHT
COMMUNICATION SERVICES,0.03870005975
CONSUMER DISCRETIONARY,0.133160967707
CONSUMER STAPLES,0.026056349324
ENERGY,0.063678706195
FINANCIALS,0.208593151624
HEALTH CARE,0.136573526404
INDUSTRIALS,0.191006043156
MATERIALS,0.052205932479
TECHNOLOGY,0.142734979328
UTILITIES,0.007290284032
