SECTOR,WEIGHT
COMMUNICATION SERVICES,0.05799956161
CONSUMER DISCRETIONARY,0.055692510642
CONSUMER STAPLES,0.035493553769
ENERGY,0.063623561346
FINANCIALS,0.169920058932
HEALTH CARE,0.099823743308
INDUSTRIALS,0.178952088407
MATERIALS,0.022070620782
TECHNOLOGY,0.264287951989
UTILITIES,0.052136349214
