SECTOR,WEIGHT
COMMUNICATION SERVICES,0.052995142254
CONSUMER DISCRETIONARY,0.059455764037
CONSUMER STAPLES,0.036983425924
ENERGY,0.074410925618
FINANCIALS,0.167226353322
HEALTH CARE,0.102865729334
INDUSTRIALS,0.183179929068
MATERIALS,0.023182054207
TECHNOLOGY,0.245013442504
UTILITIES,0.054687233731
