SECTOR,WEIGHT
COMMUNICATION SERVICES,0.053570409813
CONSUMER DISCRETIONARY,0.054162934197
CONSUMER STAPLES,0.043582570575
ENERGY,0.066369737217
FINANCIALS,0.168368005685
HEALTH CARE,0.109723104948
INDUSTRIALS,0.181702806984
MATERIALS,0.021633145334
TECHNOLOGY,0.248132597349
UTILITIES,0.052754687899
