SECTOR,WEIGHT
COMMUNICATION SERVICES,0.057204638882
CONSUMER DISCRETIONARY,0.064533364937
CONSUMER STAPLES,0.046181921538
ENERGY,0.05610789106
FINANCIALS,0.176241951408
HEALTH CARE,0.125543477715
INDUSTRIALS,0.174605868806
MATERIALS,0.016287508625
TECHNOLOGY,0.232546694641
UTILITIES,0.050746682388
