SECTOR,WEIGHT
CONSUMER DISCRETIONARY,0.073398432017
CONSUMER STAPLES,0.073049545846
ENERGY,0.133265494356
FINANCIALS,0.137547370321
HEALTH CARE,0.154043269906
INDUSTRIALS,0.117668878953
MATERIALS,0.005853868827
REAL ESTATE,0.032439396066
TECHNOLOGY,0.190412648126
UTILITIES,0.082321095583
