SECTOR,WEIGHT
CONSUMER DISCRETIONARY,0.062131862622
CONSUMER STAPLES,0.077007771371
ENERGY,0.101544246678
FINANCIALS,0.147666081725
HEALTH CARE,0.174401604412
INDUSTRIALS,0.123337177237
MATERIALS,0.005173226373
REAL ESTATE,0.034606166959
TECHNOLOGY,0.197538230133
UTILITIES,0.076593632489
