SECTOR,WEIGHT
CONSUMER DISCRETIONARY,0.057451552049
CONSUMER STAPLES,0.078637971479
ENERGY,0.098856585241
FINANCIALS,0.146872784201
HEALTH CARE,0.17661701272
INDUSTRIALS,0.121909415395
REAL ESTATE,0.034830974997
TECHNOLOGY,0.204346400214
UTILITIES,0.080477303703
