SECTOR,WEIGHT
CONSUMER DISCRETIONARY,0.064469175334
CONSUMER STAPLES,0.078574409348
ENERGY,0.101269581407
FINANCIALS,0.148050285696
HEALTH CARE,0.174321672766
INDUSTRIALS,0.124471342129
REAL ESTATE,0.034912485555
TECHNOLOGY,0.197258602979
UTILITIES,0.076672444787
