SECTOR,WEIGHT
CONSUMER DISCRETIONARY,0.07270293575
CONSUMER STAPLES,0.080054343467
ENERGY,0.128998556188
FINANCIALS,0.133882449667
HEALTH CARE,0.158133472367
INDUSTRIALS,0.118114823133
MATERIALS,0.005880524585
REAL ESTATE,0.033377115585
TECHNOLOGY,0.188452514639
UTILITIES,0.080403264619
