SECTOR,WEIGHT
CONSUMER DISCRETIONARY,0.062359629422
CONSUMER STAPLES,0.076523020775
ENERGY,0.101618272239
FINANCIALS,0.148320566295
HEALTH CARE,0.173561201572
INDUSTRIALS,0.123810860672
MATERIALS,0.005183684928
REAL ESTATE,0.034176225235
TECHNOLOGY,0.198089957488
UTILITIES,0.076356581375
