SECTOR,WEIGHT
CONSUMER DISCRETIONARY,0.074965898169
CONSUMER STAPLES,0.069791239663
ENERGY,0.109979784454
FINANCIALS,0.150188374408
HEALTH CARE,0.1435263649
INDUSTRIALS,0.118393741099
MATERIALS,0.006006532718
REAL ESTATE,0.035057985642
TECHNOLOGY,0.211511535489
UTILITIES,0.080578543458
