SECTOR,WEIGHT
CONSUMER DISCRETIONARY,0.06489493139
CONSUMER STAPLES,0.074871928533
ENERGY,0.113361559062
FINANCIALS,0.129054417872
HEALTH CARE,0.174070111741
INDUSTRIALS,0.133708531464
MATERIALS,0.00523297339
REAL ESTATE,0.034039582696
TECHNOLOGY,0.192438050384
UTILITIES,0.078327913468
