SECTOR,WEIGHT
CONSUMER DISCRETIONARY,0.068596284589
CONSUMER STAPLES,0.077408066216
ENERGY,0.120923123766
FINANCIALS,0.138361397225
HEALTH CARE,0.162162622341
INDUSTRIALS,0.12495342716
MATERIALS,0.005396440032
REAL ESTATE,0.032570940952
TECHNOLOGY,0.191870084813
UTILITIES,0.077757612907
