SECTOR,WEIGHT
COMMUNICATION SERVICES,0.110563316023
CONSUMER DISCRETIONARY,0.15410844435
FINANCIALS,0.067878979443
HEALTH CARE,0.073849321945
INDUSTRIALS,0.052029421434
MATERIALS,0.00383094656
TECHNOLOGYQ,0.537739570246
