SECTOR,WEIGHT
COMMUNICATION SERVICES,0.124710949495
CONSUMER DISCRETIONARY,0.150375516406
FINANCIALS,0.067439749556
HEALTH CARE,0.068920105401
INDUSTRIALS,0.062988807584
MATERIALS,0.001993285908
TECHNOLOGY,0.523571585649
