SECTOR,WEIGHT
COMMUNICATION SERVICES,0.088361357011
CONSUMER DISCRETIONARY,0.104744581701
CONSUMER STAPLES,0.010290651699
ENERGY,0.005029324264
FINANCIALS,0.033901867936
HEALTH CARE,0.083378791916
INDUSTRIALS,0.127053739948
MATERIALS,0.030735674299
TECHNOLOGY,0.516504011225
