SECTOR,WEIGHT
COMMUNICATION SERVICES,0.114830982421
CONSUMER DISCRETIONARY,0.115873614136
CONSUMER STAPLES,0.009747979148
ENERGY,0.004794593167
FINANCIALS,0.041914296867
HEALTH CARE,0.075639380587
INDUSTRIALS,0.064322644945
MATERIALS,0.005256523299
TECHNOLOGY,0.567619985431
