SECTOR,WEIGHT
COMMUNICATION SERVICES,0.120059689544
CONSUMER DISCRETIONARY,0.151933346012
FINANCIALS,0.071968937804
HEALTH CARE,0.067209457441
INDUSTRIALS,0.062597693744
MATERIALS,0.001944107638
TECHNOLOGY,0.524286767817
