SECTOR,WEIGHT
COMMUNICATION SERVICES,0.083169901258
CONSUMER DISCRETIONARY,0.096602779597
CONSUMER STAPLES,0.011391691481
ENERGY,0.005569534593
FINANCIALS,0.050583716554
HEALTH CARE,0.072539383269
INDUSTRIALS,0.13987279743
MATERIALS,0.028356202675
TECHNOLOGY,0.511913993144
