SECTOR,WEIGHT
CONSUMER DISCRETIONARY,0.004990741204
CONSUMER STAPLES,0.006061758671
ENERGY,0.060899854862
FINANCIALS,0.094087383014
HEALTH CARE,0.055820029028
INDUSTRIALS,0.277916020219
MATERIALS,0.043160002002
REAL ESTATE,0.139416445623
TECHNOLOGY,0.282204093889
UTILITIES,0.035443671488
