SECTOR,WEIGHT
CONSUMER DISCRETIONARY,0.003966222491
CONSUMER STAPLES,0.005968869311
ENERGY,0.066921864716
FINANCIALS,0.088600341221
HEALTH CARE,0.047825089488
INDUSTRIALS,0.28951921449
MATERIALS,0.040937547274
REAL ESTATE,0.150275651962
TECHNOLOGY,0.265972335623
UTILITIES,0.040012863424
