SECTOR,WEIGHT
CONSUMER DISCRETIONARY,0.005413436576
CONSUMER STAPLES,0.006476700797
ENERGY,0.0640851973
FINANCIALS,0.094082864526
HEALTH CARE,0.054109336001
INDUSTRIALS,0.290533444265
MATERIALS,0.043716979489
REAL ESTATE,0.144346628141
TECHNOLOGY,0.260576825846
UTILITIES,0.03665858706
