SECTOR,WEIGHT
CONSUMER DISCRETIONARY,0.004895835734
CONSUMER STAPLES,0.007404876397
ENERGY,0.05980715257
FINANCIALS,0.0952603781
HEALTH CARE,0.063933442286
INDUSTRIALS,0.273962390442
MATERIALS,0.041694764782
REAL ESTATE,0.149429203269
TECHNOLOGY,0.267472351955
UTILITIES,0.036139604465
