SECTOR,WEIGHT
CONSUMER DISCRETIONARY,0.003713549646
CONSUMER STAPLES,0.006045290075
ENERGY,0.067443111846
FINANCIALS,0.088277468093
HEALTH CARE,0.048360316523
INDUSTRIALS,0.286659779331
MATERIALS,0.039003293696
REAL ESTATE,0.149447827433
TECHNOLOGY,0.271329613103
UTILITIES,0.039719750252
