SECTOR,WEIGHT
CONSUMER DISCRETIONARY,0.003932305028
CONSUMER STAPLES,0.005873404631
ENERGY,0.074005299192
FINANCIALS,0.088866686442
HEALTH CARE,0.049399331388
INDUSTRIALS,0.287664547524
MATERIALS,0.040378278925
REAL ESTATE,0.14599333793
TECHNOLOGY,0.264213017894
UTILITIES,0.039673791047
