SECTOR,WEIGHT
CONSUMER DISCRETIONARY,0.003402381667
CONSUMER STAPLES,0.004503152207
ENERGY,0.060342239568
FINANCIALS,0.083058140698
HEALTH CARE,0.043730611428
INDUSTRIALS,0.285199639748
MATERIALS,0.041529070349
REAL ESTATE,0.143200240168
TECHNOLOGY,0.298709096367
UTILITIES,0.036325427799
