SECTOR,WEIGHT
COMMUNICATION SERVICES,0.112820619891
CONSUMER DISCRETIONARY,0.108784750133
CONSUMER STAPLES,0.032289045944
FINANCIALS,0.175134407199
HEALTH CARE,0.101442724264
INDUSTRIALS,0.095819022664
TECHNOLOGY,0.373709429905
