SECTOR,WEIGHT
COMMUNICATION SERVICES,0.123577230532
CONSUMER DISCRETIONARY,0.119259638844
CONSUMER STAPLES,0.032167615806
FINANCIALS,0.183036237045
HEALTH CARE,0.1058707
INDUSTRIALS,0.050338241787
TECHNOLOGY,0.385750335986
