SECTOR,WEIGHT
COMMUNICATION SERVICES,0.118233139956
CONSUMER DISCRETIONARY,0.106241742661
CONSUMER STAPLES,0.034566741128
FINANCIALS,0.166900375563
HEALTH CARE,0.10362746005
INDUSTRIALS,0.09194270823
TECHNOLOGY,0.378487832411
