SECTOR,WEIGHT
COMMUNICATION SERVICES,0.122798336772
CONSUMER DISCRETIONARY,0.120128971044
CONSUMER STAPLES,0.029409176092
FINANCIALS,0.18429678796
HEALTH CARE,0.110431456226
INDUSTRIALS,0.048319061654
TECHNOLOGY,0.384616210252
