SECTOR,WEIGHT
COMMUNICATION SERVICES,0.118868362368
CONSUMER DISCRETIONARY,0.106369650117
CONSUMER STAPLES,0.033178664674
FINANCIALS,0.174006924189
HEALTH CARE,0.104063668405
INDUSTRIALS,0.093866775445
TECHNOLOGY,0.369645954802
