SECTOR,WEIGHT
COMMUNICATION SERVICES,0.124263760576
CONSUMER DISCRETIONARY,0.116699554519
CONSUMER STAPLES,0.028278214147
FINANCIALS,0.180521208394
HEALTH CARE,0.105662903784
INDUSTRIALS,0.05061098796
TECHNOLOGY,0.39396337062
