SECTOR,WEIGHT
COMMUNICATION SERVICES,0.12147560367
CONSUMER DISCRETIONARY,0.109858663071
CONSUMER STAPLES,0.035026509432
FINANCIALS,0.176673855848
HEALTH CARE,0.108426216044
INDUSTRIALS,0.059322061301
TECHNOLOGY,0.389217090634
