SECTOR,WEIGHT
COMMUNICATION SERVICES,0.083744666526
CONSUMER DISCRETIONARY,0.049733123509
CONSUMER STAPLES,0.031709834683
ENERGY,0.106077321177
FINANCIALS,0.255668083519
HEALTH CARE,0.141212341213
INDUSTRIALS,0.142270924253
MATERIALS,0.050747091939
REAL ESTATE,0.012923027629
TECHNOLOGY,0.119972744529
UTILITIES,0.005940841026
