SECTOR,WEIGHT
COMMUNICATION SERVICES,0.060116002536
CONSUMER DISCRETIONARY,0.042918515587
CONSUMER STAPLES,0.010136594702
ENERGY,0.094490788034
FINANCIALS,0.267008725426
HEALTH CARE,0.189233931045
INDUSTRIALS,0.144322820561
MATERIALS,0.071341761317
REAL ESTATE,0.010349582302
TECHNOLOGYQ,0.104844408016
UTILITIES,0.005236870475
