SECTOR,WEIGHT
COMMUNICATION SERVICES,0.070043650391
CONSUMER DISCRETIONARY,0.059384834027
CONSUMER STAPLES,0.038473251447
ENERGY,0.082732717491
FINANCIALS,0.239772611918
HEALTH CARE,0.135620749163
INDUSTRIALS,0.144046289717
MATERIALS,0.054309207187
REAL ESTATE,0.011978479342
TECHNOLOGY,0.148918891483
UTILITIES,0.014719317836
