SECTOR,WEIGHT
COMMUNICATION SERVICES,0.063182278585
CONSUMER DISCRETIONARY,0.045406950604
CONSUMER STAPLES,0.013224876205
ENERGY,0.095449849978
FINANCIALS,0.26255623942
HEALTH CARE,0.181181206353
INDUSTRIALS,0.14265424915
MATERIALS,0.073043602461
REAL ESTATE,0.009811031526
TECHNOLOGY,0.108191919629
UTILITIES,0.005297796089
