SECTOR,WEIGHT
COMMUNICATION SERVICES,0.077468378966
CONSUMER DISCRETIONARY,0.056763908056
CONSUMER STAPLES,0.030681665605
ENERGY,0.107089027509
FINANCIALS,0.255871684574
HEALTH CARE,0.154773213913
INDUSTRIALS,0.140216786683
MATERIALS,0.045353179366
REAL ESTATE,0.012838205498
TECHNOLOGY,0.114784682185
UTILITIES,0.004159267646
