SECTOR,WEIGHT
COMMUNICATION SERVICES,0.082382091071
CONSUMER DISCRETIONARY,0.043657084711
CONSUMER STAPLES,0.027532943271
ENERGY,0.107993894683
FINANCIALS,0.25325667769
HEALTH CARE,0.13722004579
INDUSTRIALS,0.156633935385
MATERIALS,0.044800814042
REAL ESTATE,0.011931823963
TECHNOLOGY,0.126636479267
UTILITIES,0.007954210125
