SECTOR,WEIGHT
COMMUNICATION SERVICES,0.084142720394
CONSUMER DISCRETIONARY,0.044193651316
CONSUMER STAPLES,0.02703850711
ENERGY,0.111511485878
FINANCIALS,0.253713628391
HEALTH CARE,0.143678651489
INDUSTRIALS,0.148813407067
MATERIALS,0.045133617457
REAL ESTATE,0.011730777438
TECHNOLOGY,0.121865339943
UTILITIES,0.008178213516
