SECTOR,WEIGHT
COMMUNICATION SERVICES,0.083534839697
CONSUMER DISCRETIONARY,0.043319213501
CONSUMER STAPLES,0.028894032196
ENERGY,0.109367938603
FINANCIALS,0.261629566138
HEALTH CARE,0.143607940552
INDUSTRIALS,0.141902795564
MATERIALS,0.049509123389
REAL ESTATE,0.012104599829
TECHNOLOGY,0.11768445576
UTILITIES,0.008445494771
