SECTOR,WEIGHT
COMMUNICATION SERVICES,0.066131986373
CONSUMER DISCRETIONARY,0.047524790317
CONSUMER STAPLES,0.013356949385
ENERGY,0.08926827453
FINANCIALS,0.28290783202
HEALTH CARE,0.172687854731
INDUSTRIALS,0.141096859005
MATERIALS,0.05828477861
REAL ESTATE,0.010623200257
TECHNOLOGY,0.113031172585
UTILITIES,0.005086302187
