SECTOR,WEIGHT
COMMUNICATION SERVICES,0.11341548943
CONSUMER DISCRETIONARY,0.100390742411
CONSUMER STAPLES,0.04688908927
ENERGY,0.035467388037
FINANCIALS,0.114717964132
HEALTH CARE,0.085261997796
INDUSTRIALS,0.0878669472
MATERIALS,0.019136359082
REAL ESTATE,0.017533313295
TECHNOLOGY,0.356577497245
UTILITIES,0.022743212103
