SECTOR,WEIGHT
COMMUNICATION SERVICES,0.110285136461
CONSUMER DISCRETIONARY,0.099901884223
CONSUMER STAPLES,0.050442522176
ENERGY,0.033685749184
FINANCIALS,0.125611221241
HEALTH CARE,0.095780020424
INDUSTRIALS,0.091376824653
MATERIALS,0.020602310727
REAL ESTATE,0.016995054164
TECHNOLOGY,0.33325924591
UTILITIES,0.022060030836
