SECTOR,WEIGHT
COMMUNICATION SERVICES,0.107530563473
CONSUMER DISCRETIONARY,0.099930618338
CONSUMER STAPLES,0.052580887705
ENERGY,0.034644776902
FINANCIALS,0.122323975319
HEALTH CARE,0.098393809514
INDUSTRIALS,0.093329849233
MATERIALS,0.021434228086
REAL ESTATE,0.018025215679
TECHNOLOGY,0.327781799178
UTILITIES,0.024024276574
