SECTOR,WEIGHT
COMMUNICATION SERVICES,0.108112112557
CONSUMER DISCRETIONARY,0.099670734186
CONSUMER STAPLES,0.051372074375
ENERGY,0.034281086287
FINANCIALS,0.120653045534
HEALTH CARE,0.096772514263
INDUSTRIALS,0.092908221034
MATERIALS,0.021219574948
REAL ESTATE,0.017661622062
TECHNOLOGY,0.333311308864
UTILITIES,0.024037705891
