SECTOR,WEIGHT
COMMUNICATION SERVICES,0.109595503836
CONSUMER DISCRETIONARY,0.105967816572
CONSUMER STAPLES,0.04835343752
ENERGY,0.031288049812
FINANCIALS,0.125212426485
HEALTH CARE,0.099047706999
INDUSTRIALS,0.088177694441
MATERIALS,0.020121920004
REAL ESTATE,0.016903777954
TECHNOLOGY,0.333188118772
UTILITIES,0.022143547605
