SECTOR,WEIGHT
COMMUNICATION SERVICES,0.111129474101
CONSUMER DISCRETIONARY,0.099444603034
CONSUMER STAPLES,0.050213094147
ENERGY,0.038313876911
FINANCIALS,0.118849942657
HEALTH CARE,0.094620812612
INDUSTRIALS,0.091467720368
MATERIALS,0.019883111225
REAL ESTATE,0.017877872765
TECHNOLOGY,0.333377404508
UTILITIES,0.024822087672
