SECTOR,WEIGHT
COMMUNICATION SERVICES,0.018564274126
CONSUMER DISCRETIONARY,0.113061397233
CONSUMER STAPLES,0.049326373704
ENERGY,0.029217343988
FINANCIALS,0.136433257086
HEALTH CARE,0.116834107559
INDUSTRIALS,0.249787885811
MATERIALS,0.056618869598
REAL ESTATE,0.070062173138
TECHNOLOGY,0.135411481373
UTILITIES,0.024682836385
