SECTOR,WEIGHT
COMMUNICATION SERVICES,0.022654380798
CONSUMER DISCRETIONARY,0.117557976925
CONSUMER STAPLES,0.04853314674
ENERGY,0.027005990016
FINANCIALS,0.142106860439
HEALTH CARE,0.12060894298
INDUSTRIALS,0.236107064106
MATERIALS,0.053003729519
REAL ESTATE,0.071843898622
TECHNOLOGY,0.135455431798
UTILITIES,0.025122578056
