SECTOR,WEIGHT
COMMUNICATION SERVICES,0.021768490338
CONSUMER DISCRETIONARY,0.10634235825
CONSUMER STAPLES,0.05438385071
ENERGY,0.039670169491
FINANCIALS,0.129858388647
HEALTH CARE,0.122798528834
INDUSTRIALS,0.245125322866
MATERIALS,0.066880277344
REAL ESTATE,0.080388863018
TECHNOLOGY,0.106541355586
UTILITIES,0.026242394918
