SECTOR,WEIGHT
COMMUNICATION SERVICES,0.023648307226
CONSUMER DISCRETIONARY,0.106215260232
CONSUMER STAPLES,0.052349671551
ENERGY,0.035068216271
FINANCIALS,0.13097524002
HEALTH CARE,0.119555330975
INDUSTRIALS,0.248509348156
MATERIALS,0.066296109146
REAL ESTATE,0.079737241031
TECHNOLOGY,0.112076806468
UTILITIES,0.025568468924
