SECTOR,WEIGHT
COMMUNICATION SERVICES,0.021228287191
CONSUMER DISCRETIONARY,0.105289242212
CONSUMER STAPLES,0.054960452569
ENERGY,0.035322725569
FINANCIALS,0.126753242567
HEALTH CARE,0.12593227578
INDUSTRIALS,0.244784090772
MATERIALS,0.069723752231
REAL ESTATE,0.082343472357
TECHNOLOGY,0.107379433724
UTILITIES,0.026283025026
