SECTOR,WEIGHT
COMMUNICATION SERVICES,0.019922808677
CONSUMER DISCRETIONARY,0.109552300392
CONSUMER STAPLES,0.052607848959
ENERGY,0.029718156063
FINANCIALS,0.134664137233
HEALTH CARE,0.12624655935
INDUSTRIALS,0.250384698607
MATERIALS,0.066991400263
REAL ESTATE,0.078367811118
TECHNOLOGY,0.106628691622
UTILITIES,0.024915587716
