SECTOR,WEIGHT
COMMUNICATION SERVICES,0.021973770863
CONSUMER DISCRETIONARY,0.10572156389
CONSUMER STAPLES,0.055483392657
ENERGY,0.040707281697
FINANCIALS,0.128750843397
HEALTH CARE,0.121121889532
INDUSTRIALS,0.245301218936
MATERIALS,0.068337366824
REAL ESTATE,0.080565106197
TECHNOLOGY,0.105382185034
UTILITIES,0.026655380973
