SECTOR,WEIGHT
COMMUNICATION SERVICES,0.020091949802
CONSUMER DISCRETIONARY,0.107850842369
CONSUMER STAPLES,0.054408172778
ENERGY,0.03121692748
FINANCIALS,0.129693208084
HEALTH CARE,0.125756537829
INDUSTRIALS,0.24944486089
MATERIALS,0.069254928152
REAL ESTATE,0.079804841237
TECHNOLOGY,0.106265883637
UTILITIES,0.026211847743
