SECTOR,WEIGHT
COMMUNICATION SERVICES,0.018343412946
CONSUMER DISCRETIONARY,0.114418427904
CONSUMER STAPLES,0.048756084151
ENERGY,0.027603046523
FINANCIALS,0.136800423667
HEALTH CARE,0.119321121909
INDUSTRIALS,0.249982818842
MATERIALS,0.056659416892
REAL ESTATE,0.070004123478
TECHNOLOGY,0.13363100532
UTILITIES,0.024480118368
