SECTOR,WEIGHT
COMMUNICATION SERVICES,0.023062917257
CONSUMER DISCRETIONARY,0.102468136759
CONSUMER STAPLES,0.051183491807
ENERGY,0.035504754198
FINANCIALS,0.129374873559
HEALTH CARE,0.121586081327
INDUSTRIALS,0.249848270281
MATERIALS,0.064839166498
REAL ESTATE,0.07970867894
TECHNOLOGY,0.117135342909
UTILITIES,0.025288286466
