SECTOR,WEIGHT
COMMUNICATION SERVICES,0.022800170502
CONSUMER DISCRETIONARY,0.118896248442
CONSUMER STAPLES,0.050162188961
ENERGY,0.026984131783
FINANCIALS,0.143027587743
HEALTH CARE,0.119770930135
INDUSTRIALS,0.234662587506
MATERIALS,0.052714687498
REAL ESTATE,0.072983521118
TECHNOLOGY,0.132768216405
UTILITIES,0.025229729907
