SECTOR,WEIGHT
COMMUNICATION SERVICES,0.024539209081
CONSUMER DISCRETIONARY,0.127254537313
CONSUMER STAPLES,0.021133450859
ENERGY,0.056804658537
FINANCIALS,0.174857496702
HEALTH CARE,0.123579505343
INDUSTRIALS,0.166050127275
MATERIALS,0.049468713819
REAL ESTATE,0.072086700096
TECHNOLOGY,0.150441326561
UTILITIES,0.033784274413
