SECTOR,WEIGHT
COMMUNICATION SERVICES,0.024738931958
CONSUMER DISCRETIONARY,0.128006969226
CONSUMER STAPLES,0.020928899952
ENERGY,0.055550670899
FINANCIALS,0.176393365087
HEALTH CARE,0.120306055728
INDUSTRIALS,0.16699663363
MATERIALS,0.049707274331
REAL ESTATE,0.071423446149
TECHNOLOGY,0.152638775615
UTILITIES,0.033308977426
