SECTOR,WEIGHT
COMMUNICATION SERVICES,0.02495293089
CONSUMER DISCRETIONARY,0.128623968488
CONSUMER STAPLES,0.020981679603
ENERGY,0.052557060266
FINANCIALS,0.178746645664
HEALTH CARE,0.124258415715
INDUSTRIALS,0.167785871099
MATERIALS,0.050663202999
REAL ESTATE,0.07142907565
TECHNOLOGY,0.148240215323
UTILITIES,0.031760934303
