SECTOR,WEIGHT
COMMUNICATION SERVICES,0.02539746596
CONSUMER DISCRETIONARY,0.127646673372
CONSUMER STAPLES,0.027663895793
ENERGY,0.069492978042
FINANCIALS,0.163998210499
HEALTH CARE,0.120782162871
INDUSTRIALS,0.16857794776
MATERIALS,0.052346987962
REAL ESTATE,0.063746396285
TECHNOLOGY,0.145158512513
UTILITIES,0.035188768943
