SECTOR,WEIGHT
COMMUNICATION SERVICES,0.023015548282
CONSUMER DISCRETIONARY,0.122442716858
CONSUMER STAPLES,0.024549918167
ENERGY,0.069660392799
FINANCIALS,0.163052373159
HEALTH CARE,0.114566284779
INDUSTRIALS,0.17420212766
MATERIALS,0.049304418985
REAL ESTATE,0.062704582651
TECHNOLOGY,0.163870703764
UTILITIES,0.032630932897
