SECTOR,WEIGHT
COMMUNICATION SERVICES,0.024418316108
CONSUMER DISCRETIONARY,0.130300621579
CONSUMER STAPLES,0.02137296161
ENERGY,0.053914576747
FINANCIALS,0.174783577076
HEALTH CARE,0.125580776036
INDUSTRIALS,0.16461053961
MATERIALS,0.049665807902
REAL ESTATE,0.074086141468
TECHNOLOGYQ,0.145815890718
UTILITIES,0.035450791147
