SECTOR,WEIGHT
COMMUNICATION SERVICES,0.025247912648
CONSUMER DISCRETIONARY,0.129289626238
CONSUMER STAPLES,0.020880108906
ENERGY,0.05365536214
FINANCIALS,0.178745449993
HEALTH CARE,0.122321818644
INDUSTRIALS,0.165980596774
MATERIALS,0.050993525838
REAL ESTATE,0.072814298906
TECHNOLOGY,0.147853552376
UTILITIES,0.032217747535
