SECTOR,WEIGHT
COMMUNICATION SERVICES,0.023377282516
CONSUMER DISCRETIONARY,0.135826312233
CONSUMER STAPLES,0.026801629418
ENERGY,0.062811286892
FINANCIALS,0.166445680788
HEALTH CARE,0.116884374277
INDUSTRIALS,0.174873039281
MATERIALS,0.053044764163
REAL ESTATE,0.061197971074
TECHNOLOGY,0.144747958896
UTILITIES,0.033989700461
