SECTOR,WEIGHT
COMMUNICATION SERVICES,0.13749189712
CONSUMER DISCRETIONARY,0.097776102449
ENERGY,0.022395444912
FINANCIALS,0.14765529588
HEALTH CARE,0.109106925498
INDUSTRIALS,0.123263342064
MATERIALS,0.02400382842
TECHNOLOGY,0.338307163657
