SECTOR,WEIGHT
COMMUNICATION SERVICES,0.115830615547
CONSUMER DISCRETIONARY,0.099337972831
CONSUMER STAPLES,0.005138029326
ENERGY,0.027910942195
FINANCIALS,0.124730232916
HEALTH CARE,0.099725225341
INDUSTRIALS,0.149023394366
MATERIALS,0.026287974115
TECHNOLOGY,0.352015613364
