SECTOR,WEIGHT
COMMUNICATION SERVICES,0.116266190453
CONSUMER DISCRETIONARY,0.099300030295
ENERGY,0.027427970088
FINANCIALS,0.129277016864
HEALTH CARE,0.099132080085
INDUSTRIALS,0.158205909084
MATERIALS,0.026011023061
TECHNOLOGY,0.34437978007
