SECTOR,WEIGHT
COMMUNICATION SERVICES,0.112261806131
CONSUMER DISCRETIONARY,0.105530240265
CONSUMER STAPLES,0.013877381939
ENERGY,0.023405136703
FINANCIALS,0.122514498757
HEALTH CARE,0.074875724938
INDUSTRIALS,0.13722038111
MATERIALS,0.024647887324
TECHNOLOGY,0.385666942833
