SECTOR,WEIGHT
COMMUNICATION SERVICES,0.11466421138
CONSUMER DISCRETIONARY,0.096629417606
ENERGY,0.026778654699
FINANCIALS,0.12969114177
HEALTH CARE,0.111207336131
INDUSTRIALS,0.151484216459
MATERIALS,0.026519569692
TECHNOLOGY,0.343025452263
