SECTOR,WEIGHT
COMMUNICATION SERVICES,0.087854705933
CONSUMER DISCRETIONARY,0.067075333299
CONSUMER STAPLES,0.073430158463
ENERGY,0.067399959977
FINANCIALS,0.185130416042
HEALTH CARE,0.131673600333
INDUSTRIALS,0.143771714469
MATERIALS,0.033280104377
REAL ESTATE,0.02788187297
TECHNOLOGY,0.130709544494
UTILITIES,0.051792589644
