SECTOR,WEIGHT
COMMUNICATION SERVICES,0.068733637659
CONSUMER DISCRETIONARY,0.068663700711
CONSUMER STAPLES,0.078872126034
ENERGY,0.056421785026
FINANCIALS,0.183174620425
HEALTH CARE,0.13610906678
INDUSTRIALS,0.158719145178
MATERIALS,0.044742991784
REAL ESTATE,0.027903301809
TECHNOLOGY,0.131009767713
UTILITIES,0.04564985688
