SECTOR,WEIGHT
COMMUNICATION SERVICES,0.090979968654
CONSUMER DISCRETIONARY,0.075402273063
CONSUMER STAPLES,0.061973405368
ENERGY,0.063943153974
FINANCIALS,0.17709016683
HEALTH CARE,0.126863418917
INDUSTRIALS,0.142517647401
MATERIALS,0.03674834131
REAL ESTATE,0.026989895031
TECHNOLOGY,0.14837345991
UTILITIES,0.049118269542
