SECTOR,WEIGHT
COMMUNICATION SERVICES,0.093001651528
CONSUMER DISCRETIONARY,0.077931461602
CONSUMER STAPLES,0.039533443435
ENERGY,0.064616019818
FINANCIALS,0.179293971924
HEALTH CARE,0.126651527663
INDUSTRIALS,0.146676300578
MATERIALS,0.036952931462
REAL ESTATE,0.027456647399
TECHNOLOGY,0.15916597853
UTILITIES,0.048720066061
