SECTOR,WEIGHT
COMMUNICATION SERVICES,0.086767245214
CONSUMER DISCRETIONARY,0.066502776875
CONSUMER STAPLES,0.071101793248
ENERGY,0.068650439059
FINANCIALS,0.186721020223
HEALTH CARE,0.129213520589
INDUSTRIALS,0.143087043197
MATERIALS,0.032939494831
REAL ESTATE,0.027480822331
TECHNOLOGY,0.135932878984
UTILITIES,0.051602965449
