SECTOR,WEIGHT
COMMUNICATION SERVICES,0.090269144122
CONSUMER DISCRETIONARY,0.07650652591
CONSUMER STAPLES,0.062858608812
ENERGY,0.064157928084
FINANCIALS,0.172711812015
HEALTH CARE,0.125833516147
INDUSTRIALS,0.139894287548
MATERIALS,0.034258695931
REAL ESTATE,0.026609914273
TECHNOLOGY,0.158267072099
UTILITIES,0.04863249506
