SECTOR,WEIGHT
COMMUNICATION SERVICES,0.075145251432
CONSUMER DISCRETIONARY,0.087851222917
CONSUMER STAPLES,0.087419861735
ENERGY,0.042688743232
FINANCIALS,0.183480302088
HEALTH CARE,0.138330366288
INDUSTRIALS,0.146816668111
MATERIALS,0.040550023171
REAL ESTATE,0.027389679695
TECHNOLOGY,0.124858163292
UTILITIES,0.045469718038
