SECTOR,WEIGHT
COMMUNICATION SERVICES,0.068023002042
CONSUMER DISCRETIONARY,0.067227864864
CONSUMER STAPLES,0.084896699454
ENERGY,0.057598110811
FINANCIALS,0.172004747641
HEALTH CARE,0.14180170329
INDUSTRIALS,0.155095087134
MATERIALS,0.049561206885
REAL ESTATE,0.027283719604
TECHNOLOGY,0.127730520479
UTILITIES,0.048777337795
