SECTOR,WEIGHT
COMMUNICATION SERVICES,0.080280097709
CONSUMER DISCRETIONARY,0.08685354112
CONSUMER STAPLES,0.079623222836
ENERGY,0.047627873183
FINANCIALS,0.186894296927
HEALTH CARE,0.137928041568
INDUSTRIALS,0.149674030351
MATERIALS,0.042200135909
REAL ESTATE,0.026086722878
TECHNOLOGY,0.11686653655
UTILITIES,0.045965500969
