SECTOR,WEIGHT
COMMUNICATION SERVICES,0.054450349768
CONSUMER DISCRETIONARY,0.113904385778
CONSUMER STAPLES,0.07099492529
ENERGY,0.046939818719
FINANCIALS,0.141304619657
HEALTH CARE,0.119486266872
INDUSTRIALS,0.179438470765
MATERIALS,0.050998186389
REAL ESTATE,0.0499338277
TECHNOLOGY,0.122382242816
UTILITIES,0.050166906247
