SECTOR,WEIGHT
COMMUNICATION SERVICES,0.053492446882
CONSUMER DISCRETIONARY,0.111518067075
CONSUMER STAPLES,0.071353650632
ENERGY,0.046819415406
FINANCIALS,0.145922097542
HEALTH CARE,0.121246607634
INDUSTRIALS,0.172334719499
MATERIALS,0.04997911234
REAL ESTATE,0.050750503157
TECHNOLOGY,0.125049464184
UTILITIES,0.05153391565
