SECTOR,WEIGHT
COMMUNICATION SERVICES,0.064125092062
CONSUMER DISCRETIONARY,0.111279780012
CONSUMER STAPLES,0.059663093599
ENERGY,0.062121745813
FINANCIALS,0.129948325275
HEALTH CARE,0.113236094656
INDUSTRIALS,0.177348177976
MATERIALS,0.062457971757
REAL ESTATE,0.052142039451
TECHNOLOGY,0.110365165391
UTILITIES,0.057312514009
