SECTOR,WEIGHT
COMMUNICATION SERVICES,0.075762338887
CONSUMER DISCRETIONARY,0.119814765555
ENERGY,0.017447343603
FINANCIALS,0.105576378981
HEALTH CARE,0.116980630184
INDUSTRIALS,0.395166009721
MATERIALS,0.010694508258
TECHNOLOGY,0.158558024811
