SECTOR,WEIGHT
COMMUNICATION SERVICES,0.121268537306
CONSUMER DISCRETIONARY,0.082443920684
ENERGY,0.142495415852
FINANCIALS,0.129595797743
HEALTH CARE,0.284625896477
INDUSTRIALS,0.074717399775
MATERIALS,0.042746828151
TECHNOLOGY,0.078162388316
UTILITIES,0.043943815695
