SECTOR,WEIGHT
COMMUNICATION SERVICES,0.016580870303
CONSUMER DISCRETIONARY,0.184135491846
ENERGY,0.153590486779
FINANCIALS,0.079868809755
HEALTH CARE,0.04859651716
INDUSTRIALS,0.149330659829
MATERIALS,0.005909345056
TECHNOLOGY,0.32714014263
UTILITIES,0.034847676643
