SECTOR,WEIGHT
COMMUNICATION SERVICES,0.016961440741
CONSUMER DISCRETIONARY,0.186838608379
ENERGY,0.147080304888
FINANCIALS,0.083450502945
HEALTH CARE,0.04836289654
INDUSTRIALS,0.153776936945
MATERIALS,0.006395262165
TECHNOLOGY,0.322546221669
UTILITIES,0.034587825729
