SECTOR,WEIGHT
COMMUNICATION SERVICES,0.067867697293
CONSUMER DISCRETIONARY,0.195611750749
CONSUMER STAPLES,0.038915718019
ENERGY,0.004431185798
FINANCIALS,0.148273089855
HEALTH CARE,0.111513144286
INDUSTRIALS,0.278395425469
MATERIALS,0.012373328801
TECHNOLOGY,0.142618659731
