SECTOR,WEIGHT
CONSUMER DISCRETIONARY,0.068185460151
CONSUMER STAPLES,0.031312192494
ENERGY,0.031921129708
FINANCIALS,0.107740532784
HEALTH CARE,0.15521178919
INDUSTRIALS,0.136971586721
MATERIALS,0.067018244338
TECHNOLOGY,0.377409773391
UTILITIES,0.024229291224
