SECTOR,WEIGHT
CONSUMER DISCRETIONARY,0.069314423541
CONSUMER STAPLES,0.032159948886
ENERGY,0.03176501847
FINANCIALS,0.107230845099
HEALTH CARE,0.154866483538
INDUSTRIALS,0.136905420368
MATERIALS,0.066730834244
TECHNOLOGY,0.376974522853
UTILITIES,0.024052503001
