SECTOR,WEIGHT
CONSUMER DISCRETIONARY,0.067264601767
CONSUMER STAPLES,0.034225383955
ENERGY,0.031626967781
FINANCIALS,0.105678215527
HEALTH CARE,0.155224654086
INDUSTRIALS,0.138121769401
MATERIALS,0.063984836894
TECHNOLOGY,0.377773786038
UTILITIES,0.026099784549
