SECTOR,WEIGHT
CONSUMER DISCRETIONARY,0.069378513712
CONSUMER STAPLES,0.041406455895
ENERGY,0.038648301735
FINANCIALS,0.095497219973
HEALTH CARE,0.154743651711
INDUSTRIALS,0.13910379729
MATERIALS,0.070406019498
TECHNOLOGY,0.374479445083
UTILITIES,0.016336595104
