SECTOR,WEIGHT
CONSUMER DISCRETIONARY,0.066626158129
CONSUMER STAPLES,0.03179089285
ENERGY,0.029381154182
FINANCIALS,0.10397191408
HEALTH CARE,0.145244920853
INDUSTRIALS,0.156224811999
MATERIALS,0.070686360048
TECHNOLOGY,0.365362084008
UTILITIES,0.013929743654
