SECTOR,WEIGHT
CONSUMER DISCRETIONARY,0.070660095141
CONSUMER STAPLES,0.033289022396
ENERGY,0.03242588944
FINANCIALS,0.108825043467
HEALTH CARE,0.15794092656
INDUSTRIALS,0.137404564371
MATERIALS,0.068090336425
TECHNOLOGY,0.367192264675
UTILITIES,0.024171857524
