SECTOR,WEIGHT
CONSUMER DISCRETIONARY,0.066454689984
CONSUMER STAPLES,0.028298887122
ENERGY,0.040381558029
FINANCIALS,0.088182299947
HEALTH CARE,0.135983041865
INDUSTRIALS,0.155590885003
MATERIALS,0.070800211977
TECHNOLOGY,0.39915209327
UTILITIES,0.015156332803
