SECTOR,WEIGHT
COMMUNICATION SERVICES,0.096816841249
CONSUMER DISCRETIONARY,0.119292179396
CONSUMER STAPLES,0.014339469135
ENERGY,0.010068137903
FINANCIALS,0.174310993593
HEALTH CARE,0.102105156107
INDUSTRIALS,0.073629614563
MATERIALS,0.043831994305
REAL ESTATE,0.010678328079
TECHNOLOGY,0.300620360012
UTILITIES,0.054306925658
