SECTOR,WEIGHT
COMMUNICATION SERVICES,0.112098801121
CONSUMER DISCRETIONARY,0.102426666024
CONSUMER STAPLES,0.015512956405
ENERGY,0.021065701461
FINANCIALS,0.145797700208
HEALTH CARE,0.111905077369
INDUSTRIALS,0.083871343339
MATERIALS,0.074592678246
REAL ESTATE,0.010142893851
TECHNOLOGY,0.264738061397
UTILITIES,0.057848120578
