SECTOR,WEIGHT
COMMUNICATION SERVICES,0.118202691517
CONSUMER DISCRETIONARY,0.100581408797
CONSUMER STAPLES,0.016980636804
ENERGY,0.019699107621
FINANCIALS,0.148672092881
HEALTH CARE,0.117297540302
INDUSTRIALS,0.088732979386
MATERIALS,0.062070241746
REAL ESTATE,0.011152468699
TECHNOLOGY,0.257087082587
UTILITIES,0.059523749659
