SECTOR,WEIGHT
COMMUNICATION SERVICES,0.107676077403
CONSUMER DISCRETIONARY,0.101532967022
CONSUMER STAPLES,0.015843603637
ENERGY,0.02112647781
FINANCIALS,0.146456971125
HEALTH CARE,0.113662598696
INDUSTRIALS,0.08289685798
MATERIALS,0.077673206603
REAL ESTATE,0.010281679679
TECHNOLOGY,0.264514102052
UTILITIES,0.058335457993
