SECTOR,WEIGHT
COMMUNICATION SERVICES,0.11502242243
CONSUMER DISCRETIONARY,0.140714369326
CONSUMER STAPLES,0.021127741248
ENERGY,0.014954004755
FINANCIALS,0.147388624502
HEALTH CARE,0.067393427867
INDUSTRIALS,0.07205652632
MATERIALS,0.041586442402
REAL ESTATE,0.020363844791
TECHNOLOGY,0.294888251131
UTILITIES,0.064504345229
