SECTOR,WEIGHT
COMMUNICATION SERVICES,0.11986879072
CONSUMER DISCRETIONARY,0.101993990768
CONSUMER STAPLES,0.016354888713
ENERGY,0.019753816627
FINANCIALS,0.143330345818
HEALTH CARE,0.11422168172
INDUSTRIALS,0.085276978927
MATERIALS,0.070004436008
REAL ESTATE,0.010505594299
TECHNOLOGY,0.260703504648
UTILITIES,0.057985971752
