SECTOR,WEIGHT
COMMUNICATION SERVICES,0.114450485778
CONSUMER DISCRETIONARY,0.142705569222
CONSUMER STAPLES,0.0200897022
ENERGY,0.013649983913
FINANCIALS,0.146957699573
HEALTH CARE,0.06917376952
INDUSTRIALS,0.072344713027
MATERIALS,0.042152166963
REAL ESTATE,0.020084659351
TECHNOLOGY,0.292822109464
UTILITIES,0.065569140991
