SECTOR,WEIGHT
COMMUNICATION SERVICES,0.110405306821
CONSUMER DISCRETIONARY,0.135483394431
CONSUMER STAPLES,0.024591399688
ENERGY,0.024192740559
FINANCIALS,0.14883847526
HEALTH CARE,0.099809473315
INDUSTRIALS,0.068733285912
MATERIALS,0.004663502352
REAL ESTATE,0.028539541623
TECHNOLOGY,0.305615731049
UTILITIES,0.04912714899
