SECTOR,WEIGHT
COMMUNICATION SERVICES,0.04300918208
CONSUMER DISCRETIONARY,0.043170066947
CONSUMER STAPLES,0.119166997433
ENERGY,0.072540022757
FINANCIALS,0.094302876346
HEALTH CARE,0.205760101611
INDUSTRIALS,0.208440104787
MATERIALS,0.063387579053
TECHNOLOGY,0.150223068985
