SECTOR,WEIGHT
COMMUNICATION SERVICES,0.042570525379
CONSUMER DISCRETIONARY,0.052882091449
CONSUMER STAPLES,0.124020288214
ENERGY,0.071891248268
FINANCIALS,0.09126306154
HEALTH CARE,0.203577662417
INDUSTRIALS,0.198038162143
MATERIALS,0.059552710009
TECHNOLOGY,0.15620425058
