SECTOR,WEIGHT
COMMUNICATION SERVICES,0.046011762343
CONSUMER DISCRETIONARY,0.051826326958
CONSUMER STAPLES,0.126650729605
ENERGY,0.074407069478
FINANCIALS,0.093305705392
HEALTH CARE,0.19633183919
INDUSTRIALS,0.197249764014
MATERIALS,0.060241678574
TECHNOLOGY,0.153975124445
