SECTOR,WEIGHT
COMMUNICATION SERVICES,0.044717904525
CONSUMER DISCRETIONARY,0.045415667183
CONSUMER STAPLES,0.118366699465
ENERGY,0.071800956503
FINANCIALS,0.103269945187
HEALTH CARE,0.216618327042
INDUSTRIALS,0.189052950646
MATERIALS,0.056084683306
TECHNOLOGY,0.154672866143
