SECTOR,WEIGHT
COMMUNICATION SERVICES,0.04570136122
CONSUMER DISCRETIONARY,0.051035900286
CONSUMER STAPLES,0.133162290699
ENERGY,0.076438220355
FINANCIALS,0.092021835936
HEALTH CARE,0.193440300659
INDUSTRIALS,0.196764017165
MATERIALS,0.060502010823
TECHNOLOGY,0.150934062857
