SECTOR,WEIGHT
COMMUNICATION SERVICES,0.041880056248
CONSUMER DISCRETIONARY,0.047211902365
CONSUMER STAPLES,0.123812975244
ENERGY,0.07146344745
FINANCIALS,0.103611853755
HEALTH CARE,0.200789469116
INDUSTRIALS,0.198908024027
MATERIALS,0.057867999375
TECHNOLOGY,0.154454272421
