SECTOR,WEIGHT
COMMUNICATION SERVICES,0.044277126438
CONSUMER DISCRETIONARY,0.04762123321
CONSUMER STAPLES,0.114314442101
ENERGY,0.069482277195
FINANCIALS,0.10679153609
HEALTH CARE,0.224581372909
INDUSTRIALS,0.185526944983
MATERIALS,0.055307448616
TECHNOLOGY,0.152097618458
