SECTOR,WEIGHT
COMMUNICATION SERVICES,0.044995679778
CONSUMER DISCRETIONARY,0.049486966878
CONSUMER STAPLES,0.123804584338
ENERGY,0.067009742018
FINANCIALS,0.110162926288
HEALTH CARE,0.216248609412
INDUSTRIALS,0.182852697333
MATERIALS,0.05087074529
TECHNOLOGY,0.154568048665
