SECTOR,WEIGHT
COMMUNICATION SERVICES,0.038966334705
CONSUMER DISCRETIONARY,0.047875249506
CONSUMER STAPLES,0.11687438794
ENERGY,0.071542096335
FINANCIALS,0.105602320342
HEALTH CARE,0.252819889869
INDUSTRIALS,0.171616479994
MATERIALS,0.051445665145
TECHNOLOGY,0.143257576163
