SECTOR,WEIGHT
COMMUNICATION SERVICES,0.035540448454
CONSUMER DISCRETIONARY,0.143270151215
CONSUMER STAPLES,0.043900282312
ENERGY,0.160674303144
FINANCIALS,0.331896761528
HEALTH CARE,0.044227820683
INDUSTRIALS,0.141907267093
MATERIALS,0.063433940682
REAL ESTATE,0.001271619561
TECHNOLOGY,0.033877405328
