SECTOR,WEIGHT
COMMUNICATION SERVICES,0.041595163966
CONSUMER DISCRETIONARY,0.130631348418
CONSUMER STAPLES,0.046900664362
ENERGY,0.187557712894
FINANCIALS,0.327016580455
HEALTH CARE,0.035110890474
INDUSTRIALS,0.135811208355
MATERIALS,0.05768940044
REAL ESTATE,0.002247227738
TECHNOLOGY,0.035439802898
