SECTOR,WEIGHT
COMMUNICATION SERVICES,0.040501879016
CONSUMER DISCRETIONARY,0.146537964198
CONSUMER STAPLES,0.04590253364
ENERGY,0.144239705823
FINANCIALS,0.345188305653
HEALTH CARE,0.041386834768
INDUSTRIALS,0.138025821312
MATERIALS,0.061450882935
REAL ESTATE,0.004215662505
TECHNOLOGY,0.032550410151
