SECTOR,WEIGHT
COMMUNICATION SERVICES,0.040946454326
CONSUMER DISCRETIONARY,0.147040313064
CONSUMER STAPLES,0.0446116451
ENERGY,0.14674378965
FINANCIALS,0.339978214606
HEALTH CARE,0.044959606249
INDUSTRIALS,0.138317078337
MATERIALS,0.061211913383
REAL ESTATE,0.004233023026
TECHNOLOGY,0.031957962259
