SECTOR,WEIGHT
COMMUNICATION SERVICES,0.034106522676
CONSUMER DISCRETIONARY,0.141911932466
CONSUMER STAPLES,0.044387659391
ENERGY,0.161897229194
FINANCIALS,0.334785408269
HEALTH CARE,0.043064364844
INDUSTRIALS,0.143486703678
MATERIALS,0.062753568079
REAL ESTATE,0.001158009481
TECHNOLOGY,0.032448601922
