SECTOR,WEIGHT
COMMUNICATION SERVICES,0.033336618664
CONSUMER DISCRETIONARY,0.142985023974
CONSUMER STAPLES,0.044349926283
ENERGY,0.162716311055
FINANCIALS,0.328184170872
HEALTH CARE,0.042088128815
INDUSTRIALS,0.147230212574
MATERIALS,0.065779085588
REAL ESTATE,0.001420481968
TECHNOLOGY,0.031910040206
