SECTOR,WEIGHT
COMMUNICATION SERVICES,0.03492305702
CONSUMER DISCRETIONARY,0.148950647906
CONSUMER STAPLES,0.042976425612
ENERGY,0.158696996336
FINANCIALS,0.331798582257
HEALTH CARE,0.044185551405
INDUSTRIALS,0.140507140158
MATERIALS,0.06395124381
REAL ESTATE,0.001262095078
TECHNOLOGY,0.032748260417
