SECTOR,WEIGHT
COMMUNICATION SERVICES,0.036156538687
CONSUMER DISCRETIONARY,0.151853414734
CONSUMER STAPLES,0.043958579361
ENERGY,0.156944473959
FINANCIALS,0.323680458367
HEALTH CARE,0.046469197118
INDUSTRIALS,0.141927316553
MATERIALS,0.06507063832
REAL ESTATE,0.001286172983
TECHNOLOGY,0.032653209917
