SECTOR,WEIGHT
COMMUNICATION SERVICES,0.014569493139
CONSUMER DISCRETIONARY,0.279526709631
CONSUMER STAPLES,0.032306677085
ENERGY,0.038843199526
HEALTH CARE,0.237690905447
INDUSTRIALS,0.180680548101
MATERIALS,0.059987076292
TECHNOLOGY,0.15639539078
