SECTOR,WEIGHT
COMMUNICATION SERVICES,0.015798420158
CONSUMER DISCRETIONARY,0.257174282572
CONSUMER STAPLES,0.015098490151
ENERGY,0.046195380462
HEALTH CARE,0.220777922208
INDUSTRIALS,0.181081891811
MATERIALS,0.056094390561
TECHNOLOGY,0.207779222078
