SECTOR,WEIGHT
COMMUNICATION SERVICES,0.017777548551
CONSUMER DISCRETIONARY,0.246385570236
CONSUMER STAPLES,0.015925751637
ENERGY,0.052158050703
HEALTH CARE,0.230668726155
INDUSTRIALS,0.180487449093
MATERIALS,0.053812604867
TECHNOLOGY,0.202784298758
