SECTOR,WEIGHT
COMMUNICATION SERVICES,0.017945896646
CONSUMER DISCRETIONARY,0.24166161478
CONSUMER STAPLES,0.016832736141
ENERGY,0.050893518951
HEALTH CARE,0.2282629156
INDUSTRIALS,0.180711600182
MATERIALS,0.059360425468
TECHNOLOGY,0.204331292232
