SECTOR,WEIGHT
CONSUMER DISCRETIONARY,0.316989193732
CONSUMER STAPLES,0.015657917323
ENERGY,0.044694434137
HEALTH CARE,0.133790365167
INDUSTRIALS,0.297694596899
TECHNOLOGYQ,0.191173492743
