SECTOR,WEIGHT
COMMUNICATION SERVICES,0.014480470688
CONSUMER DISCRETIONARY,0.269865324341
CONSUMER STAPLES,0.033828079199
ENERGY,0.043083235471
HEALTH CARE,0.23222383842
INDUSTRIALS,0.191583332902
MATERIALS,0.067527391989
TECHNOLOGY,0.14740832699
