SECTOR,WEIGHT
COMMUNICATION SERVICES,0.015686874364
CONSUMER DISCRETIONARY,0.25436715905
CONSUMER STAPLES,0.015495788478
ENERGY,0.046832674588
HEALTH CARE,0.224518021363
INDUSTRIALS,0.18100715257
MATERIALS,0.05696852073
TECHNOLOGY,0.205123808858
