SECTOR,WEIGHT
COMMUNICATION SERVICES,0.015401540154
CONSUMER DISCRETIONARY,0.236123612361
CONSUMER STAPLES,0.017801780178
ENERGY,0.0500050005
HEALTH CARE,0.214221422142
INDUSTRIALS,0.184218421842
MATERIALS,0.05500550055
TECHNOLOGY,0.227222722272
