SECTOR,WEIGHT
COMMUNICATION SERVICES,0.015564275892
CONSUMER DISCRETIONARY,0.262120751221
CONSUMER STAPLES,0.033627967867
ENERGY,0.052453803283
HEALTH CARE,0.234878835714
INDUSTRIALS,0.19709508878
MATERIALS,0.069896277507
TECHNOLOGY,0.134362999735
