SECTOR,WEIGHT
COMMUNICATION SERVICES,0.06052388538
CONSUMER DISCRETIONARY,0.031958743716
CONSUMER STAPLES,0.046678815452
ENERGY,0.062360666034
FINANCIALS,0.220707067577
HEALTH CARE,0.25214824824
INDUSTRIALS,0.144337075077
MATERIALS,0.043011452503
TECHNOLOGY,0.112132463084
UTILITIES,0.026141582937
