SECTOR,WEIGHT
COMMUNICATION SERVICES,0.053142076091
CONSUMER DISCRETIONARY,0.036107286435
CONSUMER STAPLES,0.04799508299
ENERGY,0.072668512554
FINANCIALS,0.210362880589
HEALTH CARE,0.240961629041
INDUSTRIALS,0.157392538316
MATERIALS,0.048263228777
TECHNOLOGY,0.097456431331
UTILITIES,0.035650333877
