SECTOR,WEIGHT
COMMUNICATION SERVICES,0.058709413927
CONSUMER DISCRETIONARY,0.031958341842
CONSUMER STAPLES,0.045946497856
ENERGY,0.074127016541
FINANCIALS,0.219317949765
HEALTH CARE,0.230345109251
INDUSTRIALS,0.15121502961
MATERIALS,0.044721257913
TECHNOLOGY,0.108842148254
UTILITIES,0.034817235042
