SECTOR,WEIGHT
COMMUNICATION SERVICES,0.055250774938
CONSUMER DISCRETIONARY,0.037113674475
CONSUMER STAPLES,0.04775547538
ENERGY,0.073740535596
FINANCIALS,0.220522384267
HEALTH CARE,0.238657452106
INDUSTRIALS,0.146158849535
MATERIALS,0.046718837339
TECHNOLOGY,0.099236749835
UTILITIES,0.034845266528
