SECTOR,WEIGHT
COMMUNICATION SERVICES,0.05726892485
CONSUMER DISCRETIONARY,0.036825217275
CONSUMER STAPLES,0.045690793134
ENERGY,0.071276820562
FINANCIALS,0.203930704764
HEALTH CARE,0.246936506592
INDUSTRIALS,0.147696981886
MATERIALS,0.044735222083
TECHNOLOGY,0.11135771741
UTILITIES,0.034281111443
