SECTOR,WEIGHT
COMMUNICATION SERVICES,0.060478593175
CONSUMER DISCRETIONARY,0.030378149459
CONSUMER STAPLES,0.045456958673
ENERGY,0.062346981073
FINANCIALS,0.218203203009
HEALTH CARE,0.270878469025
INDUSTRIALS,0.13860477368
MATERIALS,0.041757959026
TECHNOLOGY,0.108865755819
UTILITIES,0.023029157061
