SECTOR,WEIGHT
COMMUNICATION SERVICES,0.057676079393
CONSUMER DISCRETIONARY,0.033822982181
CONSUMER STAPLES,0.049137725939
ENERGY,0.070066757357
FINANCIALS,0.205797905978
HEALTH CARE,0.241651263469
INDUSTRIALS,0.148039472855
MATERIALS,0.052339354306
TECHNOLOGY,0.102945213418
UTILITIES,0.038523245103
