SECTOR,WEIGHT
COMMUNICATION SERVICES,0.056815512537
CONSUMER DISCRETIONARY,0.032773682621
CONSUMER STAPLES,0.048954099558
ENERGY,0.07172280969
FINANCIALS,0.206732485197
HEALTH CARE,0.240751832143
INDUSTRIALS,0.147825273461
MATERIALS,0.051935558988
TECHNOLOGY,0.104375484919
UTILITIES,0.038113260885
