SECTOR,WEIGHT
COMMUNICATION SERVICES,0.054488624562
CONSUMER DISCRETIONARY,0.032659739918
CONSUMER STAPLES,0.048858403538
ENERGY,0.07677039904
FINANCIALS,0.215070998333
HEALTH CARE,0.243769218689
INDUSTRIALS,0.145156763712
MATERIALS,0.046838129879
TECHNOLOGY,0.099744172969
UTILITIES,0.036643549359
