SECTOR,WEIGHT
COMMUNICATION SERVICES,0.059810480008
CONSUMER DISCRETIONARY,0.03180219302
CONSUMER STAPLES,0.045631026912
ENERGY,0.063944692914
FINANCIALS,0.216701230158
HEALTH CARE,0.25200755275
INDUSTRIALS,0.14359712616
MATERIALS,0.042865260134
TECHNOLOGY,0.111928993424
UTILITIES,0.03171144452
