SECTOR,WEIGHT
COMMUNICATION SERVICES,0.05091180849
CONSUMER DISCRETIONARY,0.134996478422
CONSUMER STAPLES,0.048646793764
ENERGY,0.009235137342
FINANCIALS,0.090417507043
HEALTH CARE,0.103605415226
INDUSTRIALS,0.210529317134
MATERIALS,0.088337575234
TECHNOLOGY,0.241560218978
UTILITIES,0.020831332437
