SECTOR,WEIGHT
COMMUNICATION SERVICES,0.05556689453
CONSUMER DISCRETIONARY,0.129744229607
CONSUMER STAPLES,0.046681942443
ENERGY,0.017764877041
FINANCIALS,0.094627705728
HEALTH CARE,0.109998662783
INDUSTRIALS,0.205068756077
MATERIALS,0.075949901619
TECHNOLOGY,0.244976136207
UTILITIES,0.019620893965
