SECTOR,WEIGHT
COMMUNICATION SERVICES,0.049461139534
CONSUMER DISCRETIONARY,0.138347361209
CONSUMER STAPLES,0.049483144045
ENERGY,0.004064833291
FINANCIALS,0.087811001255
HEALTH CARE,0.101299766452
INDUSTRIALS,0.216627408619
MATERIALS,0.101558819558
TECHNOLOGY,0.230510254602
UTILITIES,0.020836271436
