SECTOR,WEIGHT
COMMUNICATION SERVICES,0.058631338361
CONSUMER DISCRETIONARY,0.136247738444
CONSUMER STAPLES,0.049053748979
ENERGY,0.002245544935
FINANCIALS,0.086927806331
HEALTH CARE,0.105656691804
INDUSTRIALS,0.20446767376
MATERIALS,0.08968870583
TECHNOLOGY,0.246331476056
UTILITIES,0.020749275502
