SECTOR,WEIGHT
COMMUNICATION SERVICES,0.050357241207
CONSUMER DISCRETIONARY,0.137778445362
CONSUMER STAPLES,0.048075103267
ENERGY,0.009067467768
FINANCIALS,0.090960070096
HEALTH CARE,0.10614995619
INDUSTRIALS,0.211792214295
MATERIALS,0.089193641257
TECHNOLOGY,0.235797221179
UTILITIES,0.020828639379
