SECTOR,WEIGHT
COMMUNICATION SERVICES,0.05078865868
CONSUMER DISCRETIONARY,0.136812874623
CONSUMER STAPLES,0.050458550405
ENERGY,0.004362430877
FINANCIALS,0.08671844365
HEALTH CARE,0.101728366904
INDUSTRIALS,0.215825790859
MATERIALS,0.101748373466
TECHNOLOGY,0.230889731832
UTILITIES,0.020666778703
