SECTOR,WEIGHT
COMMUNICATION SERVICES,0.140837291632
CONSUMER DISCRETIONARY,0.158170976921
CONSUMER STAPLES,0.016468333284
ENERGY,0.018424605412
FINANCIALS,0.108793470103
HEALTH CARE,0.045689208343
INDUSTRIALS,0.05861426349
MATERIALS,0.005097272468
TECHNOLOGY,0.444308266145
UTILITIES,0.0035963122
