SECTOR,WEIGHT
COMMUNICATION SERVICES,0.136794337202
CONSUMER DISCRETIONARY,0.176610025939
CONSUMER STAPLES,0.018368910176
ENERGY,0.016541961828
FINANCIALS,0.061593334284
HEALTH CARE,0.028509825757
INDUSTRIALS,0.06319778316
MATERIALS,0.010948166204
REAL ESTATE,0.024044348617
TECHNOLOGY,0.455801993551
UTILITIES,0.007589313281
