SECTOR,WEIGHT
COMMUNICATION SERVICES,0.138309084273
CONSUMER DISCRETIONARY,0.190392711998
CONSUMER STAPLES,0.01047469276
FINANCIALS,0.096964618574
HEALTH CARE,0.06092410812
INDUSTRIALS,0.046584272557
MATERIALS,0.01141341992
REAL ESTATE,0.028327555604
TECHNOLOGY,0.407242957294
UTILITIES,0.0093665789
