SECTOR,WEIGHT
COMMUNICATION SERVICES,0.145589177439
CONSUMER DISCRETIONARY,0.153121705901
CONSUMER STAPLES,0.014708597661
ENERGY,0.024332139454
FINANCIALS,0.09351397889
HEALTH CARE,0.050143771506
INDUSTRIALS,0.052502107447
MATERIALS,0.004448047799
TECHNOLOGY,0.452092679595
UTILITIES,0.009547794307
