SECTOR,WEIGHT
COMMUNICATION SERVICES,0.163450002549
CONSUMER DISCRETIONARY,0.141070073924
CONSUMER STAPLES,0.008800377339
ENERGY,0.012354088952
FINANCIALS,0.126253357486
HEALTH CARE,0.032046572086
INDUSTRIALS,0.047640820952
MATERIALS,0.014010067534
TECHNOLOGY,0.44700163669
UTILITIES,0.007373002489
