SECTOR,WEIGHT
COMMUNICATION SERVICES,0.148071723711
CONSUMER DISCRETIONARY,0.182855684557
CONSUMER STAPLES,0.018660992043
ENERGY,0.016468008132
FINANCIALS,0.063520794605
HEALTH CARE,0.032000378004
INDUSTRIALS,0.06366498925
MATERIALS,0.01048907166
REAL ESTATE,0.02603235385
TECHNOLOGY,0.430791822122
UTILITIES,0.007444182067
