SECTOR,WEIGHT
COMMUNICATION SERVICES,0.144362495174
CONSUMER DISCRETIONARY,0.188210807541
CONSUMER STAPLES,0.010603860949
FINANCIALS,0.088576561317
HEALTH CARE,0.05730502051
INDUSTRIALS,0.052953473337
MATERIALS,0.011456333486
REAL ESTATE,0.024094268891
TECHNOLOGY,0.412230353761
UTILITIES,0.010206825033
