SECTOR,WEIGHT
COMMUNICATION SERVICES,0.139138017164
CONSUMER DISCRETIONARY,0.187190345359
CONSUMER STAPLES,0.010105613252
FINANCIALS,0.093505685133
HEALTH CARE,0.057532374619
INDUSTRIALS,0.048925627088
MATERIALS,0.011174547675
REAL ESTATE,0.025686937472
TECHNOLOGY,0.415770216146
UTILITIES,0.010970636092
