SECTOR,WEIGHT
COMMUNICATION SERVICES,0.110531919208
CONSUMER DISCRETIONARY,0.066794086632
CONSUMER STAPLES,0.033773726476
FINANCIALS,0.234915436405
HEALTH CARE,0.092925657041
INDUSTRIALS,0.152272266385
REAL ESTATE,0.127731586632
TECHNOLOGY,0.18105532122
