SECTOR,WEIGHT
COMMUNICATION SERVICES,0.120274561721
CONSUMER DISCRETIONARY,0.078124809642
CONSUMER STAPLES,0.046179242793
FINANCIALS,0.222484943979
HEALTH CARE,0.118407533899
INDUSTRIALS,0.171512749394
REAL ESTATE,0.087976706315
TECHNOLOGY,0.155039452257
