SECTOR,WEIGHT
COMMUNICATION SERVICES,0.119622492799
CONSUMER DISCRETIONARY,0.078284397967
CONSUMER STAPLES,0.044912265734
FINANCIALS,0.223393298963
HEALTH CARE,0.118267578339
INDUSTRIALS,0.166682917515
REAL ESTATE,0.086436229641
TECHNOLOGY,0.162400819043
