SECTOR,WEIGHT
COMMUNICATION SERVICES,0.093221314305
CONSUMER DISCRETIONARY,0.092760962136
CONSUMER STAPLES,0.051444354932
FINANCIALS,0.21429393486
HEALTH CARE,0.118425595581
INDUSTRIALS,0.048336977788
REAL ESTATE,0.096673955576
TECHNOLOGY,0.241454712855
UTILITIES,0.043388191967
