SECTOR,WEIGHT
COMMUNICATION SERVICES,0.110023782287
CONSUMER DISCRETIONARY,0.067940401162
CONSUMER STAPLES,0.032552195675
FINANCIALS,0.247447438913
HEALTH CARE,0.088836941616
INDUSTRIALS,0.154304715754
REAL ESTATE,0.125198566364
TECHNOLOGY,0.173695958229
