SECTOR,WEIGHT
COMMUNICATION SERVICES,0.121479271857
CONSUMER DISCRETIONARY,0.084522858271
CONSUMER STAPLES,0.044783469064
FINANCIALS,0.233991290637
HEALTH CARE,0.120542137053
INDUSTRIALS,0.163340667285
REAL ESTATE,0.081199735612
TECHNOLOGY,0.150140570221
