SECTOR,WEIGHT
COMMUNICATION SERVICES,0.117372533752
CONSUMER DISCRETIONARY,0.078698343348
CONSUMER STAPLES,0.04809139897
FINANCIALS,0.228431349627
HEALTH CARE,0.11392951935
INDUSTRIALS,0.127403731305
REAL ESTATE,0.08766217594
TECHNOLOGY,0.156302891746
UTILITIES,0.042108055962
