SECTOR,WEIGHT
COMMUNICATION SERVICES,0.118746827476
CONSUMER DISCRETIONARY,0.078807536903
CONSUMER STAPLES,0.045169641226
FINANCIALS,0.232613550994
HEALTH CARE,0.116796613267
INDUSTRIALS,0.164527623805
REAL ESTATE,0.083535359688
TECHNOLOGY,0.159802846643
