SECTOR,WEIGHT
INDUSTRIALS,0.003179433331
REAL ESTATE,0.996820566669
