SECTOR,WEIGHT
INDUSTRIALS,0.003642828231
REAL ESTATE,0.996357171769
