SECTOR,WEIGHT
INDUSTRIALS,0.003445117826
REAL ESTATE,0.996554882174
