SECTOR,WEIGHT
COMMUNICATION SERVICES,0.134738427179
CONSUMER DISCRETIONARY,0.077266988097
CONSUMER STAPLES,0.162641689923
ENERGY,0.157083533467
FINANCIALS,0.140721172067
HEALTH CARE,0.064633708876
INDUSTRIALS,0.067073825694
MATERIALS,0.018333302933
TECHNOLOGY,0.063872692377
UTILITIES,0.113634659387
