SECTOR,WEIGHT
COMMUNICATION SERVICES,0.060883006942
CONSUMER DISCRETIONARY,0.100277596243
CONSUMER STAPLES,0.167992262915
ENERGY,0.146450227924
FINANCIALS,0.198488395384
HEALTH CARE,0.105874033623
INDUSTRIALS,0.102350463234
MATERIALS,0.037340943625
UTILITIES,0.080343070109
