SECTOR,WEIGHT
COMMUNICATION SERVICES,0.130231454054
CONSUMER DISCRETIONARY,0.077061742722
CONSUMER STAPLES,0.185535541831
ENERGY,0.132372931562
FINANCIALS,0.141446060331
HEALTH CARE,0.066788534422
INDUSTRIALS,0.069199852298
MATERIALS,0.018704198148
TECHNOLOGY,0.060844945261
UTILITIES,0.117814739371
