SECTOR,WEIGHT
COMMUNICATION SERVICES,0.013167754001
CONSUMER DISCRETIONARY,0.189094971515
FINANCIALS,0.245144645315
HEALTH CARE,0.132020713876
INDUSTRIALS,0.045149583068
REAL ESTATE,0.018222779091
TECHNOLOGY,0.326587950647
UTILITIES,0.030611602486
