SECTOR,WEIGHT
COMMUNICATION SERVICES,0.096721229114
CONSUMER DISCRETIONARY,0.162650467182
FINANCIALS,0.194499643507
HEALTH CARE,0.113423473789
INDUSTRIALS,0.015934743127
REAL ESTATE,0.015986052423
TECHNOLOGY,0.384696788786
UTILITIES,0.016087602071
