SECTOR,WEIGHT
COMMUNICATION SERVICES,0.072736096181
FINANCIALS,0.374996956066
HEALTH CARE,0.141200249081
INDUSTRIALS,0.13118483808
TECHNOLOGY,0.236139666107
UTILITIES,0.043742194485
