SECTOR,WEIGHT
COMMUNICATION SERVICES,0.109823555665
CONSUMER DISCRETIONARY,0.174308187763
FINANCIALS,0.204036156317
HEALTH CARE,0.083971872833
INDUSTRIALS,0.062494106998
TECHNOLOGY,0.365366120425
