SECTOR,WEIGHT
COMMUNICATION SERVICES,0.109633305234
CONSUMER DISCRETIONARY,0.170299297371
FINANCIALS,0.204655505319
HEALTH CARE,0.082133542292
INDUSTRIALS,0.062429077996
TECHNOLOGY,0.370849271789
