SECTOR,WEIGHT
COMMUNICATION SERVICES,0.110051905265
CONSUMER DISCRETIONARY,0.170136244791
FINANCIALS,0.202702123948
HEALTH CARE,0.082274388632
INDUSTRIALS,0.062249757396
TECHNOLOGY,0.372585579967
