SECTOR,WEIGHT
COMMUNICATION SERVICES,0.033384467747
CONSUMER DISCRETIONARY,0.129723303783
CONSUMER STAPLES,0.027558546902
ENERGY,0.070492441413
FINANCIALS,0.178436087487
HEALTH CARE,0.11736898933
INDUSTRIALS,0.16146766774
MATERIALS,0.064958717217
REAL ESTATE,0.066552790028
TECHNOLOGY,0.131551534183
UTILITIES,0.018505454171
