SECTOR,WEIGHT
COMMUNICATION SERVICES,0.02868649126
CONSUMER DISCRETIONARY,0.128268837757
CONSUMER STAPLES,0.029743905336
ENERGY,0.054001284934
FINANCIALS,0.182293175319
HEALTH CARE,0.130307492004
INDUSTRIALS,0.168723195054
MATERIALS,0.063979064204
REAL ESTATE,0.06775668852
TECHNOLOGY,0.128287881233
UTILITIES,0.01795198438
