SECTOR,WEIGHT
COMMUNICATION SERVICES,0.028769184713
CONSUMER DISCRETIONARY,0.129596496515
CONSUMER STAPLES,0.029015485939
ENERGY,0.051656175503
FINANCIALS,0.184864088781
HEALTH CARE,0.132878510418
INDUSTRIALS,0.165591518427
MATERIALS,0.060825389451
REAL ESTATE,0.068054230324
TECHNOLOGY,0.131196453262
UTILITIES,0.017552466667
