SECTOR,WEIGHT
COMMUNICATION SERVICES,0.027596723466
CONSUMER DISCRETIONARY,0.135631053838
CONSUMER STAPLES,0.02838024248
ENERGY,0.04982719443
FINANCIALS,0.178417612625
HEALTH CARE,0.130603891511
INDUSTRIALS,0.170791093365
MATERIALS,0.04898448512
REAL ESTATE,0.072838174732
TECHNOLOGYQ,0.139142342632
UTILITIES,0.017787185802
