SECTOR,WEIGHT
COMMUNICATION SERVICES,0.028856866857
CONSUMER DISCRETIONARY,0.133769451382
CONSUMER STAPLES,0.029193214978
ENERGY,0.0473289855
FINANCIALS,0.184649111831
HEALTH CARE,0.123334651364
INDUSTRIALS,0.161234878099
MATERIALS,0.058567617484
REAL ESTATE,0.068625026903
TECHNOLOGY,0.149118337479
UTILITIES,0.015321858123
