SECTOR,WEIGHT
COMMUNICATION SERVICES,0.028904432641
CONSUMER DISCRETIONARY,0.128902829733
CONSUMER STAPLES,0.029613719287
ENERGY,0.052910980519
FINANCIALS,0.182066268211
HEALTH CARE,0.131438429311
INDUSTRIALS,0.166587189161
MATERIALS,0.063536254766
REAL ESTATE,0.067495436722
TECHNOLOGY,0.130574862801
UTILITIES,0.017969596849
