SECTOR,WEIGHT
COMMUNICATION SERVICES,0.031084904905
CONSUMER DISCRETIONARY,0.134137263064
CONSUMER STAPLES,0.027194664127
ENERGY,0.061296306673
FINANCIALS,0.176970935259
HEALTH CARE,0.1188404521
INDUSTRIALS,0.169581679047
MATERIALS,0.063668673156
REAL ESTATE,0.067837074155
TECHNOLOGY,0.130795338115
UTILITIES,0.018592709401
