SECTOR,WEIGHT
COMMUNICATION SERVICES,0.030361262107
CONSUMER DISCRETIONARY,0.130757195932
CONSUMER STAPLES,0.030223215447
ENERGY,0.050189964208
FINANCIALS,0.181034189556
HEALTH CARE,0.12250940818
INDUSTRIALS,0.159169799392
MATERIALS,0.059860232759
REAL ESTATE,0.066141355778
TECHNOLOGY,0.152647594887
UTILITIES,0.017105781754
