SECTOR,WEIGHT
FINANCIALS,0.011872122368
HEALTH CARE,0.011856118159
INDUSTRIALS,0.010682809579
TECHNOLOGY,0.965588949894
