SECTOR,WEIGHT
FINANCIALS,0.015584170261
HEALTH CARE,0.015307930814
INDUSTRIALS,0.016932868736
TECHNOLOGY,0.952175030188
