SECTOR,WEIGHT
FINANCIALS,0.015568135867
HEALTH CARE,0.013849575414
INDUSTRIALS,0.016477961989
TECHNOLOGY,0.954104326729
