SECTOR,WEIGHT
FINANCIALS,0.01159273286
HEALTH CARE,0.012271951568
INDUSTRIALS,0.010872500945
TECHNOLOGY,0.965262814626
