SECTOR,WEIGHT
FINANCIALS,0.016781237364
HEALTH CARE,0.014051758997
INDUSTRIALS,0.017792155277
TECHNOLOGY,0.951374848362
