SECTOR,WEIGHT
FINANCIALS,0.012093023256
HEALTH CARE,0.012254063516
INDUSTRIALS,0.010357589397
TECHNOLOGY,0.965295323831
