SECTOR,WEIGHT
COMMUNICATION SERVICES,0.144471057038
CONSUMER DISCRETIONARY,0.132540809622
CONSUMER STAPLES,0.024868812698
ENERGY,0.00310973708
FINANCIALS,0.05272018725
HEALTH CARE,0.08022031594
INDUSTRIALS,0.047644280799
REAL ESTATE,0.003784976972
TECHNOLOGY,0.499762303446
UTILITIES,0.010877519155
