SECTOR,WEIGHT
COMMUNICATION SERVICES,0.13940186305
CONSUMER DISCRETIONARY,0.126716218861
CONSUMER STAPLES,0.038785285258
FINANCIALS,0.049259642603
HEALTH CARE,0.087955144773
INDUSTRIALS,0.066850066278
REAL ESTATE,0.004953201826
TECHNOLOGY,0.470128460432
UTILITIES,0.01595011692
