SECTOR,WEIGHT
COMMUNICATION SERVICES,0.154572211509
CONSUMER DISCRETIONARY,0.130214147975
CONSUMER STAPLES,0.028722216584
FINANCIALS,0.051862376941
HEALTH CARE,0.066984674718
INDUSTRIALS,0.054298183294
REAL ESTATE,0.00436415305
TECHNOLOGY,0.494367197808
UTILITIES,0.01461483812
