SECTOR,WEIGHT
COMMUNICATION SERVICES,0.135864765479
CONSUMER DISCRETIONARY,0.135830370104
CONSUMER STAPLES,0.037825807659
FINANCIALS,0.053415005488
HEALTH CARE,0.097247864199
INDUSTRIALS,0.055311809247
REAL ESTATE,0.004544235993
TECHNOLOGY,0.467807446599
UTILITIES,0.012152695232
