SECTOR,WEIGHT
COMMUNICATION SERVICES,0.135966995521
CONSUMER DISCRETIONARY,0.135593869848
CONSUMER STAPLES,0.028080228071
FINANCIALS,0.052802325077
HEALTH CARE,0.089438224002
INDUSTRIALS,0.04796883493
REAL ESTATE,0.004356494353
TECHNOLOGY,0.492765899944
UTILITIES,0.013027128253
