SECTOR,WEIGHT
COMMUNICATION SERVICES,0.094018938706
CONSUMER DISCRETIONARY,0.083101024834
CONSUMER STAPLES,0.07410549098
ENERGY,0.057000826172
FINANCIALS,0.151127177233
HEALTH CARE,0.117957840148
INDUSTRIALS,0.091370772395
MATERIALS,0.02170030748
REAL ESTATE,0.020520779272
TECHNOLOGY,0.270678133354
UTILITIES,0.018418709425
