SECTOR,WEIGHT
COMMUNICATION SERVICES,0.095689929069
CONSUMER DISCRETIONARY,0.083037245435
CONSUMER STAPLES,0.073923584767
ENERGY,0.060576326532
FINANCIALS,0.142390799943
HEALTH CARE,0.119782547034
INDUSTRIALS,0.091656785934
MATERIALS,0.021467667202
REAL ESTATE,0.021343385455
TECHNOLOGY,0.269766560793
UTILITIES,0.020365167835
