SECTOR,WEIGHT
COMMUNICATION SERVICES,0.092527004247
CONSUMER DISCRETIONARY,0.079882261682
CONSUMER STAPLES,0.072265550618
ENERGY,0.059430390276
FINANCIALS,0.15085196922
HEALTH CARE,0.111462548832
INDUSTRIALS,0.093926073806
MATERIALS,0.021264654652
REAL ESTATE,0.02189704211
TECHNOLOGY,0.276769231694
UTILITIES,0.019723272861
