SECTOR,WEIGHT
COMMUNICATION SERVICES,0.093683063131
CONSUMER DISCRETIONARY,0.082940102711
CONSUMER STAPLES,0.075344990993
ENERGY,0.059553650683
FINANCIALS,0.145284939417
HEALTH CARE,0.120705270392
INDUSTRIALS,0.093129033745
MATERIALS,0.022170192217
REAL ESTATE,0.021490930148
TECHNOLOGY,0.265350020338
UTILITIES,0.020347806224
