SECTOR,WEIGHT
COMMUNICATION SERVICES,0.089032013068
CONSUMER DISCRETIONARY,0.08169028517
CONSUMER STAPLES,0.06403216376
ENERGY,0.04691653456
FINANCIALS,0.157322740671
HEALTH CARE,0.122607257742
INDUSTRIALS,0.088477465476
MATERIALS,0.019221302664
REAL ESTATE,0.019891381004
TECHNOLOGY,0.293042236032
UTILITIES,0.017766619852
