SECTOR,WEIGHT
COMMUNICATION SERVICES,0.088815211641
CONSUMER DISCRETIONARY,0.081370196048
CONSUMER STAPLES,0.066214163899
ENERGY,0.046399601701
FINANCIALS,0.156903427598
HEALTH CARE,0.119331042714
INDUSTRIALS,0.087544429689
MATERIALS,0.018543780245
REAL ESTATE,0.020327492354
TECHNOLOGY,0.296339124124
UTILITIES,0.018211529987
