SECTOR,WEIGHT
COMMUNICATION SERVICES,0.096001251301
CONSUMER DISCRETIONARY,0.082290081234
CONSUMER STAPLES,0.074116519378
ENERGY,0.062672329605
FINANCIALS,0.141831150575
HEALTH CARE,0.118619919347
INDUSTRIALS,0.090603010742
MATERIALS,0.021059555106
REAL ESTATE,0.021811538839
TECHNOLOGY,0.270073453771
UTILITIES,0.020921190099
