SECTOR,WEIGHT
COMMUNICATION SERVICES,0.093761144391
CONSUMER DISCRETIONARY,0.083755734979
CONSUMER STAPLES,0.075784865666
ENERGY,0.05803598261
FINANCIALS,0.146164325927
HEALTH CARE,0.120879330034
INDUSTRIALS,0.093402520385
MATERIALS,0.022746579048
REAL ESTATE,0.021275018532
TECHNOLOGY,0.263788992848
UTILITIES,0.02040550558
