SECTOR,WEIGHT
COMMUNICATION SERVICES,0.049668817568
CONSUMER DISCRETIONARY,0.08696216164
CONSUMER STAPLES,0.120923067332
ENERGY,0.101880705946
FINANCIALS,0.193285448386
HEALTH CARE,0.064263570335
INDUSTRIALS,0.102714318323
MATERIALS,0.045243331352
REAL ESTATE,0.050894599821
TECHNOLOGY,0.133330718867
UTILITIES,0.05083326043
