SECTOR,WEIGHT
COMMUNICATION SERVICES,0.093583177901
CONSUMER DISCRETIONARY,0.100740448932
CONSUMER STAPLES,0.115343412336
ENERGY,0.067834287368
FINANCIALS,0.231781217842
HEALTH CARE,0.076347239195
INDUSTRIALS,0.118478863841
MATERIALS,0.036694832133
REAL ESTATE,0.037080733856
TECHNOLOGY,0.067454415359
UTILITIES,0.054661371237
