SECTOR,WEIGHT
COMMUNICATION SERVICES,0.096614158246
CONSUMER DISCRETIONARY,0.098998567952
CONSUMER STAPLES,0.119952532121
ENERGY,0.070975494958
FINANCIALS,0.224141522377
HEALTH CARE,0.074677789239
INDUSTRIALS,0.114847231541
MATERIALS,0.035841252992
REAL ESTATE,0.038022371992
TECHNOLOGY,0.070822275854
UTILITIES,0.055106802728
