SECTOR,WEIGHT
COMMUNICATION SERVICES,0.088982771008
CONSUMER DISCRETIONARY,0.100127881588
CONSUMER STAPLES,0.118251444422
ENERGY,0.074628613055
FINANCIALS,0.224880473742
HEALTH CARE,0.078437042833
INDUSTRIALS,0.120578929357
MATERIALS,0.03880175552
REAL ESTATE,0.038208376944
TECHNOLOGY,0.062010562739
UTILITIES,0.055092148791
