SECTOR,WEIGHT
COMMUNICATION SERVICES,0.063090084553
CONSUMER DISCRETIONARY,0.082511379599
CONSUMER STAPLES,0.10371474688
ENERGY,0.077199774434
FINANCIALS,0.207066494678
HEALTH CARE,0.085376539791
INDUSTRIALS,0.107007064131
MATERIALS,0.046027439354
REAL ESTATE,0.045792756227
TECHNOLOGY,0.122193932681
UTILITIES,0.060019787671
