SECTOR,WEIGHT
COMMUNICATION SERVICES,0.091681192078
CONSUMER DISCRETIONARY,0.107464693746
CONSUMER STAPLES,0.108205139494
ENERGY,0.065493427043
FINANCIALS,0.215277597113
HEALTH CARE,0.077653747556
INDUSTRIALS,0.127993051817
MATERIALS,0.040911628801
REAL ESTATE,0.036749122972
TECHNOLOGY,0.074424803732
UTILITIES,0.054145595649
