SECTOR,WEIGHT
COMMUNICATION SERVICES,0.049098293744
CONSUMER DISCRETIONARY,0.08711669346
CONSUMER STAPLES,0.116082473194
ENERGY,0.097218007081
FINANCIALS,0.197409816854
HEALTH CARE,0.064773609379
INDUSTRIALS,0.104840317112
MATERIALS,0.046195605904
REAL ESTATE,0.051160624408
TECHNOLOGY,0.136215988822
UTILITIES,0.049888570041
