SECTOR,WEIGHT
COMMUNICATION SERVICES,0.100482526985
CONSUMER DISCRETIONARY,0.10622670051
CONSUMER STAPLES,0.043940209727
ENERGY,0.043080788657
FINANCIALS,0.133468707535
HEALTH CARE,0.112627233803
INDUSTRIALS,0.08059072379
MATERIALS,0.02922236751
REAL ESTATE,0.005097043817
TECHNOLOGY,0.326991257083
UTILITIES,0.018272440581
