SECTOR,WEIGHT
COMMUNICATION SERVICES,0.092915051182
CONSUMER DISCRETIONARY,0.103185884853
CONSUMER STAPLES,0.05042340574
ENERGY,0.042472381292
FINANCIALS,0.132145985757
HEALTH CARE,0.115909348993
INDUSTRIALS,0.079014446085
MATERIALS,0.025358718752
REAL ESTATE,0.004870788248
TECHNOLOGY,0.332453603816
UTILITIES,0.021250385283
