SECTOR,WEIGHT
COMMUNICATION SERVICES,0.100570934677
CONSUMER DISCRETIONARY,0.104626721528
CONSUMER STAPLES,0.046466048256
ENERGY,0.042936762999
FINANCIALS,0.135899293128
HEALTH CARE,0.116608437011
INDUSTRIALS,0.080748504695
MATERIALS,0.025501343137
REAL ESTATE,0.004995171199
TECHNOLOGY,0.325402332432
UTILITIES,0.016244450937
