SECTOR,WEIGHT
COMMUNICATION SERVICES,0.102550723268
CONSUMER DISCRETIONARY,0.094570789684
CONSUMER STAPLES,0.055815367612
ENERGY,0.052832522055
FINANCIALS,0.120251610829
HEALTH CARE,0.108687948544
INDUSTRIALS,0.089647656504
MATERIALS,0.019168685874
REAL ESTATE,0.017890910436
TECHNOLOGY,0.306142258314
UTILITIES,0.03244152688
