SECTOR,WEIGHT
COMMUNICATION SERVICES,0.098599139578
CONSUMER DISCRETIONARY,0.101989484633
CONSUMER STAPLES,0.048623130751
ENERGY,0.042186772561
FINANCIALS,0.139357647785
HEALTH CARE,0.121944436238
INDUSTRIALS,0.081454873672
MATERIALS,0.028723190755
REAL ESTATE,0.005209803069
TECHNOLOGYQ,0.314089797282
UTILITIES,0.017821723677
