SECTOR,WEIGHT
COMMUNICATION SERVICES,0.097475753885
CONSUMER DISCRETIONARY,0.092324314407
CONSUMER STAPLES,0.054866805628
ENERGY,0.04880922652
FINANCIALS,0.126656711702
HEALTH CARE,0.114745409419
INDUSTRIALS,0.089423444452
MATERIALS,0.030819959535
REAL ESTATE,0.01810036847
TECHNOLOGY,0.300990230204
UTILITIES,0.025787775779
