SECTOR,WEIGHT
COMMUNICATION SERVICES,0.098295499986
CONSUMER DISCRETIONARY,0.104884910564
CONSUMER STAPLES,0.04497381547
ENERGY,0.039412956306
FINANCIALS,0.138859502509
HEALTH CARE,0.114944669806
INDUSTRIALS,0.081699984916
MATERIALS,0.030183327141
REAL ESTATE,0.005190337691
TECHNOLOGY,0.323950163849
UTILITIES,0.017604831762
