SECTOR,WEIGHT
COMMUNICATION SERVICES,0.103521737608
CONSUMER DISCRETIONARY,0.094134832711
CONSUMER STAPLES,0.056372937858
ENERGY,0.0571156901
FINANCIALS,0.117601064783
HEALTH CARE,0.106409302843
INDUSTRIALS,0.089572211795
MATERIALS,0.018631646396
REAL ESTATE,0.018348349771
TECHNOLOGY,0.304755056587
UTILITIES,0.033537169547
