SECTOR,WEIGHT
COMMUNICATION SERVICES,0.101601199795
CONSUMER DISCRETIONARY,0.095255814718
CONSUMER STAPLES,0.058228904653
ENERGY,0.061892431692
FINANCIALS,0.120721644928
HEALTH CARE,0.105302760083
INDUSTRIALS,0.090921052226
MATERIALS,0.015954434112
REAL ESTATE,0.018095603254
TECHNOLOGY,0.300554154721
UTILITIES,0.031471999819
