SECTOR,WEIGHT
COMMUNICATION SERVICES,0.099980998387
CONSUMER DISCRETIONARY,0.101886240292
CONSUMER STAPLES,0.043395821881
ENERGY,0.040039547741
FINANCIALS,0.144848175083
HEALTH CARE,0.117082449724
INDUSTRIALS,0.080064869676
MATERIALS,0.025336160882
REAL ESTATE,0.004926193469
TECHNOLOGY,0.325970123775
UTILITIES,0.016469419089
