SECTOR,WEIGHT
COMMUNICATION SERVICES,0.098346867572
CONSUMER DISCRETIONARY,0.102838408758
CONSUMER STAPLES,0.048441195046
ENERGY,0.042715118763
FINANCIALS,0.140158568266
HEALTH CARE,0.116395811574
INDUSTRIALS,0.083103220624
MATERIALS,0.029422405177
REAL ESTATE,0.00510472087
TECHNOLOGY,0.315224433984
UTILITIES,0.018249249366
