SECTOR,WEIGHT
COMMUNICATION SERVICES,0.105375109119
CONSUMER DISCRETIONARY,0.099749176325
CONSUMER STAPLES,0.045658155692
ENERGY,0.036900446937
FINANCIALS,0.125184547492
HEALTH CARE,0.086272683753
INDUSTRIALS,0.08733772895
MATERIALS,0.010985352863
REAL ESTATE,0.016360864266
TECHNOLOGY,0.35824238377
UTILITIES,0.027933550835
