SECTOR,WEIGHT
COMMUNICATION SERVICES,0.101231387034
CONSUMER DISCRETIONARY,0.097473316593
CONSUMER STAPLES,0.051230128976
ENERGY,0.035996557954
FINANCIALS,0.132318499992
HEALTH CARE,0.096805036257
INDUSTRIALS,0.090529843649
MATERIALS,0.011856943725
REAL ESTATE,0.016299397642
TECHNOLOGY,0.337784509785
UTILITIES,0.028474378394
