SECTOR,WEIGHT
COMMUNICATION SERVICES,0.104101309134
CONSUMER DISCRETIONARY,0.101550221821
CONSUMER STAPLES,0.044232969046
ENERGY,0.030636248641
FINANCIALS,0.139052920183
HEALTH CARE,0.094112828872
INDUSTRIALS,0.079633466553
MATERIALS,0.008842558875
REAL ESTATE,0.014889916901
TECHNOLOGY,0.357515368057
UTILITIES,0.025432191918
