SECTOR,WEIGHT
COMMUNICATION SERVICES,0.103148185241
CONSUMER DISCRETIONARY,0.098236223104
CONSUMER STAPLES,0.050958587529
ENERGY,0.036876958368
FINANCIALS,0.129042680723
HEALTH CARE,0.098396264493
INDUSTRIALS,0.091367528508
MATERIALS,0.011594445054
REAL ESTATE,0.016369516443
TECHNOLOGY,0.335124656137
UTILITIES,0.028884954398
