SECTOR,WEIGHT
COMMUNICATION SERVICES,0.10332997278
CONSUMER DISCRETIONARY,0.103388446416
CONSUMER STAPLES,0.047098497832
ENERGY,0.03228349632
FINANCIALS,0.136463353161
HEALTH CARE,0.098158080452
INDUSTRIALS,0.084996471418
MATERIALS,0.009666297006
REAL ESTATE,0.01494908761
TECHNOLOGY,0.343337029943
UTILITIES,0.026329267063
