SECTOR,WEIGHT
COMMUNICATION SERVICES,0.104042812174
CONSUMER DISCRETIONARY,0.103743546131
CONSUMER STAPLES,0.046767120637
ENERGY,0.032048672549
FINANCIALS,0.137898164905
HEALTH CARE,0.097274562991
INDUSTRIALS,0.083876109904
MATERIALS,0.009509002164
REAL ESTATE,0.014865562036
TECHNOLOGY,0.344084407131
UTILITIES,0.025890039378
