SECTOR,WEIGHT
COMMUNICATION SERVICES,0.101003019736
CONSUMER DISCRETIONARY,0.098632960046
CONSUMER STAPLES,0.048554495257
ENERGY,0.042448544624
FINANCIALS,0.130227376657
HEALTH CARE,0.093623904867
INDUSTRIALS,0.093218990292
MATERIALS,0.01142926787
REAL ESTATE,0.016273134019
TECHNOLOGY,0.335561370747
UTILITIES,0.029026935884
