SECTOR,WEIGHT
COMMUNICATION SERVICES,0.172513252502
CONSUMER DISCRETIONARY,0.081211126424
CONSUMER STAPLES,0.040385677491
ENERGY,0.029749609006
FINANCIALS,0.144151091428
HEALTH CARE,0.108894016115
INDUSTRIALS,0.074999612877
MATERIALS,0.006222869147
REAL ESTATE,0.014656983436
TECHNOLOGY,0.327215761574
