SECTOR,WEIGHT
COMMUNICATION SERVICES,0.176119090051
CONSUMER DISCRETIONARY,0.087849879442
CONSUMER STAPLES,0.037634972219
ENERGY,0.021490722298
FINANCIALS,0.143096760667
HEALTH CARE,0.112800083866
INDUSTRIALS,0.076527937939
MATERIALS,0.00555613796
REAL ESTATE,0.01603941713
TECHNOLOGY,0.322884998428
