SECTOR,WEIGHT
COMMUNICATION SERVICES,0.171098541379
CONSUMER DISCRETIONARY,0.08800718166
CONSUMER STAPLES,0.036082913667
ENERGY,0.020247722093
FINANCIALS,0.157752074536
HEALTH CARE,0.112113813706
INDUSTRIALS,0.076538299964
MATERIALS,0.00556393804
REAL ESTATE,0.01570782803
TECHNOLOGY,0.316887686924
