SECTOR,WEIGHT
COMMUNICATION SERVICES,0.173356192221
CONSUMER DISCRETIONARY,0.086272701578
CONSUMER STAPLES,0.036641270195
ENERGY,0.019742610576
FINANCIALS,0.150904762199
HEALTH CARE,0.1117310656
INDUSTRIALS,0.072760582035
MATERIALS,0.005664176533
REAL ESTATE,0.014863434651
TECHNOLOGY,0.328063204412
