SECTOR,WEIGHT
COMMUNICATION SERVICES,0.176134938034
CONSUMER DISCRETIONARY,0.080292984094
CONSUMER STAPLES,0.041896149622
ENERGY,0.025313735249
FINANCIALS,0.155434170098
HEALTH CARE,0.118214742575
INDUSTRIALS,0.0801582764
MATERIALS,0.006136912376
REAL ESTATE,0.015597300088
TECHNOLOGY,0.300820791464
