SECTOR,WEIGHT
COMMUNICATION SERVICES,0.177291358529
CONSUMER DISCRETIONARY,0.078963708338
CONSUMER STAPLES,0.041669503081
ENERGY,0.028027897939
FINANCIALS,0.139356639375
HEALTH CARE,0.109575321753
INDUSTRIALS,0.074957660072
MATERIALS,0.00603382656
REAL ESTATE,0.014355350096
TECHNOLOGY,0.329768734258
