SECTOR,WEIGHT
COMMUNICATION SERVICES,0.177612230061
CONSUMER DISCRETIONARY,0.085163904631
CONSUMER STAPLES,0.043945070469
ENERGY,0.026470308808
FINANCIALS,0.141163276771
HEALTH CARE,0.118033640104
INDUSTRIALS,0.079238471325
MATERIALS,0.006893040662
REAL ESTATE,0.01467520612
TECHNOLOGY,0.306804851048
