SECTOR,WEIGHT
COMMUNICATION SERVICES,0.17231516643
CONSUMER DISCRETIONARY,0.086998659422
CONSUMER STAPLES,0.039959093346
ENERGY,0.02244104493
FINANCIALS,0.153216820701
HEALTH CARE,0.114988235221
INDUSTRIALS,0.08031326102
MATERIALS,0.00588701903
REAL ESTATE,0.01587087654
TECHNOLOGY,0.308009823359
