SECTOR,WEIGHT
COMMUNICATION SERVICES,0.166419700201
CONSUMER DISCRETIONARY,0.168096120241
CONSUMER STAPLES,0.010831856512
FINANCIALS,0.074631584042
HEALTH CARE,0.03457358897
INDUSTRIALS,0.145412962599
MATERIALS,0.015195903274
TECHNOLOGY,0.384838284161
