SECTOR,WEIGHT
COMMUNICATION SERVICES,0.149421553607
CONSUMER DISCRETIONARY,0.173590816032
CONSUMER STAPLES,0.011038224118
FINANCIALS,0.073867133714
HEALTH CARE,0.032035678189
INDUSTRIALS,0.190047804718
MATERIALS,0.012125494367
TECHNOLOGY,0.357873295256
