SECTOR,WEIGHT
COMMUNICATION SERVICES,0.14919556331
CONSUMER DISCRETIONARY,0.169674088455
CONSUMER STAPLES,0.011027213225
FINANCIALS,0.07354513283
HEALTH CARE,0.03342979201
INDUSTRIALS,0.170239324011
MATERIALS,0.015631015868
TECHNOLOGY,0.377257870291
