SECTOR,WEIGHT
COMMUNICATION SERVICES,0.151524889865
CONSUMER DISCRETIONARY,0.168352290811
CONSUMER STAPLES,0.010343438838
FINANCIALS,0.067965725127
HEALTH CARE,0.028016484405
INDUSTRIALS,0.18026547679
MATERIALS,0.010759566033
TECHNOLOGY,0.38277212813
