SECTOR,WEIGHT
COMMUNICATION SERVICES,0.168585574636
CONSUMER DISCRETIONARY,0.172207945093
CONSUMER STAPLES,0.010772274125
FINANCIALS,0.076349137136
HEALTH CARE,0.035321719894
INDUSTRIALS,0.147409036134
MATERIALS,0.016052234706
TECHNOLOGY,0.373302078276
