SECTOR,WEIGHT
COMMUNICATION SERVICES,0.145698498454
CONSUMER DISCRETIONARY,0.173861957767
CONSUMER STAPLES,0.011181179151
FINANCIALS,0.075537239524
HEALTH CARE,0.034718508821
INDUSTRIALS,0.164718283456
MATERIALS,0.015986576439
TECHNOLOGY,0.378297756389
