SECTOR,WEIGHT
COMMUNICATION SERVICES,0.143709449872
CONSUMER DISCRETIONARY,0.172692282454
CONSUMER STAPLES,0.011627787757
FINANCIALS,0.071955715774
HEALTH CARE,0.032217615263
INDUSTRIALS,0.186501882428
MATERIALS,0.016394350255
TECHNOLOGY,0.364900916197
