SECTOR,WEIGHT
COMMUNICATION SERVICES,0.150339071466
CONSUMER DISCRETIONARY,0.172769953052
CONSUMER STAPLES,0.010328638498
FINANCIALS,0.069796557121
HEALTH CARE,0.029942618675
INDUSTRIALS,0.179342723005
MATERIALS,0.011371935316
TECHNOLOGY,0.376108502869
