SECTOR,WEIGHT
COMMUNICATION SERVICES,0.114825006682
CONSUMER DISCRETIONARY,0.061986163901
CONSUMER STAPLES,0.069211526546
ENERGY,0.003370434473
FINANCIALS,0.17114539716
HEALTH CARE,0.148840668641
INDUSTRIALS,0.039955714873
TECHNOLOGY,0.390665087724
