SECTOR,WEIGHT
COMMUNICATION SERVICES,0.110762957377
CONSUMER DISCRETIONARY,0.062548505359
CONSUMER STAPLES,0.064650445974
ENERGY,0.002841975924
FINANCIALS,0.182498315143
HEALTH CARE,0.145913132472
INDUSTRIALS,0.040699939215
TECHNOLOGY,0.390084728535
