SECTOR,WEIGHT
COMMUNICATION SERVICES,0.108457580817
CONSUMER DISCRETIONARY,0.061322371362
CONSUMER STAPLES,0.071570158156
ENERGY,0.005475641213
FINANCIALS,0.167748633595
HEALTH CARE,0.161237791545
INDUSTRIALS,0.039694390274
TECHNOLOGY,0.384493433039
