SECTOR,WEIGHT
COMMUNICATION SERVICES,0.110538489794
CONSUMER DISCRETIONARY,0.051593970227
CONSUMER STAPLES,0.052673932474
ENERGY,0.004454969378
FINANCIALS,0.173148275113
HEALTH CARE,0.153682931492
INDUSTRIALS,0.034303564476
TECHNOLOGY,0.419603867046
