SECTOR,WEIGHT
COMMUNICATION SERVICES,0.110058208337
CONSUMER DISCRETIONARY,0.06093153362
CONSUMER STAPLES,0.07597719723
ENERGY,0.004230967155
FINANCIALS,0.166378328157
HEALTH CARE,0.164203775232
INDUSTRIALS,0.040515565274
TECHNOLOGY,0.377704424995
