SECTOR,WEIGHT
COMMUNICATION SERVICES,0.110594798329
CONSUMER DISCRETIONARY,0.060347545335
CONSUMER STAPLES,0.074430107118
ENERGY,0.005157234089
FINANCIALS,0.168941701137
HEALTH CARE,0.165250670801
INDUSTRIALS,0.041165797119
TECHNOLOGY,0.374112146072
