SECTOR,WEIGHT
COMMUNICATION SERVICES,0.112684925719
CONSUMER DISCRETIONARY,0.062337875571
CONSUMER STAPLES,0.0680544668
ENERGY,0.003145626908
FINANCIALS,0.177695883354
HEALTH CARE,0.149230062262
INDUSTRIALS,0.041238548046
TECHNOLOGY,0.385612611341
