SECTOR,WEIGHT
COMMUNICATION SERVICES,0.111357680658
CONSUMER DISCRETIONARY,0.062071464463
CONSUMER STAPLES,0.063709033254
ENERGY,0.002949825933
FINANCIALS,0.175382015971
HEALTH CARE,0.147105927479
INDUSTRIALS,0.041208477722
TECHNOLOGY,0.39621557452
