SECTOR,WEIGHT
COMMUNICATION SERVICES,0.099466425048
CONSUMER DISCRETIONARY,0.099768448606
CONSUMER STAPLES,0.048323769254
ENERGY,0.033323265881
FINANCIALS,0.123829658713
HEALTH CARE,0.087586831773
INDUSTRIALS,0.090607067351
MATERIALS,0.025571327897
REAL ESTATE,0.024765931743
TECHNOLOGY,0.342696063626
UTILITIES,0.024061210108
