SECTOR,WEIGHT
COMMUNICATION SERVICES,0.104102595305
CONSUMER DISCRETIONARY,0.103593283672
CONSUMER STAPLES,0.045795439526
ENERGY,0.030047698976
FINANCIALS,0.128685063915
HEALTH CARE,0.095482684839
INDUSTRIALS,0.091674977611
MATERIALS,0.026360941759
REAL ESTATE,0.023388787979
TECHNOLOGY,0.326184052802
UTILITIES,0.024313106454
