SECTOR,WEIGHT
COMMUNICATION SERVICES,0.099544172128
CONSUMER DISCRETIONARY,0.103530769179
CONSUMER STAPLES,0.044503468437
ENERGY,0.02682878991
FINANCIALS,0.135758498618
HEALTH CARE,0.09670416132
INDUSTRIALS,0.085166793156
MATERIALS,0.023518700471
REAL ESTATE,0.022957853926
TECHNOLOGY,0.337427579619
UTILITIES,0.024059213236
