SECTOR,WEIGHT
COMMUNICATION SERVICES,0.100021941545
CONSUMER DISCRETIONARY,0.107125773089
CONSUMER STAPLES,0.04556060799
ENERGY,0.026061067029
FINANCIALS,0.137575202161
HEALTH CARE,0.097830339037
INDUSTRIALS,0.084736834624
MATERIALS,0.024034711682
REAL ESTATE,0.023132705085
TECHNOLOGY,0.3292850415
UTILITIES,0.024635776259
