SECTOR,WEIGHT
COMMUNICATION SERVICES,0.094462136525
CONSUMER DISCRETIONARY,0.099669719703
CONSUMER STAPLES,0.050994854538
ENERGY,0.038789879828
FINANCIALS,0.127621310614
HEALTH CARE,0.096464245467
INDUSTRIALS,0.094549738472
MATERIALS,0.025805495043
REAL ESTATE,0.025573480114
TECHNOLOGY,0.319625895049
UTILITIES,0.026443244647
