SECTOR,WEIGHT
COMMUNICATION SERVICES,0.000815581368
CONSUMER DISCRETIONARY,0.016924359011
CONSUMER STAPLES,0.04276992345
ENERGY,0.012768030883
FINANCIALS,0.180544620143
HEALTH CARE,0.074227315075
INDUSTRIALS,0.353670586685
TECHNOLOGY,0.318279583384
