SECTOR,WEIGHT
COMMUNICATION SERVICES,0.00084917109
CONSUMER DISCRETIONARY,0.0160117439
CONSUMER STAPLES,0.043299349039
ENERGY,0.014389837589
FINANCIALS,0.178187716023
HEALTH CARE,0.071590044071
INDUSTRIALS,0.346995808592
TECHNOLOGY,0.328676329696
