SECTOR,WEIGHT
COMMUNICATION SERVICES,0.00101530584
CONSUMER DISCRETIONARY,0.015772755333
CONSUMER STAPLES,0.040898441213
ENERGY,0.010277360247
FINANCIALS,0.181809730432
HEALTH CARE,0.0734059855
INDUSTRIALS,0.333788062218
TECHNOLOGY,0.343032359218
