SECTOR,WEIGHT
COMMUNICATION SERVICES,0.001004239542
CONSUMER DISCRETIONARY,0.016820228582
CONSUMER STAPLES,0.041742298131
ENERGY,0.011364313235
FINANCIALS,0.18501937942
HEALTH CARE,0.072502750948
INDUSTRIALS,0.347694690279
TECHNOLOGY,0.323852099864
