SECTOR,WEIGHT
COMMUNICATION SERVICES,0.001093467421
CONSUMER DISCRETIONARY,0.015709969789
CONSUMER STAPLES,0.038166821731
ENERGY,0.010383758977
FINANCIALS,0.19445739554
HEALTH CARE,0.077602734714
INDUSTRIALS,0.328366384763
TECHNOLOGY,0.334219467065
