SECTOR,WEIGHT
COMMUNICATION SERVICES,0.000854429122
CONSUMER DISCRETIONARY,0.015570062142
CONSUMER STAPLES,0.042521705846
ENERGY,0.014935253725
FINANCIALS,0.176426541058
HEALTH CARE,0.069798597356
INDUSTRIALS,0.349187507974
TECHNOLOGY,0.330705902777
