SECTOR,WEIGHT
COMMUNICATION SERVICES,0.000876931991
CONSUMER DISCRETIONARY,0.016657531958
CONSUMER STAPLES,0.04156135653
ENERGY,0.01207765024
FINANCIALS,0.178610167191
HEALTH CARE,0.073770859759
INDUSTRIALS,0.349278880033
TECHNOLOGY,0.327166622298
