SECTOR,WEIGHT
COMMUNICATION SERVICES,0.001045125378
CONSUMER DISCRETIONARY,0.017209034482
CONSUMER STAPLES,0.040146401163
ENERGY,0.010638331227
FINANCIALS,0.187875918535
HEALTH CARE,0.07638194316
INDUSTRIALS,0.330832348303
TECHNOLOGY,0.335870897752
