SECTOR,WEIGHT
COMMUNICATION SERVICES,0.002786494668
CONSUMER DISCRETIONARY,0.065284165034
CONSUMER STAPLES,0.024512287877
ENERGY,0.200863349939
FINANCIALS,0.411998247107
HEALTH CARE,0.178743659616
INDUSTRIALS,0.057367941208
MATERIALS,0.002244508359
TECHNOLOGY,0.056199346191
