SECTOR,WEIGHT
COMMUNICATION SERVICES,0.002984067177
CONSUMER DISCRETIONARY,0.065289818206
CONSUMER STAPLES,0.02425536845
ENERGY,0.200637715909
FINANCIALS,0.416245132757
HEALTH CARE,0.175346688763
INDUSTRIALS,0.05455644491
MATERIALS,0.002188181603
TECHNOLOGY,0.058496582226
