SECTOR,WEIGHT
COMMUNICATION SERVICES,0.00296006814
CONSUMER DISCRETIONARY,0.06458540007
CONSUMER STAPLES,0.02400721479
ENERGY,0.193015682148
FINANCIALS,0.42415952703
HEALTH CARE,0.178357633148
INDUSTRIALS,0.051868330077
MATERIALS,0.002072248109
TECHNOLOGY,0.058973896488
