SECTOR,WEIGHT
COMMUNICATION SERVICES,0.109376929619
CONSUMER DISCRETIONARY,0.109212268835
CONSUMER STAPLES,0.054358139213
ENERGY,0.028505392139
FINANCIALS,0.115249496228
HEALTH CARE,0.098827595139
INDUSTRIALS,0.081138609239
MATERIALS,0.021215136342
REAL ESTATE,0.029199176294
TECHNOLOGY,0.320045341957
UTILITIES,0.032871914995
