SECTOR,WEIGHT
COMMUNICATION SERVICES,0.103615234666
CONSUMER DISCRETIONARY,0.108989678625
CONSUMER STAPLES,0.0519592992
ENERGY,0.019468342543
FINANCIALS,0.122203522023
HEALTH CARE,0.093587211066
INDUSTRIALS,0.082889384372
MATERIALS,0.01693330303
REAL ESTATE,0.026202416698
TECHNOLOGY,0.352492638674
UTILITIES,0.021658969104
