SECTOR,WEIGHT
COMMUNICATION SERVICES,0.105951786444
CONSUMER DISCRETIONARY,0.110625848075
CONSUMER STAPLES,0.050263565422
ENERGY,0.018568120942
FINANCIALS,0.119552266663
HEALTH CARE,0.097165599794
INDUSTRIALS,0.077194150613
MATERIALS,0.016623033348
REAL ESTATE,0.024927992413
TECHNOLOGY,0.357867869231
UTILITIES,0.021259767054
