SECTOR,WEIGHT
COMMUNICATION SERVICES,0.100653185035
CONSUMER DISCRETIONARY,0.115537917088
CONSUMER STAPLES,0.049199191102
ENERGY,0.022319514661
FINANCIALS,0.117061678463
HEALTH CARE,0.099517694641
INDUSTRIALS,0.07984934277
MATERIALS,0.017148634985
REAL ESTATE,0.019959555106
TECHNOLOGYQ,0.359650151668
UTILITIES,0.019103134479
