SECTOR,WEIGHT
COMMUNICATION SERVICES,0.107001206932
CONSUMER DISCRETIONARY,0.109250397123
CONSUMER STAPLES,0.054802924751
ENERGY,0.029446317654
FINANCIALS,0.116615490896
HEALTH CARE,0.099775683443
INDUSTRIALS,0.080801153513
MATERIALS,0.021664521234
REAL ESTATE,0.029827876704
TECHNOLOGY,0.317173972853
UTILITIES,0.033640454899
