SECTOR,WEIGHT
COMMUNICATION SERVICES,0.105537169017
CONSUMER DISCRETIONARY,0.11191447684
CONSUMER STAPLES,0.05241334187
ENERGY,0.01921019727
FINANCIALS,0.11694908791
HEALTH CARE,0.09216439104
INDUSTRIALS,0.081719856056
MATERIALS,0.016932228937
REAL ESTATE,0.025961814427
TECHNOLOGY,0.353420264084
UTILITIES,0.020593034434
