SECTOR,WEIGHT
COMMUNICATION SERVICES,0.112215196226
CONSUMER DISCRETIONARY,0.108601826759
CONSUMER STAPLES,0.043761919101
ENERGY,0.034126267189
FINANCIALS,0.11181371073
HEALTH CARE,0.09364649202
INDUSTRIALS,0.077386329419
MATERIALS,0.018066847335
REAL ESTATE,0.031717354211
TECHNOLOGY,0.338251530663
UTILITIES,0.030412526347
