SECTOR,WEIGHT
COMMUNICATION SERVICES,0.111716495871
CONSUMER DISCRETIONARY,0.102922594767
CONSUMER STAPLES,0.04779623918
ENERGY,0.032085115909
FINANCIALS,0.119463237489
HEALTH CARE,0.096292657447
INDUSTRIALS,0.075144264252
MATERIALS,0.015994677147
REAL ESTATE,0.014519699532
TECHNOLOGY,0.366855288031
UTILITIES,0.017209730375
