SECTOR,WEIGHT
COMMUNICATION SERVICES,0.109822467859
CONSUMER DISCRETIONARY,0.108111868479
CONSUMER STAPLES,0.042446964587
ENERGY,0.027008090874
FINANCIALS,0.118396583273
HEALTH CARE,0.093521461997
INDUSTRIALS,0.067483580358
MATERIALS,0.013478578998
REAL ESTATE,0.013759330966
TECHNOLOGY,0.389343350961
UTILITIES,0.016627721648
