SECTOR,WEIGHT
COMMUNICATION SERVICES,0.111058480463
CONSUMER DISCRETIONARY,0.103144146711
CONSUMER STAPLES,0.049092059639
ENERGY,0.034336563951
FINANCIALS,0.115870484198
HEALTH CARE,0.098594885041
INDUSTRIALS,0.077856764868
MATERIALS,0.016415828174
REAL ESTATE,0.015488212996
TECHNOLOGY,0.359117828098
UTILITIES,0.019024745862
