SECTOR,WEIGHT
COMMUNICATION SERVICES,0.120838009727
CONSUMER DISCRETIONARY,0.098391320614
CONSUMER STAPLES,0.048135677765
ENERGY,0.033295922185
FINANCIALS,0.110362888141
HEALTH CARE,0.082179822921
INDUSTRIALS,0.077939892755
MATERIALS,0.015712682379
REAL ESTATE,0.016086793865
TECHNOLOGY,0.377353784761
UTILITIES,0.019703204888
