SECTOR,WEIGHT
COMMUNICATION SERVICES,0.109023578343
CONSUMER DISCRETIONARY,0.103301363397
CONSUMER STAPLES,0.049956629293
ENERGY,0.033056881115
FINANCIALS,0.116851311377
HEALTH CARE,0.099288028449
INDUSTRIALS,0.077108421825
MATERIALS,0.016710696378
REAL ESTATE,0.01542563839
TECHNOLOGY,0.360526725499
UTILITIES,0.018750725934
