SECTOR,WEIGHT
COMMUNICATION SERVICES,0.10978075296
CONSUMER DISCRETIONARY,0.108536508365
CONSUMER STAPLES,0.042418217227
ENERGY,0.026661499853
FINANCIALS,0.121746547995
HEALTH CARE,0.096349101606
INDUSTRIALS,0.067727761759
MATERIALS,0.014065535168
REAL ESTATE,0.013862494259
TECHNOLOGY,0.381983090654
UTILITIES,0.016868490156
