SECTOR,WEIGHT
COMMUNICATION SERVICES,0.118150983048
CONSUMER DISCRETIONARY,0.098272704935
CONSUMER STAPLES,0.048854211555
ENERGY,0.035701629503
FINANCIALS,0.113947886042
HEALTH CARE,0.082924733201
INDUSTRIALS,0.07725968941
MATERIALS,0.015714693183
REAL ESTATE,0.016032024537
TECHNOLOGY,0.372856932949
UTILITIES,0.020284511637
