SECTOR,WEIGHT
COMMUNICATION SERVICES,0.113976649799
CONSUMER DISCRETIONARY,0.108719259577
CONSUMER STAPLES,0.047989646375
ENERGY,0.031895164589
FINANCIALS,0.120794769634
HEALTH CARE,0.097690021
INDUSTRIALS,0.074077012523
MATERIALS,0.016120514607
REAL ESTATE,0.014393670801
TECHNOLOGY,0.357019068422
UTILITIES,0.017324222672
