SECTOR,WEIGHT
COMMUNICATION SERVICES,0.110460801364
CONSUMER DISCRETIONARY,0.110227087666
CONSUMER STAPLES,0.04547969115
ENERGY,0.029470302821
FINANCIALS,0.117811594437
HEALTH CARE,0.099136875422
INDUSTRIALS,0.073011910697
MATERIALS,0.015273438811
REAL ESTATE,0.01436220402
TECHNOLOGY,0.36752224942
UTILITIES,0.017243844193
