SECTOR,WEIGHT
COMMUNICATION SERVICES,0.119213599007
CONSUMER DISCRETIONARY,0.104589603156
CONSUMER STAPLES,0.043408890234
ENERGY,0.026310102314
FINANCIALS,0.113058726915
HEALTH CARE,0.098700240193
INDUSTRIALS,0.066535352849
MATERIALS,0.013660753428
REAL ESTATE,0.014165838237
TECHNOLOGY,0.382644347434
UTILITIES,0.017712546233
