SECTOR,WEIGHT
COMMUNICATION SERVICES,0.111902486126
CONSUMER DISCRETIONARY,0.104129075676
CONSUMER STAPLES,0.047687727375
ENERGY,0.036592086141
FINANCIALS,0.113673936155
HEALTH CARE,0.095042622087
INDUSTRIALS,0.075599342625
MATERIALS,0.015610217597
REAL ESTATE,0.01527982327
TECHNOLOGY,0.365116211023
UTILITIES,0.019366471925
