SECTOR,WEIGHT
COMMUNICATION SERVICES,0.110353763934
CONSUMER DISCRETIONARY,0.111187024936
CONSUMER STAPLES,0.042517390603
ENERGY,0.027560851613
FINANCIALS,0.123021315114
HEALTH CARE,0.097750691284
INDUSTRIALS,0.069201582204
MATERIALS,0.014513869084
REAL ESTATE,0.013753766414
TECHNOLOGY,0.373577442434
UTILITIES,0.01656230238
