SECTOR,WEIGHT
COMMUNICATION SERVICES,0.038294126465
CONSUMER DISCRETIONARY,0.073161347858
CONSUMER STAPLES,0.059734637798
ENERGY,0.032212030419
FINANCIALS,0.155146093987
HEALTH CARE,0.074597560486
INDUSTRIALS,0.211705676911
MATERIALS,0.063280848291
REAL ESTATE,0.093137201619
TECHNOLOGY,0.118566004888
UTILITIES,0.080164471277
