SECTOR,WEIGHT
COMMUNICATION SERVICES,0.039051445914
CONSUMER DISCRETIONARY,0.072226063497
CONSUMER STAPLES,0.06319066093
ENERGY,0.036098767602
FINANCIALS,0.154584462511
HEALTH CARE,0.072974710191
INDUSTRIALS,0.203641534125
MATERIALS,0.063071726075
REAL ESTATE,0.095908283387
TECHNOLOGY,0.111958511906
UTILITIES,0.087293833863
