SECTOR,WEIGHT
COMMUNICATION SERVICES,0.037464249899
CONSUMER DISCRETIONARY,0.072473089505
CONSUMER STAPLES,0.063293540899
ENERGY,0.034292323034
FINANCIALS,0.155335518845
HEALTH CARE,0.073821197039
INDUSTRIALS,0.204127854015
MATERIALS,0.065709953819
REAL ESTATE,0.09526377491
TECHNOLOGY,0.114276770223
UTILITIES,0.083941727812
