SECTOR,WEIGHT
COMMUNICATION SERVICES,0.042484321262
CONSUMER DISCRETIONARY,0.069289904916
CONSUMER STAPLES,0.064029941331
ENERGY,0.032975925551
FINANCIALS,0.107424640906
HEALTH CARE,0.070402589521
INDUSTRIALS,0.219097713939
MATERIALS,0.044608537326
REAL ESTATE,0.170341897633
TECHNOLOGY,0.0586688246
UTILITIES,0.120675703014
