SECTOR,WEIGHT
COMMUNICATION SERVICES,0.039052041138
CONSUMER DISCRETIONARY,0.072257457484
CONSUMER STAPLES,0.057413077619
ENERGY,0.030712010654
FINANCIALS,0.166731968739
HEALTH CARE,0.075197696764
INDUSTRIALS,0.20440451656
MATERIALS,0.063368741048
REAL ESTATE,0.093924249542
TECHNOLOGY,0.118218878763
UTILITIES,0.078719361689
