SECTOR,WEIGHT
COMMUNICATION SERVICES,0.038968610525
CONSUMER DISCRETIONARY,0.072682375242
CONSUMER STAPLES,0.058307878657
ENERGY,0.030562371519
FINANCIALS,0.168376665831
HEALTH CARE,0.074494096712
INDUSTRIALS,0.200554594432
MATERIALS,0.062200930897
REAL ESTATE,0.094160713853
TECHNOLOGY,0.119363816044
UTILITIES,0.080327946289
