SECTOR,WEIGHT
COMMUNICATION SERVICES,0.039032478987
CONSUMER DISCRETIONARY,0.072749860646
CONSUMER STAPLES,0.058499667307
ENERGY,0.032738333871
FINANCIALS,0.164978422749
HEALTH CARE,0.074192733364
INDUSTRIALS,0.200177107732
MATERIALS,0.061473546399
REAL ESTATE,0.094319008595
TECHNOLOGY,0.120628409419
UTILITIES,0.081210430929
