SECTOR,WEIGHT
COMMUNICATION SERVICES,0.03879771309
CONSUMER DISCRETIONARY,0.072301522302
CONSUMER STAPLES,0.0579656888
ENERGY,0.031339288848
FINANCIALS,0.166813289208
HEALTH CARE,0.074075692511
INDUSTRIALS,0.201776885391
MATERIALS,0.061881943495
REAL ESTATE,0.093494727298
TECHNOLOGY,0.122474777247
UTILITIES,0.07907847181
