SECTOR,WEIGHT
COMMUNICATION SERVICES,0.039212440031
CONSUMER DISCRETIONARY,0.070997777656
CONSUMER STAPLES,0.062481519536
ENERGY,0.036452010637
FINANCIALS,0.154902066595
HEALTH CARE,0.072673946125
INDUSTRIALS,0.204399331137
MATERIALS,0.062886520546
REAL ESTATE,0.095057782573
TECHNOLOGY,0.112884621429
UTILITIES,0.088051983737
