SECTOR,WEIGHT
COMMUNICATION SERVICES,0.041713536587
CONSUMER DISCRETIONARY,0.067518437794
CONSUMER STAPLES,0.064439466258
ENERGY,0.03446478838
FINANCIALS,0.105051193838
HEALTH CARE,0.06794580656
INDUSTRIALS,0.216450099983
MATERIALS,0.052663841198
REAL ESTATE,0.172294544841
TECHNOLOGY,0.057009299343
UTILITIES,0.120448985218
