SECTOR,WEIGHT
COMMUNICATION SERVICES,0.039071254183
CONSUMER DISCRETIONARY,0.07245209154
CONSUMER STAPLES,0.063749695577
ENERGY,0.032850432236
FINANCIALS,0.159473186602
HEALTH CARE,0.073601072268
INDUSTRIALS,0.208820984916
MATERIALS,0.064628666085
REAL ESTATE,0.092362585926
TECHNOLOGY,0.112159849897
UTILITIES,0.080830180769
