SECTOR,WEIGHT
COMMUNICATION SERVICES,0.040913490284
CONSUMER DISCRETIONARY,0.06806445821
CONSUMER STAPLES,0.063477781123
ENERGY,0.03432539538
FINANCIALS,0.105287283815
HEALTH CARE,0.077748980018
INDUSTRIALS,0.216812753426
MATERIALS,0.053403392165
REAL ESTATE,0.163099108854
TECHNOLOGY,0.05471439366
UTILITIES,0.122152963065
