SECTOR,WEIGHT
COMMUNICATION SERVICES,0.135485831024
CONSUMER DISCRETIONARY,0.165027208599
CONSUMER STAPLES,0.02157149651
ENERGY,0.020048158522
FINANCIALS,0.088862456213
HEALTH CARE,0.077480899231
INDUSTRIALS,0.083391751216
REAL ESTATE,0.008118028099
TECHNOLOGY,0.400014170586
