SECTOR,WEIGHT
COMMUNICATION SERVICES,0.132746110427
CONSUMER DISCRETIONARY,0.162116924611
CONSUMER STAPLES,0.02157662797
ENERGY,0.019484928375
FINANCIALS,0.091389116286
HEALTH CARE,0.080317182018
INDUSTRIALS,0.081892134049
REAL ESTATE,0.006824075924
TECHNOLOGY,0.40365290034
