SECTOR,WEIGHT
COMMUNICATION SERVICES,0.134470642469
CONSUMER DISCRETIONARY,0.156649976313
CONSUMER STAPLES,0.021112907372
ENERGY,0.020597751157
FINANCIALS,0.090805576858
HEALTH CARE,0.081197116825
INDUSTRIALS,0.085574351381
REAL ESTATE,0.006846797853
TECHNOLOGY,0.402744879772
