SECTOR,WEIGHT
COMMUNICATION SERVICES,0.123201655423
CONSUMER DISCRETIONARY,0.152526080454
CONSUMER STAPLES,0.016949064949
ENERGY,0.016582134954
FINANCIALS,0.087579471352
HEALTH CARE,0.078764882629
INDUSTRIALS,0.07660568049
REAL ESTATE,0.010458021658
TECHNOLOGY,0.437333008092
