SECTOR,WEIGHT
COMMUNICATION SERVICES,0.12011360633
CONSUMER DISCRETIONARY,0.157287571443
CONSUMER STAPLES,0.017901978922
ENERGY,0.015170223661
FINANCIALS,0.088497100994
HEALTH CARE,0.07813377548
INDUSTRIALS,0.074584351977
REAL ESTATE,0.009566305461
TECHNOLOGY,0.438745085731
