SECTOR,WEIGHT
COMMUNICATION SERVICES,0.134995270809
CONSUMER DISCRETIONARY,0.153922675329
CONSUMER STAPLES,0.020131778995
ENERGY,0.022680967372
FINANCIALS,0.087066060791
HEALTH CARE,0.078704595242
INDUSTRIALS,0.083143332266
REAL ESTATE,0.007133684503
TECHNOLOGY,0.412221634694
