SECTOR,WEIGHT
COMMUNICATION SERVICES,0.121497326203
CONSUMER DISCRETIONARY,0.146951871658
CONSUMER STAPLES,0.018395721925
ENERGY,0.019572192513
FINANCIALS,0.090053475936
HEALTH CARE,0.08064171123
INDUSTRIALS,0.076577540107
REAL ESTATE,0.006737967914
TECHNOLOGY,0.439572192513
