SECTOR,WEIGHT
COMMUNICATION SERVICES,0.124906586954
CONSUMER DISCRETIONARY,0.141133767482
CONSUMER STAPLES,0.016974484894
ENERGY,0.019856944593
FINANCIALS,0.085299455535
HEALTH CARE,0.078039927405
INDUSTRIALS,0.075264225472
REAL ESTATE,0.006298708231
TECHNOLOGY,0.452225899434
