SECTOR,WEIGHT
COMMUNICATION SERVICES,0.180306521086
CONSUMER DISCRETIONARY,0.144345387158
CONSUMER STAPLES,0.024641891215
FINANCIALS,0.165982169688
HEALTH CARE,0.037764199139
INDUSTRIALS,0.174196133427
TECHNOLOGY,0.272763698287
