SECTOR,WEIGHT
COMMUNICATION SERVICES,0.158160658416
CONSUMER DISCRETIONARY,0.234429260362
CONSUMER STAPLES,0.04861628422
FINANCIALS,0.153190140556
HEALTH CARE,0.064191773398
INDUSTRIALS,0.115351810874
REAL ESTATE,0.019527105871
TECHNOLOGY,0.206532966302
