SECTOR,WEIGHT
COMMUNICATION SERVICES,0.198342951751
CONSUMER DISCRETIONARY,0.130115169086
CONSUMER STAPLES,0.050341254798
FINANCIALS,0.103835576959
HEALTH CARE,0.03122937381
INDUSTRIALS,0.191216555972
TECHNOLOGY,0.294919117625
