SECTOR,WEIGHT
COMMUNICATION SERVICES,0.174734780872
CONSUMER DISCRETIONARY,0.221968162692
CONSUMER STAPLES,0.048679986105
FINANCIALS,0.134862562582
HEALTH CARE,0.063018887947
INDUSTRIALS,0.133321853936
REAL ESTATE,0.020738999551
TECHNOLOGY,0.202674766316
