SECTOR,WEIGHT
COMMUNICATION SERVICES,0.168788296515
CONSUMER DISCRETIONARY,0.225093899565
CONSUMER STAPLES,0.058435097604
FINANCIALS,0.136196286989
HEALTH CARE,0.033622118631
INDUSTRIALS,0.1683615944
REAL ESTATE,0.021789919991
TECHNOLOGY,0.187712786305
