SECTOR,WEIGHT
COMMUNICATION SERVICES,0.16057162441
CONSUMER DISCRETIONARY,0.144523205784
CONSUMER STAPLES,0.02611787668
FINANCIALS,0.166717420997
HEALTH CARE,0.029801334487
INDUSTRIALS,0.180611041931
TECHNOLOGY,0.291657495711
