SECTOR,WEIGHT
COMMUNICATION SERVICES,0.014986655718
CONSUMER STAPLES,0.005337712995
ENERGY,0.038801067543
FINANCIALS,0.063334017656
HEALTH CARE,0.008314514473
INDUSTRIALS,0.595565592281
MATERIALS,0.074933278588
REAL ESTATE,0.025456785054
TECHNOLOGY,0.065900225826
UTILITIES,0.107370149867
