SECTOR,WEIGHT
COMMUNICATION SERVICES,0.049752424377
ENERGY,0.004808497024
FINANCIALS,0.032998430008
HEALTH CARE,0.033874532022
INDUSTRIALS,0.528798013463
MATERIALS,0.110071041597
REAL ESTATE,0.027549011922
TECHNOLOGY,0.076083156594
UTILITIES,0.136064892993
