SECTOR,WEIGHT
COMMUNICATION SERVICES,0.047541829126
ENERGY,0.004354304319
FINANCIALS,0.025565486487
HEALTH CARE,0.034875823264
INDUSTRIALS,0.527808966704
MATERIALS,0.105605941296
REAL ESTATE,0.032082616106
TECHNOLOGY,0.074299098151
UTILITIES,0.147865934546
