SECTOR,WEIGHT
COMMUNICATION SERVICES,0.083756355678
CONSUMER DISCRETIONARY,0.081078593208
CONSUMER STAPLES,0.053570763674
ENERGY,0.026627653457
FINANCIALS,0.159295321311
HEALTH CARE,0.130392242039
INDUSTRIALS,0.089135669161
REAL ESTATE,0.016998465122
TECHNOLOGY,0.308302615085
UTILITIES,0.050842321265
