SECTOR,WEIGHT
COMMUNICATION SERVICES,0.099451360844
CONSUMER DISCRETIONARY,0.087729029964
CONSUMER STAPLES,0.043825121136
ENERGY,0.018038122596
FINANCIALS,0.144270910413
HEALTH CARE,0.130978149192
INDUSTRIALS,0.090631398173
REAL ESTATE,0.013985879968
TECHNOLOGY,0.327787673559
UTILITIES,0.043302354155
