SECTOR,WEIGHT
COMMUNICATION SERVICES,0.096058199172
CONSUMER DISCRETIONARY,0.084478543301
CONSUMER STAPLES,0.04210088192
ENERGY,0.017330168542
FINANCIALS,0.159306499704
HEALTH CARE,0.129574724164
INDUSTRIALS,0.085729292912
REAL ESTATE,0.013072587511
TECHNOLOGY,0.330247172446
UTILITIES,0.042101930327
