SECTOR,WEIGHT
COMMUNICATION SERVICES,0.099404037236
CONSUMER DISCRETIONARY,0.085143461688
CONSUMER STAPLES,0.038138427105
ENERGY,0.018241457956
FINANCIALS,0.155422410539
HEALTH CARE,0.128159107704
INDUSTRIALS,0.083636808276
REAL ESTATE,0.00825948038
TECHNOLOGY,0.344528147412
UTILITIES,0.039066661705
