SECTOR,WEIGHT
COMMUNICATION SERVICES,0.099099013104
CONSUMER DISCRETIONARY,0.088443079795
CONSUMER STAPLES,0.045669800765
ENERGY,0.018786557848
FINANCIALS,0.141161684458
HEALTH CARE,0.132325755286
INDUSTRIALS,0.089483536705
REAL ESTATE,0.014033971289
TECHNOLOGY,0.319272846832
UTILITIES,0.044573131606
