SECTOR,WEIGHT
COMMUNICATION SERVICES,0.099528980905
CONSUMER DISCRETIONARY,0.087277192091
CONSUMER STAPLES,0.047772979381
ENERGY,0.019806088319
FINANCIALS,0.156297895762
HEALTH CARE,0.135738176891
INDUSTRIALS,0.086106524408
REAL ESTATE,0.014370845506
TECHNOLOGY,0.30734048859
UTILITIES,0.045760828147
