SECTOR,WEIGHT
COMMUNICATION SERVICES,0.096564046929
CONSUMER DISCRETIONARY,0.084911520117
CONSUMER STAPLES,0.042354511288
ENERGY,0.017448363127
FINANCIALS,0.159294217384
HEALTH CARE,0.129364451504
INDUSTRIALS,0.085041622163
REAL ESTATE,0.013015450667
TECHNOLOGY,0.329979708278
UTILITIES,0.042026108543
