SECTOR,WEIGHT
COMMUNICATION SERVICES,0.098133185087
CONSUMER DISCRETIONARY,0.087497164473
CONSUMER STAPLES,0.044818893713
ENERGY,0.0184487619
FINANCIALS,0.144992593019
HEALTH CARE,0.131481108736
INDUSTRIALS,0.091532398488
REAL ESTATE,0.01454452123
TECHNOLOGY,0.323934827083
UTILITIES,0.04461654627
