SECTOR,WEIGHT
COMMUNICATION SERVICES,0.094834095246
CONSUMER DISCRETIONARY,0.085308867649
CONSUMER STAPLES,0.041134832659
ENERGY,0.017596326768
FINANCIALS,0.156497799799
HEALTH CARE,0.131475597148
INDUSTRIALS,0.089091502378
REAL ESTATE,0.013399735363
TECHNOLOGY,0.32807544994
UTILITIES,0.042585793049
