SECTOR,WEIGHT
COMMUNICATION SERVICES,0.133385374546
CONSUMER DISCRETIONARY,0.134543258088
CONSUMER STAPLES,0.067331830961
ENERGY,0.052807115064
FINANCIALS,0.127616024145
HEALTH CARE,0.073390150565
INDUSTRIALS,0.044030678897
MATERIALS,0.00632521477
REAL ESTATE,0.031212687353
TECHNOLOGY,0.229694395001
UTILITIES,0.09966327061
