SECTOR,WEIGHT
COMMUNICATION SERVICES,0.132962678181
CONSUMER DISCRETIONARY,0.132905536068
CONSUMER STAPLES,0.067212156634
ENERGY,0.051087053502
FINANCIALS,0.12508809409
HEALTH CARE,0.075456660715
INDUSTRIALS,0.043480135096
MATERIALS,0.0060891437
REAL ESTATE,0.031732919771
TECHNOLOGYQ,0.228940374712
UTILITIES,0.105045247531
