SECTOR,WEIGHT
COMMUNICATION SERVICES,0.133885563456
CONSUMER DISCRETIONARY,0.134527147527
CONSUMER STAPLES,0.06684604288
ENERGY,0.05222193596
FINANCIALS,0.127850663288
HEALTH CARE,0.071815312005
INDUSTRIALS,0.043610674756
MATERIALS,0.006517090697
REAL ESTATE,0.030549426534
TECHNOLOGY,0.235063371464
UTILITIES,0.097112771433
