SECTOR,WEIGHT
COMMUNICATION SERVICES,0.147514299393
CONSUMER DISCRETIONARY,0.12308211757
CONSUMER STAPLES,0.093310151939
ENERGY,0.030146899488
FINANCIALS,0.088097361857
HEALTH CARE,0.056306599138
INDUSTRIALS,0.051696525311
MATERIALS,0.004312747247
REAL ESTATE,0.020379469348
TECHNOLOGY,0.286619799934
UTILITIES,0.098534028775
