SECTOR,WEIGHT
COMMUNICATION SERVICES,0.133459837449
CONSUMER DISCRETIONARY,0.149375097735
CONSUMER STAPLES,0.079151279676
ENERGY,0.025112370138
FINANCIALS,0.107072402055
HEALTH CARE,0.048387323125
INDUSTRIALS,0.055414215775
MATERIALS,0.027118192134
REAL ESTATE,0.03324492079
TECHNOLOGY,0.326067867153
UTILITIES,0.015596493972
