SECTOR,WEIGHT
COMMUNICATION SERVICES,0.146610878661
CONSUMER DISCRETIONARY,0.123069012451
CONSUMER STAPLES,0.090643746534
ENERGY,0.03016282704
FINANCIALS,0.085479659223
HEALTH CARE,0.054555628371
INDUSTRIALS,0.053324595453
MATERIALS,0.004614609064
REAL ESTATE,0.020703735444
TECHNOLOGY,0.292229671825
UTILITIES,0.098605635933
