SECTOR,WEIGHT
COMMUNICATION SERVICES,0.152727907415
CONSUMER DISCRETIONARY,0.120330191963
CONSUMER STAPLES,0.091906523632
ENERGY,0.032123295342
FINANCIALS,0.084305490117
HEALTH CARE,0.055695175755
INDUSTRIALS,0.05440681369
MATERIALS,0.004557189857
REAL ESTATE,0.0213069056
TECHNOLOGY,0.280501744888
UTILITIES,0.10213876174
