SECTOR,WEIGHT
COMMUNICATION SERVICES,0.130216789467
CONSUMER DISCRETIONARY,0.104598574599
CONSUMER STAPLES,0.047133130023
ENERGY,0.09522366875
FINANCIALS,0.065041861524
HEALTH CARE,0.060813027454
INDUSTRIALS,0.054000696297
MATERIALS,0.008433398165
REAL ESTATE,0.030010243604
TECHNOLOGY,0.296312135323
UTILITIES,0.108216474794
