SECTOR,WEIGHT
COMMUNICATION SERVICES,0.131879810634
CONSUMER DISCRETIONARY,0.145007407169
CONSUMER STAPLES,0.081091389971
ENERGY,0.026189776497
FINANCIALS,0.106908795208
HEALTH CARE,0.049586768542
INDUSTRIALS,0.059319748156
MATERIALS,0.027487037455
REAL ESTATE,0.034387982674
TECHNOLOGY,0.322493639496
UTILITIES,0.015647644198
