SECTOR,WEIGHT
COMMUNICATION SERVICES,0.127413072743
CONSUMER DISCRETIONARY,0.086655696354
CONSUMER STAPLES,0.033907167687
ENERGY,0.026428879905
FINANCIALS,0.151965806606
HEALTH CARE,0.100848665307
INDUSTRIALS,0.110750266251
MATERIALS,0.026849622091
REAL ESTATE,0.015607916831
TECHNOLOGY,0.298484215594
UTILITIES,0.021088690632
