SECTOR,WEIGHT
COMMUNICATION SERVICES,0.132888605772
CONSUMER DISCRETIONARY,0.090847774151
CONSUMER STAPLES,0.031671394471
ENERGY,0.025713449481
FINANCIALS,0.141090780933
HEALTH CARE,0.089020792549
INDUSTRIALS,0.106270780143
MATERIALS,0.022140505418
REAL ESTATE,0.0154128786
TECHNOLOGY,0.324638629318
UTILITIES,0.020304409163
