SECTOR,WEIGHT
COMMUNICATION SERVICES,0.124530084717
CONSUMER DISCRETIONARY,0.085793249441
CONSUMER STAPLES,0.043085199139
ENERGY,0.019183898583
FINANCIALS,0.163143231395
HEALTH CARE,0.101420593949
INDUSTRIALS,0.095429807735
MATERIALS,0.018708407175
REAL ESTATE,0.013176890915
TECHNOLOGY,0.317402174486
UTILITIES,0.018126462466
