SECTOR,WEIGHT
COMMUNICATION SERVICES,0.133018786296
CONSUMER DISCRETIONARY,0.092932871183
CONSUMER STAPLES,0.040886025052
ENERGY,0.023627674032
FINANCIALS,0.161060298362
HEALTH CARE,0.101211871351
INDUSTRIALS,0.095348470273
MATERIALS,0.020970820418
REAL ESTATE,0.014271681096
TECHNOLOGY,0.297409822215
UTILITIES,0.019261679722
