SECTOR,WEIGHT
COMMUNICATION SERVICES,0.128723220368
CONSUMER DISCRETIONARY,0.087542323765
CONSUMER STAPLES,0.042088887533
ENERGY,0.024431361783
FINANCIALS,0.163071307283
HEALTH CARE,0.100479923538
INDUSTRIALS,0.102823617932
MATERIALS,0.020302189143
REAL ESTATE,0.014685456893
TECHNOLOGY,0.296485983589
UTILITIES,0.019365728172
