SECTOR,WEIGHT
COMMUNICATION SERVICES,0.129017810793
CONSUMER DISCRETIONARY,0.092817053086
CONSUMER STAPLES,0.042099348763
ENERGY,0.022483861577
FINANCIALS,0.148038858432
HEALTH CARE,0.102446159452
INDUSTRIALS,0.089816354823
MATERIALS,0.020087781621
REAL ESTATE,0.014059920321
TECHNOLOGY,0.314082924317
UTILITIES,0.018802204312
