SECTOR,WEIGHT
COMMUNICATION SERVICES,0.119264646465
CONSUMER DISCRETIONARY,0.193228282828
CONSUMER STAPLES,0.018527272727
FINANCIALS,0.068778787879
HEALTH CARE,0.075582828283
INDUSTRIALS,0.041725252525
MATERIALS,0.026545454545
TECHNOLOGY,0.456347474747
