SECTOR,WEIGHT
COMMUNICATION SERVICES,0.120631686195
CONSUMER DISCRETIONARY,0.184921039226
CONSUMER STAPLES,0.019052470708
FINANCIALS,0.075191034131
HEALTH CARE,0.065715741212
INDUSTRIALS,0.055527254203
MATERIALS,0.029546612328
TECHNOLOGY,0.449414161997
