SECTOR,WEIGHT
COMMUNICATION SERVICES,0.123805523045
CONSUMER DISCRETIONARY,0.179610557343
CONSUMER STAPLES,0.021728044496
FINANCIALS,0.066447403631
HEALTH CARE,0.072900078462
INDUSTRIALS,0.053972232292
MATERIALS,0.031351517287
TECHNOLOGY,0.450184643442
