SECTOR,WEIGHT
COMMUNICATION SERVICES,0.122330526488
CONSUMER DISCRETIONARY,0.204039716576
CONSUMER STAPLES,0.018560723486
FINANCIALS,0.069226318441
HEALTH CARE,0.075437460934
INDUSTRIALS,0.041948184268
MATERIALS,0.019253430972
TECHNOLOGY,0.449203638835
