SECTOR,WEIGHT
COMMUNICATION SERVICES,0.119796120096
CONSUMER DISCRETIONARY,0.190764964029
CONSUMER STAPLES,0.018426207239
FINANCIALS,0.067090759506
HEALTH CARE,0.076895632329
INDUSTRIALS,0.045196815059
MATERIALS,0.020286919627
TECHNOLOGYQ,0.461542582115
