SECTOR,WEIGHT
COMMUNICATION SERVICES,0.116883195518
CONSUMER DISCRETIONARY,0.180125295427
CONSUMER STAPLES,0.020853978755
FINANCIALS,0.066063668968
HEALTH CARE,0.072848149935
INDUSTRIALS,0.048530785983
MATERIALS,0.032174565916
TECHNOLOGY,0.462520359498
