SECTOR,WEIGHT
COMMUNICATION SERVICES,0.12031435763
CONSUMER DISCRETIONARY,0.191784596194
CONSUMER STAPLES,0.020532958704
FINANCIALS,0.069211562644
HEALTH CARE,0.073418069004
INDUSTRIALS,0.04635029056
MATERIALS,0.031548797694
TECHNOLOGY,0.446839367571
