SECTOR,WEIGHT
COMMUNICATION SERVICES,0.13168662347
CONSUMER DISCRETIONARY,0.178459782537
CONSUMER STAPLES,0.020042320881
FINANCIALS,0.067692198918
HEALTH CARE,0.07240405836
INDUSTRIALS,0.053004126033
MATERIALS,0.03107605133
TECHNOLOGY,0.445634838469
