SECTOR,WEIGHT
COMMUNICATION SERVICES,0.107942348973
CONSUMER DISCRETIONARY,0.186650311765
CONSUMER STAPLES,0.018194827762
FINANCIALS,0.082592251865
HEALTH CARE,0.062455279567
INDUSTRIALS,0.05029132168
MATERIALS,0.027496677911
TECHNOLOGY,0.464376980476
