SECTOR,WEIGHT
COMMUNICATION SERVICES,0.12969440781
CONSUMER DISCRETIONARY,0.178117369536
CONSUMER STAPLES,0.01981673759
FINANCIALS,0.06496282847
HEALTH CARE,0.070933903142
INDUSTRIALS,0.051901796876
MATERIALS,0.029373688494
TECHNOLOGY,0.455199268081
