SECTOR,WEIGHT
COMMUNICATION SERVICES,0.076950180397
CONSUMER DISCRETIONARY,0.109411353595
CONSUMER STAPLES,0.062303382113
ENERGY,0.039804532923
FINANCIALS,0.128662099297
HEALTH CARE,0.10097198622
INDUSTRIALS,0.090523178899
MATERIALS,0.022323867832
REAL ESTATE,0.012296814371
TECHNOLOGY,0.331595937909
UTILITIES,0.025156666444
