SECTOR,WEIGHT
COMMUNICATION SERVICES,0.075264188007
CONSUMER DISCRETIONARY,0.119899238016
CONSUMER STAPLES,0.060192129564
ENERGY,0.028821930817
FINANCIALS,0.13789520174
HEALTH CARE,0.099877842764
INDUSTRIALS,0.071357146033
MATERIALS,0.01790833149
REAL ESTATE,0.015892654475
TECHNOLOGY,0.353105125719
UTILITIES,0.019786211375
