SECTOR,WEIGHT
COMMUNICATION SERVICES,0.075115189545
CONSUMER DISCRETIONARY,0.119078267998
CONSUMER STAPLES,0.061025607209
ENERGY,0.028504976507
FINANCIALS,0.136966761279
HEALTH CARE,0.10322792945
INDUSTRIALS,0.071073870503
MATERIALS,0.018117040771
REAL ESTATE,0.01631904637
TECHNOLOGYQ,0.350227361941
UTILITIES,0.020343948428
