SECTOR,WEIGHT
COMMUNICATION SERVICES,0.076645626691
CONSUMER DISCRETIONARY,0.111812443643
CONSUMER STAPLES,0.057910029055
ENERGY,0.034265103697
FINANCIALS,0.122733193067
HEALTH CARE,0.088267708646
INDUSTRIALS,0.090471896604
MATERIALS,0.020939785593
REAL ESTATE,0.011922653041
TECHNOLOGY,0.363190061116
UTILITIES,0.021841498848
