SECTOR,WEIGHT
COMMUNICATION SERVICES,0.081156281865
CONSUMER DISCRETIONARY,0.117363109407
CONSUMER STAPLES,0.061511391173
ENERGY,0.030558806155
FINANCIALS,0.133561122534
HEALTH CARE,0.101003494484
INDUSTRIALS,0.080016100713
MATERIALS,0.019125050518
REAL ESTATE,0.012658886559
TECHNOLOGY,0.339750885688
UTILITIES,0.022984334392
