SECTOR,WEIGHT
COMMUNICATION SERVICES,0.076903790478
CONSUMER DISCRETIONARY,0.118894838086
CONSUMER STAPLES,0.061592522716
ENERGY,0.029233658886
FINANCIALS,0.134143920398
HEALTH CARE,0.102358151803
INDUSTRIALS,0.079850843772
MATERIALS,0.018595049922
REAL ESTATE,0.012641905314
TECHNOLOGY,0.342454902691
UTILITIES,0.023330415934
