SECTOR,WEIGHT
COMMUNICATION SERVICES,0.077825693092
CONSUMER DISCRETIONARY,0.111786790301
CONSUMER STAPLES,0.061372971011
ENERGY,0.037415940149
FINANCIALS,0.129570032384
HEALTH CARE,0.098460038897
INDUSTRIALS,0.092174927552
MATERIALS,0.022340156198
REAL ESTATE,0.012218000169
TECHNOLOGY,0.332072280822
UTILITIES,0.024763169425
