SECTOR,WEIGHT
COMMUNICATION SERVICES,0.079904228281
CONSUMER DISCRETIONARY,0.110226725633
CONSUMER STAPLES,0.067169940904
ENERGY,0.038378346273
FINANCIALS,0.127718144605
HEALTH CARE,0.103056161066
INDUSTRIALS,0.081758313669
MATERIALS,0.020447028622
REAL ESTATE,0.013334444905
TECHNOLOGY,0.332491148699
UTILITIES,0.025515517343
