SECTOR,WEIGHT
COMMUNICATION SERVICES,0.050111138825
CONSUMER DISCRETIONARY,0.08720516157
CONSUMER STAPLES,0.017551820543
FINANCIALS,0.172304745763
HEALTH CARE,0.10081528517
INDUSTRIALS,0.100469698017
TECHNOLOGY,0.471542150113
