SECTOR,WEIGHT
COMMUNICATION SERVICES,0.049352826241
CONSUMER DISCRETIONARY,0.087015321441
CONSUMER STAPLES,0.018041265535
FINANCIALS,0.189279903277
HEALTH CARE,0.071045252539
INDUSTRIALS,0.10424555209
TECHNOLOGY,0.481019878876
