SECTOR,WEIGHT
COMMUNICATION SERVICES,0.04919708117
CONSUMER DISCRETIONARY,0.084697606688
CONSUMER STAPLES,0.017157551007
FINANCIALS,0.173025698216
HEALTH CARE,0.066368672727
INDUSTRIALS,0.105153683839
TECHNOLOGY,0.504399706352
