SECTOR,WEIGHT
COMMUNICATION SERVICES,0.069236371359
CONSUMER DISCRETIONARY,0.078367378014
FINANCIALS,0.189103498433
HEALTH CARE,0.085569002461
INDUSTRIALS,0.11651925826
TECHNOLOGY,0.461204491474
