SECTOR,WEIGHT
COMMUNICATION SERVICES,0.049025935629
CONSUMER DISCRETIONARY,0.084076818691
CONSUMER STAPLES,0.017006789085
FINANCIALS,0.183546841081
HEALTH CARE,0.068570363347
INDUSTRIALS,0.113176478134
TECHNOLOGY,0.484596774032
