SECTOR,WEIGHT
COMMUNICATION SERVICES,0.05001931422
CONSUMER DISCRETIONARY,0.087436727118
CONSUMER STAPLES,0.017239320741
FINANCIALS,0.169001931422
HEALTH CARE,0.096545012165
INDUSTRIALS,0.099306193092
TECHNOLOGY,0.480451501242
