SECTOR,WEIGHT
COMMUNICATION SERVICES,0.053952100007
CONSUMER DISCRETIONARY,0.089024671201
CONSUMER STAPLES,0.017057486002
FINANCIALS,0.170916430439
HEALTH CARE,0.099800667114
INDUSTRIALS,0.097443731031
TECHNOLOGY,0.471804914207
