SECTOR,WEIGHT
COMMUNICATION SERVICES,0.170805128568
CONSUMER DISCRETIONARY,0.0013970584
CONSUMER STAPLES,0.027311587419
FINANCIALS,0.000564663411
HEALTH CARE,0.131247498106
INDUSTRIALS,0.047837581071
MATERIALS,0.01014198354
TECHNOLOGYQ,0.610694499485
