SECTOR,WEIGHT
COMMUNICATION SERVICES,0.148691430984
CONSUMER DISCRETIONARY,0.058463486703
CONSUMER STAPLES,0.048121570283
HEALTH CARE,0.070388349515
INDUSTRIALS,0.070177289996
MATERIALS,0.01044744618
TECHNOLOGY,0.59371042634
