SECTOR,WEIGHT
COMMUNICATION SERVICES,0.176252808214
CONSUMER DISCRETIONARY,0.001608385919
CONSUMER STAPLES,0.029653186337
FINANCIALS,0.000094512512
HEALTH CARE,0.131389719974
INDUSTRIALS,0.051001179284
MATERIALS,0.010819363429
TECHNOLOGY,0.59918084433
