SECTOR,WEIGHT
COMMUNICATION SERVICES,0.190616228236
CONSUMER DISCRETIONARY,0.00222536908
CONSUMER STAPLES,0.041497380638
HEALTH CARE,0.077684769912
INDUSTRIALS,0.067848630503
MATERIALS,0.014297310346
TECHNOLOGY,0.608623083699
