SECTOR,WEIGHT
COMMUNICATION SERVICES,0.149881163239
CONSUMER DISCRETIONARY,0.057849138036
CONSUMER STAPLES,0.05251947733
FINANCIALS,0.000088617094
HEALTH CARE,0.077861755317
INDUSTRIALS,0.073827746001
MATERIALS,0.011572128008
TECHNOLOGY,0.576399974975
