SECTOR,WEIGHT
COMMUNICATION SERVICES,0.047517764083
HEALTH CARE,0.241639916734
INDUSTRIALS,0.023485034107
TECHNOLOGY,0.687357285076
