SECTOR,WEIGHT
COMMUNICATION SERVICES,0.044909119562
HEALTH CARE,0.213334179272
INDUSTRIALS,0.025568501604
TECHNOLOGY,0.716188199562
