SECTOR,WEIGHT
COMMUNICATION SERVICES,0.044927198402
HEALTH CARE,0.211461168277
INDUSTRIALS,0.025411183464
TECHNOLOGY,0.718200449857
