SECTOR,WEIGHT
COMMUNICATION SERVICES,0.047421548985
HEALTH CARE,0.177939771845
INDUSTRIALS,0.035478794887
TECHNOLOGY,0.739159884283
