SECTOR,WEIGHT
COMMUNICATION SERVICES,0.01516105277
CONSUMER DISCRETIONARY,0.19270748217
CONSUMER STAPLES,0.044652926994
ENERGY,0.102807452915
FINANCIALS,0.159191558474
HEALTH CARE,0.141445994613
INDUSTRIALS,0.14624176578
MATERIALS,0.022744101121
REAL ESTATE,0.009213247385
TECHNOLOGY,0.154887066348
UTILITIES,0.010947351431
