SECTOR,WEIGHT
COMMUNICATION SERVICES,0.020791314208
CONSUMER DISCRETIONARY,0.242924230109
CONSUMER STAPLES,0.030514665302
ENERGY,0.009577852032
FINANCIALS,0.236761090541
HEALTH CARE,0.069252536199
INDUSTRIALS,0.1928304083
MATERIALS,0.03883921852
REAL ESTATE,0.010449842961
TECHNOLOGY,0.138362583662
UTILITIES,0.009696258166
