SECTOR,WEIGHT
COMMUNICATION SERVICES,0.015971268468
CONSUMER DISCRETIONARY,0.190038618844
CONSUMER STAPLES,0.044405111371
ENERGY,0.110238786963
FINANCIALS,0.157540059356
HEALTH CARE,0.140289232638
INDUSTRIALS,0.14598064315
MATERIALS,0.022676839895
REAL ESTATE,0.009244505619
TECHNOLOGY,0.153865870407
UTILITIES,0.009749063289
