SECTOR,WEIGHT
COMMUNICATION SERVICES,0.014806543713
CONSUMER DISCRETIONARY,0.186058063135
CONSUMER STAPLES,0.043337358204
ENERGY,0.131591062364
FINANCIALS,0.156054267103
HEALTH CARE,0.136104907785
INDUSTRIALS,0.137315397755
MATERIALS,0.020011953462
REAL ESTATE,0.008483525625
TECHNOLOGY,0.157223364173
UTILITIES,0.00901355668
