SECTOR,WEIGHT
COMMUNICATION SERVICES,0.017757001802
CONSUMER DISCRETIONARY,0.202183024552
CONSUMER STAPLES,0.040639611261
ENERGY,0.09543619123
FINANCIALS,0.164099154275
HEALTH CARE,0.142361734715
INDUSTRIALS,0.14423439767
MATERIALS,0.021770715829
REAL ESTATE,0.009911189767
TECHNOLOGY,0.152508016329
UTILITIES,0.009098962569
