SECTOR,WEIGHT
COMMUNICATION SERVICES,0.016338287263
CONSUMER DISCRETIONARY,0.197326168692
CONSUMER STAPLES,0.040991955915
ENERGY,0.103517169321
FINANCIALS,0.166557744752
HEALTH CARE,0.135150917365
INDUSTRIALS,0.145888802827
MATERIALS,0.022908900938
REAL ESTATE,0.009459061497
TECHNOLOGY,0.152604645721
UTILITIES,0.00925634571
