SECTOR,WEIGHT
COMMUNICATION SERVICES,0.014676684744
CONSUMER DISCRETIONARY,0.184703244766
CONSUMER STAPLES,0.044277476495
ENERGY,0.136256955595
FINANCIALS,0.154165278072
HEALTH CARE,0.134836044879
INDUSTRIALS,0.137103240727
MATERIALS,0.020408802173
REAL ESTATE,0.008425485503
TECHNOLOGY,0.155885115279
UTILITIES,0.009261671767
