SECTOR,WEIGHT
COMMUNICATION SERVICES,0.019890521824
CONSUMER DISCRETIONARY,0.244349065476
CONSUMER STAPLES,0.030200945686
ENERGY,0.009599290483
FINANCIALS,0.234104300236
HEALTH CARE,0.075767018967
INDUSTRIALS,0.18931299869
MATERIALS,0.03882141764
REAL ESTATE,0.010346788637
TECHNOLOGYQ,0.13721742802
UTILITIES,0.01039022434
