SECTOR,WEIGHT
COMMUNICATION SERVICES,0.276206322795
CONSUMER DISCRETIONARY,0.164203668609
CONSUMER STAPLES,0.049005936732
FINANCIALS,0.049116527841
HEALTH CARE,0.101881556922
INDUSTRIALS,0.042368459416
TECHNOLOGY,0.317217527685
