SECTOR,WEIGHT
COMMUNICATION SERVICES,0.278272172783
CONSUMER DISCRETIONARY,0.176682331767
CONSUMER STAPLES,0.044395560444
FINANCIALS,0.046395360464
HEALTH CARE,0.088291170883
INDUSTRIALS,0.0399960004
TECHNOLOGY,0.32596740326
