SECTOR,WEIGHT
COMMUNICATION SERVICES,0.273533746599
CONSUMER DISCRETIONARY,0.167796010367
CONSUMER STAPLES,0.047648585773
FINANCIALS,0.046447191956
HEALTH CARE,0.102132549428
INDUSTRIALS,0.040099409055
TECHNOLOGY,0.322342506821
