SECTOR,WEIGHT
COMMUNICATION SERVICES,0.043495975512
CONSUMER DISCRETIONARY,0.099732750881
CONSUMER STAPLES,0.023788846943
ENERGY,0.015381788206
FINANCIALS,0.210141815299
HEALTH CARE,0.231798969857
INDUSTRIALS,0.16635811382
MATERIALS,0.042480533868
TECHNOLOGY,0.166821205614
