SECTOR,WEIGHT
COMMUNICATION SERVICES,0.03795143658
CONSUMER DISCRETIONARY,0.083379427357
CONSUMER STAPLES,0.015819054544
ENERGY,0.067021746021
FINANCIALS,0.161755840475
HEALTH CARE,0.206719783555
INDUSTRIALS,0.156269097945
MATERIALS,0.057251884676
TECHNOLOGY,0.213831728847
