SECTOR,WEIGHT
COMMUNICATION SERVICES,0.041091455757
CONSUMER DISCRETIONARY,0.088251256568
CONSUMER STAPLES,0.01925133803
ENERGY,0.051314332022
FINANCIALS,0.173673581011
HEALTH CARE,0.210795645095
INDUSTRIALS,0.180249737366
MATERIALS,0.04700639948
TECHNOLOGY,0.188366254669
