SECTOR,WEIGHT
COMMUNICATION SERVICES,0.096058287065
CONSUMER DISCRETIONARY,0.08627689491
CONSUMER STAPLES,0.02007484437
ENERGY,0.013742019962
FINANCIALS,0.211616657209
HEALTH CARE,0.205942195734
INDUSTRIALS,0.121021737472
MATERIALS,0.028952293768
TECHNOLOGY,0.21631506951
