SECTOR,WEIGHT
COMMUNICATION SERVICES,0.040628937732
CONSUMER DISCRETIONARY,0.098460214635
CONSUMER STAPLES,0.023808215008
ENERGY,0.048579456561
FINANCIALS,0.179705404788
HEALTH CARE,0.236426716957
INDUSTRIALS,0.168206170135
MATERIALS,0.044515928522
TECHNOLOGY,0.159668955661
