SECTOR,WEIGHT
COMMUNICATION SERVICES,0.045731707317
CONSUMER DISCRETIONARY,0.085817524842
ENERGY,0.06549232159
FINANCIALS,0.166666666667
HEALTH CARE,0.205962059621
INDUSTRIALS,0.157633242999
MATERIALS,0.02337398374
TECHNOLOGY,0.249322493225
