SECTOR,WEIGHT
COMMUNICATION SERVICES,0.044014756126
CONSUMER DISCRETIONARY,0.0973244042
CONSUMER STAPLES,0.020541197678
ENERGY,0.013143222453
FINANCIALS,0.218868557295
HEALTH CARE,0.234750256765
INDUSTRIALS,0.161482110294
MATERIALS,0.040405374248
TECHNOLOGY,0.169470120942
