SECTOR,WEIGHT
COMMUNICATION SERVICES,0.042721027813
CONSUMER DISCRETIONARY,0.097110330716
CONSUMER STAPLES,0.023299595184
ENERGY,0.047905285409
FINANCIALS,0.186808545684
HEALTH CARE,0.229799872875
INDUSTRIALS,0.166627951912
MATERIALS,0.043763158617
TECHNOLOGY,0.16196423179
