SECTOR,WEIGHT
COMMUNICATION SERVICES,0.042495118918
CONSUMER DISCRETIONARY,0.100043001889
CONSUMER STAPLES,0.025019950143
ENERGY,0.015887568459
FINANCIALS,0.209453897033
HEALTH CARE,0.229272616208
INDUSTRIALS,0.167448726292
MATERIALS,0.043053407505
TECHNOLOGY,0.167325713553
