SECTOR,WEIGHT
COMMUNICATION SERVICES,0.040469950948
CONSUMER DISCRETIONARY,0.085276558793
CONSUMER STAPLES,0.018050623621
ENERGY,0.049363457334
FINANCIALS,0.16860136354
HEALTH CARE,0.209645055746
INDUSTRIALS,0.178939043868
MATERIALS,0.067655982674
TECHNOLOGY,0.181997963477
