SECTOR,WEIGHT
COMMUNICATION SERVICES,0.044671859507
CONSUMER DISCRETIONARY,0.097189185177
CONSUMER STAPLES,0.026971308585
ENERGY,0.045894598421
FINANCIALS,0.183924111711
HEALTH CARE,0.225824924573
INDUSTRIALS,0.164453611746
MATERIALS,0.046962506562
TECHNOLOGY,0.164107893718
