SECTOR,WEIGHT
COMMUNICATION SERVICES,0.05046935961
CONSUMER DISCRETIONARY,0.069862037498
CONSUMER STAPLES,0.015784427822
ENERGY,0.102675683019
FINANCIALS,0.163806760214
HEALTH CARE,0.182583195337
INDUSTRIALS,0.129234618283
MATERIALS,0.055029145924
TECHNOLOGY,0.230554772293
