SECTOR,WEIGHT
COMMUNICATION SERVICES,0.146115454716
CONSUMER DISCRETIONARY,0.097670485231
CONSUMER STAPLES,0.038161598126
ENERGY,0.029027503484
FINANCIALS,0.133153777633
HEALTH CARE,0.135096626417
INDUSTRIALS,0.062335486599
MATERIALS,0.019992605351
REAL ESTATE,0.0127743059
TECHNOLOGY,0.316435859438
UTILITIES,0.009236297105
