SECTOR,WEIGHT
COMMUNICATION SERVICES,0.150037826933
CONSUMER DISCRETIONARY,0.096497706367
CONSUMER STAPLES,0.037673823763
ENERGY,0.023356629921
FINANCIALS,0.131827861437
HEALTH CARE,0.133546084812
INDUSTRIALS,0.063706358928
MATERIALS,0.021554346695
REAL ESTATE,0.01273206523
TECHNOLOGY,0.319751663184
UTILITIES,0.009315632731
