SECTOR,WEIGHT
COMMUNICATION SERVICES,0.150919239102
CONSUMER DISCRETIONARY,0.108218259256
CONSUMER STAPLES,0.039819490857
ENERGY,0.018975316848
FINANCIALS,0.127412144163
HEALTH CARE,0.119245920146
INDUSTRIALS,0.054085568392
MATERIALS,0.020198495891
REAL ESTATE,0.012326035366
TECHNOLOGY,0.340268357461
UTILITIES,0.008531172517
