SECTOR,WEIGHT
COMMUNICATION SERVICES,0.153545281316
CONSUMER DISCRETIONARY,0.108414401765
CONSUMER STAPLES,0.037809647979
ENERGY,0.017952060977
FINANCIALS,0.121051048039
HEALTH CARE,0.11583592418
INDUSTRIALS,0.053154147026
MATERIALS,0.019857587002
REAL ESTATE,0.012536355431
TECHNOLOGY,0.352221442182
UTILITIES,0.007622104102
