SECTOR,WEIGHT
COMMUNICATION SERVICES,0.163674813256
CONSUMER DISCRETIONARY,0.102757975879
CONSUMER STAPLES,0.036040681448
ENERGY,0.020600550953
FINANCIALS,0.126315937313
HEALTH CARE,0.128620269698
INDUSTRIALS,0.058253362199
MATERIALS,0.022873784382
REAL ESTATE,0.012688374407
TECHNOLOGYQ,0.317689889228
UTILITIES,0.010484361237
