SECTOR,WEIGHT
COMMUNICATION SERVICES,0.152743420618
CONSUMER DISCRETIONARY,0.09705377477
CONSUMER STAPLES,0.03817533936
ENERGY,0.026421685371
FINANCIALS,0.128736362016
HEALTH CARE,0.132798463292
INDUSTRIALS,0.061687654858
MATERIALS,0.020347562038
REAL ESTATE,0.012641988266
TECHNOLOGY,0.320078758295
UTILITIES,0.009314991117
