SECTOR,WEIGHT
COMMUNICATION SERVICES,0.155219143161
CONSUMER DISCRETIONARY,0.10709316655
CONSUMER STAPLES,0.0353949918
ENERGY,0.02067434467
FINANCIALS,0.12489106293
HEALTH CARE,0.136746474006
INDUSTRIALS,0.057173232111
MATERIALS,0.019266699352
REAL ESTATE,0.012084752276
TECHNOLOGY,0.322516922832
UTILITIES,0.008939210312
