SECTOR,WEIGHT
COMMUNICATION SERVICES,0.148143250291
CONSUMER DISCRETIONARY,0.097688868318
CONSUMER STAPLES,0.037280260156
ENERGY,0.028116481277
FINANCIALS,0.132141951914
HEALTH CARE,0.133242967874
INDUSTRIALS,0.062330126462
MATERIALS,0.019862367996
REAL ESTATE,0.01260007073
TECHNOLOGY,0.319588165932
UTILITIES,0.00900548905
