SECTOR,WEIGHT
COMMUNICATION SERVICES,0.155380236701
CONSUMER DISCRETIONARY,0.109370407118
CONSUMER STAPLES,0.036341766094
ENERGY,0.021599398869
FINANCIALS,0.126320868952
HEALTH CARE,0.126029934179
INDUSTRIALS,0.062909127025
MATERIALS,0.020672420487
REAL ESTATE,0.012175118656
TECHNOLOGY,0.320090450618
UTILITIES,0.009110271302
