SECTOR,WEIGHT
COMMUNICATION SERVICES,0.154673948767
CONSUMER DISCRETIONARY,0.107997278258
CONSUMER STAPLES,0.035268068478
ENERGY,0.019854244078
FINANCIALS,0.131487882318
HEALTH CARE,0.124184005041
INDUSTRIALS,0.059516498802
MATERIALS,0.020355776315
REAL ESTATE,0.012113159342
TECHNOLOGY,0.325533619244
UTILITIES,0.009015519357
