SECTOR,WEIGHT
COMMUNICATION SERVICES,0.149437789623
CONSUMER DISCRETIONARY,0.09612561652
CONSUMER STAPLES,0.038041384527
ENERGY,0.023671173222
FINANCIALS,0.13322539748
HEALTH CARE,0.136989810469
INDUSTRIALS,0.064789530089
MATERIALS,0.021395714653
REAL ESTATE,0.012960307557
TECHNOLOGY,0.313929228636
UTILITIES,0.009434047224
