SECTOR,WEIGHT
COMMUNICATION SERVICES,0.072625625114
CONSUMER DISCRETIONARY,0.082110322484
CONSUMER STAPLES,0.06775374262
ENERGY,0.070373652118
FINANCIALS,0.204772287628
HEALTH CARE,0.10396071043
INDUSTRIALS,0.130287827148
MATERIALS,0.035341056976
REAL ESTATE,0.043832829815
TECHNOLOGY,0.137411682639
UTILITIES,0.051530263029
