SECTOR,WEIGHT
COMMUNICATION SERVICES,0.070620193325
CONSUMER DISCRETIONARY,0.08394432069
CONSUMER STAPLES,0.073408190624
ENERGY,0.065719527069
FINANCIALS,0.207034502223
HEALTH CARE,0.11070244227
INDUSTRIALS,0.13881122053
MATERIALS,0.0377730292
REAL ESTATE,0.04282892018
TECHNOLOGY,0.117162411426
UTILITIES,0.051995242463
