SECTOR,WEIGHT
COMMUNICATION SERVICES,0.072746721292
CONSUMER DISCRETIONARY,0.083067683208
CONSUMER STAPLES,0.071447762883
ENERGY,0.074503244366
FINANCIALS,0.201287039506
HEALTH CARE,0.109789257634
INDUSTRIALS,0.136401743796
MATERIALS,0.035107229724
REAL ESTATE,0.043425209894
TECHNOLOGY,0.11827996089
UTILITIES,0.053944146809
