SECTOR,WEIGHT
COMMUNICATION SERVICES,0.074561200249
CONSUMER DISCRETIONARY,0.088659613095
CONSUMER STAPLES,0.071172100577
ENERGY,0.062944164482
FINANCIALS,0.213887047474
HEALTH CARE,0.109705478776
INDUSTRIALS,0.132780371431
MATERIALS,0.036000620596
REAL ESTATE,0.041836843664
TECHNOLOGY,0.119186696676
UTILITIES,0.049265862981
