SECTOR,WEIGHT
COMMUNICATION SERVICES,0.078417555869
CONSUMER DISCRETIONARY,0.081135494262
CONSUMER STAPLES,0.067545802295
ENERGY,0.067545802295
FINANCIALS,0.198006845178
HEALTH CARE,0.10167102879
INDUSTRIALS,0.12774310449
MATERIALS,0.03462854842
REAL ESTATE,0.043084356755
TECHNOLOGY,0.150795248641
UTILITIES,0.049426213006
