SECTOR,WEIGHT
COMMUNICATION SERVICES,0.07449018241
CONSUMER DISCRETIONARY,0.090732622282
CONSUMER STAPLES,0.067707724729
ENERGY,0.057668518839
FINANCIALS,0.226473444356
HEALTH CARE,0.116789629982
INDUSTRIALS,0.129797483248
MATERIALS,0.035047566858
REAL ESTATE,0.043446814169
TECHNOLOGY,0.108673446774
UTILITIES,0.049172566354
