SECTOR,WEIGHT
COMMUNICATION SERVICES,0.074077706022
CONSUMER DISCRETIONARY,0.091545992373
CONSUMER STAPLES,0.069340372274
ENERGY,0.058937648358
FINANCIALS,0.225416614434
HEALTH CARE,0.117364764589
INDUSTRIALS,0.129798496508
MATERIALS,0.035178190876
REAL ESTATE,0.043599443571
TECHNOLOGY,0.104898682119
UTILITIES,0.049842088875
