SECTOR,WEIGHT
COMMUNICATION SERVICES,0.068922849977
CONSUMER DISCRETIONARY,0.08275639004
CONSUMER STAPLES,0.070054401109
ENERGY,0.081514001308
FINANCIALS,0.205407262684
HEALTH CARE,0.110577635189
INDUSTRIALS,0.135078790419
MATERIALS,0.035500275583
REAL ESTATE,0.043055369427
TECHNOLOGY,0.113854397683
UTILITIES,0.053278626581
