SECTOR,WEIGHT
COMMUNICATION SERVICES,0.075884188732
CONSUMER DISCRETIONARY,0.093157484894
CONSUMER STAPLES,0.069268241643
ENERGY,0.058381507543
FINANCIALS,0.217559625016
HEALTH CARE,0.120605214284
INDUSTRIALS,0.131391340916
MATERIALS,0.034597902133
REAL ESTATE,0.044450391464
TECHNOLOGYQ,0.101634670138
UTILITIES,0.053069433238
