SECTOR,WEIGHT
COMMUNICATION SERVICES,0.035419944519
CONSUMER DISCRETIONARY,0.063960176233
CONSUMER STAPLES,0.19667718937
ENERGY,0.059244097851
FINANCIALS,0.096785371092
HEALTH CARE,0.054316490964
INDUSTRIALS,0.071865298648
MATERIALS,0.009574183047
REAL ESTATE,0.138861412567
TECHNOLOGY,0.031140017768
UTILITIES,0.24215581794
