SECTOR,WEIGHT
COMMUNICATION SERVICES,0.03614241982
CONSUMER DISCRETIONARY,0.064805122164
CONSUMER STAPLES,0.198921320788
ENERGY,0.064154123219
FINANCIALS,0.095498941215
HEALTH CARE,0.055447402931
INDUSTRIALS,0.073980561692
MATERIALS,0.01006288129
REAL ESTATE,0.13384746626
TECHNOLOGY,0.030366757182
UTILITIES,0.236773003438
