SECTOR,WEIGHT
COMMUNICATION SERVICES,0.039610640623
CONSUMER DISCRETIONARY,0.061266067314
CONSUMER STAPLES,0.18805846884
ENERGY,0.063511356822
FINANCIALS,0.079890911194
HEALTH CARE,0.049165042476
INDUSTRIALS,0.080401250382
MATERIALS,0.009301768736
REAL ESTATE,0.148141421787
TECHNOLOGY,0.025554499254
UTILITIES,0.255098572572
