SECTOR,WEIGHT
COMMUNICATION SERVICES,0.039201094314
CONSUMER DISCRETIONARY,0.062448172482
CONSUMER STAPLES,0.193430675411
ENERGY,0.060827154531
FINANCIALS,0.081023559942
HEALTH CARE,0.050422669546
INDUSTRIALS,0.081202773044
MATERIALS,0.009739270248
REAL ESTATE,0.148431986603
TECHNOLOGY,0.025136409521
UTILITIES,0.248136234358
