SECTOR,WEIGHT
COMMUNICATION SERVICES,0.039118780876
CONSUMER DISCRETIONARY,0.060866790898
CONSUMER STAPLES,0.186878036786
ENERGY,0.065345637291
FINANCIALS,0.079751509375
HEALTH CARE,0.049026501196
INDUSTRIALS,0.080226015107
MATERIALS,0.009182244747
REAL ESTATE,0.147605829003
TECHNOLOGY,0.025736093527
UTILITIES,0.256262561193
