SECTOR,WEIGHT
COMMUNICATION SERVICES,0.033569862919
CONSUMER DISCRETIONARY,0.065088475963
CONSUMER STAPLES,0.194159351858
ENERGY,0.061708518101
FINANCIALS,0.096021162179
HEALTH CARE,0.054893956352
INDUSTRIALS,0.074960179239
MATERIALS,0.009868667386
REAL ESTATE,0.137729235016
TECHNOLOGY,0.028569751603
UTILITIES,0.243430839383
