SECTOR,WEIGHT
COMMUNICATION SERVICES,0.034477157811
CONSUMER DISCRETIONARY,0.062328244737
CONSUMER STAPLES,0.209665508517
ENERGY,0.059626567235
FINANCIALS,0.09397761986
HEALTH CARE,0.054469369555
INDUSTRIALS,0.069758362287
MATERIALS,0.009251076434
REAL ESTATE,0.135529783018
TECHNOLOGY,0.031668543112
UTILITIES,0.239247767434
