SECTOR,WEIGHT
COMMUNICATION SERVICES,0.077383075052
CONSUMER DISCRETIONARY,0.101356217899
CONSUMER STAPLES,0.117385526108
ENERGY,0.080595566601
FINANCIALS,0.244351268573
HEALTH CARE,0.096467163374
INDUSTRIALS,0.108411042211
MATERIALS,0.132269668474
TECHNOLOGY,0.041780471708
