SECTOR,WEIGHT
COMMUNICATION SERVICES,0.099043400792
CONSUMER DISCRETIONARY,0.134371439343
CONSUMER STAPLES,0.077674718359
ENERGY,0.07628573294
FINANCIALS,0.29485032866
HEALTH CARE,0.068878512743
INDUSTRIALS,0.043703020385
MATERIALS,0.142302030088
TECHNOLOGY,0.06289081669
