SECTOR,WEIGHT
COMMUNICATION SERVICES,0.081129345177
CONSUMER DISCRETIONARY,0.096607034056
CONSUMER STAPLES,0.116465976142
ENERGY,0.076085692984
FINANCIALS,0.260056238776
HEALTH CARE,0.101876162455
INDUSTRIALS,0.102806126539
MATERIALS,0.123334482427
TECHNOLOGY,0.041638941444
