SECTOR,WEIGHT
COMMUNICATION SERVICES,0.082874138126
CONSUMER DISCRETIONARY,0.093971523842
CONSUMER STAPLES,0.10986775178
ENERGY,0.101282315232
FINANCIALS,0.225891747001
HEALTH CARE,0.096323006992
INDUSTRIALS,0.108352912206
MATERIALS,0.13833785464
TECHNOLOGY,0.043098750182
