SECTOR,WEIGHT
COMMUNICATION SERVICES,0.081627339071
CONSUMER DISCRETIONARY,0.099250109834
CONSUMER STAPLES,0.117778700465
ENERGY,0.08179824848
FINANCIALS,0.239138455723
HEALTH CARE,0.093916730925
INDUSTRIALS,0.108984908699
MATERIALS,0.13577445588
TECHNOLOGY,0.041731050922
