SECTOR,WEIGHT
COMMUNICATION SERVICES,0.081679990059
CONSUMER DISCRETIONARY,0.098226724304
CONSUMER STAPLES,0.121809785799
ENERGY,0.077488500934
FINANCIALS,0.259607642674
HEALTH CARE,0.099422849425
INDUSTRIALS,0.0995410476
MATERIALS,0.122714961565
TECHNOLOGY,0.039508497641
