SECTOR,WEIGHT
COMMUNICATION SERVICES,0.033450981974
CONSUMER DISCRETIONARY,0.120303784454
CONSUMER STAPLES,0.0707296609
ENERGY,0.118084747174
FINANCIALS,0.207840699167
HEALTH CARE,0.100004281198
INDUSTRIALS,0.126010441854
MATERIALS,0.061968436982
REAL ESTATE,0.030054315066
TECHNOLOGY,0.050438166453
UTILITIES,0.081114484778
