SECTOR,WEIGHT
COMMUNICATION SERVICES,0.031155050403
CONSUMER DISCRETIONARY,0.116959885065
CONSUMER STAPLES,0.062841475184
ENERGY,0.131908525037
FINANCIALS,0.218422568994
HEALTH CARE,0.076119679597
INDUSTRIALS,0.113488606559
MATERIALS,0.068692852518
REAL ESTATE,0.035315165324
TECHNOLOGY,0.050986984621
UTILITIES,0.094109206699
