SECTOR,WEIGHT
COMMUNICATION SERVICES,0.031448364469
CONSUMER DISCRETIONARY,0.118049514379
CONSUMER STAPLES,0.061246642639
ENERGY,0.128248970825
FINANCIALS,0.224843016232
HEALTH CARE,0.077801022568
INDUSTRIALS,0.111197733281
MATERIALS,0.06727126678
REAL ESTATE,0.036111278152
TECHNOLOGY,0.050326432668
UTILITIES,0.093455758009
