SECTOR,WEIGHT
COMMUNICATION SERVICES,0.032568657355
CONSUMER DISCRETIONARY,0.119875166328
CONSUMER STAPLES,0.071654964188
ENERGY,0.119578794837
FINANCIALS,0.203704632048
HEALTH CARE,0.102944778053
INDUSTRIALS,0.121827188018
MATERIALS,0.061478404674
REAL ESTATE,0.0307307111
TECHNOLOGY,0.048177115831
UTILITIES,0.087459587568
