SECTOR,WEIGHT
COMMUNICATION SERVICES,0.038617524129
CONSUMER DISCRETIONARY,0.11808814698
CONSUMER STAPLES,0.0603054558
ENERGY,0.08962672178
FINANCIALS,0.267256715932
HEALTH CARE,0.06928166719
INDUSTRIALS,0.104163726526
MATERIALS,0.05666160765
REAL ESTATE,0.070138813542
TECHNOLOGY,0.051662002396
UTILITIES,0.074197618075
