SECTOR,WEIGHT
COMMUNICATION SERVICES,0.03160347628
CONSUMER DISCRETIONARY,0.112132186441
CONSUMER STAPLES,0.064139726223
ENERGY,0.145819138666
FINANCIALS,0.20692618391
HEALTH CARE,0.074957992151
INDUSTRIALS,0.111173980255
MATERIALS,0.069799571203
REAL ESTATE,0.033826289929
TECHNOLOGY,0.04930526715
UTILITIES,0.100316187792
