SECTOR,WEIGHT
COMMUNICATION SERVICES,0.034430574899
CONSUMER DISCRETIONARY,0.117501171851
CONSUMER STAPLES,0.06979995223
ENERGY,0.116675612522
FINANCIALS,0.208459101695
HEALTH CARE,0.100672017249
INDUSTRIALS,0.126096599176
MATERIALS,0.062831237956
REAL ESTATE,0.030283711479
TECHNOLOGY,0.050581306301
UTILITIES,0.08266871464
