SECTOR,WEIGHT
COMMUNICATION SERVICES,0.033809619642
CONSUMER DISCRETIONARY,0.105453813645
CONSUMER STAPLES,0.021030388408
ENERGY,0.017508553029
FINANCIALS,0.077077882874
HEALTH CARE,0.151841416784
INDUSTRIALS,0.272791306098
MATERIALS,0.034010867378
REAL ESTATE,0.038840813041
TECHNOLOGY,0.234151740793
UTILITIES,0.01348359831
