SECTOR,WEIGHT
COMMUNICATION SERVICES,0.035475948897
CONSUMER DISCRETIONARY,0.113432472337
CONSUMER STAPLES,0.022405869572
ENERGY,0.017829269229
FINANCIALS,0.078944610961
HEALTH CARE,0.162056632937
INDUSTRIALS,0.272810363407
MATERIALS,0.037241404261
REAL ESTATE,0.040597514255
TECHNOLOGY,0.205352464532
UTILITIES,0.013853449612
