SECTOR,WEIGHT
COMMUNICATION SERVICES,0.053261311897
CONSUMER DISCRETIONARY,0.133285695816
CONSUMER STAPLES,0.018570021237
ENERGY,0.01311475284
FINANCIALS,0.121516284958
HEALTH CARE,0.136759715158
INDUSTRIALS,0.235035892962
MATERIALS,0.030894121705
REAL ESTATE,0.021156739044
TECHNOLOGY,0.219937258142
UTILITIES,0.01646820624
