SECTOR,WEIGHT
COMMUNICATION SERVICES,0.03960139236
CONSUMER DISCRETIONARY,0.119538748307
CONSUMER STAPLES,0.025033836965
ENERGY,0.019107643311
FINANCIALS,0.123394088208
HEALTH CARE,0.15145256989
INDUSTRIALS,0.265276354656
MATERIALS,0.031658062823
REAL ESTATE,0.037632369493
TECHNOLOGY,0.169175609065
UTILITIES,0.018129324921
