SECTOR,WEIGHT
COMMUNICATION SERVICES,0.052598252424
CONSUMER DISCRETIONARY,0.135340020948
CONSUMER STAPLES,0.018531553238
ENERGY,0.012860264189
FINANCIALS,0.121080373095
HEALTH CARE,0.136366553924
INDUSTRIALS,0.233755449235
MATERIALS,0.031203499585
REAL ESTATE,0.020868323359
TECHNOLOGY,0.22094384634
UTILITIES,0.016451863662
