SECTOR,WEIGHT
COMMUNICATION SERVICES,0.041557559729
CONSUMER DISCRETIONARY,0.119150956238
CONSUMER STAPLES,0.023918878706
ENERGY,0.021122860297
FINANCIALS,0.118873315638
HEALTH CARE,0.148393249222
INDUSTRIALS,0.260545000341
MATERIALS,0.028393430889
REAL ESTATE,0.038552420778
TECHNOLOGY,0.180830338303
UTILITIES,0.018661989858
