SECTOR,WEIGHT
COMMUNICATION SERVICES,0.042356477767
CONSUMER DISCRETIONARY,0.118302354685
CONSUMER STAPLES,0.02335181415
ENERGY,0.020820379555
FINANCIALS,0.120809217597
HEALTH CARE,0.148757566883
INDUSTRIALS,0.262122087861
MATERIALS,0.03055681763
REAL ESTATE,0.037959475496
TECHNOLOGY,0.177224657849
UTILITIES,0.017739150527
