SECTOR,WEIGHT
COMMUNICATION SERVICES,0.051392247339
CONSUMER DISCRETIONARY,0.130313069912
CONSUMER STAPLES,0.018389965723
ENERGY,0.013279119836
FINANCIALS,0.119010446162
HEALTH CARE,0.143048764017
INDUSTRIALS,0.233804520732
MATERIALS,0.030165889439
REAL ESTATE,0.021962132032
TECHNOLOGY,0.221119714628
UTILITIES,0.01751413018
