SECTOR,WEIGHT
COMMUNICATION SERVICES,0.035512854317
CONSUMER DISCRETIONARY,0.113224828524
CONSUMER STAPLES,0.021213926599
ENERGY,0.017264826944
FINANCIALS,0.079911573322
HEALTH CARE,0.159370667851
INDUSTRIALS,0.270162452695
MATERIALS,0.036239030191
REAL ESTATE,0.040304895397
TECHNOLOGY,0.213001272598
UTILITIES,0.013793671561
