SECTOR,WEIGHT
COMMUNICATION SERVICES,0.05284075285
CONSUMER DISCRETIONARY,0.12991657351
CONSUMER STAPLES,0.018379801563
ENERGY,0.013891029047
FINANCIALS,0.119647429428
HEALTH CARE,0.13998006407
INDUSTRIALS,0.233080349412
MATERIALS,0.029723253398
REAL ESTATE,0.021559571596
TECHNOLOGY,0.224493267262
UTILITIES,0.016487907865
