SECTOR,WEIGHT
COMMUNICATION SERVICES,0.156386185565
CONSUMER DISCRETIONARY,0.164058107168
CONSUMER STAPLES,0.017338204458
ENERGY,0.000639907328
FINANCIALS,0.03728778812
HEALTH CARE,0.051334898436
INDUSTRIALS,0.044035177985
MATERIALS,0.007444023037
REAL ESTATE,0.005409854175
TECHNOLOGY,0.511908944073
UTILITIES,0.004156909656
