SECTOR,WEIGHT
COMMUNICATION SERVICES,0.156352124183
CONSUMER DISCRETIONARY,0.172385620915
CONSUMER STAPLES,0.011233660131
ENERGY,0.002859477124
FINANCIALS,0.021241830065
HEALTH CARE,0.065155228758
INDUSTRIALS,0.061989379085
MATERIALS,0.006025326797
REAL ESTATE,0.006842320261
TECHNOLOGY,0.491217320261
UTILITIES,0.004697712418
