SECTOR,WEIGHT
COMMUNICATION SERVICES,0.162927228276
CONSUMER DISCRETIONARY,0.171424196666
CONSUMER STAPLES,0.017698072039
ENERGY,0.00064772385
FINANCIALS,0.043082198473
HEALTH CARE,0.04869211157
INDUSTRIALS,0.044774540726
MATERIALS,0.008469770033
REAL ESTATE,0.005643155533
TECHNOLOGYQ,0.493910086259
UTILITIES,0.002730916575
