SECTOR,WEIGHT
COMMUNICATION SERVICES,0.162560046464
CONSUMER DISCRETIONARY,0.169538746355
CONSUMER STAPLES,0.009443075347
FINANCIALS,0.035820161092
HEALTH CARE,0.062101454829
INDUSTRIALS,0.047729628569
MATERIALS,0.005705170348
REAL ESTATE,0.005705170348
TECHNOLOGY,0.496965914178
UTILITIES,0.004430632469
