SECTOR,WEIGHT
COMMUNICATION SERVICES,0.082360762524
CONSUMER DISCRETIONARY,0.076861302813
CONSUMER STAPLES,0.103922507428
ENERGY,0.092918505326
FINANCIALS,0.240887517243
HEALTH CARE,0.098504370596
INDUSTRIALS,0.141736629756
MATERIALS,0.050588930126
REAL ESTATE,0.002390892651
TECHNOLOGY,0.077722308797
UTILITIES,0.032106272739
