SECTOR,WEIGHT
COMMUNICATION SERVICES,0.078350204079
CONSUMER DISCRETIONARY,0.076801982684
CONSUMER STAPLES,0.101122460512
ENERGY,0.086752405594
FINANCIALS,0.258573976079
HEALTH CARE,0.113897287312
INDUSTRIALS,0.135005305759
MATERIALS,0.047835840525
REAL ESTATE,0.002500357551
TECHNOLOGY,0.068046730682
UTILITIES,0.031113449223
