SECTOR,WEIGHT
COMMUNICATION SERVICES,0.087276242374
CONSUMER DISCRETIONARY,0.110094261187
CONSUMER STAPLES,0.052426649571
ENERGY,0.03465325707
FINANCIALS,0.141826523355
HEALTH CARE,0.103832553667
INDUSTRIALS,0.091618667922
MATERIALS,0.016532270182
REAL ESTATE,0.01784150898
TECHNOLOGY,0.319910046179
UTILITIES,0.022366246281
