SECTOR,WEIGHT
COMMUNICATION SERVICES,0.085910566799
CONSUMER DISCRETIONARY,0.108745535307
CONSUMER STAPLES,0.049393062396
ENERGY,0.031318762286
FINANCIALS,0.141808572812
HEALTH CARE,0.097319530168
INDUSTRIALS,0.084961239999
MATERIALS,0.013547204197
REAL ESTATE,0.016653818509
TECHNOLOGY,0.348081146891
UTILITIES,0.022260560634
