SECTOR,WEIGHT
COMMUNICATION SERVICES,0.102692423181
CONSUMER DISCRETIONARY,0.09238314483
CONSUMER STAPLES,0.051045941347
ENERGY,0.039835852267
FINANCIALS,0.125112601341
HEALTH CARE,0.099389450505
INDUSTRIALS,0.085076568912
MATERIALS,0.019517565809
REAL ESTATE,0.019217295566
TECHNOLOGY,0.340406365729
UTILITIES,0.025322790511
