SECTOR,WEIGHT
COMMUNICATION SERVICES,0.104446564274
CONSUMER DISCRETIONARY,0.096396335011
CONSUMER STAPLES,0.05047676115
ENERGY,0.04023511399
FINANCIALS,0.126851733094
HEALTH CARE,0.102692027127
INDUSTRIALS,0.087698800782
MATERIALS,0.019300910636
REAL ESTATE,0.019101508641
TECHNOLOGY,0.328427109052
UTILITIES,0.024373136243
