SECTOR,WEIGHT
COMMUNICATION SERVICES,0.087210281161
CONSUMER DISCRETIONARY,0.108788371963
CONSUMER STAPLES,0.055542639077
ENERGY,0.043315521955
FINANCIALS,0.137347373991
HEALTH CARE,0.115645017758
INDUSTRIALS,0.093318327948
MATERIALS,0.018847257743
REAL ESTATE,0.018506529948
TECHNOLOGY,0.296560453128
UTILITIES,0.024918225329
