SECTOR,WEIGHT
COMMUNICATION SERVICES,0.068579310954
CONSUMER DISCRETIONARY,0.107158812657
CONSUMER STAPLES,0.05643160692
ENERGY,0.04913093719
FINANCIALS,0.14211006623
HEALTH CARE,0.117300639612
INDUSTRIALS,0.093273284187
MATERIALS,0.019577882344
REAL ESTATE,0.01852073091
TECHNOLOGY,0.304066067447
UTILITIES,0.023850661548
