SECTOR,WEIGHT
COMMUNICATION SERVICES,0.087302518556
CONSUMER DISCRETIONARY,0.107274056557
CONSUMER STAPLES,0.056740469292
ENERGY,0.039270137265
FINANCIALS,0.139949193627
HEALTH CARE,0.114760625362
INDUSTRIALS,0.096164048624
MATERIALS,0.017841401077
REAL ESTATE,0.018534397599
TECHNOLOGY,0.298040655127
UTILITIES,0.024122496914
