SECTOR,WEIGHT
ENERGY,0.973091140535
UTILITIES,0.026908859465
