SECTOR,WEIGHT
ENERGY,0.975863926268
UTILITIES,0.024136073732
