SECTOR,WEIGHT
ENERGY,0.973143980905
UTILITIES,0.026856019095
