SECTOR,WEIGHT
ENERGY,0.971764131058
UTILITIES,0.028235868942
