SECTOR,WEIGHT
ENERGY,0.97220785631
UTILITIES,0.02779214369
