SECTOR,WEIGHT
ENERGY,0.975578612865
UTILITIES,0.024421387135
