SECTOR,WEIGHT
ENERGY,0.971025075236
UTILITIES,0.028974924764
