SECTOR,WEIGHT
COMMUNICATION SERVICES,0.052694850731
CONSUMER DISCRETIONARY,0.046483670607
CONSUMER STAPLES,0.089961931477
ENERGY,0.093868964135
FINANCIALS,0.073632538569
HEALTH CARE,0.130935684232
INDUSTRIALS,0.066519735524
MATERIALS,0.066519735524
REAL ESTATE,0.043578441194
TECHNOLOGY,0.291725105189
UTILITIES,0.044079342817
