SECTOR,WEIGHT
COMMUNICATION SERVICES,0.048574189461
CONSUMER DISCRETIONARY,0.048058957025
CONSUMER STAPLES,0.085799231762
ENERGY,0.076855839167
FINANCIALS,0.087455192821
HEALTH CARE,0.159055460662
INDUSTRIALS,0.046852070152
MATERIALS,0.074752808718
REAL ESTATE,0.044757058885
TECHNOLOGYQ,0.286365987442
UTILITIES,0.041473203904
