SECTOR,WEIGHT
COMMUNICATION SERVICES,0.047098842022
CONSUMER DISCRETIONARY,0.048994060779
CONSUMER STAPLES,0.083111005097
ENERGY,0.073946605143
FINANCIALS,0.09045836031
HEALTH CARE,0.15564646904
INDUSTRIALS,0.047528799107
MATERIALS,0.080659548154
REAL ESTATE,0.043988919334
TECHNOLOGY,0.289211785434
UTILITIES,0.039355605578
