SECTOR,WEIGHT
COMMUNICATION SERVICES,0.04723267427
CONSUMER DISCRETIONARY,0.050154458653
CONSUMER STAPLES,0.094079452489
ENERGY,0.109764874038
FINANCIALS,0.076923616638
HEALTH CARE,0.149713635061
INDUSTRIALS,0.053370927293
MATERIALS,0.064070772333
REAL ESTATE,0.044346973673
TECHNOLOGY,0.25825366501
UTILITIES,0.052088950543
