SECTOR,WEIGHT
COMMUNICATION SERVICES,0.05048355009
CONSUMER DISCRETIONARY,0.143137631645
CONSUMER STAPLES,0.047072080186
FINANCIALS,0.048600186535
INDUSTRIALS,0.194894103331
TECHNOLOGY,0.515812448213
