SECTOR,WEIGHT
COMMUNICATION SERVICES,0.043818488283
CONSUMER DISCRETIONARY,0.101294596207
CONSUMER STAPLES,0.04961984874
HEALTH CARE,0.191973383406
INDUSTRIALS,0.151368864831
TECHNOLOGY,0.461924818532
