SECTOR,WEIGHT
COMMUNICATION SERVICES,0.051296809202
CONSUMER DISCRETIONARY,0.047775389904
HEALTH CARE,0.292347869782
INDUSTRIALS,0.252642315689
TECHNOLOGY,0.355937615425
