SECTOR,WEIGHT
COMMUNICATION SERVICES,0.04995406649
CONSUMER DISCRETIONARY,0.149944170043
CONSUMER STAPLES,0.049886090893
FINANCIALS,0.049829111349
INDUSTRIALS,0.199731296465
TECHNOLOGY,0.50065526476
