SECTOR,WEIGHT
COMMUNICATION SERVICES,0.051576415862
CONSUMER DISCRETIONARY,0.148226025498
CONSUMER STAPLES,0.046857626674
FINANCIALS,0.049065399516
INDUSTRIALS,0.198254198121
TECHNOLOGY,0.506020334328
