SECTOR,WEIGHT
COMMUNICATION SERVICES,0.03647930142
CONSUMER DISCRETIONARY,0.06996144787
CONSUMER STAPLES,0.081378179854
ENERGY,0.065274083497
FINANCIALS,0.212578876092
HEALTH CARE,0.094218663867
INDUSTRIALS,0.109256176053
MATERIALS,0.060941211968
REAL ESTATE,0.06996274787
TECHNOLOGY,0.15684553713
UTILITIES,0.04310377438
