SECTOR,WEIGHT
COMMUNICATION SERVICES,0.064112864157
CONSUMER DISCRETIONARY,0.06933398975
CONSUMER STAPLES,0.130741995124
ENERGY,0.079371383802
FINANCIALS,0.183452051537
HEALTH CARE,0.098058136339
INDUSTRIALS,0.090104686663
MATERIALS,0.070884747044
REAL ESTATE,0.027843290798
TECHNOLOGY,0.09606563969
UTILITIES,0.090031215096
