SECTOR,WEIGHT
COMMUNICATION SERVICES,0.079525198545
CONSUMER DISCRETIONARY,0.080247898967
CONSUMER STAPLES,0.052040250027
ENERGY,0.072037739518
FINANCIALS,0.148230939975
HEALTH CARE,0.111658500968
INDUSTRIALS,0.117198524048
MATERIALS,0.029041574789
REAL ESTATE,0.013613971868
TECHNOLOGY,0.28258268907
UTILITIES,0.013822712227
