SECTOR,WEIGHT
COMMUNICATION SERVICES,0.077028225735
CONSUMER DISCRETIONARY,0.051528681582
CONSUMER STAPLES,0.028916665166
ENERGY,0.050693170982
FINANCIALS,0.090466497604
HEALTH CARE,0.121936559876
INDUSTRIALS,0.121751366324
MATERIALS,0.028124011247
REAL ESTATE,0.019806498594
TECHNOLOGYQ,0.403630805913
UTILITIES,0.006117516978
