SECTOR,WEIGHT
COMMUNICATION SERVICES,0.04100410041
CONSUMER DISCRETIONARY,0.072507250725
CONSUMER STAPLES,0.079807980798
ENERGY,0.061706170617
FINANCIALS,0.216521652165
HEALTH CARE,0.087508750875
INDUSTRIALS,0.110411041104
MATERIALS,0.061706170617
REAL ESTATE,0.069406940694
TECHNOLOGY,0.157615761576
UTILITIES,0.041804180418
