SECTOR,WEIGHT
COMMUNICATION SERVICES,0.073769404359
CONSUMER DISCRETIONARY,0.07714188381
CONSUMER STAPLES,0.051974210459
ENERGY,0.075124728964
FINANCIALS,0.137090194025
HEALTH CARE,0.10271816927
INDUSTRIALS,0.121537550133
MATERIALS,0.030587675375
REAL ESTATE,0.013685923758
TECHNOLOGY,0.302718706159
UTILITIES,0.013651553688
