SECTOR,WEIGHT
COMMUNICATION SERVICES,0.092276957921
HEALTH CARE,0.185814379692
INDUSTRIALS,0.089523944812
MATERIALS,0.16205263537
TECHNOLOGY,0.470332082206
