SECTOR,WEIGHT
COMMUNICATION SERVICES,0.101489497544
CONSUMER DISCRETIONARY,0.061863109753
ENERGY,0.049041864493
FINANCIALS,0.067690401807
HEALTH CARE,0.175088376587
INDUSTRIALS,0.101116647072
MATERIALS,0.083091531784
TECHNOLOGY,0.36061857096
