SECTOR,WEIGHT
COMMUNICATION SERVICES,0.108833877645
CONSUMER DISCRETIONARY,0.060566371078
ENERGY,0.046471730048
FINANCIALS,0.06364083668
HEALTH CARE,0.161044676956
INDUSTRIALS,0.099936165757
MATERIALS,0.083303186601
TECHNOLOGY,0.376203155235
