SECTOR,WEIGHT
COMMUNICATION SERVICES,0.096270160282
HEALTH CARE,0.188313689084
INDUSTRIALS,0.097380588907
MATERIALS,0.164424467845
TECHNOLOGY,0.453611093882
