SECTOR,WEIGHT
COMMUNICATION SERVICES,0.091125456279
CONSUMER DISCRETIONARY,0.088700323117
ENERGY,0.027904570659
FINANCIALS,0.071625139979
HEALTH CARE,0.040926503126
INDUSTRIALS,0.180612769695
TECHNOLOGYQ,0.466313306352
UTILITIES,0.032791930793
