SECTOR,WEIGHT
COMMUNICATION SERVICES,0.02085840353
CONSUMER DISCRETIONARY,0.027878058564
CONSUMER STAPLES,0.042619334136
ENERGY,0.180806257521
HEALTH CARE,0.062174087445
INDUSTRIALS,0.121740874448
MATERIALS,0.095968712395
TECHNOLOGY,0.447954271961
