SECTOR,WEIGHT
COMMUNICATION SERVICES,0.068377104323
CONSUMER DISCRETIONARY,0.054998387262
ENERGY,0.025687617575
HEALTH CARE,0.199592908759
INDUSTRIALS,0.040523809428
MATERIALS,0.172483877624
REAL ESTATE,0.042676464637
TECHNOLOGY,0.395659830392
