SECTOR,WEIGHT
COMMUNICATION SERVICES,0.0275707335
CONSUMER DISCRETIONARY,0.025527006108
HEALTH CARE,0.071988372501
INDUSTRIALS,0.120798742155
MATERIALS,0.175445824339
TECHNOLOGY,0.578669321396
