SECTOR,WEIGHT
COMMUNICATION SERVICES,0.110969625817
CONSUMER DISCRETIONARY,0.065560873797
ENERGY,0.046681116229
FINANCIALS,0.060866773031
HEALTH CARE,0.174214555927
INDUSTRIALS,0.087919564105
MATERIALS,0.093066217125
TECHNOLOGY,0.36072127397
