SECTOR,WEIGHT
COMMUNICATION SERVICES,0.204171680706
CONSUMER DISCRETIONARY,0.170778178901
ENERGY,0.006217408744
FINANCIALS,0.046630565584
HEALTH CARE,0.132370637786
INDUSTRIALS,0.058664259928
TECHNOLOGY,0.381167268351
