SECTOR,WEIGHT
FINANCIALS,0.63851930438
INDUSTRIALS,0.269425402717
MATERIALS,0.022727799588
TECHNOLOGY,0.069327493315
