SECTOR,WEIGHT
FINANCIALS,0.706022219989
INDUSTRIALS,0.230720966853
MATERIALS,0.018148794531
TECHNOLOGY,0.045108018628
