SECTOR,WEIGHT
FINANCIALS,0.690813723144
INDUSTRIALS,0.240431025264
MATERIALS,0.016975184474
TECHNOLOGY,0.051780067119
