SECTOR,WEIGHT
FINANCIALS,0.6965409414
INDUSTRIALS,0.237303976827
MATERIALS,0.017872176482
TECHNOLOGY,0.048282905291
