SECTOR,WEIGHT
CONSUMER DISCRETIONARY,0.995690022915
HEALTH CARE,0.000628329216
INDUSTRIALS,0.00231658759
MATERIALS,0.001365060278
