SECTOR,WEIGHT
CONSUMER DISCRETIONARY,0.995736600171
HEALTH CARE,0.000614634303
INDUSTRIALS,0.00232139568
MATERIALS,0.001327369846
