SECTOR,WEIGHT
COMMUNICATION SERVICES,0.00168992745
CONSUMER DISCRETIONARY,0.994201800647
HEALTH CARE,0.000729421717
INDUSTRIALS,0.001970242407
MATERIALS,0.001408607779
