SECTOR,WEIGHT
CONSUMER DISCRETIONARY,0.995386896259
HEALTH CARE,0.000607462161
INDUSTRIALS,0.002496007891
MATERIALS,0.001509633688
