SECTOR,WEIGHT
CONSUMER DISCRETIONARY,0.995689028723
HEALTH CARE,0.000607404928
INDUSTRIALS,0.002360459743
MATERIALS,0.001343106606
