SECTOR,WEIGHT
COMMUNICATION SERVICES,0.052789983506
CONSUMER DISCRETIONARY,0.168115793627
CONSUMER STAPLES,0.156730584861
FINANCIALS,0.200748506451
HEALTH CARE,0.091546474962
INDUSTRIALS,0.116963167981
MATERIALS,0.02154265011
TECHNOLOGY,0.153365518308
UTILITIES,0.038197320194
