SECTOR,WEIGHT
COMMUNICATION SERVICES,0.039155447518
CONSUMER DISCRETIONARY,0.182374478352
CONSUMER STAPLES,0.155447518071
ENERGY,0.03988409835
FINANCIALS,0.099586294941
HEALTH CARE,0.112754199779
INDUSTRIALS,0.190589364107
MATERIALS,0.040356818104
TECHNOLOGY,0.080233890895
UTILITIES,0.059617889883
