SECTOR,WEIGHT
CONSUMER DISCRETIONARY,0.170973818253
CONSUMER STAPLES,0.078471058929
FINANCIALS,0.260203483214
HEALTH CARE,0.106956503433
INDUSTRIALS,0.22074891206
MATERIALS,0.069295367444
TECHNOLOGY,0.093350856669
