SECTOR,WEIGHT
COMMUNICATION SERVICES,0.05803942456
CONSUMER DISCRETIONARY,0.169803982654
CONSUMER STAPLES,0.163118992227
FINANCIALS,0.197541869124
HEALTH CARE,0.092675352866
INDUSTRIALS,0.116048700336
MATERIALS,0.021054905961
TECHNOLOGY,0.140078286343
UTILITIES,0.041638485928
