SECTOR,WEIGHT
COMMUNICATION SERVICES,0.02149467519
CONSUMER DISCRETIONARY,0.216786833196
CONSUMER STAPLES,0.12435882788
ENERGY,0.009815771381
FINANCIALS,0.218325245394
HEALTH CARE,0.037716655542
INDUSTRIALS,0.231650801478
MATERIALS,0.048476520923
TECHNOLOGY,0.091374669016
