SECTOR,WEIGHT
COMMUNICATION SERVICES,0.021905512254
CONSUMER DISCRETIONARY,0.220783605938
CONSUMER STAPLES,0.124834688652
ENERGY,0.009545851037
FINANCIALS,0.215423297544
HEALTH CARE,0.03737845345
INDUSTRIALS,0.230708316417
MATERIALS,0.048689970375
TECHNOLOGY,0.090730304334
