SECTOR,WEIGHT
COMMUNICATION SERVICES,0.05985902046
CONSUMER DISCRETIONARY,0.153250428627
CONSUMER STAPLES,0.14150414356
ENERGY,0.060667029802
FINANCIALS,0.219352426741
HEALTH CARE,0.053614032831
INDUSTRIALS,0.161382781361
MATERIALS,0.059970573988
TECHNOLOGY,0.070149079734
UTILITIES,0.020250482896
