SECTOR,WEIGHT
COMMUNICATION SERVICES,0.11991299056
CONSUMER DISCRETIONARY,0.022284578378
CONSUMER STAPLES,0.150300759144
ENERGY,0.286260685182
FINANCIALS,0.121153239992
HEALTH CARE,0.170276371845
INDUSTRIALS,0.037578597073
MATERIALS,0.018714264808
TECHNOLOGY,0.006707036519
UTILITIES,0.066811476499
