SECTOR,WEIGHT
COMMUNICATION SERVICES,0.118320174508
CONSUMER DISCRETIONARY,0.022692820297
CONSUMER STAPLES,0.148454039489
ENERGY,0.286193518401
FINANCIALS,0.128382802239
HEALTH CARE,0.167069350077
INDUSTRIALS,0.03784623977
MATERIALS,0.019492703294
TECHNOLOGY,0.006581108146
UTILITIES,0.064967243779
