SECTOR,WEIGHT
COMMUNICATION SERVICES,0.101792476666
CONSUMER DISCRETIONARY,0.025897168314
CONSUMER STAPLES,0.139963280951
ENERGY,0.266949224963
FINANCIALS,0.143809711128
HEALTH CARE,0.186714382339
INDUSTRIALS,0.038387890548
MATERIALS,0.016602494962
TECHNOLOGY,0.008810169332
UTILITIES,0.071073200797
