SECTOR,WEIGHT
COMMUNICATION SERVICES,0.116670850735
CONSUMER DISCRETIONARY,0.024548459732
CONSUMER STAPLES,0.147938531839
ENERGY,0.261434068966
FINANCIALS,0.145788611157
HEALTH CARE,0.173670061827
INDUSTRIALS,0.037155542521
MATERIALS,0.017840290524
TECHNOLOGY,0.009017724703
UTILITIES,0.065935857996
