SECTOR,WEIGHT
COMMUNICATION SERVICES,0.109033341274
CONSUMER DISCRETIONARY,0.023419572261
CONSUMER STAPLES,0.142802863158
ENERGY,0.281192558836
FINANCIALS,0.140817183505
HEALTH CARE,0.174796471315
INDUSTRIALS,0.03445147348
MATERIALS,0.016846235399
TECHNOLOGY,0.010184887232
UTILITIES,0.06645541354
