SECTOR,WEIGHT
COMMUNICATION SERVICES,0.117161684367
CONSUMER DISCRETIONARY,0.024266896087
CONSUMER STAPLES,0.147656033004
ENERGY,0.265234498262
FINANCIALS,0.14346879101
HEALTH CARE,0.172405893784
INDUSTRIALS,0.036745699948
MATERIALS,0.017917009882
TECHNOLOGY,0.008904073709
UTILITIES,0.066239419947
