SECTOR,WEIGHT
COMMUNICATION SERVICES,0.10710400348
CONSUMER DISCRETIONARY,0.02436277128
CONSUMER STAPLES,0.144269753968
ENERGY,0.270697381338
FINANCIALS,0.147890525422
HEALTH CARE,0.174690668432
INDUSTRIALS,0.035830662121
MATERIALS,0.017517639089
TECHNOLOGY,0.00981258339
UTILITIES,0.06782401148
