SECTOR,WEIGHT
COMMUNICATION SERVICES,0.116956159994
CONSUMER DISCRETIONARY,0.023054533256
CONSUMER STAPLES,0.150691330919
ENERGY,0.279942851921
FINANCIALS,0.134805737032
HEALTH CARE,0.168123044133
INDUSTRIALS,0.03879674223
MATERIALS,0.018304729837
TECHNOLOGY,0.006996353211
UTILITIES,0.062328517467
