SECTOR,WEIGHT
COMMUNICATION SERVICES,0.108487040882
CONSUMER DISCRETIONARY,0.025686744043
CONSUMER STAPLES,0.143317061082
ENERGY,0.261325812426
FINANCIALS,0.152460593336
HEALTH CARE,0.175986343802
INDUSTRIALS,0.037727917959
MATERIALS,0.017860761416
TECHNOLOGY,0.010640421555
UTILITIES,0.066507303497
