SECTOR,WEIGHT
COMMUNICATION SERVICES,0.104080738749
CONSUMER DISCRETIONARY,0.098556962254
CONSUMER STAPLES,0.046044500931
ENERGY,0.028653275025
FINANCIALS,0.136534805004
HEALTH CARE,0.105202332996
INDUSTRIALS,0.088369398419
MATERIALS,0.020868268305
REAL ESTATE,0.020229791508
TECHNOLOGY,0.329592347099
UTILITIES,0.021867579712
