SECTOR,WEIGHT
COMMUNICATION SERVICES,0.109978634899
CONSUMER DISCRETIONARY,0.100525254632
CONSUMER STAPLES,0.051236138
ENERGY,0.03242061276
FINANCIALS,0.131405895805
HEALTH CARE,0.101403519677
INDUSTRIALS,0.092715112275
MATERIALS,0.022201257042
REAL ESTATE,0.020048705612
TECHNOLOGY,0.315686154593
UTILITIES,0.022378714705
