SECTOR,WEIGHT
COMMUNICATION SERVICES,0.10664608973
CONSUMER DISCRETIONARY,0.095989603232
CONSUMER STAPLES,0.052265618968
ENERGY,0.033399416185
FINANCIALS,0.129946562137
HEALTH CARE,0.102733262939
INDUSTRIALS,0.093894806931
MATERIALS,0.022585494062
REAL ESTATE,0.020585961355
TECHNOLOGY,0.319670528352
UTILITIES,0.022282656109
