SECTOR,WEIGHT
COMMUNICATION SERVICES,0.101431768999
CONSUMER DISCRETIONARY,0.098621605054
CONSUMER STAPLES,0.051333398212
ENERGY,0.036313418056
FINANCIALS,0.130879799025
HEALTH CARE,0.097545094553
INDUSTRIALS,0.106448127343
MATERIALS,0.024263122041
REAL ESTATE,0.023235771852
TECHNOLOGY,0.305522308247
UTILITIES,0.024405586618
