SECTOR,WEIGHT
COMMUNICATION SERVICES,0.028760836308
CONSUMER DISCRETIONARY,0.045690973993
CONSUMER STAPLES,0.067006629271
ENERGY,0.093727689954
FINANCIALS,0.173176950535
HEALTH CARE,0.106272310046
INDUSTRIALS,0.1586945436
MATERIALS,0.051300356961
REAL ESTATE,0.020703722591
TECHNOLOGY,0.235594084651
UTILITIES,0.019071902091
