SECTOR,WEIGHT
COMMUNICATION SERVICES,0.052053336928
CONSUMER DISCRETIONARY,0.097736713762
CONSUMER STAPLES,0.040270238256
ENERGY,0.072996189052
FINANCIALS,0.18577246233
HEALTH CARE,0.153772552191
INDUSTRIALS,0.182330151417
MATERIALS,0.072196625289
REAL ESTATE,0.010142103823
TECHNOLOGY,0.101890769174
UTILITIES,0.030838857778
