SECTOR,WEIGHT
COMMUNICATION SERVICES,0.029348366095
CONSUMER DISCRETIONARY,0.044524967381
CONSUMER STAPLES,0.067200607186
ENERGY,0.099025869694
FINANCIALS,0.17399381184
HEALTH CARE,0.108637615161
INDUSTRIALS,0.153983794079
MATERIALS,0.050789638249
REAL ESTATE,0.021317835388
TECHNOLOGY,0.232597711421
UTILITIES,0.018579783506
