SECTOR,WEIGHT
COMMUNICATION SERVICES,0.029480245744
CONSUMER DISCRETIONARY,0.049601115977
CONSUMER STAPLES,0.071102660044
ENERGY,0.108202142087
FINANCIALS,0.173138745466
HEALTH CARE,0.109760506193
INDUSTRIALS,0.152954560308
MATERIALS,0.052411481651
REAL ESTATE,0.019350879056
TECHNOLOGY,0.213446864482
UTILITIES,0.020550798993
