SECTOR,WEIGHT
COMMUNICATION SERVICES,0.019992558066
CONSUMER DISCRETIONARY,0.111950419531
CONSUMER STAPLES,0.046963744851
ENERGY,0.06712608891
FINANCIALS,0.427932840098
HEALTH CARE,0.063564284328
INDUSTRIALS,0.152460527295
MATERIALS,0.030861218858
REAL ESTATE,0.012367090269
TECHNOLOGY,0.055196170071
UTILITIES,0.011585057725
