SECTOR,WEIGHT
COMMUNICATION SERVICES,0.021723768964
CONSUMER DISCRETIONARY,0.110315931186
CONSUMER STAPLES,0.043715673067
ENERGY,0.062608545342
FINANCIALS,0.427226159856
HEALTH CARE,0.06088173122
INDUSTRIALS,0.162139474059
MATERIALS,0.03483334185
REAL ESTATE,0.011654656206
TECHNOLOGY,0.052766338618
UTILITIES,0.012134379632
