SECTOR,WEIGHT
COMMUNICATION SERVICES,0.022631783604
CONSUMER DISCRETIONARY,0.109543695231
CONSUMER STAPLES,0.044482325493
ENERGY,0.068413601904
FINANCIALS,0.422907014421
HEALTH CARE,0.061042460632
INDUSTRIALS,0.156544373984
MATERIALS,0.032318798341
REAL ESTATE,0.014515836402
TECHNOLOGY,0.057072086663
UTILITIES,0.010528023325
