SECTOR,WEIGHT
COMMUNICATION SERVICES,0.021650151847
CONSUMER DISCRETIONARY,0.124699500882
CONSUMER STAPLES,0.038989410717
ENERGY,0.060896877363
FINANCIALS,0.419144708745
HEALTH CARE,0.061761700169
INDUSTRIALS,0.15260966717
MATERIALS,0.028468008162
REAL ESTATE,0.024756799845
TECHNOLOGY,0.054957346964
UTILITIES,0.012065828135
