SECTOR,WEIGHT
COMMUNICATION SERVICES,0.024673010647
CONSUMER DISCRETIONARY,0.121551810163
CONSUMER STAPLES,0.039142589494
ENERGY,0.05372594817
FINANCIALS,0.434501004865
HEALTH CARE,0.063503873516
INDUSTRIALS,0.144081033687
MATERIALS,0.024834720566
REAL ESTATE,0.025393101892
TECHNOLOGY,0.056441496264
UTILITIES,0.012151410736
