SECTOR,WEIGHT
COMMUNICATION SERVICES,0.024024024024
CONSUMER DISCRETIONARY,0.113596354976
CONSUMER STAPLES,0.043595319457
ENERGY,0.066066066066
FINANCIALS,0.424666045356
HEALTH CARE,0.063580822202
INDUSTRIALS,0.149528839184
MATERIALS,0.031790411101
REAL ESTATE,0.0134617376
TECHNOLOGY,0.059024541783
UTILITIES,0.010665838252
