SECTOR,WEIGHT
COMMUNICATION SERVICES,0.023482334758
CONSUMER DISCRETIONARY,0.122171989603
CONSUMER STAPLES,0.038290847772
ENERGY,0.054973536204
FINANCIALS,0.427961340087
HEALTH CARE,0.065742233257
INDUSTRIALS,0.14599622546
MATERIALS,0.025563408731
REAL ESTATE,0.025597069246
TECHNOLOGY,0.05809246979
UTILITIES,0.012128545092
