SECTOR,WEIGHT
COMMUNICATION SERVICES,0.020663073828
CONSUMER DISCRETIONARY,0.114401656392
CONSUMER STAPLES,0.045722378704
ENERGY,0.067038377505
FINANCIALS,0.427110494465
HEALTH CARE,0.06018566782
INDUSTRIALS,0.15548334578
MATERIALS,0.032011062157
REAL ESTATE,0.012826179088
TECHNOLOGY,0.053292861418
UTILITIES,0.011264902843
