SECTOR,WEIGHT
COMMUNICATION SERVICES,0.102384793077
CONSUMER DISCRETIONARY,0.098179338602
CONSUMER STAPLES,0.052581197814
ENERGY,0.033078903338
FINANCIALS,0.132430762699
HEALTH CARE,0.090806776389
INDUSTRIALS,0.104795920309
MATERIALS,0.022895695717
REAL ESTATE,0.019923841222
TECHNOLOGY,0.322142819237
UTILITIES,0.020779951597
