SECTOR,WEIGHT
COMMUNICATION SERVICES,0.093537895786
CONSUMER DISCRETIONARY,0.098689051838
CONSUMER STAPLES,0.047703835596
ENERGY,0.040291905527
FINANCIALS,0.126094044189
HEALTH CARE,0.099684594454
INDUSTRIALS,0.107547676766
MATERIALS,0.020879325798
REAL ESTATE,0.021945047652
TECHNOLOGY,0.319224298859
UTILITIES,0.024402323534
