SECTOR,WEIGHT
COMMUNICATION SERVICES,0.099713402799
CONSUMER DISCRETIONARY,0.103619453373
CONSUMER STAPLES,0.046311024532
ENERGY,0.028088127388
FINANCIALS,0.137060131356
HEALTH CARE,0.092481903734
INDUSTRIALS,0.097268867816
MATERIALS,0.021122904452
REAL ESTATE,0.018652342479
TECHNOLOGY,0.333849201622
UTILITIES,0.021832640448
