SECTOR,WEIGHT
COMMUNICATION SERVICES,0.101265797448
CONSUMER DISCRETIONARY,0.106175666425
CONSUMER STAPLES,0.046671777361
ENERGY,0.027842940237
FINANCIALS,0.135934116083
HEALTH CARE,0.092653010572
INDUSTRIALS,0.093573736104
MATERIALS,0.020651273203
REAL ESTATE,0.018940925449
TECHNOLOGY,0.334598663747
UTILITIES,0.02169209337
