SECTOR,WEIGHT
COMMUNICATION SERVICES,0.104104491065
CONSUMER DISCRETIONARY,0.103537649872
CONSUMER STAPLES,0.047429385208
ENERGY,0.028737646668
FINANCIALS,0.132461572974
HEALTH CARE,0.101155114189
INDUSTRIALS,0.090482275697
MATERIALS,0.020186957445
REAL ESTATE,0.020162921776
TECHNOLOGY,0.328716815755
UTILITIES,0.023025169351
