SECTOR,WEIGHT
COMMUNICATION SERVICES,0.098089588491
CONSUMER DISCRETIONARY,0.098198238449
CONSUMER STAPLES,0.04811974647
ENERGY,0.036021015136
FINANCIALS,0.120742597079
HEALTH CARE,0.098089588491
INDUSTRIALS,0.109501895789
MATERIALS,0.02260223758
REAL ESTATE,0.021348193669
TECHNOLOGY,0.323967774625
UTILITIES,0.02331912422
