SECTOR,WEIGHT
COMMUNICATION SERVICES,0.101335868876
CONSUMER DISCRETIONARY,0.107567852981
CONSUMER STAPLES,0.049185583878
ENERGY,0.028770325336
FINANCIALS,0.138794902598
HEALTH CARE,0.097107738181
INDUSTRIALS,0.090736486263
MATERIALS,0.021024429979
REAL ESTATE,0.019895258582
TECHNOLOGY,0.323478048287
UTILITIES,0.02210350504
