SECTOR,WEIGHT
COMMUNICATION SERVICES,0.308806018926
CONSUMER DISCRETIONARY,0.276569113135
FINANCIALS,0.02331528431
HEALTH CARE,0.014282954715
INDUSTRIALS,0.018136913568
TECHNOLOGY,0.358889715345
