SECTOR,WEIGHT
COMMUNICATION SERVICES,0.297427203466
CONSUMER DISCRETIONARY,0.278710981116
FINANCIALS,0.021654082355
HEALTH CARE,0.011067829613
INDUSTRIALS,0.016736817502
TECHNOLOGY,0.374403085949
