SECTOR,WEIGHT
COMMUNICATION SERVICES,0.327770017602
CONSUMER DISCRETIONARY,0.25648529319
FINANCIALS,0.017829226095
HEALTH CARE,0.012646225991
INDUSTRIALS,0.018796196104
TECHNOLOGY,0.366473041017
