SECTOR,WEIGHT
COMMUNICATION SERVICES,0.322301846222
CONSUMER DISCRETIONARY,0.257307280638
FINANCIALS,0.018805266209
HEALTH CARE,0.013259959284
INDUSTRIALS,0.018987709485
TECHNOLOGY,0.369337938163
