SECTOR,WEIGHT
COMMUNICATION SERVICES,0.291579052769
CONSUMER DISCRETIONARY,0.279663562631
FINANCIALS,0.021928507059
HEALTH CARE,0.01151496946
INDUSTRIALS,0.016921998598
TECHNOLOGY,0.378391909482
