SECTOR,WEIGHT
COMMUNICATION SERVICES,0.306791886308
CONSUMER DISCRETIONARY,0.286457393679
FINANCIALS,0.023181387059
HEALTH CARE,0.015462463792
INDUSTRIALS,0.018059006751
TECHNOLOGY,0.350047862412
