SECTOR,WEIGHT
COMMUNICATION SERVICES,0.338565664688
CONSUMER DISCRETIONARY,0.257804154852
FINANCIALS,0.020312963527
HEALTH CARE,0.012895010481
INDUSTRIALS,0.018823321393
TECHNOLOGY,0.35159888506
