SECTOR,WEIGHT
COMMUNICATION SERVICES,0.328282827239
CONSUMER DISCRETIONARY,0.272407341109
FINANCIALS,0.023823496802
HEALTH CARE,0.013574038159
INDUSTRIALS,0.017285493288
TECHNOLOGY,0.344626803403
