SECTOR,WEIGHT
COMMUNICATION SERVICES,0.308198207597
CONSUMER DISCRETIONARY,0.274171063638
FINANCIALS,0.021334519525
HEALTH CARE,0.011975704717
INDUSTRIALS,0.017634272991
TECHNOLOGY,0.366686231532
