SECTOR,WEIGHT
COMMUNICATION SERVICES,0.099558826374
CONSUMER DISCRETIONARY,0.091214912544
CONSUMER STAPLES,0.053099669807
ENERGY,0.034776659034
FINANCIALS,0.128973795325
HEALTH CARE,0.100449726265
INDUSTRIALS,0.104336086129
MATERIALS,0.022714383604
REAL ESTATE,0.022306096912
TECHNOLOGY,0.31809606039
UTILITIES,0.024473783616
