SECTOR,WEIGHT
COMMUNICATION SERVICES,0.104059414935
CONSUMER DISCRETIONARY,0.085552272511
CONSUMER STAPLES,0.048593145695
ENERGY,0.034014120456
FINANCIALS,0.143408723189
HEALTH CARE,0.107460826981
INDUSTRIALS,0.082271991832
MATERIALS,0.016234847764
REAL ESTATE,0.021934511192
TECHNOLOGY,0.332939295881
UTILITIES,0.023530849563
