SECTOR,WEIGHT
COMMUNICATION SERVICES,0.104977926823
CONSUMER DISCRETIONARY,0.087451618393
CONSUMER STAPLES,0.04537113611
ENERGY,0.030423373614
FINANCIALS,0.144976279328
HEALTH CARE,0.107457839853
INDUSTRIALS,0.079077576405
MATERIALS,0.014846961836
REAL ESTATE,0.021778362108
TECHNOLOGY,0.340940350938
UTILITIES,0.022698574592
