SECTOR,WEIGHT
COMMUNICATION SERVICES,0.102024825304
CONSUMER DISCRETIONARY,0.087807641596
CONSUMER STAPLES,0.051579449327
ENERGY,0.038703182538
FINANCIALS,0.122817189006
HEALTH CARE,0.099638482278
INDUSTRIALS,0.105434177894
MATERIALS,0.02305134
REAL ESTATE,0.022637652866
TECHNOLOGY,0.32110374988
UTILITIES,0.025202309312
