SECTOR,WEIGHT
COMMUNICATION SERVICES,0.108521648325
CONSUMER DISCRETIONARY,0.086611716711
CONSUMER STAPLES,0.048574272892
ENERGY,0.033229954622
FINANCIALS,0.143456647562
HEALTH CARE,0.10673210976
INDUSTRIALS,0.082081540996
MATERIALS,0.016056017323
REAL ESTATE,0.021711695804
TECHNOLOGY,0.32923068257
UTILITIES,0.023793713433
