SECTOR,WEIGHT
COMMUNICATION SERVICES,0.107603563441
CONSUMER DISCRETIONARY,0.083982481865
CONSUMER STAPLES,0.046609599688
ENERGY,0.029009704685
FINANCIALS,0.139569534108
HEALTH CARE,0.110572738881
INDUSTRIALS,0.072786754035
MATERIALS,0.014151993812
REAL ESTATE,0.022159085408
TECHNOLOGY,0.349788231092
UTILITIES,0.023766312983
