SECTOR,WEIGHT
COMMUNICATION SERVICES,0.100311727553
CONSUMER DISCRETIONARY,0.089515285034
CONSUMER STAPLES,0.052504000945
ENERGY,0.036513456613
FINANCIALS,0.125815968758
HEALTH CARE,0.101311454715
INDUSTRIALS,0.10758265565
MATERIALS,0.022593630252
REAL ESTATE,0.023066006426
TECHNOLOGY,0.316199855844
UTILITIES,0.024585958211
