SECTOR,WEIGHT
COMMUNICATION SERVICES,0.102012936532
CONSUMER DISCRETIONARY,0.087650991804
CONSUMER STAPLES,0.049722303389
ENERGY,0.034248709635
FINANCIALS,0.138469849081
HEALTH CARE,0.111285663609
INDUSTRIALS,0.085005029915
MATERIALS,0.016903318882
REAL ESTATE,0.023478329313
TECHNOLOGY,0.326062508963
UTILITIES,0.025160358876
