SECTOR,WEIGHT
COMMUNICATION SERVICES,0.0214743799
CONSUMER DISCRETIONARY,0.025863670833
CONSUMER STAPLES,0.120728602207
ENERGY,0.105298788174
FINANCIALS,0.154152500239
HEALTH CARE,0.128279789676
INDUSTRIALS,0.075396367033
MATERIALS,0.039011455346
REAL ESTATE,0.090499746385
TECHNOLOGY,0.056455120254
UTILITIES,0.182839579954
