SECTOR,WEIGHT
COMMUNICATION SERVICES,0.026809202779
CONSUMER DISCRETIONARY,0.048827003424
CONSUMER STAPLES,0.130752864469
ENERGY,0.084557574494
FINANCIALS,0.161864407629
HEALTH CARE,0.133514860763
INDUSTRIALS,0.074223138434
MATERIALS,0.040947897886
REAL ESTATE,0.087950941494
TECHNOLOGY,0.038594789288
UTILITIES,0.17195731934
