SECTOR,WEIGHT
COMMUNICATION SERVICES,0.027825792478
CONSUMER DISCRETIONARY,0.047513891227
CONSUMER STAPLES,0.117307163166
ENERGY,0.083555992755
FINANCIALS,0.163081438419
HEALTH CARE,0.140486588528
INDUSTRIALS,0.080147313019
MATERIALS,0.041405077542
REAL ESTATE,0.088317259188
TECHNOLOGY,0.036138858848
UTILITIES,0.174220624831
