SECTOR,WEIGHT
COMMUNICATION SERVICES,0.019615666869
CONSUMER DISCRETIONARY,0.042688086234
CONSUMER STAPLES,0.125400514102
ENERGY,0.101465911688
FINANCIALS,0.172153893659
HEALTH CARE,0.132491468398
INDUSTRIALS,0.067843780452
MATERIALS,0.044412452329
REAL ESTATE,0.085686959381
TECHNOLOGY,0.036411193141
UTILITIES,0.171830073747
