SECTOR,WEIGHT
COMMUNICATION SERVICES,0.035328245745
CONSUMER DISCRETIONARY,0.156876670117
CONSUMER STAPLES,0.117769846811
FINANCIALS,0.181640546635
HEALTH CARE,0.031542646669
INDUSTRIALS,0.03610763379
REAL ESTATE,0.091907604901
TECHNOLOGY,0.251006082637
UTILITIES,0.097820722694
