SECTOR,WEIGHT
COMMUNICATION SERVICES,0.035276730702
CONSUMER DISCRETIONARY,0.157466055177
CONSUMER STAPLES,0.116570732554
FINANCIALS,0.181613960596
HEALTH CARE,0.03184437303
INDUSTRIALS,0.036357306327
REAL ESTATE,0.09132720171
TECHNOLOGY,0.253780760537
UTILITIES,0.095762879368
