SECTOR,WEIGHT
COMMUNICATION SERVICES,0.034526205127
CONSUMER DISCRETIONARY,0.158649206614
CONSUMER STAPLES,0.119197565169
FINANCIALS,0.185153270349
HEALTH CARE,0.031893955657
INDUSTRIALS,0.036556568285
REAL ESTATE,0.092841966724
TECHNOLOGY,0.246210624096
UTILITIES,0.094970637979
