SECTOR,WEIGHT
COMMUNICATION SERVICES,0.03440969174
CONSUMER DISCRETIONARY,0.155619654368
CONSUMER STAPLES,0.115626677368
FINANCIALS,0.188314730743
HEALTH CARE,0.03165968547
INDUSTRIALS,0.036476460408
REAL ESTATE,0.088106548948
TECHNOLOGY,0.253429983195
UTILITIES,0.096356567759
