SECTOR,WEIGHT
COMMUNICATION SERVICES,0.030694355
CONSUMER DISCRETIONARY,0.037729753698
CONSUMER STAPLES,0.125019794977
ENERGY,0.090233422367
FINANCIALS,0.188383779732
HEALTH CARE,0.039579396332
INDUSTRIALS,0.020029349352
REAL ESTATE,0.090520581497
TECHNOLOGYQ,0.275011876986
UTILITIES,0.102797690058
