SECTOR,WEIGHT
COMMUNICATION SERVICES,0.087454200263
CONSUMER DISCRETIONARY,0.089466418988
CONSUMER STAPLES,0.028423997526
ENERGY,0.050125238855
FINANCIALS,0.116458822734
HEALTH CARE,0.114398474605
INDUSTRIALS,0.128238238505
MATERIALS,0.04757642847
REAL ESTATE,0.013616525385
TECHNOLOGY,0.321706156672
UTILITIES,0.002535497996
