SECTOR,WEIGHT
COMMUNICATION SERVICES,0.100320333138
CONSUMER DISCRETIONARY,0.083920746906
CONSUMER STAPLES,0.029511086059
ENERGY,0.054949846471
FINANCIALS,0.115618104081
HEALTH CARE,0.105518981551
INDUSTRIALS,0.122987706437
MATERIALS,0.046271136422
REAL ESTATE,0.012389550421
TECHNOLOGY,0.323835665118
UTILITIES,0.004676843396
