SECTOR,WEIGHT
COMMUNICATION SERVICES,0.094616563042
CONSUMER DISCRETIONARY,0.115775674508
CONSUMER STAPLES,0.026100277871
ENERGY,0.035012915685
FINANCIALS,0.112580366528
HEALTH CARE,0.122778461363
INDUSTRIALS,0.102479037476
MATERIALS,0.029939332948
REAL ESTATE,0.018503654691
TECHNOLOGY,0.339038779651
UTILITIES,0.003174936236
