SECTOR,WEIGHT
COMMUNICATION SERVICES,0.099291707441
CONSUMER DISCRETIONARY,0.083031827199
CONSUMER STAPLES,0.029564625823
ENERGY,0.064260133568
FINANCIALS,0.1153411633
HEALTH CARE,0.107728090838
INDUSTRIALS,0.118698760131
MATERIALS,0.046298471665
REAL ESTATE,0.012610140821
TECHNOLOGY,0.318461981626
UTILITIES,0.00471309759
