SECTOR,WEIGHT
COMMUNICATION SERVICES,0.094067056031
CONSUMER DISCRETIONARY,0.113053412671
CONSUMER STAPLES,0.026562383961
ENERGY,0.03729517411
FINANCIALS,0.114533622118
HEALTH CARE,0.118920332177
INDUSTRIALS,0.103225025408
MATERIALS,0.030047743113
REAL ESTATE,0.017734028235
TECHNOLOGY,0.339428812099
UTILITIES,0.005132410076
