SECTOR,WEIGHT
COMMUNICATION SERVICES,0.092593405388
CONSUMER DISCRETIONARY,0.089205025512
CONSUMER STAPLES,0.027698469304
ENERGY,0.051849454107
FINANCIALS,0.119024524058
HEALTH CARE,0.113693970483
INDUSTRIALS,0.119463433368
MATERIALS,0.046696658803
REAL ESTATE,0.017406045976
TECHNOLOGY,0.319895759039
UTILITIES,0.002473253964
