SECTOR,WEIGHT
COMMUNICATION SERVICES,0.09631577561
CONSUMER DISCRETIONARY,0.099090358325
CONSUMER STAPLES,0.024967951814
ENERGY,0.038749769516
FINANCIALS,0.108411770904
HEALTH CARE,0.112983027632
INDUSTRIALS,0.115834438191
MATERIALS,0.034777769973
REAL ESTATE,0.019640489591
TECHNOLOGY,0.338941400111
UTILITIES,0.002439832823
