SECTOR,WEIGHT
COMMUNICATION SERVICES,0.101475826972
CONSUMER DISCRETIONARY,0.084885496183
CONSUMER STAPLES,0.026259541985
ENERGY,0.056386768448
FINANCIALS,0.118167938931
HEALTH CARE,0.096081424936
INDUSTRIALS,0.117659033079
MATERIALS,0.043969465649
REAL ESTATE,0.013944020356
TECHNOLOGY,0.336692111959
UTILITIES,0.004478371501
