SECTOR,WEIGHT
COMMUNICATION SERVICES,0.12545995682
CONSUMER DISCRETIONARY,0.106965118501
CONSUMER STAPLES,0.027312795033
ENERGY,0.025680329502
FINANCIALS,0.150934957532
HEALTH CARE,0.090962687083
INDUSTRIALS,0.094275392666
MATERIALS,0.01211541511
REAL ESTATE,0.014694222739
TECHNOLOGY,0.343694983065
UTILITIES,0.007904141949
