SECTOR,WEIGHT
COMMUNICATION SERVICES,0.119153076906
CONSUMER DISCRETIONARY,0.10550845627
CONSUMER STAPLES,0.031177418127
ENERGY,0.030372010064
FINANCIALS,0.14686096579
HEALTH CARE,0.086403930144
INDUSTRIALS,0.102470946678
MATERIALS,0.01471438358
REAL ESTATE,0.016813793359
TECHNOLOGY,0.335810931743
UTILITIES,0.010714087338
