SECTOR,WEIGHT
COMMUNICATION SERVICES,0.124496886753
CONSUMER DISCRETIONARY,0.101843004961
CONSUMER STAPLES,0.033577301386
ENERGY,0.034568840322
FINANCIALS,0.133073389342
HEALTH CARE,0.088030517136
INDUSTRIALS,0.102554191932
MATERIALS,0.017536427718
REAL ESTATE,0.018253798924
TECHNOLOGY,0.329961894808
UTILITIES,0.016103746718
