SECTOR,WEIGHT
COMMUNICATION SERVICES,0.118316248911
CONSUMER DISCRETIONARY,0.098890921182
CONSUMER STAPLES,0.032013174929
ENERGY,0.044734633889
FINANCIALS,0.133528757401
HEALTH CARE,0.083709791211
INDUSTRIALS,0.098627746506
MATERIALS,0.017065865536
REAL ESTATE,0.016173096058
TECHNOLOGY,0.340953927224
UTILITIES,0.015985837154
