SECTOR,WEIGHT
COMMUNICATION SERVICES,0.115534998034
CONSUMER DISCRETIONARY,0.107346237142
CONSUMER STAPLES,0.029365545357
ENERGY,0.029079550128
FINANCIALS,0.140296323395
HEALTH CARE,0.086462521993
INDUSTRIALS,0.098686544177
MATERIALS,0.014168385501
REAL ESTATE,0.016507887102
TECHNOLOGY,0.348326018391
UTILITIES,0.010529273077
