SECTOR,WEIGHT
COMMUNICATION SERVICES,0.120379635587
CONSUMER DISCRETIONARY,0.097008624207
CONSUMER STAPLES,0.029155663987
ENERGY,0.03645143023
FINANCIALS,0.128372604697
HEALTH CARE,0.073326053466
INDUSTRIALS,0.101804811613
MATERIALS,0.019395838704
REAL ESTATE,0.0100389094
TECHNOLOGY,0.37091801422
UTILITIES,0.013148413889
