SECTOR,WEIGHT
COMMUNICATION SERVICES,0.125609394339
CONSUMER DISCRETIONARY,0.111895336586
CONSUMER STAPLES,0.02911385931
ENERGY,0.028854042
FINANCIALS,0.14755781958
HEALTH CARE,0.092763985638
INDUSTRIALS,0.093750063931
MATERIALS,0.012139810354
REAL ESTATE,0.013807141907
TECHNOLOGY,0.33844375569
UTILITIES,0.006064790663
