SECTOR,WEIGHT
COMMUNICATION SERVICES,0.125461434684
CONSUMER DISCRETIONARY,0.10566816149
CONSUMER STAPLES,0.027146745125
ENERGY,0.025959291066
FINANCIALS,0.151458342017
HEALTH CARE,0.089104804004
INDUSTRIALS,0.100380534293
MATERIALS,0.007109474521
REAL ESTATE,0.015764265969
TECHNOLOGY,0.34397738144
UTILITIES,0.00796956539
