SECTOR,WEIGHT
COMMUNICATION SERVICES,0.128423265578
CONSUMER DISCRETIONARY,0.112117156129
CONSUMER STAPLES,0.028479197364
ENERGY,0.026640708319
FINANCIALS,0.132146257018
HEALTH CARE,0.098919504242
INDUSTRIALS,0.084797495238
MATERIALS,0.01264855922
REAL ESTATE,0.018490209892
TECHNOLOGYQ,0.350568571654
UTILITIES,0.006769075346
