SECTOR,WEIGHT
COMMUNICATION SERVICES,0.121789060139
CONSUMER DISCRETIONARY,0.096202276619
CONSUMER STAPLES,0.028306638461
ENERGY,0.03223531782
FINANCIALS,0.126624357812
HEALTH CARE,0.074846378564
INDUSTRIALS,0.099929485242
MATERIALS,0.018938249219
REAL ESTATE,0.009771330714
TECHNOLOGY,0.378664249018
UTILITIES,0.012692656392
