SECTOR,WEIGHT
COMMUNICATION SERVICES,0.135975999726
CONSUMER DISCRETIONARY,0.110748071767
CONSUMER STAPLES,0.011568390493
ENERGY,0.011030724628
FINANCIALS,0.045398972281
HEALTH CARE,0.061885038363
INDUSTRIALS,0.083256499906
MATERIALS,0.005249555644
REAL ESTATE,0.000208812071
TECHNOLOGY,0.533989964916
UTILITIES,0.000687970205
