SECTOR,WEIGHT
COMMUNICATION SERVICES,0.131865563833
CONSUMER DISCRETIONARY,0.113717571554
CONSUMER STAPLES,0.011347679882
ENERGY,0.003048101942
FINANCIALS,0.054942720368
HEALTH CARE,0.088806697933
INDUSTRIALS,0.088456666977
MATERIALS,0.000090036865
TECHNOLOGY,0.507724960647
