SECTOR,WEIGHT
COMMUNICATION SERVICES,0.139183378987
CONSUMER DISCRETIONARY,0.107988622232
CONSUMER STAPLES,0.009397486246
ENERGY,0.002018734259
FINANCIALS,0.055847600236
HEALTH CARE,0.089367696002
INDUSTRIALS,0.087273069478
TECHNOLOGY,0.508923412561
