SECTOR,WEIGHT
COMMUNICATION SERVICES,0.142347875051
CONSUMER DISCRETIONARY,0.109069972818
CONSUMER STAPLES,0.00755814189
FINANCIALS,0.04915476012
HEALTH CARE,0.099644322735
INDUSTRIALS,0.061595362422
TECHNOLOGYQ,0.529195513119
UTILITIES,0.001434051845
