SECTOR,WEIGHT
COMMUNICATION SERVICES,0.084145860683
CONSUMER DISCRETIONARY,0.086524509943
CONSUMER STAPLES,0.057905528708
ENERGY,0.061159025048
FINANCIALS,0.205150116037
HEALTH CARE,0.112745536349
INDUSTRIALS,0.149037973037
MATERIALS,0.042058705186
REAL ESTATE,0.034482793658
TECHNOLOGY,0.125787972021
UTILITIES,0.041001979329
