SECTOR,WEIGHT
COMMUNICATION SERVICES,0.096096169594
CONSUMER DISCRETIONARY,0.086690713144
CONSUMER STAPLES,0.054377876425
ENERGY,0.055855541653
FINANCIALS,0.218660800876
HEALTH CARE,0.11963989431
INDUSTRIALS,0.147499339691
MATERIALS,0.029980593534
REAL ESTATE,0.03897915666
TECHNOLOGY,0.11660909993
UTILITIES,0.035610814184
