SECTOR,WEIGHT
COMMUNICATION SERVICES,0.084419848616
CONSUMER DISCRETIONARY,0.083219311068
CONSUMER STAPLES,0.059640590978
ENERGY,0.065483681432
FINANCIALS,0.201916997213
HEALTH CARE,0.114726051766
INDUSTRIALS,0.153360793554
MATERIALS,0.041548154669
REAL ESTATE,0.034808473091
TECHNOLOGY,0.120738904939
UTILITIES,0.040137192674
