SECTOR,WEIGHT
COMMUNICATION SERVICES,0.092036257854
CONSUMER DISCRETIONARY,0.084170164469
CONSUMER STAPLES,0.056284541332
ENERGY,0.051094330748
FINANCIALS,0.231388708531
HEALTH CARE,0.115089545448
INDUSTRIALS,0.147487461592
MATERIALS,0.032231248626
REAL ESTATE,0.032205686123
TECHNOLOGY,0.122880996324
UTILITIES,0.035131058952
