SECTOR,WEIGHT
COMMUNICATION SERVICES,0.084824634679
CONSUMER DISCRETIONARY,0.075604609609
CONSUMER STAPLES,0.054974702506
ENERGY,0.065791666625
FINANCIALS,0.203082971135
HEALTH CARE,0.107496926827
INDUSTRIALS,0.145710334852
MATERIALS,0.04162344359
REAL ESTATE,0.033992276916
TECHNOLOGY,0.151698098723
UTILITIES,0.035200334539
