SECTOR,WEIGHT
COMMUNICATION SERVICES,0.091378926125
CONSUMER DISCRETIONARY,0.083167933287
CONSUMER STAPLES,0.051374677444
ENERGY,0.049929292782
FINANCIALS,0.230135853662
HEALTH CARE,0.112788946764
INDUSTRIALS,0.150695929805
MATERIALS,0.035504603779
REAL ESTATE,0.032739837009
TECHNOLOGY,0.128344534717
UTILITIES,0.033939464625
