SECTOR,WEIGHT
COMMUNICATION SERVICES,0.0240600026
CONSUMER DISCRETIONARY,0.090085792581
CONSUMER STAPLES,0.012810026912
ENERGY,0.051417200077
FINANCIALS,0.171509410978
HEALTH CARE,0.168197884923
INDUSTRIALS,0.185652237558
MATERIALS,0.060097800062
REAL ESTATE,0.048769002888
TECHNOLOGY,0.166837446552
UTILITIES,0.02056319487
