SECTOR,WEIGHT
COMMUNICATION SERVICES,0.02578837513
CONSUMER DISCRETIONARY,0.089949309561
CONSUMER STAPLES,0.010032182773
ENERGY,0.056279753642
FINANCIALS,0.163432966265
HEALTH CARE,0.166835292061
INDUSTRIALS,0.191607802009
MATERIALS,0.062014045262
REAL ESTATE,0.046102594158
TECHNOLOGY,0.166110408505
UTILITIES,0.021847270633
