SECTOR,WEIGHT
COMMUNICATION SERVICES,0.023185711301
CONSUMER DISCRETIONARY,0.071863379987
CONSUMER STAPLES,0.010029245874
ENERGY,0.081803843743
FINANCIALS,0.164528932526
HEALTH CARE,0.156865468978
INDUSTRIALS,0.204088155421
MATERIALS,0.057523501149
REAL ESTATE,0.041561520785
TECHNOLOGY,0.167273866722
UTILITIES,0.021276373512
