SECTOR,WEIGHT
COMMUNICATION SERVICES,0.021434133882
CONSUMER DISCRETIONARY,0.078851405372
CONSUMER STAPLES,0.010340674288
ENERGY,0.067158832508
FINANCIALS,0.165916996335
HEALTH CARE,0.154882721241
INDUSTRIALS,0.209905616298
MATERIALS,0.060683840555
REAL ESTATE,0.040686747864
TECHNOLOGY,0.16709549471
UTILITIES,0.023043536949
