SECTOR,WEIGHT
COMMUNICATION SERVICES,0.025804590299
CONSUMER DISCRETIONARY,0.082906674223
CONSUMER STAPLES,0.010260426058
ENERGY,0.058216944437
FINANCIALS,0.163732000721
HEALTH CARE,0.161884547024
INDUSTRIALS,0.198684217305
MATERIALS,0.063097807887
REAL ESTATE,0.045102393035
TECHNOLOGY,0.164292522089
UTILITIES,0.022275572499
