SECTOR,WEIGHT
COMMUNICATION SERVICES,0.023938095145
CONSUMER DISCRETIONARY,0.089228114573
CONSUMER STAPLES,0.012776730495
ENERGY,0.053971133443
FINANCIALS,0.165640375704
HEALTH CARE,0.173963267672
INDUSTRIALS,0.182242918489
MATERIALS,0.057370711533
REAL ESTATE,0.04952964953
TECHNOLOGYQ,0.170990953334
UTILITIES,0.020348050081
