SECTOR,WEIGHT
COMMUNICATION SERVICES,0.116020229311
CONSUMER DISCRETIONARY,0.107231979421
CONSUMER STAPLES,0.045442200057
ENERGY,0.0332843447
FINANCIALS,0.123961087829
HEALTH CARE,0.087397295494
INDUSTRIALS,0.088573249483
MATERIALS,0.020388114536
REAL ESTATE,0.022422257501
TECHNOLOGY,0.336545145415
UTILITIES,0.018734096252
