SECTOR,WEIGHT
COMMUNICATION SERVICES,0.117224292673
CONSUMER DISCRETIONARY,0.109461976464
CONSUMER STAPLES,0.045067107725
ENERGY,0.026082975548
FINANCIALS,0.133729631688
HEALTH CARE,0.104072043217
INDUSTRIALS,0.088120154819
MATERIALS,0.015434721266
REAL ESTATE,0.018973082945
TECHNOLOGY,0.324789606218
UTILITIES,0.017044407438
