SECTOR,WEIGHT
COMMUNICATION SERVICES,0.105222920507
CONSUMER DISCRETIONARY,0.106746253929
CONSUMER STAPLES,0.048887829061
ENERGY,0.034864181786
FINANCIALS,0.124216825922
HEALTH CARE,0.094688865462
INDUSTRIALS,0.093537181616
MATERIALS,0.021393062143
REAL ESTATE,0.022117658024
TECHNOLOGY,0.328231867987
UTILITIES,0.020093353564
