SECTOR,WEIGHT
COMMUNICATION SERVICES,0.105110658851
CONSUMER DISCRETIONARY,0.102867286072
CONSUMER STAPLES,0.05016991694
ENERGY,0.034064227668
FINANCIALS,0.123506244176
HEALTH CARE,0.10776158912
INDUSTRIALS,0.094273979838
MATERIALS,0.022931324342
REAL ESTATE,0.022268678097
TECHNOLOGY,0.316632848752
UTILITIES,0.020413246144
