SECTOR,WEIGHT
COMMUNICATION SERVICES,0.121820936792
CONSUMER DISCRETIONARY,0.103215814511
CONSUMER STAPLES,0.048964510063
ENERGY,0.027551156019
FINANCIALS,0.133744441091
HEALTH CARE,0.108824484695
INDUSTRIALS,0.084679078982
MATERIALS,0.016104991301
REAL ESTATE,0.019936378004
TECHNOLOGY,0.317221955242
UTILITIES,0.017936253301
