SECTOR,WEIGHT
COMMUNICATION SERVICES,0.113177285331
CONSUMER DISCRETIONARY,0.111052511245
CONSUMER STAPLES,0.043891402999
ENERGY,0.022376481379
FINANCIALS,0.134038980692
HEALTH CARE,0.10143709297
INDUSTRIALS,0.08709786509
MATERIALS,0.014532609172
REAL ESTATE,0.018881445269
TECHNOLOGY,0.336601377191
UTILITIES,0.01691294866
