SECTOR,WEIGHT
COMMUNICATION SERVICES,0.113517354669
CONSUMER DISCRETIONARY,0.103105961545
CONSUMER STAPLES,0.047796881999
ENERGY,0.036590239524
FINANCIALS,0.125726305641
HEALTH CARE,0.09335607494
INDUSTRIALS,0.090741795846
MATERIALS,0.020994585687
REAL ESTATE,0.022389100589
TECHNOLOGY,0.325274348465
UTILITIES,0.020507351094
