SECTOR,WEIGHT
COMMUNICATION SERVICES,0.11302385234
CONSUMER DISCRETIONARY,0.107722628737
CONSUMER STAPLES,0.04343238998
ENERGY,0.023346196033
FINANCIALS,0.134549925044
HEALTH CARE,0.100890258714
INDUSTRIALS,0.081234017603
MATERIALS,0.014213811131
REAL ESTATE,0.019048741569
TECHNOLOGY,0.346186800533
UTILITIES,0.016351378315
