SECTOR,WEIGHT
COMMUNICATION SERVICES,0.110244498054
CONSUMER DISCRETIONARY,0.104976999084
CONSUMER STAPLES,0.045750298834
ENERGY,0.036517552973
FINANCIALS,0.122077492711
HEALTH CARE,0.092825351617
INDUSTRIALS,0.090435219348
MATERIALS,0.018653535155
REAL ESTATE,0.021964093166
TECHNOLOGY,0.337897994336
UTILITIES,0.018656964722
