SECTOR,WEIGHT
COMMUNICATION SERVICES,0.116107478107
CONSUMER DISCRETIONARY,0.098998960039
CONSUMER STAPLES,0.050917506556
ENERGY,0.028380861734
FINANCIALS,0.129530702915
HEALTH CARE,0.109758734983
INDUSTRIALS,0.091568095695
MATERIALS,0.016805213862
REAL ESTATE,0.021119348555
TECHNOLOGY,0.318103537222
UTILITIES,0.018709560332
