SECTOR,WEIGHT
COMMUNICATION SERVICES,0.047933588177
CONSUMER DISCRETIONARY,0.101121461477
CONSUMER STAPLES,0.050709534497
ENERGY,0.073463553628
FINANCIALS,0.157684861666
HEALTH CARE,0.101332262062
INDUSTRIALS,0.160200088886
MATERIALS,0.052511442913
REAL ESTATE,0.015452624504
TECHNOLOGY,0.15866656903
UTILITIES,0.080924013161
