SECTOR,WEIGHT
COMMUNICATION SERVICES,0.038694819472
CONSUMER DISCRETIONARY,0.092911270804
CONSUMER STAPLES,0.057659573308
ENERGY,0.088784706423
FINANCIALS,0.161156786256
HEALTH CARE,0.105318314349
INDUSTRIALS,0.166492791425
MATERIALS,0.059622093702
REAL ESTATE,0.022569071221
TECHNOLOGY,0.117636422373
UTILITIES,0.089154150667
