SECTOR,WEIGHT
COMMUNICATION SERVICES,0.038668937749
CONSUMER DISCRETIONARY,0.089129542643
CONSUMER STAPLES,0.056164702312
ENERGY,0.094790847837
FINANCIALS,0.153250666964
HEALTH CARE,0.102988171154
INDUSTRIALS,0.168882041179
MATERIALS,0.058915833241
REAL ESTATE,0.023150999578
TECHNOLOGY,0.118427418372
UTILITIES,0.09563083897
