SECTOR,WEIGHT
COMMUNICATION SERVICES,0.03780745229
CONSUMER DISCRETIONARY,0.085214632057
CONSUMER STAPLES,0.055003559657
ENERGY,0.102787661523
FINANCIALS,0.150278652339
HEALTH CARE,0.10197169937
INDUSTRIALS,0.167496840746
MATERIALS,0.059700863089
REAL ESTATE,0.022510370973
TECHNOLOGY,0.12010975091
UTILITIES,0.097118517047
