SECTOR,WEIGHT
COMMUNICATION SERVICES,0.038168195402
CONSUMER DISCRETIONARY,0.086252706028
CONSUMER STAPLES,0.054869589133
ENERGY,0.102806852341
FINANCIALS,0.147874759141
HEALTH CARE,0.101676670023
INDUSTRIALS,0.168434122626
MATERIALS,0.056827359269
REAL ESTATE,0.022604794091
TECHNOLOGY,0.123429667292
UTILITIES,0.097055284654
