SECTOR,WEIGHT
COMMUNICATION SERVICES,0.039407031645
CONSUMER DISCRETIONARY,0.074118233377
CONSUMER STAPLES,0.046279338741
ENERGY,0.062806095587
FINANCIALS,0.16076482231
HEALTH CARE,0.089286801356
INDUSTRIALS,0.194157165288
MATERIALS,0.049626324672
REAL ESTATE,0.042791479621
TECHNOLOGY,0.165259323317
UTILITIES,0.075503384086
