SECTOR,WEIGHT
COMMUNICATION SERVICES,0.038407890137
CONSUMER DISCRETIONARY,0.092159815848
CONSUMER STAPLES,0.054928044172
ENERGY,0.086232086242
FINANCIALS,0.160882817591
HEALTH CARE,0.104987697186
INDUSTRIALS,0.16400450619
MATERIALS,0.057979228209
REAL ESTATE,0.022240763684
TECHNOLOGY,0.129000416593
UTILITIES,0.08917673415
