SECTOR,WEIGHT
COMMUNICATION SERVICES,0.037818562744
CONSUMER DISCRETIONARY,0.091762582921
CONSUMER STAPLES,0.05792108898
ENERGY,0.089518200914
FINANCIALS,0.154376366515
HEALTH CARE,0.104120878096
INDUSTRIALS,0.169116868188
MATERIALS,0.06175647883
REAL ESTATE,0.022932920471
TECHNOLOGY,0.118697731482
UTILITIES,0.09197832086
