SECTOR,WEIGHT
COMMUNICATION SERVICES,0.119385628851
CONSUMER DISCRETIONARY,0.093189331977
CONSUMER STAPLES,0.043841316849
ENERGY,0.059842530989
FINANCIALS,0.125196887536
HEALTH CARE,0.085565067229
INDUSTRIALS,0.140965323183
MATERIALS,0.025053938981
REAL ESTATE,0.016323207298
TECHNOLOGY,0.274034635799
UTILITIES,0.016602131308
