SECTOR,WEIGHT
COMMUNICATION SERVICES,0.115314270011
CONSUMER DISCRETIONARY,0.087281110212
CONSUMER STAPLES,0.028992941584
ENERGY,0.04528276922
FINANCIALS,0.155456150797
HEALTH CARE,0.087889752319
INDUSTRIALS,0.135212185056
MATERIALS,0.018085220073
REAL ESTATE,0.01459519702
TECHNOLOGY,0.293141580536
UTILITIES,0.018748823173
