SECTOR,WEIGHT
COMMUNICATION SERVICES,0.124266919463
CONSUMER DISCRETIONARY,0.087149370171
CONSUMER STAPLES,0.028127001574
ENERGY,0.045162153686
FINANCIALS,0.154735283992
HEALTH CARE,0.086817370625
INDUSTRIALS,0.126734953014
MATERIALS,0.011446322824
REAL ESTATE,0.01387451643
TECHNOLOGY,0.302770306369
UTILITIES,0.01891580185
