SECTOR,WEIGHT
COMMUNICATION SERVICES,0.128816793893
CONSUMER DISCRETIONARY,0.108884648007
CONSUMER STAPLES,0.031170483461
ENERGY,0.044635284139
FINANCIALS,0.113337574215
HEALTH CARE,0.079622561493
INDUSTRIALS,0.1372985581
MATERIALS,0.015055131467
REAL ESTATE,0.012828668363
TECHNOLOGY,0.312128922816
UTILITIES,0.016221374046
