SECTOR,WEIGHT
COMMUNICATION SERVICES,0.123014576585
CONSUMER DISCRETIONARY,0.08873763479
CONSUMER STAPLES,0.028602182033
ENERGY,0.046202028002
FINANCIALS,0.153625097165
HEALTH CARE,0.091051167059
INDUSTRIALS,0.123994678569
MATERIALS,0.011652664966
REAL ESTATE,0.014213014976
TECHNOLOGY,0.299217864279
UTILITIES,0.019689091578
