SECTOR,WEIGHT
COMMUNICATION SERVICES,0.11652546661
CONSUMER DISCRETIONARY,0.088726472427
CONSUMER STAPLES,0.03093511615
ENERGY,0.049680475617
FINANCIALS,0.143150545572
HEALTH CARE,0.088125666453
INDUSTRIALS,0.1417348166
MATERIALS,0.019568804535
REAL ESTATE,0.015105370076
TECHNOLOGY,0.287938393952
UTILITIES,0.018508872008
