SECTOR,WEIGHT
COMMUNICATION SERVICES,0.118105596441
CONSUMER DISCRETIONARY,0.088988457716
CONSUMER STAPLES,0.031012496706
ENERGY,0.048831144041
FINANCIALS,0.143773328879
HEALTH CARE,0.087552674768
INDUSTRIALS,0.138272952298
MATERIALS,0.018989889349
REAL ESTATE,0.014850601805
TECHNOLOGY,0.290498104642
UTILITIES,0.019124753354
