SECTOR,WEIGHT
COMMUNICATION SERVICES,0.124578842947
CONSUMER DISCRETIONARY,0.088571763734
CONSUMER STAPLES,0.029031912561
ENERGY,0.045860853688
FINANCIALS,0.152071485768
HEALTH CARE,0.092993721534
INDUSTRIALS,0.121994012251
MATERIALS,0.011717423126
REAL ESTATE,0.014428741196
TECHNOLOGY,0.298674432719
UTILITIES,0.020076810478
