SECTOR,WEIGHT
COMMUNICATION SERVICES,0.116936458815
CONSUMER DISCRETIONARY,0.097901114543
CONSUMER STAPLES,0.046881212208
ENERGY,0.067016227995
FINANCIALS,0.121490940103
HEALTH CARE,0.085233141489
INDUSTRIALS,0.135926278507
MATERIALS,0.023745620788
REAL ESTATE,0.01585267032
TECHNOLOGY,0.272235975142
UTILITIES,0.016780360089
