SECTOR,WEIGHT
COMMUNICATION SERVICES,0.121569958608
CONSUMER DISCRETIONARY,0.098111773676
CONSUMER STAPLES,0.047442256347
ENERGY,0.064236172681
FINANCIALS,0.118652757864
HEALTH CARE,0.083956409178
INDUSTRIALS,0.132607495149
MATERIALS,0.024310343954
REAL ESTATE,0.016516280696
TECHNOLOGY,0.275672937111
UTILITIES,0.016923614735
