SECTOR,WEIGHT
COMMUNICATION SERVICES,0.172583449673
CONSUMER DISCRETIONARY,0.11044740012
CONSUMER STAPLES,0.006399782272
ENERGY,0.003154027206
FINANCIALS,0.053964205974
HEALTH CARE,0.07373710392
INDUSTRIALS,0.067121609975
MATERIALS,0.019467474409
REAL ESTATE,0.008398643234
TECHNOLOGY,0.478625896489
UTILITIES,0.006100406727
