SECTOR,WEIGHT
COMMUNICATION SERVICES,0.172514238379
CONSUMER DISCRETIONARY,0.118708284911
CONSUMER STAPLES,0.007925550798
ENERGY,0.001420045089
FINANCIALS,0.055025735789
HEALTH CARE,0.068889381117
INDUSTRIALS,0.063540949185
MATERIALS,0.015960335835
REAL ESTATE,0.009108921706
TECHNOLOGY,0.48183727942
UTILITIES,0.00506927777
