SECTOR,WEIGHT
COMMUNICATION SERVICES,0.170741409505
CONSUMER DISCRETIONARY,0.115339878568
CONSUMER STAPLES,0.006704015259
ENERGY,0.000922469277
FINANCIALS,0.058037013576
HEALTH CARE,0.069700811793
INDUSTRIALS,0.054038975334
MATERIALS,0.014086790663
REAL ESTATE,0.00989741054
TECHNOLOGY,0.493724489847
UTILITIES,0.006806735637
