SECTOR,WEIGHT
COMMUNICATION SERVICES,0.167537326212
CONSUMER DISCRETIONARY,0.11423603906
CONSUMER STAPLES,0.006547574678
ENERGY,0.000862265219
FINANCIALS,0.058167646117
HEALTH CARE,0.066882971672
INDUSTRIALS,0.056240644523
MATERIALS,0.014120600282
REAL ESTATE,0.009215963189
TECHNOLOGY,0.499315022957
UTILITIES,0.006873946092
