SECTOR,WEIGHT
COMMUNICATION SERVICES,0.17139533993
CONSUMER DISCRETIONARY,0.111443154124
CONSUMER STAPLES,0.006088649773
ENERGY,0.003312926966
FINANCIALS,0.052783080387
HEALTH CARE,0.071394735198
INDUSTRIALS,0.064987592902
MATERIALS,0.018643907218
REAL ESTATE,0.008641629392
TECHNOLOGY,0.485460211616
UTILITIES,0.005848772494
