SECTOR,WEIGHT
COMMUNICATION SERVICES,0.15899795501
CONSUMER DISCRETIONARY,0.125766871166
CONSUMER STAPLES,0.009918200409
ENERGY,0.001226993865
FINANCIALS,0.048057259714
HEALTH CARE,0.063496932515
INDUSTRIALS,0.062576687117
MATERIALS,0.006952965235
REAL ESTATE,0.009509202454
TECHNOLOGY,0.505828220859
UTILITIES,0.007668711656
