SECTOR,WEIGHT
COMMUNICATION SERVICES,0.075062334859
CONSUMER DISCRETIONARY,0.07459664644
CONSUMER STAPLES,0.071348897183
ENERGY,0.084006972251
FINANCIALS,0.193879264997
HEALTH CARE,0.119914265052
INDUSTRIALS,0.133268358232
MATERIALS,0.047922657502
REAL ESTATE,0.045073207628
TECHNOLOGY,0.113814048502
UTILITIES,0.041113347354
