SECTOR,WEIGHT
COMMUNICATION SERVICES,0.077715558737
CONSUMER DISCRETIONARY,0.080524992062
CONSUMER STAPLES,0.077237743381
ENERGY,0.080830430991
FINANCIALS,0.210233716224
HEALTH CARE,0.118226034889
INDUSTRIALS,0.123104993372
MATERIALS,0.04779766435
REAL ESTATE,0.042007429323
TECHNOLOGY,0.105493364516
UTILITIES,0.036828072156
