SECTOR,WEIGHT
COMMUNICATION SERVICES,0.07456911323
CONSUMER DISCRETIONARY,0.078644142964
CONSUMER STAPLES,0.076760336243
ENERGY,0.082384542504
FINANCIALS,0.210195133751
HEALTH CARE,0.117515673191
INDUSTRIALS,0.125887475558
MATERIALS,0.048416554115
REAL ESTATE,0.042924385671
TECHNOLOGY,0.106300522104
UTILITIES,0.036402120668
