SECTOR,WEIGHT
COMMUNICATION SERVICES,0.080099605727
CONSUMER DISCRETIONARY,0.079580825897
CONSUMER STAPLES,0.062253579581
ENERGY,0.075015563395
FINANCIALS,0.200145258352
HEALTH CARE,0.101473334717
INDUSTRIALS,0.139966798091
MATERIALS,0.046690184686
REAL ESTATE,0.041191118489
TECHNOLOGY,0.131977588711
UTILITIES,0.041606142353
