SECTOR,WEIGHT
COMMUNICATION SERVICES,0.076127716242
CONSUMER DISCRETIONARY,0.076205927116
CONSUMER STAPLES,0.067284603027
ENERGY,0.077151855923
FINANCIALS,0.219450198698
HEALTH CARE,0.113236661875
INDUSTRIALS,0.122077661284
MATERIALS,0.046187748372
REAL ESTATE,0.047302781771
TECHNOLOGY,0.116027944534
UTILITIES,0.038946901158
