SECTOR,WEIGHT
COMMUNICATION SERVICES,0.073775161699
CONSUMER DISCRETIONARY,0.077811483572
CONSUMER STAPLES,0.066315452069
ENERGY,0.073555108303
FINANCIALS,0.231536364577
HEALTH CARE,0.11701012748
INDUSTRIALS,0.118609785041
MATERIALS,0.048349448811
REAL ESTATE,0.044865772453
TECHNOLOGY,0.108519482764
UTILITIES,0.03965181323
