SECTOR,WEIGHT
COMMUNICATION SERVICES,0.07406256474
CONSUMER DISCRETIONARY,0.081727781231
CONSUMER STAPLES,0.060907395898
ENERGY,0.073958980733
FINANCIALS,0.206857261239
HEALTH CARE,0.10296250259
INDUSTRIALS,0.143567433188
MATERIALS,0.04733789103
REAL ESTATE,0.041640770665
TECHNOLOGY,0.125854568055
UTILITIES,0.041122850632
