SECTOR,WEIGHT
COMMUNICATION SERVICES,0.073656233382
CONSUMER DISCRETIONARY,0.0753470306
CONSUMER STAPLES,0.070463622226
ENERGY,0.081592525912
FINANCIALS,0.196306382106
HEALTH CARE,0.121365464512
INDUSTRIALS,0.13330659421
MATERIALS,0.049451295088
REAL ESTATE,0.045701786395
TECHNOLOGY,0.112559647848
UTILITIES,0.04024941772
