SECTOR,WEIGHT
COMMUNICATION SERVICES,0.073141420267
CONSUMER DISCRETIONARY,0.078742612551
CONSUMER STAPLES,0.061357827492
ENERGY,0.08352950792
FINANCIALS,0.199938650245
HEALTH CARE,0.111785711763
INDUSTRIALS,0.138214540497
MATERIALS,0.045883158988
REAL ESTATE,0.040874274373
TECHNOLOGY,0.125789196994
UTILITIES,0.040743098909
