SECTOR,WEIGHT
COMMUNICATION SERVICES,0.077097977095
CONSUMER DISCRETIONARY,0.081433426262
CONSUMER STAPLES,0.069187683876
ENERGY,0.076487464721
FINANCIALS,0.21938589757
HEALTH CARE,0.117207220272
INDUSTRIALS,0.119627972825
MATERIALS,0.049518435547
REAL ESTATE,0.045636307029
TECHNOLOGY,0.105147065535
UTILITIES,0.039270549268
