SECTOR,WEIGHT
COMMUNICATION SERVICES,0.077227792507
CONSUMER DISCRETIONARY,0.07672772459
CONSUMER STAPLES,0.068018292223
ENERGY,0.077716792522
FINANCIALS,0.218825494408
HEALTH CARE,0.115314454176
INDUSTRIALS,0.11983720123
MATERIALS,0.045889532281
REAL ESTATE,0.049133433615
TECHNOLOGY,0.111793855302
UTILITIES,0.039515427146
