SECTOR,WEIGHT
COMMUNICATION SERVICES,0.067111972734
CONSUMER DISCRETIONARY,0.075267193706
CONSUMER STAPLES,0.066829126882
ENERGY,0.098056919456
FINANCIALS,0.201909662457
HEALTH CARE,0.121123451645
INDUSTRIALS,0.125195022718
MATERIALS,0.046203524199
REAL ESTATE,0.043844126771
TECHNOLOGY,0.112792081121
UTILITIES,0.041666918309
