SECTOR,WEIGHT
COMMUNICATION SERVICES,0.121656557678
CONSUMER DISCRETIONARY,0.16113183062
CONSUMER STAPLES,0.039694191328
ENERGY,0.044829745818
FINANCIALS,0.163330042035
HEALTH CARE,0.127323609896
INDUSTRIALS,0.060239794623
MATERIALS,0.015274635371
REAL ESTATE,0.009520692865
TECHNOLOGY,0.238060202556
UTILITIES,0.01893869721
