SECTOR,WEIGHT
COMMUNICATION SERVICES,0.123422676926
CONSUMER DISCRETIONARY,0.161328034723
CONSUMER STAPLES,0.039996617908
ENERGY,0.045127251205
FINANCIALS,0.162331388631
HEALTH CARE,0.128228629407
INDUSTRIALS,0.060227163834
MATERIALS,0.01516304501
REAL ESTATE,0.009422507821
TECHNOLOGY,0.235307911276
UTILITIES,0.019444773259
