SECTOR,WEIGHT
COMMUNICATION SERVICES,0.114655364711
CONSUMER DISCRETIONARY,0.141311621682
CONSUMER STAPLES,0.038701762213
ENERGY,0.018068257863
FINANCIALS,0.119451260317
HEALTH CARE,0.102498327013
INDUSTRIALS,0.127816194513
MATERIALS,0.010149453491
REAL ESTATE,0.016618335936
TECHNOLOGY,0.29043051528
UTILITIES,0.020298906982
