SECTOR,WEIGHT
COMMUNICATION SERVICES,0.110027531799
CONSUMER DISCRETIONARY,0.125415213725
CONSUMER STAPLES,0.040157240433
ENERGY,0.059404583801
FINANCIALS,0.130918175857
HEALTH CARE,0.124250973126
INDUSTRIALS,0.128251068259
MATERIALS,0.00995946676
REAL ESTATE,0.015803320351
TECHNOLOGY,0.234292095282
UTILITIES,0.021520330608
