SECTOR,WEIGHT
COMMUNICATION SERVICES,0.117811818588
CONSUMER DISCRETIONARY,0.162140647951
CONSUMER STAPLES,0.040004288047
ENERGY,0.044063107283
FINANCIALS,0.171968943589
HEALTH CARE,0.133936473035
INDUSTRIALS,0.074039523023
MATERIALS,0.015228270092
REAL ESTATE,0.009872772724
TECHNOLOGY,0.211462315363
UTILITIES,0.019471840302
