SECTOR,WEIGHT
COMMUNICATION SERVICES,0.11089053877
CONSUMER DISCRETIONARY,0.124704921473
CONSUMER STAPLES,0.040575353499
ENERGY,0.061782438786
FINANCIALS,0.129393281114
HEALTH CARE,0.124000476436
INDUSTRIALS,0.127613451384
MATERIALS,0.009356300586
REAL ESTATE,0.016118292316
TECHNOLOGY,0.233657952799
UTILITIES,0.021906992836
