SECTOR,WEIGHT
COMMUNICATION SERVICES,0.115846865858
CONSUMER DISCRETIONARY,0.143134187098
CONSUMER STAPLES,0.038408067891
ENERGY,0.018761377736
FINANCIALS,0.123347114923
HEALTH CARE,0.102813980238
INDUSTRIALS,0.142725494281
MATERIALS,0.010550161666
REAL ESTATE,0.016544700352
TECHNOLOGY,0.267283970185
UTILITIES,0.020584079773
