SECTOR,WEIGHT
COMMUNICATION SERVICES,0.117917130611
CONSUMER DISCRETIONARY,0.156603622763
CONSUMER STAPLES,0.039179614891
ENERGY,0.051105754562
FINANCIALS,0.141482317947
HEALTH CARE,0.119029471402
INDUSTRIALS,0.094049089355
MATERIALS,0.00935357013
REAL ESTATE,0.014570763676
TECHNOLOGY,0.235279216678
UTILITIES,0.021429447984
