SECTOR,WEIGHT
COMMUNICATION SERVICES,0.128233708213
CONSUMER DISCRETIONARY,0.160899256085
CONSUMER STAPLES,0.041699778898
ENERGY,0.050688468746
FINANCIALS,0.151827453588
HEALTH CARE,0.122678823125
INDUSTRIALS,0.083717207506
MATERIALS,0.007369700999
REAL ESTATE,0.010538228403
TECHNOLOGY,0.222220451176
UTILITIES,0.020126923261
