SECTOR,WEIGHT
COMMUNICATION SERVICES,0.114263938886
CONSUMER DISCRETIONARY,0.163461517003
CONSUMER STAPLES,0.039303161705
ENERGY,0.044738562894
FINANCIALS,0.166265697497
HEALTH CARE,0.130331346341
INDUSTRIALS,0.078461260352
MATERIALS,0.015113338883
REAL ESTATE,0.009836391188
TECHNOLOGY,0.219480406444
UTILITIES,0.018744378807
