SECTOR,WEIGHT
COMMUNICATION SERVICES,0.118439068918
CONSUMER DISCRETIONARY,0.154267457782
CONSUMER STAPLES,0.039479689639
ENERGY,0.017457781835
FINANCIALS,0.120492925605
HEALTH CARE,0.10006846189
INDUSTRIALS,0.125171154724
MATERIALS,0.010269283432
REAL ESTATE,0.015974440895
TECHNOLOGY,0.278297581013
UTILITIES,0.020082154267
