SECTOR,WEIGHT
COMMUNICATION SERVICES,0.008510201989
CONSUMER DISCRETIONARY,0.119860555726
CONSUMER STAPLES,0.034348405619
ENERGY,0.045114323798
FINANCIALS,0.164769814416
HEALTH CARE,0.122321337025
INDUSTRIALS,0.247205987901
MATERIALS,0.04593458423
REAL ESTATE,0.042756075054
TECHNOLOGY,0.146519019789
UTILITIES,0.022659694453
