SECTOR,WEIGHT
COMMUNICATION SERVICES,0.005434181728
CONSUMER DISCRETIONARY,0.024219022133
CONSUMER STAPLES,0.034431146623
ENERGY,0.021113775431
FINANCIALS,0.021967361622
HEALTH CARE,0.138680412812
INDUSTRIALS,0.255324511358
MATERIALS,0.323296364412
TECHNOLOGY,0.175533223881
