SECTOR,WEIGHT
COMMUNICATION SERVICES,0.01698093289
CONSUMER DISCRETIONARY,0.056492342685
CONSUMER STAPLES,0.041100935481
ENERGY,0.035612573208
FINANCIALS,0.011117082663
HEALTH CARE,0.469557883927
INDUSTRIALS,0.005974217294
MATERIALS,0.255166258388
TECHNOLOGY,0.107997773464
