SECTOR,WEIGHT
CONSUMER DISCRETIONARY,0.010729603691
CONSUMER STAPLES,0.036115160435
ENERGY,0.029696819376
FINANCIALS,0.017131565462
HEALTH CARE,0.204649845918
INDUSTRIALS,0.214015288896
MATERIALS,0.224455915146
TECHNOLOGY,0.263205801076
