SECTOR,WEIGHT
CONSUMER DISCRETIONARY,0.043133733631
CONSUMER STAPLES,0.031854773156
ENERGY,0.046570392836
FINANCIALS,0.052888161075
HEALTH CARE,0.120061282783
INDUSTRIALS,0.230163575073
MATERIALS,0.323178392974
TECHNOLOGY,0.152149688472
