SECTOR,WEIGHT
COMMUNICATION SERVICES,0.011073415211
CONSUMER DISCRETIONARY,0.117207793216
ENERGY,0.148779864108
FINANCIALS,0.034734868524
HEALTH CARE,0.081491473905
INDUSTRIALS,0.359011177979
MATERIALS,0.000001035286
REAL ESTATE,0.035154159208
TECHNOLOGY,0.207010540243
UTILITIES,0.00553567232
