SECTOR,WEIGHT
CONSUMER DISCRETIONARY,0.052380098105
CONSUMER STAPLES,0.019051036151
ENERGY,0.063680118095
FINANCIALS,0.01430365408
HEALTH CARE,0.167772953966
INDUSTRIALS,0.274639794564
MATERIALS,0.004553632296
TECHNOLOGY,0.403618712743
