SECTOR,WEIGHT
CONSUMER DISCRETIONARY,0.040204008693
CONSUMER STAPLES,0.029961465938
ENERGY,0.010626650946
FINANCIALS,0.039187251716
HEALTH CARE,0.133995218161
INDUSTRIALS,0.233920861388
MATERIALS,0.338948775989
TECHNOLOGY,0.173155767169
