SECTOR,WEIGHT
COMMUNICATION SERVICES,0.0108164957
CONSUMER DISCRETIONARY,0.116029427002
ENERGY,0.142193555072
FINANCIALS,0.034523883535
HEALTH CARE,0.077125686457
INDUSTRIALS,0.369982385245
MATERIALS,0.000001036162
REAL ESTATE,0.033358201223
TECHNOLOGY,0.210548129727
UTILITIES,0.005421199876
