SECTOR,WEIGHT
CONSUMER DISCRETIONARY,0.056933170244
ENERGY,0.069609696431
FINANCIALS,0.010674969421
HEALTH CARE,0.181696875347
INDUSTRIALS,0.294006449461
TECHNOLOGY,0.387078839097
