SECTOR,WEIGHT
CONSUMER STAPLES,0.000150383327
HEALTH CARE,0.999802496564
MATERIALS,0.000047120109
