SECTOR,WEIGHT
CONSUMER STAPLES,0.00008419719
HEALTH CARE,0.99987169952
MATERIALS,0.00004410329
