SECTOR,WEIGHT
CONSUMER STAPLES,0.000089165044
HEALTH CARE,0.999865751506
MATERIALS,0.000045083449
