SECTOR,WEIGHT
CONSUMER STAPLES,0.000091113984
HEALTH CARE,0.999868835914
MATERIALS,0.000040050103
