SECTOR,WEIGHT
CONSUMER STAPLES,0.000114546732
HEALTH CARE,0.999841242249
MATERIALS,0.000044211019
