SECTOR,WEIGHT
CONSUMER STAPLES,0.000141228083
HEALTH CARE,0.999820710447
MATERIALS,0.000038061469
