SECTOR,WEIGHT
CONSUMER STAPLES,0.000092175317
HEALTH CARE,0.999869752269
MATERIALS,0.000038072414
