SECTOR,WEIGHT
CONSUMER STAPLES,0.000090179367
HEALTH CARE,0.999871744901
MATERIALS,0.000038075733
