SECTOR,WEIGHT
CONSUMER DISCRETIONARY,0.001822296534
ENERGY,0.000169306275
INDUSTRIALS,0.991382410781
MATERIALS,0.002778025448
TECHNOLOGY,0.003351062071
