SECTOR,WEIGHT
CONSUMER DISCRETIONARY,0.00252927194
ENERGY,0.000197333296
INDUSTRIALS,0.991050884945
MATERIALS,0.003340642345
TECHNOLOGY,0.002881867474
