SECTOR,WEIGHT
CONSUMER DISCRETIONARY,0.001785948733
ENERGY,0.000172381135
INDUSTRIALS,0.99193216201
MATERIALS,0.002787162416
TECHNOLOGY,0.003322345706
