SECTOR,WEIGHT
CONSUMER DISCRETIONARY,0.002625201939
ENERGY,0.000201938611
INDUSTRIALS,0.991013731826
MATERIALS,0.003533925687
TECHNOLOGY,0.002625201939
