SECTOR,WEIGHT
CONSUMER DISCRETIONARY,0.001773497084
ENERGY,0.000167235468
INDUSTRIALS,0.991976703198
MATERIALS,0.002900083317
TECHNOLOGY,0.003182480933
