SECTOR,WEIGHT
CONSUMER DISCRETIONARY,0.001792078791
ENERGY,0.000160275353
INDUSTRIALS,0.992009271929
MATERIALS,0.002886959797
TECHNOLOGY,0.003151414129
