SECTOR,WEIGHT
COMMUNICATION SERVICES,0.002781248827
FINANCIALS,0.62052417906
HEALTH CARE,0.021154867185
INDUSTRIALS,0.034939907649
TECHNOLOGY,0.320599797279
