SECTOR,WEIGHT
COMMUNICATION SERVICES,0.004300962331
FINANCIALS,0.633589733422
HEALTH CARE,0.023881969504
INDUSTRIALS,0.032712178486
TECHNOLOGY,0.305515156257
