SECTOR,WEIGHT
COMMUNICATION SERVICES,0.00675998535
FINANCIALS,0.571771785611
HEALTH CARE,0.040165761535
INDUSTRIALS,0.052145513111
TECHNOLOGY,0.329156954393
