SECTOR,WEIGHT
COMMUNICATION SERVICES,0.007293040199
FINANCIALS,0.583890051636
HEALTH CARE,0.038151488255
INDUSTRIALS,0.055233517303
TECHNOLOGY,0.315431902607
