SECTOR,WEIGHT
COMMUNICATION SERVICES,0.004348188853
FINANCIALS,0.573883829321
HEALTH CARE,0.03283584927
INDUSTRIALS,0.047577656414
TECHNOLOGY,0.341354476142
