SECTOR,WEIGHT
COMMUNICATION SERVICES,0.007663324839
FINANCIALS,0.576961833064
HEALTH CARE,0.034430806152
INDUSTRIALS,0.051273813262
TECHNOLOGY,0.329670222683
