SECTOR,WEIGHT
COMMUNICATION SERVICES,0.007362511413
FINANCIALS,0.558435077802
HEALTH CARE,0.035290032442
INDUSTRIALS,0.053568826855
TECHNOLOGY,0.324290459817
