SECTOR,WEIGHT
COMMUNICATION SERVICES,0.007213670399
FINANCIALS,0.584181310171
HEALTH CARE,0.036018943296
INDUSTRIALS,0.053866601447
TECHNOLOGY,0.318719474687
