SECTOR,WEIGHT
COMMUNICATION SERVICES,0.042836716535
CONSUMER DISCRETIONARY,0.010677051228
ENERGY,0.024708485705
HEALTH CARE,0.019882223277
INDUSTRIALS,0.429644117534
TECHNOLOGY,0.472251405722
