SECTOR,WEIGHT
COMMUNICATION SERVICES,0.029579281183
CONSUMER DISCRETIONARY,0.011144765141
ENERGY,0.025861246302
HEALTH CARE,0.023112132839
INDUSTRIALS,0.424483715458
TECHNOLOGY,0.485818859077
