SECTOR,WEIGHT
COMMUNICATION SERVICES,0.027957229586
CONSUMER DISCRETIONARY,0.017902933094
ENERGY,0.025470769993
HEALTH CARE,0.024544920082
INDUSTRIALS,0.385778456388
TECHNOLOGY,0.518345690858
