SECTOR,WEIGHT
COMMUNICATION SERVICES,0.029215439553
CONSUMER DISCRETIONARY,0.011364010942
ENERGY,0.023411130825
HEALTH CARE,0.022370971932
INDUSTRIALS,0.425056323431
TECHNOLOGY,0.488582123316
