SECTOR,WEIGHT
COMMUNICATION SERVICES,0.033924451937
CONSUMER DISCRETIONARY,0.011438148844
ENERGY,0.026605904251
HEALTH CARE,0.019086508936
INDUSTRIALS,0.423482857526
TECHNOLOGY,0.485462128506
