SECTOR,WEIGHT
COMMUNICATION SERVICES,0.020934125938
CONSUMER DISCRETIONARY,0.006444887498
ENERGY,0.015609677406
HEALTH CARE,0.03011042388
INDUSTRIALS,0.399813359309
TECHNOLOGYQ,0.527087525969
