SECTOR,WEIGHT
COMMUNICATION SERVICES,0.027365880221
CONSUMER DISCRETIONARY,0.01463887883
ENERGY,0.025001759717
HEALTH CARE,0.024570339621
INDUSTRIALS,0.389774693396
TECHNOLOGY,0.518648448215
