SECTOR,WEIGHT
COMMUNICATION SERVICES,0.02956144801
CONSUMER DISCRETIONARY,0.012632627622
ENERGY,0.026960743141
HEALTH CARE,0.024985807248
INDUSTRIALS,0.41632427573
TECHNOLOGY,0.489535098249
