SECTOR,WEIGHT
COMMUNICATION SERVICES,0.021755856445
CONSUMER DISCRETIONARY,0.007528258471
ENERGY,0.015919756947
HEALTH CARE,0.027545172189
INDUSTRIALS,0.400921036753
TECHNOLOGY,0.526329919196
