SECTOR,WEIGHT
COMMUNICATION SERVICES,0.028546184579
CONSUMER DISCRETIONARY,0.012435495764
ENERGY,0.024712403224
HEALTH CARE,0.022019995755
INDUSTRIALS,0.434663664429
TECHNOLOGY,0.477622256249
