SECTOR,WEIGHT
COMMUNICATION SERVICES,0.047678484791
CONSUMER DISCRETIONARY,0.011062173531
ENERGY,0.024030687747
HEALTH CARE,0.019615842375
INDUSTRIALS,0.418961218129
TECHNOLOGY,0.478651593427
