SECTOR,WEIGHT
CONSUMER STAPLES,0.018746810433
HEALTH CARE,0.119667434103
INDUSTRIALS,0.606836707422
MATERIALS,0.050357330081
TECHNOLOGY,0.085091356356
UTILITIES,0.119300361606
