SECTOR,WEIGHT
CONSUMER STAPLES,0.019925886118
HEALTH CARE,0.142002214367
INDUSTRIALS,0.575079564706
MATERIALS,0.050580797681
TECHNOLOGY,0.071825064446
UTILITIES,0.140586472681
