SECTOR,WEIGHT
CONSUMER STAPLES,0.020323231654
HEALTH CARE,0.141714790315
INDUSTRIALS,0.574013076857
MATERIALS,0.050644487325
TECHNOLOGY,0.071462046619
UTILITIES,0.14184236723
