SECTOR,WEIGHT
CONSUMER STAPLES,0.018075021722
HEALTH CARE,0.121372702062
INDUSTRIALS,0.599845663822
MATERIALS,0.051447215386
TECHNOLOGY,0.088006616093
UTILITIES,0.121252780915
