SECTOR,WEIGHT
CONSUMER STAPLES,0.027098022538
HEALTH CARE,0.121568856927
INDUSTRIALS,0.589890184009
MATERIALS,0.055661296317
TECHNOLOGY,0.058532659079
UTILITIES,0.14724898113
