SECTOR,WEIGHT
CONSUMER STAPLES,0.019089199494
HEALTH CARE,0.151599449393
INDUSTRIALS,0.567522443689
MATERIALS,0.050348070678
TECHNOLOGY,0.070820810923
UTILITIES,0.140620025823
