SECTOR,WEIGHT
CONSUMER STAPLES,0.022766599445
HEALTH CARE,0.134654393177
INDUSTRIALS,0.590301945794
MATERIALS,0.051533502765
TECHNOLOGY,0.060131670472
UTILITIES,0.140611888346
