SECTOR,WEIGHT
COMMUNICATION SERVICES,0.03105757189
CONSUMER DISCRETIONARY,0.196490231304
CONSUMER STAPLES,0.107018537116
ENERGY,0.003742032801
FINANCIALS,0.090300923055
HEALTH CARE,0.286819162089
INDUSTRIALS,0.082169678831
TECHNOLOGY,0.202401862914
