SECTOR,WEIGHT
COMMUNICATION SERVICES,0.031551342749
CONSUMER DISCRETIONARY,0.183368532735
CONSUMER STAPLES,0.102097951095
ENERGY,0.003182960153
FINANCIALS,0.094907263755
HEALTH CARE,0.281709990291
INDUSTRIALS,0.076925540753
TECHNOLOGY,0.226256418469
