SECTOR,WEIGHT
COMMUNICATION SERVICES,0.025396472995
CONSUMER DISCRETIONARY,0.152506845397
CONSUMER STAPLES,0.101447883977
ENERGY,0.002663154463
FINANCIALS,0.191684117679
HEALTH CARE,0.249130449566
INDUSTRIALS,0.056053251089
TECHNOLOGY,0.221117824834
