SECTOR,WEIGHT
COMMUNICATION SERVICES,0.037194941928
CONSUMER DISCRETIONARY,0.192080624903
CONSUMER STAPLES,0.116820040132
ENERGY,0.004046257237
FINANCIALS,0.084645139337
HEALTH CARE,0.284744219096
INDUSTRIALS,0.082361300847
TECHNOLOGY,0.198107476519
