SECTOR,WEIGHT
COMMUNICATION SERVICES,0.10145269064
CONSUMER DISCRETIONARY,0.106944146901
CONSUMER STAPLES,0.057087477684
ENERGY,0.018712573323
FINANCIALS,0.133892374394
HEALTH CARE,0.109187452181
INDUSTRIALS,0.088673297628
MATERIALS,0.022912522316
REAL ESTATE,0.01088599847
TECHNOLOGY,0.338023973476
UTILITIES,0.012227492986
