SECTOR,WEIGHT
COMMUNICATION SERVICES,0.103385913795
CONSUMER DISCRETIONARY,0.10780669145
CONSUMER STAPLES,0.04943233196
ENERGY,0.031045915804
FINANCIALS,0.131518135236
HEALTH CARE,0.094644830704
INDUSTRIALS,0.105093941525
MATERIALS,0.023309554908
REAL ESTATE,0.011755249673
TECHNOLOGY,0.327740379785
UTILITIES,0.014267055159
