SECTOR,WEIGHT
COMMUNICATION SERVICES,0.092094819566
CONSUMER DISCRETIONARY,0.100449904654
CONSUMER STAPLES,0.045151217395
ENERGY,0.025658028256
FINANCIALS,0.136664315669
HEALTH CARE,0.108369954648
INDUSTRIALS,0.110339166621
MATERIALS,0.027317792634
REAL ESTATE,0.01196396744
TECHNOLOGY,0.323741462562
UTILITIES,0.018249370555
