SECTOR,WEIGHT
COMMUNICATION SERVICES,0.086630906379
CONSUMER DISCRETIONARY,0.102065598951
CONSUMER STAPLES,0.056427000358
ENERGY,0.032200343395
FINANCIALS,0.137879835781
HEALTH CARE,0.105795096766
INDUSTRIALS,0.108375587572
MATERIALS,0.026388961491
REAL ESTATE,0.011748420744
TECHNOLOGY,0.310850124451
UTILITIES,0.021638124113
