SECTOR,WEIGHT
COMMUNICATION SERVICES,0.102107435445
CONSUMER DISCRETIONARY,0.106290887094
CONSUMER STAPLES,0.057209542881
ENERGY,0.019097390469
FINANCIALS,0.133381822336
HEALTH CARE,0.109175744753
INDUSTRIALS,0.088478829246
MATERIALS,0.023018675067
REAL ESTATE,0.010976332538
TECHNOLOGY,0.337904765014
UTILITIES,0.012358575158
