SECTOR,WEIGHT
COMMUNICATION SERVICES,0.093597678023
CONSUMER DISCRETIONARY,0.100036783402
CONSUMER STAPLES,0.045344085611
ENERGY,0.026339327889
FINANCIALS,0.132817226692
HEALTH CARE,0.105514093269
INDUSTRIALS,0.106218605969
MATERIALS,0.029152353635
REAL ESTATE,0.01189933006
TECHNOLOGY,0.330658664099
UTILITIES,0.018421851351
