SECTOR,WEIGHT
COMMUNICATION SERVICES,0.105305081721
CONSUMER DISCRETIONARY,0.108372982483
CONSUMER STAPLES,0.054156403784
ENERGY,0.021717024911
FINANCIALS,0.129651444453
HEALTH CARE,0.112017134552
INDUSTRIALS,0.094330809047
MATERIALS,0.026543257095
REAL ESTATE,0.010840663964
TECHNOLOGY,0.323753282848
UTILITIES,0.013311915143
