SECTOR,WEIGHT
COMMUNICATION SERVICES,0.092392113919
CONSUMER DISCRETIONARY,0.102444974979
CONSUMER STAPLES,0.053476027328
ENERGY,0.027456147061
FINANCIALS,0.134640701808
HEALTH CARE,0.10481526811
INDUSTRIALS,0.110542218393
MATERIALS,0.028663939739
REAL ESTATE,0.012381887941
TECHNOLOGY,0.312129861869
UTILITIES,0.021056858853
