SECTOR,WEIGHT
COMMUNICATION SERVICES,0.129819414637
CONSUMER DISCRETIONARY,0.131660100329
CONSUMER STAPLES,0.02209640004
ENERGY,0.001663971693
FINANCIALS,0.058314597904
HEALTH CARE,0.079856340713
INDUSTRIALS,0.063714078794
MATERIALS,0.007090010756
TECHNOLOGY,0.505785085134
