SECTOR,WEIGHT
COMMUNICATION SERVICES,0.118211439507
CONSUMER DISCRETIONARY,0.121951294157
CONSUMER STAPLES,0.019321562211
ENERGY,0.001421063155
FINANCIALS,0.053973876105
HEALTH CARE,0.069450508645
INDUSTRIALS,0.069813680564
MATERIALS,0.006237171666
TECHNOLOGY,0.53961940399
