SECTOR,WEIGHT
COMMUNICATION SERVICES,0.118775436375
CONSUMER DISCRETIONARY,0.117532382704
CONSUMER STAPLES,0.019822535749
ENERGY,0.001661089506
FINANCIALS,0.065378392773
HEALTH CARE,0.08255504306
INDUSTRIALS,0.076543768151
MATERIALS,0.008144664516
TECHNOLOGY,0.509586687167
