SECTOR,WEIGHT
COMMUNICATION SERVICES,0.117662741477
CONSUMER DISCRETIONARY,0.127179828719
CONSUMER STAPLES,0.019577599451
ENERGY,0.001383077828
FINANCIALS,0.056187281404
HEALTH CARE,0.072119234792
INDUSTRIALS,0.067938335567
MATERIALS,0.006338255483
TECHNOLOGY,0.531613645278
