SECTOR,WEIGHT
COMMUNICATION SERVICES,0.121669180493
CONSUMER DISCRETIONARY,0.130618401207
CONSUMER STAPLES,0.027249874309
ENERGY,0.002011060835
FINANCIALS,0.06103569633
HEALTH CARE,0.075314228255
INDUSTRIALS,0.075113122172
MATERIALS,0.004826546003
TECHNOLOGY,0.502161890397
