SECTOR,WEIGHT
COMMUNICATION SERVICES,0.107940199336
CONSUMER DISCRETIONARY,0.125737440854
CONSUMER STAPLES,0.026366656599
ENERGY,0.001997382462
FINANCIALS,0.070030202356
HEALTH CARE,0.085780730897
INDUSTRIALS,0.08075606564
MATERIALS,0.007561663143
TECHNOLOGY,0.493829658713
