SECTOR,WEIGHT
COMMUNICATION SERVICES,0.079087528892
CONSUMER DISCRETIONARY,0.075369309617
CONSUMER STAPLES,0.062707265601
ENERGY,0.056275751181
FINANCIALS,0.2139483469
HEALTH CARE,0.125515023616
INDUSTRIALS,0.142598733796
MATERIALS,0.040297457542
REAL ESTATE,0.030951663149
TECHNOLOGY,0.13064013667
UTILITIES,0.042608783037
