SECTOR,WEIGHT
COMMUNICATION SERVICES,0.069673799937
CONSUMER DISCRETIONARY,0.073110236418
CONSUMER STAPLES,0.069758253027
ENERGY,0.069497855997
FINANCIALS,0.20677233357
HEALTH CARE,0.124830716796
INDUSTRIALS,0.144509292353
MATERIALS,0.042774485113
REAL ESTATE,0.029702353125
TECHNOLOGY,0.118699824559
UTILITIES,0.050670849105
