SECTOR,WEIGHT
COMMUNICATION SERVICES,0.067101525323
CONSUMER DISCRETIONARY,0.075479038124
CONSUMER STAPLES,0.067953952831
ENERGY,0.056085307085
FINANCIALS,0.213557216181
HEALTH CARE,0.129714738351
INDUSTRIALS,0.147998705275
MATERIALS,0.046727703693
REAL ESTATE,0.02955048522
TECHNOLOGY,0.119172984481
UTILITIES,0.046658343436
