SECTOR,WEIGHT
COMMUNICATION SERVICES,0.088353908704
CONSUMER DISCRETIONARY,0.0703106542
CONSUMER STAPLES,0.084039552375
ENERGY,0.047399367639
FINANCIALS,0.218454351028
HEALTH CARE,0.135682397632
INDUSTRIALS,0.133081457102
MATERIALS,0.04034128613
REAL ESTATE,0.029897462131
TECHNOLOGY,0.110624205183
UTILITIES,0.041815357876
