SECTOR,WEIGHT
COMMUNICATION SERVICES,0.089146339961
CONSUMER DISCRETIONARY,0.071265955831
CONSUMER STAPLES,0.083325464048
ENERGY,0.048500798561
FINANCIALS,0.215619778045
HEALTH CARE,0.133988947418
INDUSTRIALS,0.136157790797
MATERIALS,0.039033022257
REAL ESTATE,0.029948103776
TECHNOLOGY,0.11232412148
UTILITIES,0.040689677825
