SECTOR,WEIGHT
COMMUNICATION SERVICES,0.088810152902
CONSUMER DISCRETIONARY,0.070010765988
CONSUMER STAPLES,0.084190434708
ENERGY,0.048160331034
FINANCIALS,0.217302421525
HEALTH CARE,0.135343258314
INDUSTRIALS,0.132427812409
MATERIALS,0.040520383466
REAL ESTATE,0.030261876487
TECHNOLOGY,0.110742770968
UTILITIES,0.0422297922
