SECTOR,WEIGHT
COMMUNICATION SERVICES,0.075760944919
CONSUMER DISCRETIONARY,0.078906247642
CONSUMER STAPLES,0.06907088804
ENERGY,0.05398027696
FINANCIALS,0.219531263363
HEALTH CARE,0.126063652636
INDUSTRIALS,0.144205992174
MATERIALS,0.045741716917
REAL ESTATE,0.028008890561
TECHNOLOGY,0.115653767169
UTILITIES,0.043076359619
