SECTOR,WEIGHT
COMMUNICATION SERVICES,0.04082999005
CONSUMER DISCRETIONARY,0.146315165792
CONSUMER STAPLES,0.057457926996
ENERGY,0.106780045654
FINANCIALS,0.148135787802
HEALTH CARE,0.112170031514
INDUSTRIALS,0.140799903064
MATERIALS,0.012733058614
REAL ESTATE,0.080134066785
TECHNOLOGY,0.013868765294
UTILITIES,0.140775258435
