SECTOR,WEIGHT
COMMUNICATION SERVICES,0.04559787854
CONSUMER DISCRETIONARY,0.151959494935
CONSUMER STAPLES,0.053188996001
ENERGY,0.094888456527
FINANCIALS,0.160569993951
HEALTH CARE,0.122437345391
INDUSTRIALS,0.133524655012
MATERIALS,0.01248640057
REAL ESTATE,0.079265103683
TECHNOLOGY,0.017289570887
UTILITIES,0.128792104501
