SECTOR,WEIGHT
COMMUNICATION SERVICES,0.042092036097
CONSUMER DISCRETIONARY,0.139556477818
CONSUMER STAPLES,0.057975008432
ENERGY,0.120251355287
FINANCIALS,0.140042859141
HEALTH CARE,0.111722715345
INDUSTRIALS,0.13651068188
MATERIALS,0.011092167718
REAL ESTATE,0.079962940417
TECHNOLOGY,0.014896841915
UTILITIES,0.145896915952
