SECTOR,WEIGHT
COMMUNICATION SERVICES,0.044155225078
CONSUMER DISCRETIONARY,0.153556661695
CONSUMER STAPLES,0.055128307422
ENERGY,0.094320225374
FINANCIALS,0.155381587481
HEALTH CARE,0.120554556484
INDUSTRIALS,0.137693923938
MATERIALS,0.012523860086
REAL ESTATE,0.078738796245
TECHNOLOGY,0.015816705436
UTILITIES,0.132130150761
