SECTOR,WEIGHT
COMMUNICATION SERVICES,0.040675978468
CONSUMER DISCRETIONARY,0.150692429181
CONSUMER STAPLES,0.056179902199
ENERGY,0.104278212151
FINANCIALS,0.158274954868
HEALTH CARE,0.113701944306
INDUSTRIALS,0.139476781082
MATERIALS,0.013037343734
REAL ESTATE,0.079141071535
TECHNOLOGY,0.012855584924
UTILITIES,0.131685797551
