SECTOR,WEIGHT
COMMUNICATION SERVICES,0.045885420081
CONSUMER DISCRETIONARY,0.154148870186
CONSUMER STAPLES,0.054317800179
ENERGY,0.099333861135
FINANCIALS,0.162879777315
HEALTH CARE,0.11198999531
INDUSTRIALS,0.132075015002
MATERIALS,0.012272890014
REAL ESTATE,0.077015939932
TECHNOLOGY,0.019191455672
UTILITIES,0.130888975175
