SECTOR,WEIGHT
COMMUNICATION SERVICES,0.045375205839
CONSUMER DISCRETIONARY,0.153308232942
CONSUMER STAPLES,0.054198302499
ENERGY,0.096151094145
FINANCIALS,0.160006933513
HEALTH CARE,0.114710334361
INDUSTRIALS,0.131632943054
MATERIALS,0.012334195319
REAL ESTATE,0.078635911969
TECHNOLOGY,0.018211556795
UTILITIES,0.135435289565
