SECTOR,WEIGHT
COMMUNICATION SERVICES,0.04600804159
CONSUMER DISCRETIONARY,0.147037168837
CONSUMER STAPLES,0.054257216366
ENERGY,0.097930701614
FINANCIALS,0.159394058385
HEALTH CARE,0.122297825171
INDUSTRIALS,0.130081724811
MATERIALS,0.012309850744
REAL ESTATE,0.080189914062
TECHNOLOGY,0.017344025458
UTILITIES,0.133149472961
