SECTOR,WEIGHT
COMMUNICATION SERVICES,0.039958019998
CONSUMER DISCRETIONARY,0.152773113904
CONSUMER STAPLES,0.054466177242
ENERGY,0.098177546244
FINANCIALS,0.156877665468
HEALTH CARE,0.119441731696
INDUSTRIALS,0.139364775205
MATERIALS,0.012453314192
REAL ESTATE,0.079211581058
TECHNOLOGY,0.015504258074
UTILITIES,0.131771816919
