SECTOR,WEIGHT
COMMUNICATION SERVICES,0.041974453994
CONSUMER DISCRETIONARY,0.142920822994
CONSUMER STAPLES,0.057929409541
ENERGY,0.111751450264
FINANCIALS,0.144253997469
HEALTH CARE,0.112408793611
INDUSTRIALS,0.140491733907
MATERIALS,0.012367298812
REAL ESTATE,0.080221565792
TECHNOLOGY,0.014236618954
UTILITIES,0.141443854661
