SECTOR,WEIGHT
COMMUNICATION SERVICES,0.041355561079
CONSUMER DISCRETIONARY,0.149766144454
CONSUMER STAPLES,0.055755598874
ENERGY,0.104178178001
FINANCIALS,0.157007758212
HEALTH CARE,0.111629306609
INDUSTRIALS,0.143677889405
MATERIALS,0.013240516885
REAL ESTATE,0.078841259636
TECHNOLOGY,0.013148083863
UTILITIES,0.131399702982
