SECTOR,WEIGHT
COMMUNICATION SERVICES,0.045695950658
CONSUMER DISCRETIONARY,0.148700492645
CONSUMER STAPLES,0.054462947322
ENERGY,0.096021824443
FINANCIALS,0.16050025256
HEALTH CARE,0.122641837409
INDUSTRIALS,0.130658312082
MATERIALS,0.012441895896
REAL ESTATE,0.079483755391
TECHNOLOGY,0.017464462681
UTILITIES,0.131928268912
