SECTOR,WEIGHT
COMMUNICATION SERVICES,0.040486126215
CONSUMER DISCRETIONARY,0.14092598954
CONSUMER STAPLES,0.056854977224
ENERGY,0.1246973907
FINANCIALS,0.149306564818
HEALTH CARE,0.108210646563
INDUSTRIALS,0.130468056044
MATERIALS,0.018970630383
REAL ESTATE,0.081258854689
TECHNOLOGY,0.018422833866
UTILITIES,0.130397929959
