SECTOR,WEIGHT
COMMUNICATION SERVICES,0.094081284033
CONSUMER DISCRETIONARY,0.215916161125
CONSUMER STAPLES,0.112529242915
ENERGY,0.098864347939
HEALTH CARE,0.10022893383
INDUSTRIALS,0.105812514715
MATERIALS,0.050613913366
REAL ESTATE,0.03012508704
TECHNOLOGY,0.191828515036
