SECTOR,WEIGHT
COMMUNICATION SERVICES,0.096979605714
CONSUMER DISCRETIONARY,0.203965861195
CONSUMER STAPLES,0.110761123361
ENERGY,0.120559780408
HEALTH CARE,0.102877399291
INDUSTRIALS,0.095632652857
MATERIALS,0.058735944242
REAL ESTATE,0.027452039179
TECHNOLOGY,0.183035593754
