SECTOR,WEIGHT
COMMUNICATION SERVICES,0.094676793911
CONSUMER DISCRETIONARY,0.199710269042
CONSUMER STAPLES,0.107122419334
ENERGY,0.133789472842
HEALTH CARE,0.101664952559
INDUSTRIALS,0.093243145902
MATERIALS,0.06059739002
REAL ESTATE,0.026855138523
TECHNOLOGY,0.182340417869
