SECTOR,WEIGHT
COMMUNICATION SERVICES,0.105684547638
CONSUMER DISCRETIONARY,0.248398718975
CONSUMER STAPLES,0.088670936749
ENERGY,0.088170536429
HEALTH CARE,0.101080864692
INDUSTRIALS,0.083166533227
MATERIALS,0.024419535629
REAL ESTATE,0.015912730184
TECHNOLOGY,0.244495596477
