SECTOR,WEIGHT
COMMUNICATION SERVICES,0.103318788391
CONSUMER DISCRETIONARY,0.244926363101
CONSUMER STAPLES,0.092169444414
ENERGY,0.092720758111
HEALTH CARE,0.10151376133
INDUSTRIALS,0.082045683994
MATERIALS,0.025216348102
REAL ESTATE,0.017012680215
TECHNOLOGY,0.241076172342
