SECTOR,WEIGHT
COMMUNICATION SERVICES,0.095761246367
CONSUMER DISCRETIONARY,0.212874378538
CONSUMER STAPLES,0.108629820587
ENERGY,0.103219795528
HEALTH CARE,0.096779003579
INDUSTRIALS,0.099974380939
MATERIALS,0.048014722954
REAL ESTATE,0.029771149735
TECHNOLOGY,0.204975501773
