SECTOR,WEIGHT
COMMUNICATION SERVICES,0.111863688856
CONSUMER DISCRETIONARY,0.150995400618
CONSUMER STAPLES,0.113101446148
ENERGY,0.175869427095
HEALTH CARE,0.12799749052
INDUSTRIALS,0.076440253985
MATERIALS,0.04965614523
REAL ESTATE,0.012019931988
TECHNOLOGY,0.18205621556
