SECTOR,WEIGHT
COMMUNICATION SERVICES,0.108413115855
CONSUMER DISCRETIONARY,0.114196448401
CONSUMER STAPLES,0.049231183568
ENERGY,0.011322468775
FINANCIALS,0.100725453999
HEALTH CARE,0.120765630825
INDUSTRIALS,0.104423571075
MATERIALS,0.020230107296
REAL ESTATE,0.027021377729
TECHNOLOGY,0.32553780973
UTILITIES,0.018132832748
