SECTOR,WEIGHT
COMMUNICATION SERVICES,0.118883844132
CONSUMER DISCRETIONARY,0.119912720803
CONSUMER STAPLES,0.030968486519
ENERGY,0.009173732889
FINANCIALS,0.112589362998
HEALTH CARE,0.10923023595
INDUSTRIALS,0.098086910525
MATERIALS,0.020168787869
REAL ESTATE,0.023360609752
TECHNOLOGY,0.345570320264
UTILITIES,0.012054988299
