SECTOR,WEIGHT
COMMUNICATION SERVICES,0.114360365792
CONSUMER DISCRETIONARY,0.112953472013
CONSUMER STAPLES,0.046025525073
ENERGY,0.009144809567
FINANCIALS,0.100693397648
HEALTH CARE,0.107024419656
INDUSTRIALS,0.101999799015
MATERIALS,0.018289619134
REAL ESTATE,0.026128027334
TECHNOLOGY,0.346799316652
UTILITIES,0.016581248116
