SECTOR,WEIGHT
COMMUNICATION SERVICES,0.129025015586
CONSUMER DISCRETIONARY,0.132033942135
CONSUMER STAPLES,0.031925492484
ENERGY,0.007509286377
FINANCIALS,0.115337506941
HEALTH CARE,0.109565219134
INDUSTRIALS,0.091009503878
MATERIALS,0.015189967305
REAL ESTATE,0.020009060858
TECHNOLOGY,0.338163452267
UTILITIES,0.010231553035
