SECTOR,WEIGHT
COMMUNICATION SERVICES,0.117370199286
CONSUMER DISCRETIONARY,0.11219884809
CONSUMER STAPLES,0.045369773693
ENERGY,0.009563787694
FINANCIALS,0.100471966097
HEALTH CARE,0.104710827918
INDUSTRIALS,0.10030835386
MATERIALS,0.017976267192
REAL ESTATE,0.026285359816
TECHNOLOGY,0.349131449885
UTILITIES,0.016613166469
