SECTOR,WEIGHT
COMMUNICATION SERVICES,0.132201651243
CONSUMER DISCRETIONARY,0.127145945318
CONSUMER STAPLES,0.030824079064
ENERGY,0.008057875662
FINANCIALS,0.111589156528
HEALTH CARE,0.109613754886
INDUSTRIALS,0.091813102162
MATERIALS,0.014290608428
REAL ESTATE,0.020609489541
TECHNOLOGY,0.343427381952
UTILITIES,0.010426955217
