SECTOR,WEIGHT
COMMUNICATION SERVICES,0.120630775412
CONSUMER DISCRETIONARY,0.111490558457
CONSUMER STAPLES,0.046002410607
ENERGY,0.009341100844
FINANCIALS,0.098633989554
HEALTH CARE,0.104359180394
INDUSTRIALS,0.101747689835
MATERIALS,0.017778224186
REAL ESTATE,0.025813579751
TECHNOLOGY,0.347830453998
UTILITIES,0.016372036963
