SECTOR,WEIGHT
COMMUNICATION SERVICES,0.029884659388
CONSUMER DISCRETIONARY,0.189476708163
CONSUMER STAPLES,0.097682677688
ENERGY,0.047354412882
FINANCIALS,0.152021788896
HEALTH CARE,0.126945740966
INDUSTRIALS,0.208057527169
MATERIALS,0.009018648884
REAL ESTATE,0.039538917822
TECHNOLOGY,0.080470170894
UTILITIES,0.019548747249
