SECTOR,WEIGHT
COMMUNICATION SERVICES,0.032345511057
CONSUMER DISCRETIONARY,0.189209200412
CONSUMER STAPLES,0.087401102396
ENERGY,0.040532216089
FINANCIALS,0.146433666621
HEALTH CARE,0.138150647412
INDUSTRIALS,0.203731572389
MATERIALS,0.014181259268
REAL ESTATE,0.034140365873
TECHNOLOGY,0.100808838431
UTILITIES,0.013065620053
