SECTOR,WEIGHT
COMMUNICATION SERVICES,0.033423396377
CONSUMER DISCRETIONARY,0.179825878115
CONSUMER STAPLES,0.089062343641
ENERGY,0.054137896528
FINANCIALS,0.156709696788
HEALTH CARE,0.124787351146
INDUSTRIALS,0.205944160913
MATERIALS,0.006304413089
REAL ESTATE,0.040528369859
TECHNOLOGY,0.090563394376
UTILITIES,0.018713099169
