SECTOR,WEIGHT
COMMUNICATION SERVICES,0.033656636658
CONSUMER DISCRETIONARY,0.187179015039
CONSUMER STAPLES,0.090031903353
ENERGY,0.043539871186
FINANCIALS,0.15626838846
HEALTH CARE,0.127473310463
INDUSTRIALS,0.209577410665
MATERIALS,0.008987578908
REAL ESTATE,0.038805405557
TECHNOLOGY,0.085912888234
UTILITIES,0.018567591477
