SECTOR,WEIGHT
COMMUNICATION SERVICES,0.0313582328
CONSUMER DISCRETIONARY,0.188589835476
CONSUMER STAPLES,0.093509135099
ENERGY,0.044068892617
FINANCIALS,0.154994374397
HEALTH CARE,0.126751244239
INDUSTRIALS,0.214048191999
MATERIALS,0.009172135447
REAL ESTATE,0.038693538765
TECHNOLOGY,0.080643320747
UTILITIES,0.018171098414
