SECTOR,WEIGHT
COMMUNICATION SERVICES,0.034627812902
CONSUMER DISCRETIONARY,0.188016926525
CONSUMER STAPLES,0.085661966636
ENERGY,0.038164863229
FINANCIALS,0.160729821073
HEALTH CARE,0.133008727865
INDUSTRIALS,0.20593170055
MATERIALS,0.008824083614
REAL ESTATE,0.038513657084
TECHNOLOGY,0.088642750901
UTILITIES,0.017877689622
