SECTOR,WEIGHT
COMMUNICATION SERVICES,0.027844480828
CONSUMER DISCRETIONARY,0.164374507307
CONSUMER STAPLES,0.058079154286
ENERGY,0.03238129889
FINANCIALS,0.149823135852
HEALTH CARE,0.112246073616
INDUSTRIALS,0.18382046773
MATERIALS,0.01967133588
REAL ESTATE,0.050589210276
TECHNOLOGY,0.145688557395
UTILITIES,0.055481777939
