SECTOR,WEIGHT
COMMUNICATION SERVICES,0.030033749857
CONSUMER DISCRETIONARY,0.163145438336
CONSUMER STAPLES,0.05631617397
ENERGY,0.031641748391
FINANCIALS,0.142137812921
HEALTH CARE,0.104171739879
INDUSTRIALS,0.193149000485
MATERIALS,0.02007281275
REAL ESTATE,0.049642678173
TECHNOLOGY,0.154779418424
UTILITIES,0.054909426816
