SECTOR,WEIGHT
COMMUNICATION SERVICES,0.031056876347
CONSUMER DISCRETIONARY,0.161030321767
CONSUMER STAPLES,0.057724241201
ENERGY,0.031832266082
FINANCIALS,0.141637522418
HEALTH CARE,0.106194155575
INDUSTRIALS,0.18880337224
MATERIALS,0.0201168321
REAL ESTATE,0.051532200324
TECHNOLOGYQ,0.151934093887
UTILITIES,0.058138118059
