SECTOR,WEIGHT
COMMUNICATION SERVICES,0.026412175926
CONSUMER DISCRETIONARY,0.163380224735
CONSUMER STAPLES,0.060969605678
ENERGY,0.037594334616
FINANCIALS,0.149417943417
HEALTH CARE,0.108712904318
INDUSTRIALS,0.193412625801
MATERIALS,0.019829856495
REAL ESTATE,0.048528809653
TECHNOLOGY,0.135460716867
UTILITIES,0.056280802495
