SECTOR,WEIGHT
COMMUNICATION SERVICES,0.097063706531
CONSUMER DISCRETIONARY,0.091627774748
CONSUMER STAPLES,0.045847779746
ENERGY,0.030458619437
FINANCIALS,0.138532794158
HEALTH CARE,0.102569446482
INDUSTRIALS,0.091367764611
MATERIALS,0.023293670827
REAL ESTATE,0.021593993665
TECHNOLOGYQ,0.337519462821
UTILITIES,0.020124986974
