SECTOR,WEIGHT
COMMUNICATION SERVICES,0.094549608682
CONSUMER DISCRETIONARY,0.100750568689
CONSUMER STAPLES,0.047851008608
ENERGY,0.042273351304
FINANCIALS,0.125815955347
HEALTH CARE,0.100235492179
INDUSTRIALS,0.103590504154
MATERIALS,0.026143640208
REAL ESTATE,0.021275465723
TECHNOLOGY,0.312794741009
UTILITIES,0.024719664098
