SECTOR,WEIGHT
COMMUNICATION SERVICES,0.102369619259
CONSUMER DISCRETIONARY,0.094393020864
CONSUMER STAPLES,0.04629672698
ENERGY,0.030359034787
FINANCIALS,0.13420882625
HEALTH CARE,0.100932859926
INDUSTRIALS,0.099921960195
MATERIALS,0.028919174535
REAL ESTATE,0.020831976681
TECHNOLOGY,0.32218139345
UTILITIES,0.019585407073
