SECTOR,WEIGHT
COMMUNICATION SERVICES,0.10016593708
CONSUMER DISCRETIONARY,0.090782442866
CONSUMER STAPLES,0.04423750467
ENERGY,0.03080671426
FINANCIALS,0.139384051465
HEALTH CARE,0.103927383952
INDUSTRIALS,0.093717300179
MATERIALS,0.026381725457
REAL ESTATE,0.019774168715
TECHNOLOGY,0.331602758188
UTILITIES,0.019220013168
