SECTOR,WEIGHT
COMMUNICATION SERVICES,0.100521170454
CONSUMER DISCRETIONARY,0.0925486546
CONSUMER STAPLES,0.051273661738
ENERGY,0.035808240976
FINANCIALS,0.133262746525
HEALTH CARE,0.10527053817
INDUSTRIALS,0.099185982354
MATERIALS,0.031705128687
REAL ESTATE,0.022223667378
TECHNOLOGY,0.307537309565
UTILITIES,0.020662899553
