SECTOR,WEIGHT
COMMUNICATION SERVICES,0.101268787981
CONSUMER DISCRETIONARY,0.089875505168
CONSUMER STAPLES,0.043524993807
ENERGY,0.03122062151
FINANCIALS,0.134903433843
HEALTH CARE,0.10182746515
INDUSTRIALS,0.093169523798
MATERIALS,0.024524787542
REAL ESTATE,0.020270963609
TECHNOLOGY,0.339858143679
UTILITIES,0.019555773913
