SECTOR,WEIGHT
COMMUNICATION SERVICES,0.092297979798
CONSUMER DISCRETIONARY,0.101292688793
CONSUMER STAPLES,0.048139129389
ENERGY,0.04355359147
FINANCIALS,0.127755731922
HEALTH CARE,0.101687510021
INDUSTRIALS,0.103261784512
MATERIALS,0.02679373096
REAL ESTATE,0.021560846561
TECHNOLOGY,0.308953623537
UTILITIES,0.024703383037
