SECTOR,WEIGHT
COMMUNICATION SERVICES,0.061625785526
CONSUMER DISCRETIONARY,0.115142915062
CONSUMER STAPLES,0.019359416177
FINANCIALS,0.144030002027
HEALTH CARE,0.044192175147
INDUSTRIALS,0.1669369552
MATERIALS,0.042975876748
REAL ESTATE,0.013683356984
TECHNOLOGY,0.39205351713
