SECTOR,WEIGHT
COMMUNICATION SERVICES,0.069392641104
CONSUMER DISCRETIONARY,0.135910491922
CONSUMER STAPLES,0.017969210095
FINANCIALS,0.157870611164
HEALTH CARE,0.02615138336
INDUSTRIALS,0.201649184515
MATERIALS,0.03044687254
TECHNOLOGYQ,0.360609605301
