SECTOR,WEIGHT
COMMUNICATION SERVICES,0.061948791616
CONSUMER DISCRETIONARY,0.117165228475
CONSUMER STAPLES,0.017156123863
FINANCIALS,0.154790543343
HEALTH CARE,0.049165916379
INDUSTRIALS,0.156389920183
MATERIALS,0.042294969196
REAL ESTATE,0.011838018836
TECHNOLOGY,0.375722046312
UTILITIES,0.013528441796
