SECTOR,WEIGHT
COMMUNICATION SERVICES,0.072037452629
CONSUMER DISCRETIONARY,0.138044007039
CONSUMER STAPLES,0.017380998617
FINANCIALS,0.146110896457
HEALTH CARE,0.028478852318
INDUSTRIALS,0.197495150257
MATERIALS,0.034315560618
TECHNOLOGY,0.366137082066
