SECTOR,WEIGHT
COMMUNICATION SERVICES,0.02657822078
CONSUMER DISCRETIONARY,0.117423704309
CONSUMER STAPLES,0.041766327747
ENERGY,0.021084177251
FINANCIALS,0.224149244702
HEALTH CARE,0.091349949795
INDUSTRIALS,0.203076664376
MATERIALS,0.036712967392
TECHNOLOGY,0.237858743647
