SECTOR,WEIGHT
COMMUNICATION SERVICES,0.047693063591
CONSUMER DISCRETIONARY,0.164183217287
FINANCIALS,0.15032497193
HEALTH CARE,0.091235939523
INDUSTRIALS,0.206510834577
MATERIALS,0.043290670064
TECHNOLOGY,0.296761303026
