SECTOR,WEIGHT
COMMUNICATION SERVICES,0.038109351923
CONSUMER DISCRETIONARY,0.12623811036
CONSUMER STAPLES,0.026301118521
ENERGY,0.077629078518
FINANCIALS,0.141725012224
HEALTH CARE,0.08822251458
INDUSTRIALS,0.199112845096
MATERIALS,0.043035077903
REAL ESTATE,0.055145750478
TECHNOLOGY,0.153887099457
UTILITIES,0.05059404094
