SECTOR,WEIGHT
COMMUNICATION SERVICES,0.038344128724
CONSUMER DISCRETIONARY,0.125974786142
CONSUMER STAPLES,0.030417798879
ENERGY,0.064894285116
FINANCIALS,0.143624080597
HEALTH CARE,0.089080769301
INDUSTRIALS,0.202833764539
MATERIALS,0.044392528113
REAL ESTATE,0.06153677309
TECHNOLOGY,0.149753775677
UTILITIES,0.049147309824
