SECTOR,WEIGHT
COMMUNICATION SERVICES,0.041513576531
CONSUMER DISCRETIONARY,0.130827834275
CONSUMER STAPLES,0.024946329594
ENERGY,0.048392731291
FINANCIALS,0.158787221467
HEALTH CARE,0.08801946555
INDUSTRIALS,0.208225941746
MATERIALS,0.042397081792
REAL ESTATE,0.072493129985
TECHNOLOGY,0.145297010096
UTILITIES,0.039099677673
