SECTOR,WEIGHT
COMMUNICATION SERVICES,0.040787577156
CONSUMER DISCRETIONARY,0.133821199747
CONSUMER STAPLES,0.027976493462
ENERGY,0.050958714628
FINANCIALS,0.147118857764
HEALTH CARE,0.099430493827
INDUSTRIALS,0.202040551941
MATERIALS,0.039930716713
REAL ESTATE,0.070436988625
TECHNOLOGY,0.146848538696
UTILITIES,0.040649867442
