SECTOR,WEIGHT
COMMUNICATION SERVICES,0.038254644471
CONSUMER DISCRETIONARY,0.125630490596
CONSUMER STAPLES,0.027235577749
ENERGY,0.061323984802
FINANCIALS,0.148151402583
HEALTH CARE,0.077758655169
INDUSTRIALS,0.20139743178
MATERIALS,0.048267754231
REAL ESTATE,0.05620532026
TECHNOLOGY,0.165422350425
UTILITIES,0.050352387936
