SECTOR,WEIGHT
COMMUNICATION SERVICES,0.065973327177
CONSUMER DISCRETIONARY,0.018251131864
CONSUMER STAPLES,0.02047764266
ENERGY,0.124824840266
FINANCIALS,0.166732649343
HEALTH CARE,0.195132528093
INDUSTRIALS,0.189922233932
REAL ESTATE,0.038893821109
TECHNOLOGY,0.076793047763
UTILITIES,0.102998777792
