SECTOR,WEIGHT
COMMUNICATION SERVICES,0.02499840222
CONSUMER STAPLES,0.036253871445
ENERGY,0.092289775327
FINANCIALS,0.340254001296
HEALTH CARE,0.07475072103
INDUSTRIALS,0.172408021158
REAL ESTATE,0.035691858831
TECHNOLOGY,0.167923079342
UTILITIES,0.05543026935
