SECTOR,WEIGHT
COMMUNICATION SERVICES,0.066706761805
CONSUMER DISCRETIONARY,0.0200536658
CONSUMER STAPLES,0.01866252948
ENERGY,0.115732213252
FINANCIALS,0.170536313715
HEALTH CARE,0.200556024169
INDUSTRIALS,0.18940003615
REAL ESTATE,0.039250916665
TECHNOLOGY,0.076990196416
UTILITIES,0.102111342549
