SECTOR,WEIGHT
COMMUNICATION SERVICES,0.064964821056
CONSUMER DISCRETIONARY,0.017883121945
CONSUMER STAPLES,0.021460605273
ENERGY,0.136349141758
FINANCIALS,0.162376084545
HEALTH CARE,0.193519086174
INDUSTRIALS,0.19082201591
REAL ESTATE,0.038441840665
TECHNOLOGY,0.07171286509
UTILITIES,0.102470417584
