SECTOR,WEIGHT
COMMUNICATION SERVICES,0.056025526142
CONSUMER DISCRETIONARY,0.019854145572
CONSUMER STAPLES,0.018706806288
ENERGY,0.105920766733
FINANCIALS,0.175385474728
HEALTH CARE,0.200142770415
INDUSTRIALS,0.171938065245
REAL ESTATE,0.039889449978
TECHNOLOGY,0.068983774423
UTILITIES,0.143153220476
