SECTOR,WEIGHT
COMMUNICATION SERVICES,0.054527765549
CONSUMER DISCRETIONARY,0.017342529635
CONSUMER STAPLES,0.01925788235
ENERGY,0.102545288526
FINANCIALS,0.156354525048
HEALTH CARE,0.221313462364
INDUSTRIALS,0.171104480208
REAL ESTATE,0.041502932272
TECHNOLOGY,0.063449048031
UTILITIES,0.152602086017
