SECTOR,WEIGHT
COMMUNICATION SERVICES,0.06712101691
CONSUMER STAPLES,0.034138480495
ENERGY,0.068805765271
FINANCIALS,0.032862125572
HEALTH CARE,0.096663816943
INDUSTRIALS,0.342672197538
MATERIALS,0.165460551401
TECHNOLOGY,0.192276045869
