SECTOR,WEIGHT
COMMUNICATION SERVICES,0.031306416584
CONSUMER DISCRETIONARY,0.033119757607
FINANCIALS,0.035261522626
HEALTH CARE,0.273936652218
INDUSTRIALS,0.171454347563
MATERIALS,0.038662913822
REAL ESTATE,0.02978545302
TECHNOLOGY,0.386472936561
