SECTOR,WEIGHT
COMMUNICATION SERVICES,0.063334196512
CONSUMER STAPLES,0.033706105882
ENERGY,0.070380139674
FINANCIALS,0.031591319237
HEALTH CARE,0.094205865999
INDUSTRIALS,0.347475404439
MATERIALS,0.168264550073
TECHNOLOGY,0.191042418184
