SECTOR,WEIGHT
COMMUNICATION SERVICES,0.063548685161
CONSUMER DISCRETIONARY,0.027271098514
FINANCIALS,0.121383262909
HEALTH CARE,0.089620998766
INDUSTRIALS,0.262147385119
MATERIALS,0.061174265681
TECHNOLOGY,0.374854303849
