SECTOR,WEIGHT
COMMUNICATION SERVICES,0.066159457863
CONSUMER DISCRETIONARY,0.030130650061
FINANCIALS,0.130532719682
HEALTH CARE,0.093547128597
INDUSTRIALS,0.273840602312
MATERIALS,0.062664290421
TECHNOLOGY,0.343125151064
