SECTOR,WEIGHT
COMMUNICATION SERVICES,0.033007539346
CONSUMER DISCRETIONARY,0.06673887994
CONSUMER STAPLES,0.033120664576
ENERGY,0.100282012187
HEALTH CARE,0.033745356109
INDUSTRIALS,0.305684392623
MATERIALS,0.130708694525
TECHNOLOGY,0.296712460694
