SECTOR,WEIGHT
COMMUNICATION SERVICES,0.033354242781
CONSUMER DISCRETIONARY,0.06721351886
CONSUMER STAPLES,0.03221591376
ENERGY,0.099348266553
HEALTH CARE,0.032553604675
INDUSTRIALS,0.303978940913
MATERIALS,0.133707565679
TECHNOLOGY,0.297627946779
