SECTOR,WEIGHT
COMMUNICATION SERVICES,0.034313769713
CONSUMER DISCRETIONARY,0.063944379456
CONSUMER STAPLES,0.027417335511
ENERGY,0.109183183526
HEALTH CARE,0.032219779735
INDUSTRIALS,0.30560425494
MATERIALS,0.126039351775
TECHNOLOGY,0.301277945344
