SECTOR,WEIGHT
COMMUNICATION SERVICES,0.033248169206
CONSUMER DISCRETIONARY,0.034376434821
FINANCIALS,0.034243815889
HEALTH CARE,0.286703043102
INDUSTRIALS,0.169741182097
MATERIALS,0.034362369177
REAL ESTATE,0.032676501231
TECHNOLOGY,0.374648484477
