SECTOR,WEIGHT
FINANCIALS,0.995866205907
REAL ESTATE,0.000324002789
TECHNOLOGY,0.003809791304
