SECTOR,WEIGHT
FINANCIALS,0.994983174852
REAL ESTATE,0.000317265594
TECHNOLOGY,0.004699559555
