SECTOR,WEIGHT
COMMUNICATION SERVICES,0.041680867113
CONSUMER DISCRETIONARY,0.131931101451
CONSUMER STAPLES,0.040137025373
ENERGY,0.046675878653
FINANCIALS,0.161905106965
HEALTH CARE,0.072035742479
INDUSTRIALS,0.206410929126
MATERIALS,0.062860985447
REAL ESTATE,0.093452005517
TECHNOLOGY,0.114850065381
UTILITIES,0.028060292496
