SECTOR,WEIGHT
COMMUNICATION SERVICES,0.037041303496
CONSUMER DISCRETIONARY,0.126956776
CONSUMER STAPLES,0.040932006051
ENERGY,0.051142066313
FINANCIALS,0.158333278762
HEALTH CARE,0.068140036426
INDUSTRIALS,0.212285394198
MATERIALS,0.068528230029
REAL ESTATE,0.090588637643
TECHNOLOGY,0.115845775583
UTILITIES,0.028144445268
