SECTOR,WEIGHT
COMMUNICATION SERVICES,0.040527920948
CONSUMER DISCRETIONARY,0.116991019312
CONSUMER STAPLES,0.03817710934
ENERGY,0.066554498384
FINANCIALS,0.162014669443
HEALTH CARE,0.068856488407
INDUSTRIALS,0.201840268997
MATERIALS,0.062025347761
REAL ESTATE,0.087480688863
TECHNOLOGY,0.126129604796
UTILITIES,0.029402383747
