SECTOR,WEIGHT
COMMUNICATION SERVICES,0.03715846426
CONSUMER DISCRETIONARY,0.13182275311
CONSUMER STAPLES,0.039333452641
ENERGY,0.052483170246
FINANCIALS,0.15967961164
HEALTH CARE,0.07137823839
INDUSTRIALS,0.204004625851
MATERIALS,0.058799525626
REAL ESTATE,0.093649585539
TECHNOLOGY,0.119751732846
UTILITIES,0.031938839852
