SECTOR,WEIGHT
COMMUNICATION SERVICES,0.039603014548
CONSUMER DISCRETIONARY,0.132858296808
CONSUMER STAPLES,0.039332051536
ENERGY,0.049849711925
FINANCIALS,0.159739418188
HEALTH CARE,0.069896832136
INDUSTRIALS,0.203470264579
MATERIALS,0.059843486001
REAL ESTATE,0.092002049577
TECHNOLOGY,0.122157858205
UTILITIES,0.031247016497
