SECTOR,WEIGHT
COMMUNICATION SERVICES,0.039616967592
CONSUMER DISCRETIONARY,0.118717225489
CONSUMER STAPLES,0.038283125032
ENERGY,0.061951258855
FINANCIALS,0.163007735972
HEALTH CARE,0.068176888023
INDUSTRIALS,0.20484744633
MATERIALS,0.061417360347
REAL ESTATE,0.086444819969
TECHNOLOGY,0.12864053491
UTILITIES,0.028896637481
