SECTOR,WEIGHT
COMMUNICATION SERVICES,0.039745266181
CONSUMER DISCRETIONARY,0.13537466774
CONSUMER STAPLES,0.039847223084
ENERGY,0.046907687881
FINANCIALS,0.161759462934
HEALTH CARE,0.071745009295
INDUSTRIALS,0.210260888806
MATERIALS,0.065438250416
REAL ESTATE,0.087331359205
TECHNOLOGY,0.114075215947
UTILITIES,0.027514968512
