SECTOR,WEIGHT
COMMUNICATION SERVICES,0.037225736217
CONSUMER DISCRETIONARY,0.134780722102
CONSUMER STAPLES,0.040133709873
ENERGY,0.050536942204
FINANCIALS,0.159094616176
HEALTH CARE,0.073816062665
INDUSTRIALS,0.20240464713
MATERIALS,0.057013325362
REAL ESTATE,0.09546817426
TECHNOLOGYQ,0.116022159168
UTILITIES,0.033503904844
