SECTOR,WEIGHT
COMMUNICATION SERVICES,0.041204598637
CONSUMER DISCRETIONARY,0.117814630176
CONSUMER STAPLES,0.036626309899
ENERGY,0.06165428833
FINANCIALS,0.160545325059
HEALTH CARE,0.066741275816
INDUSTRIALS,0.20378471869
MATERIALS,0.060128192085
REAL ESTATE,0.08739444501
TECHNOLOGY,0.136331264625
UTILITIES,0.027774951674
