SECTOR,WEIGHT
COMMUNICATION SERVICES,0.039802453372
CONSUMER DISCRETIONARY,0.13513335024
CONSUMER STAPLES,0.040239940294
ENERGY,0.046816370106
FINANCIALS,0.163062484839
HEALTH CARE,0.071221559918
INDUSTRIALS,0.202977944438
MATERIALS,0.061069489454
REAL ESTATE,0.092391744029
TECHNOLOGY,0.116689175577
UTILITIES,0.030595487734
