SECTOR,WEIGHT
COMMUNICATION SERVICES,0.09727117108
CONSUMER DISCRETIONARY,0.088812808378
CONSUMER STAPLES,0.071191219414
ENERGY,0.099184372168
FINANCIALS,0.142483133622
HEALTH CARE,0.113080253751
INDUSTRIALS,0.103010774343
MATERIALS,0.04269459269
REAL ESTATE,0.021951465109
TECHNOLOGY,0.189205518075
UTILITIES,0.03111469137
