SECTOR,WEIGHT
COMMUNICATION SERVICES,0.097985317828
CONSUMER DISCRETIONARY,0.098144824575
CONSUMER STAPLES,0.073561065923
ENERGY,0.085345628742
FINANCIALS,0.151637404086
HEALTH CARE,0.123560688597
INDUSTRIALS,0.109422631013
MATERIALS,0.04185962052
REAL ESTATE,0.022226553221
TECHNOLOGY,0.164669041132
UTILITIES,0.031587224362
