SECTOR,WEIGHT
COMMUNICATION SERVICES,0.098957727465
CONSUMER DISCRETIONARY,0.088469477732
CONSUMER STAPLES,0.076863191743
ENERGY,0.104928133672
FINANCIALS,0.140393591497
HEALTH CARE,0.119633797857
INDUSTRIALS,0.109014894187
MATERIALS,0.04324419686
REAL ESTATE,0.021659497632
TECHNOLOGY,0.162470303565
UTILITIES,0.03436518779
