SECTOR,WEIGHT
COMMUNICATION SERVICES,0.095463861682
CONSUMER DISCRETIONARY,0.089154962927
CONSUMER STAPLES,0.075328373935
ENERGY,0.106246892657
FINANCIALS,0.147306974146
HEALTH CARE,0.118638429983
INDUSTRIALS,0.106569764249
MATERIALS,0.044236872999
REAL ESTATE,0.021848733586
TECHNOLOGY,0.161044627364
UTILITIES,0.034160506472
