SECTOR,WEIGHT
COMMUNICATION SERVICES,0.101012077052
CONSUMER DISCRETIONARY,0.096535572045
CONSUMER STAPLES,0.071578441036
ENERGY,0.082397997727
FINANCIALS,0.159233120554
HEALTH CARE,0.12379902886
INDUSTRIALS,0.104534045345
MATERIALS,0.039508213475
REAL ESTATE,0.022218803113
TECHNOLOGY,0.16718156722
UTILITIES,0.032001133575
