SECTOR,WEIGHT
COMMUNICATION SERVICES,0.098503729765
CONSUMER DISCRETIONARY,0.087662119648
CONSUMER STAPLES,0.075469006716
ENERGY,0.10748333454
FINANCIALS,0.140968339502
HEALTH CARE,0.118698493098
INDUSTRIALS,0.108756820264
MATERIALS,0.042458913504
REAL ESTATE,0.02170262934
TECHNOLOGY,0.163788700867
UTILITIES,0.034507912757
