SECTOR,WEIGHT
COMMUNICATION SERVICES,0.102000091461
CONSUMER DISCRETIONARY,0.095133531043
CONSUMER STAPLES,0.071253925885
ENERGY,0.082821964136
FINANCIALS,0.159948367345
HEALTH CARE,0.119204820008
INDUSTRIALS,0.102484385324
MATERIALS,0.036308355427
REAL ESTATE,0.021625850178
TECHNOLOGY,0.176179617958
UTILITIES,0.033039091234
