SECTOR,WEIGHT
COMMUNICATION SERVICES,0.100620514773
CONSUMER DISCRETIONARY,0.097102492646
CONSUMER STAPLES,0.071432622487
ENERGY,0.081156217674
FINANCIALS,0.160750390739
HEALTH CARE,0.123342373747
INDUSTRIALS,0.105150258756
MATERIALS,0.039519028108
REAL ESTATE,0.022092283686
TECHNOLOGY,0.167047922114
UTILITIES,0.031785895272
