SECTOR,WEIGHT
COMMUNICATION SERVICES,0.099264167608
CONSUMER DISCRETIONARY,0.098872598405
CONSUMER STAPLES,0.070666208298
ENERGY,0.084624807823
FINANCIALS,0.158705309687
HEALTH CARE,0.12451565827
INDUSTRIALS,0.10640260643
MATERIALS,0.040560959278
REAL ESTATE,0.021495646601
TECHNOLOGY,0.163965311065
UTILITIES,0.030926726534
