SECTOR,WEIGHT
COMMUNICATION SERVICES,0.101882338969
CONSUMER DISCRETIONARY,0.096100514344
CONSUMER STAPLES,0.072021569083
ENERGY,0.081238629139
FINANCIALS,0.158300270873
HEALTH CARE,0.122401301928
INDUSTRIALS,0.101940650465
MATERIALS,0.036518378864
REAL ESTATE,0.021916022476
TECHNOLOGY,0.173231001323
UTILITIES,0.034449322536
