SECTOR,WEIGHT
COMMUNICATION SERVICES,0.101188487497
CONSUMER DISCRETIONARY,0.096645144472
CONSUMER STAPLES,0.071847344953
ENERGY,0.07900650611
FINANCIALS,0.164234661213
HEALTH CARE,0.119720101051
INDUSTRIALS,0.102842014919
MATERIALS,0.037421216636
REAL ESTATE,0.021473680661
TECHNOLOGY,0.172790747884
UTILITIES,0.032830094602
