SECTOR,WEIGHT
COMMUNICATION SERVICES,0.094527719373
CONSUMER DISCRETIONARY,0.090663252646
CONSUMER STAPLES,0.074944211306
ENERGY,0.111021294031
FINANCIALS,0.14691237057
HEALTH CARE,0.118803668295
INDUSTRIALS,0.106170864552
MATERIALS,0.04341041309
REAL ESTATE,0.021626439236
TECHNOLOGY,0.15830135638
UTILITIES,0.033618410519
