SECTOR,WEIGHT
COMMUNICATION SERVICES,0.09762045457
CONSUMER DISCRETIONARY,0.097145680736
CONSUMER STAPLES,0.073186412176
ENERGY,0.086912161182
FINANCIALS,0.150303047057
HEALTH CARE,0.124055840008
INDUSTRIALS,0.109784468234
MATERIALS,0.04231088014
REAL ESTATE,0.021987673982
TECHNOLOGY,0.165489003115
UTILITIES,0.0312043788
