SECTOR,WEIGHT
COMMUNICATION SERVICES,0.101640656263
CONSUMER DISCRETIONARY,0.087334933974
CONSUMER STAPLES,0.074429771909
ENERGY,0.101640656263
FINANCIALS,0.141356542617
HEALTH CARE,0.117547018808
INDUSTRIALS,0.094637855142
MATERIALS,0.041016406563
REAL ESTATE,0.016506602641
TECHNOLOGY,0.192276910764
UTILITIES,0.031612645058
