SECTOR,WEIGHT
COMMUNICATION SERVICES,0.101986831619
CONSUMER DISCRETIONARY,0.090819693362
CONSUMER STAPLES,0.081071602113
ENERGY,0.096997841735
FINANCIALS,0.144976163783
HEALTH CARE,0.124346822079
INDUSTRIALS,0.104074752931
MATERIALS,0.042005554104
REAL ESTATE,0.016320679373
TECHNOLOGY,0.164430182421
UTILITIES,0.032969876481
