SECTOR,WEIGHT
COMMUNICATION SERVICES,0.103905377504
CONSUMER DISCRETIONARY,0.095897139357
CONSUMER STAPLES,0.073170840809
ENERGY,0.087494666756
FINANCIALS,0.158399743879
HEALTH CARE,0.128878067728
INDUSTRIALS,0.098065309987
MATERIALS,0.038600779297
REAL ESTATE,0.016231940315
TECHNOLOGY,0.168121721403
UTILITIES,0.031234412965
