SECTOR,WEIGHT
COMMUNICATION SERVICES,0.102749786132
CONSUMER DISCRETIONARY,0.089831417122
CONSUMER STAPLES,0.074226571353
ENERGY,0.099784089264
FINANCIALS,0.147529169847
HEALTH CARE,0.119673235918
INDUSTRIALS,0.098916043943
MATERIALS,0.041811762084
REAL ESTATE,0.016961747797
TECHNOLOGY,0.17563921728
UTILITIES,0.032876959261
