SECTOR,WEIGHT
COMMUNICATION SERVICES,0.103069447162
CONSUMER DISCRETIONARY,0.08540598601
CONSUMER STAPLES,0.078267177232
ENERGY,0.110539762321
FINANCIALS,0.139994405725
HEALTH CARE,0.122835615847
INDUSTRIALS,0.100951767923
MATERIALS,0.040814119624
REAL ESTATE,0.016468422051
TECHNOLOGY,0.166762362963
UTILITIES,0.034890933141
