SECTOR,WEIGHT
COMMUNICATION SERVICES,0.103115258339
CONSUMER DISCRETIONARY,0.088380913899
CONSUMER STAPLES,0.078229180567
ENERGY,0.102969513053
FINANCIALS,0.14294950885
HEALTH CARE,0.124616807419
INDUSTRIALS,0.103348727647
MATERIALS,0.040753371951
REAL ESTATE,0.016649782464
TECHNOLOGY,0.164931303451
UTILITIES,0.03405563236
