SECTOR,WEIGHT
COMMUNICATION SERVICES,0.100233103732
CONSUMER DISCRETIONARY,0.089220805161
CONSUMER STAPLES,0.076964190456
ENERGY,0.102024531707
FINANCIALS,0.148043665238
HEALTH CARE,0.122145060619
INDUSTRIALS,0.100801012774
MATERIALS,0.041869656871
REAL ESTATE,0.016802417991
TECHNOLOGY,0.167784397491
UTILITIES,0.034111157959
