SECTOR,WEIGHT
COMMUNICATION SERVICES,0.102712483631
CONSUMER DISCRETIONARY,0.095146720052
CONSUMER STAPLES,0.076332763171
ENERGY,0.088320167572
FINANCIALS,0.151001954276
HEALTH CARE,0.128157789443
INDUSTRIALS,0.100879171719
MATERIALS,0.039835947931
REAL ESTATE,0.016568404491
TECHNOLOGY,0.16910677211
UTILITIES,0.031937825606
