SECTOR,WEIGHT
COMMUNICATION SERVICES,0.020037030581
CONSUMER DISCRETIONARY,0.164947767211
CONSUMER STAPLES,0.070898055347
ENERGY,0.096116820421
FINANCIALS,0.233539055511
HEALTH CARE,0.068724039793
INDUSTRIALS,0.150821641103
MATERIALS,0.064405386294
REAL ESTATE,0.027839957088
TECHNOLOGY,0.039354411636
UTILITIES,0.063315835015
