SECTOR,WEIGHT
COMMUNICATION SERVICES,0.024145661053
CONSUMER DISCRETIONARY,0.15658632953
CONSUMER STAPLES,0.067797993978
ENERGY,0.104708874318
FINANCIALS,0.241317754201
HEALTH CARE,0.037325586707
INDUSTRIALS,0.144659895695
MATERIALS,0.071253642633
REAL ESTATE,0.033330388907
TECHNOLOGY,0.04744247002
UTILITIES,0.071431402957
