SECTOR,WEIGHT
COMMUNICATION SERVICES,0.023410739857
CONSUMER DISCRETIONARY,0.157272051259
CONSUMER STAPLES,0.067510915366
ENERGY,0.099856507186
FINANCIALS,0.249763742134
HEALTH CARE,0.038664730574
INDUSTRIALS,0.142955940548
MATERIALS,0.069373640603
REAL ESTATE,0.034334851145
TECHNOLOGY,0.046209103453
UTILITIES,0.070647777876
