SECTOR,WEIGHT
COMMUNICATION SERVICES,0.025134618381
CONSUMER DISCRETIONARY,0.151718189456
CONSUMER STAPLES,0.068551264745
ENERGY,0.110727679217
FINANCIALS,0.240027006832
HEALTH CARE,0.035175608359
INDUSTRIALS,0.144431856348
MATERIALS,0.070258388756
REAL ESTATE,0.032664874624
TECHNOLOGY,0.04709713668
UTILITIES,0.074213376601
