SECTOR,WEIGHT
COMMUNICATION SERVICES,0.020029042022
CONSUMER DISCRETIONARY,0.165499471771
CONSUMER STAPLES,0.070563511645
ENERGY,0.092068440647
FINANCIALS,0.236350905032
HEALTH CARE,0.068497402595
INDUSTRIALS,0.151899264739
MATERIALS,0.065806423254
REAL ESTATE,0.028130805065
TECHNOLOGY,0.039011256588
UTILITIES,0.062143476642
