SECTOR,WEIGHT
COMMUNICATION SERVICES,0.037521069365
CONSUMER DISCRETIONARY,0.129851513731
CONSUMER STAPLES,0.043023349978
ENERGY,0.078541114538
FINANCIALS,0.170970097883
HEALTH CARE,0.103003291458
INDUSTRIALS,0.205325118436
MATERIALS,0.055251146727
REAL ESTATE,0.041927273188
TECHNOLOGY,0.088429212026
UTILITIES,0.046156812671
