SECTOR,WEIGHT
COMMUNICATION SERVICES,0.033278730897
CONSUMER DISCRETIONARY,0.147180727669
CONSUMER STAPLES,0.041717035255
ENERGY,0.057963081669
FINANCIALS,0.174232313765
HEALTH CARE,0.121331219388
INDUSTRIALS,0.202194638603
MATERIALS,0.060375312546
REAL ESTATE,0.020772788319
TECHNOLOGY,0.103074601037
UTILITIES,0.037879550852
