SECTOR,WEIGHT
COMMUNICATION SERVICES,0.037347494174
CONSUMER DISCRETIONARY,0.130141247533
CONSUMER STAPLES,0.043964819694
ENERGY,0.075837285539
FINANCIALS,0.172585416006
HEALTH CARE,0.102353300167
INDUSTRIALS,0.205530189431
MATERIALS,0.059360924967
REAL ESTATE,0.042228879904
TECHNOLOGY,0.084231684969
UTILITIES,0.046418757614
