SECTOR,WEIGHT
COMMUNICATION SERVICES,0.0348469805
CONSUMER DISCRETIONARY,0.13733992284
CONSUMER STAPLES,0.0437192966
ENERGY,0.064727258236
FINANCIALS,0.18094780909
HEALTH CARE,0.105184339417
INDUSTRIALS,0.208939839215
MATERIALS,0.058619703363
REAL ESTATE,0.041838288459
TECHNOLOGY,0.080819019728
UTILITIES,0.043017542553
