SECTOR,WEIGHT
COMMUNICATION SERVICES,0.023281199101
CONSUMER DISCRETIONARY,0.14601882939
CONSUMER STAPLES,0.037240332132
ENERGY,0.060722631558
FINANCIALS,0.190400931253
HEALTH CARE,0.095855901032
INDUSTRIALS,0.201067635023
MATERIALS,0.047124855144
REAL ESTATE,0.064798043167
TECHNOLOGY,0.103599416429
UTILITIES,0.029890225771
