SECTOR,WEIGHT
COMMUNICATION SERVICES,0.036420309026
CONSUMER DISCRETIONARY,0.142468354188
CONSUMER STAPLES,0.041501194005
ENERGY,0.060725469262
FINANCIALS,0.183370416071
HEALTH CARE,0.110834423388
INDUSTRIALS,0.203817738326
MATERIALS,0.057943584706
REAL ESTATE,0.04250366461
TECHNOLOGY,0.079004411952
UTILITIES,0.041410434467
