SECTOR,WEIGHT
COMMUNICATION SERVICES,0.023728474169
CONSUMER DISCRETIONARY,0.148578293953
CONSUMER STAPLES,0.037144573488
ENERGY,0.057669203044
FINANCIALS,0.190929114938
HEALTH CARE,0.09861834201
INDUSTRIALS,0.200540648779
MATERIALS,0.047857428915
REAL ESTATE,0.063976772127
TECHNOLOGY,0.101621946336
UTILITIES,0.029335202243
