SECTOR,WEIGHT
COMMUNICATION SERVICES,0.04606160024
CONSUMER DISCRETIONARY,0.129244540797
CONSUMER STAPLES,0.010921908456
ENERGY,0.026576506949
FINANCIALS,0.096898678045
HEALTH CARE,0.192039576949
INDUSTRIALS,0.239160644172
MATERIALS,0.043903235714
REAL ESTATE,0.022810803412
TECHNOLOGY,0.183075468868
UTILITIES,0.009307036397
