SECTOR,WEIGHT
COMMUNICATION SERVICES,0.052587699271
CONSUMER DISCRETIONARY,0.133810568209
CONSUMER STAPLES,0.014587353826
ENERGY,0.026982179519
FINANCIALS,0.09880805091
HEALTH CARE,0.190015659923
INDUSTRIALS,0.254991251259
MATERIALS,0.041492711485
REAL ESTATE,0.054716494862
TECHNOLOGY,0.123292186139
UTILITIES,0.008715844596
