SECTOR,WEIGHT
COMMUNICATION SERVICES,0.050711861312
CONSUMER DISCRETIONARY,0.134137501592
CONSUMER STAPLES,0.01129242967
ENERGY,0.0250937536
FINANCIALS,0.098390173708
HEALTH CARE,0.183461028894
INDUSTRIALS,0.237784021482
MATERIALS,0.045981573781
REAL ESTATE,0.022716251915
TECHNOLOGY,0.181006435813
UTILITIES,0.009424968234
