SECTOR,WEIGHT
COMMUNICATION SERVICES,0.052289129182
CONSUMER DISCRETIONARY,0.123733800915
CONSUMER STAPLES,0.012290015506
ENERGY,0.030451215466
FINANCIALS,0.091930281226
HEALTH CARE,0.181969001425
INDUSTRIALS,0.266719036278
MATERIALS,0.040898463576
REAL ESTATE,0.058242514551
TECHNOLOGY,0.132081636434
UTILITIES,0.009394905441
