SECTOR,WEIGHT
COMMUNICATION SERVICES,0.035747288249
CONSUMER DISCRETIONARY,0.136537956982
CONSUMER STAPLES,0.016438735551
ENERGY,0.018516314315
FINANCIALS,0.083326408229
HEALTH CARE,0.192895017526
INDUSTRIALS,0.266293647751
MATERIALS,0.024441651482
REAL ESTATE,0.060631137152
TECHNOLOGY,0.159804095378
UTILITIES,0.005367747385
