SECTOR,WEIGHT
COMMUNICATION SERVICES,0.049682121734
CONSUMER DISCRETIONARY,0.125593610607
CONSUMER STAPLES,0.012700526783
ENERGY,0.028187590997
FINANCIALS,0.090443146239
HEALTH CARE,0.182142247447
INDUSTRIALS,0.273029875729
MATERIALS,0.043950120868
REAL ESTATE,0.056902053685
TECHNOLOGY,0.128262392988
UTILITIES,0.009106312924
