SECTOR,WEIGHT
COMMUNICATION SERVICES,0.054279242918
CONSUMER DISCRETIONARY,0.126136032675
CONSUMER STAPLES,0.014318759078
ENERGY,0.030013073275
FINANCIALS,0.096535759372
HEALTH CARE,0.186728905881
INDUSTRIALS,0.25881560893
MATERIALS,0.047463625929
REAL ESTATE,0.052363376292
TECHNOLOGY,0.124348190398
UTILITIES,0.008997425253
