SECTOR,WEIGHT
COMMUNICATION SERVICES,0.052507146108
CONSUMER DISCRETIONARY,0.124211759191
CONSUMER STAPLES,0.013064045828
ENERGY,0.030078586206
FINANCIALS,0.088666787753
HEALTH CARE,0.180257970258
INDUSTRIALS,0.266220099621
MATERIALS,0.040574812122
REAL ESTATE,0.059074261492
TECHNOLOGY,0.136132624827
UTILITIES,0.009211906594
