SECTOR,WEIGHT
COMMUNICATION SERVICES,0.042472504957
CONSUMER DISCRETIONARY,0.131693860525
CONSUMER STAPLES,0.010584107315
ENERGY,0.025460743525
FINANCIALS,0.094905840812
HEALTH CARE,0.197499833163
INDUSTRIALS,0.243171051712
MATERIALS,0.044914889486
REAL ESTATE,0.023099903692
TECHNOLOGY,0.17669903052
UTILITIES,0.009498234294
