SECTOR,WEIGHT
INDUSTRIALS,0.007023712084
REAL ESTATE,0.992976287916
