SECTOR,WEIGHT
COMMUNICATION SERVICES,0.10825419467
CONSUMER DISCRETIONARY,0.046808810571
CONSUMER STAPLES,0.017349536839
ENERGY,0.017767300595
FINANCIALS,0.080843889954
HEALTH CARE,0.088343171098
INDUSTRIALS,0.166929548584
REAL ESTATE,0.035549946969
TECHNOLOGY,0.35863783141
UTILITIES,0.079515769311
