SECTOR,WEIGHT
COMMUNICATION SERVICES,0.083189087266
CONSUMER DISCRETIONARY,0.041390859191
CONSUMER STAPLES,0.017727103929
ENERGY,0.029448173755
FINANCIALS,0.072676535379
HEALTH CARE,0.120451717287
INDUSTRIALS,0.19671887638
MATERIALS,0.033070667882
REAL ESTATE,0.040317503535
TECHNOLOGY,0.292882907536
UTILITIES,0.072126567859
