SECTOR,WEIGHT
COMMUNICATION SERVICES,0.111462247085
CONSUMER DISCRETIONARY,0.047650020405
CONSUMER STAPLES,0.017810336045
ENERGY,0.017765255543
FINANCIALS,0.080377193842
HEALTH CARE,0.087696202119
INDUSTRIALS,0.17442594358
REAL ESTATE,0.035161474835
TECHNOLOGY,0.349874092699
UTILITIES,0.077777233847
