SECTOR,WEIGHT
COMMUNICATION SERVICES,0.097115652504
CONSUMER DISCRETIONARY,0.045128528603
CONSUMER STAPLES,0.016614475944
ENERGY,0.025932555008
FINANCIALS,0.088433626334
HEALTH CARE,0.11997624695
INDUSTRIALS,0.172598646894
REAL ESTATE,0.036077613337
TECHNOLOGY,0.296680642694
UTILITIES,0.067416676921
