SECTOR,WEIGHT
COMMUNICATION SERVICES,0.085686239214
CONSUMER DISCRETIONARY,0.043229302778
CONSUMER STAPLES,0.017387790515
ENERGY,0.029537242422
FINANCIALS,0.075298375405
HEALTH CARE,0.124379639278
INDUSTRIALS,0.195205065977
MATERIALS,0.034576029343
REAL ESTATE,0.040069122459
TECHNOLOGY,0.279545505392
UTILITIES,0.075085687219
