SECTOR,WEIGHT
COMMUNICATION SERVICES,0.083581802937
CONSUMER DISCRETIONARY,0.044148378606
CONSUMER STAPLES,0.017310740974
ENERGY,0.027742959533
FINANCIALS,0.076920929432
HEALTH CARE,0.125677062462
INDUSTRIALS,0.196182711911
MATERIALS,0.036018610439
REAL ESTATE,0.039883658604
TECHNOLOGY,0.280926847522
UTILITIES,0.071606297581
