SECTOR,WEIGHT
COMMUNICATION SERVICES,0.088975737288
CONSUMER DISCRETIONARY,0.035177762781
CONSUMER STAPLES,0.028653720579
ENERGY,0.04438349046
FINANCIALS,0.039248190231
HEALTH CARE,0.130229579553
INDUSTRIALS,0.221634564024
MATERIALS,0.037877265161
REAL ESTATE,0.047113191042
TECHNOLOGY,0.263595904611
UTILITIES,0.06311059427
