SECTOR,WEIGHT
COMMUNICATION SERVICES,0.095809215828
CONSUMER DISCRETIONARY,0.098104482564
CONSUMER STAPLES,0.044528596032
ENERGY,0.027944530176
FINANCIALS,0.125764606123
HEALTH CARE,0.098250899304
INDUSTRIALS,0.089850370519
MATERIALS,0.022064686705
REAL ESTATE,0.020288725384
TECHNOLOGY,0.355414522645
UTILITIES,0.02197936472
