SECTOR,WEIGHT
COMMUNICATION SERVICES,0.097127224358
CONSUMER DISCRETIONARY,0.100716560109
CONSUMER STAPLES,0.052211262069
ENERGY,0.035032721269
FINANCIALS,0.124607259306
HEALTH CARE,0.096806496597
INDUSTRIALS,0.101829555817
MATERIALS,0.024195340298
REAL ESTATE,0.021744135659
TECHNOLOGY,0.3209238166
UTILITIES,0.024805627918
