SECTOR,WEIGHT
COMMUNICATION SERVICES,0.097435562576
CONSUMER DISCRETIONARY,0.101428050232
CONSUMER STAPLES,0.051793510031
ENERGY,0.03397967687
FINANCIALS,0.121399816752
HEALTH CARE,0.105249520114
INDUSTRIALS,0.099454608774
MATERIALS,0.026848753954
REAL ESTATE,0.022218836416
TECHNOLOGY,0.317549947555
UTILITIES,0.022641716728
