SECTOR,WEIGHT
COMMUNICATION SERVICES,0.094306092932
CONSUMER DISCRETIONARY,0.102365605443
CONSUMER STAPLES,0.046529437604
ENERGY,0.027883321939
FINANCIALS,0.130958914499
HEALTH CARE,0.101975849904
INDUSTRIALS,0.089592157697
MATERIALS,0.023209415651
REAL ESTATE,0.020541170299
TECHNOLOGY,0.340672675925
UTILITIES,0.021965358106
