SECTOR,WEIGHT
COMMUNICATION SERVICES,0.095614416254
CONSUMER DISCRETIONARY,0.101744235102
CONSUMER STAPLES,0.047203401986
ENERGY,0.029543786228
FINANCIALS,0.129136467571
HEALTH CARE,0.102300053156
INDUSTRIALS,0.09192618905
MATERIALS,0.025104624575
REAL ESTATE,0.020495658924
TECHNOLOGY,0.335330200221
UTILITIES,0.021600966934
