SECTOR,WEIGHT
INDUSTRIALS,0.019812277189
REAL ESTATE,0.980187722811
