SECTOR,WEIGHT
INDUSTRIALS,0.019837351235
REAL ESTATE,0.980162648765
