SECTOR,WEIGHT
INDUSTRIALS,0.012524600091
REAL ESTATE,0.987475399909
