SECTOR,WEIGHT
INDUSTRIALS,0.012569524614
REAL ESTATE,0.987430475386
