SECTOR,WEIGHT
INDUSTRIALS,0.019410022366
REAL ESTATE,0.980589977634
