SECTOR,WEIGHT
INDUSTRIALS,0.012694242492
REAL ESTATE,0.987305757508
