SECTOR,WEIGHT
INDUSTRIALS,0.010378879484
REAL ESTATE,0.989621120516
