SECTOR,WEIGHT
INDUSTRIALS,0.013069164221
REAL ESTATE,0.986930835779
