SECTOR,WEIGHT
INDUSTRIALS,0.020191222816
REAL ESTATE,0.979808777184
