SECTOR,WEIGHT
INDUSTRIALS,0.020101796269
REAL ESTATE,0.979898203731
