SECTOR,WEIGHT
CONSUMER DISCRETIONARY,0.082882042859
CONSUMER STAPLES,0.110655189377
ENERGY,0.04823302026
FINANCIALS,0.182971786369
HEALTH CARE,0.16025494567
INDUSTRIALS,0.105420837373
MATERIALS,0.050194615801
TECHNOLOGY,0.222045205206
UTILITIES,0.037342357084
