SECTOR,WEIGHT
CONSUMER DISCRETIONARY,0.082847537789
CONSUMER STAPLES,0.107937246889
ENERGY,0.044117101788
FINANCIALS,0.182352541312
HEALTH CARE,0.159389689736
INDUSTRIALS,0.108506812124
MATERIALS,0.048873434983
TECHNOLOGY,0.229384416366
UTILITIES,0.036591219014
