SECTOR,WEIGHT
COMMUNICATION SERVICES,0.123005563922
CONSUMER DISCRETIONARY,0.043693524096
FINANCIALS,0.067899723896
HEALTH CARE,0.105575426707
INDUSTRIALS,0.197020373159
TECHNOLOGY,0.377450426707
UTILITIES,0.085354961513
