SECTOR,WEIGHT
COMMUNICATION SERVICES,0.091832129964
CONSUMER DISCRETIONARY,0.063402527076
FINANCIALS,0.011281588448
HEALTH CARE,0.246502707581
INDUSTRIALS,0.276286101083
TECHNOLOGY,0.291854693141
UTILITIES,0.018840252708
