SECTOR,WEIGHT
COMMUNICATION SERVICES,0.092242948135
CONSUMER DISCRETIONARY,0.054936305732
FINANCIALS,0.032074613285
HEALTH CARE,0.247497725205
INDUSTRIALS,0.26762966333
TECHNOLOGY,0.286737943585
UTILITIES,0.018880800728
