SECTOR,WEIGHT
COMMUNICATION SERVICES,0.01880509403
CONSUMER DISCRETIONARY,0.094473760918
CONSUMER STAPLES,0.018364844355
ENERGY,0.037110635347
FINANCIALS,0.189718461337
HEALTH CARE,0.194498889324
INDUSTRIALS,0.167563248198
MATERIALS,0.034114324197
REAL ESTATE,0.060261938506
TECHNOLOGY,0.154722632653
UTILITIES,0.030366171134
