SECTOR,WEIGHT
COMMUNICATION SERVICES,0.019829029968
CONSUMER DISCRETIONARY,0.078889558072
CONSUMER STAPLES,0.013468181029
ENERGY,0.054232254775
FINANCIALS,0.176527522885
HEALTH CARE,0.173634012007
INDUSTRIALS,0.190048516327
MATERIALS,0.039250794979
REAL ESTATE,0.063017396612
TECHNOLOGY,0.171486984279
UTILITIES,0.019615749068
