SECTOR,WEIGHT
COMMUNICATION SERVICES,0.019413484607
CONSUMER DISCRETIONARY,0.093858142356
CONSUMER STAPLES,0.018609405514
ENERGY,0.037938461817
FINANCIALS,0.189455105751
HEALTH CARE,0.193463440031
INDUSTRIALS,0.166112689675
MATERIALS,0.033990433469
REAL ESTATE,0.060756216285
TECHNOLOGY,0.155828518072
UTILITIES,0.030574102422
