SECTOR,WEIGHT
COMMUNICATION SERVICES,0.019064958644
CONSUMER DISCRETIONARY,0.081001613879
CONSUMER STAPLES,0.013063344765
ENERGY,0.053118821868
FINANCIALS,0.176441396006
HEALTH CARE,0.18265886625
INDUSTRIALS,0.180476094412
MATERIALS,0.037841436353
REAL ESTATE,0.066987088965
TECHNOLOGY,0.154028646359
UTILITIES,0.035317732499
