SECTOR,WEIGHT
COMMUNICATION SERVICES,0.018779997091
CONSUMER DISCRETIONARY,0.082175869815
CONSUMER STAPLES,0.012145286922
ENERGY,0.055389578384
FINANCIALS,0.175834464537
HEALTH CARE,0.181455131624
INDUSTRIALS,0.181772272588
MATERIALS,0.034840055914
REAL ESTATE,0.067650005656
TECHNOLOGY,0.153216455778
UTILITIES,0.036740881692
