SECTOR,WEIGHT
COMMUNICATION SERVICES,0.018338530175
CONSUMER DISCRETIONARY,0.083816713526
CONSUMER STAPLES,0.01277596034
ENERGY,0.051966059853
FINANCIALS,0.178041563974
HEALTH CARE,0.180162318934
INDUSTRIALS,0.182196347824
MATERIALS,0.038180648388
REAL ESTATE,0.066647976862
TECHNOLOGY,0.153155215464
UTILITIES,0.034718664661
