SECTOR,WEIGHT
COMMUNICATION SERVICES,0.01845161043
CONSUMER DISCRETIONARY,0.083414637592
CONSUMER STAPLES,0.014682186952
ENERGY,0.046383280549
FINANCIALS,0.180748698711
HEALTH CARE,0.18389156652
INDUSTRIALS,0.185824707683
MATERIALS,0.03994115825
REAL ESTATE,0.066962758782
TECHNOLOGY,0.146030855597
UTILITIES,0.033668538935
