SECTOR,WEIGHT
COMMUNICATION SERVICES,0.01841593681
CONSUMER DISCRETIONARY,0.090569204025
CONSUMER STAPLES,0.09555577416
ENERGY,0.011569935164
FINANCIALS,0.292550723884
HEALTH CARE,0.039018008939
INDUSTRIALS,0.27761946178
MATERIALS,0.085199599376
REAL ESTATE,0.009216985488
TECHNOLOGY,0.080284370374
