SECTOR,WEIGHT
COMMUNICATION SERVICES,0.021509599086
CONSUMER DISCRETIONARY,0.096196954083
CONSUMER STAPLES,0.082675359595
FINANCIALS,0.308139802431
HEALTH CARE,0.037689055362
INDUSTRIALS,0.279943970354
MATERIALS,0.068958700211
REAL ESTATE,0.009543423026
TECHNOLOGY,0.095343135852
