SECTOR,WEIGHT
COMMUNICATION SERVICES,0.021942481611
CONSUMER DISCRETIONARY,0.086344344001
CONSUMER STAPLES,0.100058734389
ENERGY,0.012457854089
FINANCIALS,0.288522547865
HEALTH CARE,0.039854691289
INDUSTRIALS,0.273473377393
MATERIALS,0.084783647344
REAL ESTATE,0.008839649413
TECHNOLOGY,0.083722672607
