SECTOR,WEIGHT
COMMUNICATION SERVICES,0.02194823704
CONSUMER DISCRETIONARY,0.097106603285
CONSUMER STAPLES,0.083631395603
FINANCIALS,0.306794677792
HEALTH CARE,0.037686353544
INDUSTRIALS,0.27891017163
MATERIALS,0.068223320728
REAL ESTATE,0.009516683689
TECHNOLOGY,0.096182556689
