SECTOR,WEIGHT
COMMUNICATION SERVICES,0.020707589155
CONSUMER DISCRETIONARY,0.09609825973
CONSUMER STAPLES,0.085120442642
FINANCIALS,0.303623648398
HEALTH CARE,0.038021231893
INDUSTRIALS,0.281062235023
MATERIALS,0.068621492388
REAL ESTATE,0.009175409264
TECHNOLOGY,0.097569691507
