SECTOR,WEIGHT
COMMUNICATION SERVICES,0.022068123181
CONSUMER DISCRETIONARY,0.087094159256
CONSUMER STAPLES,0.098641388375
ENERGY,0.014313926398
FINANCIALS,0.291495626016
HEALTH CARE,0.041137861495
INDUSTRIALS,0.266676376882
MATERIALS,0.083560290504
REAL ESTATE,0.008534692333
TECHNOLOGY,0.08647755556
