SECTOR,WEIGHT
COMMUNICATION SERVICES,0.02087385232
CONSUMER DISCRETIONARY,0.099356600588
CONSUMER STAPLES,0.084707950001
FINANCIALS,0.301548037412
HEALTH CARE,0.037231429335
INDUSTRIALS,0.285456037403
MATERIALS,0.071350526357
REAL ESTATE,0.010259281649
TECHNOLOGY,0.089216284935
