SECTOR,WEIGHT
COMMUNICATION SERVICES,0.022206029558
CONSUMER DISCRETIONARY,0.088064798677
CONSUMER STAPLES,0.096458995532
ENERGY,0.014876071211
FINANCIALS,0.293775248819
HEALTH CARE,0.041007379347
INDUSTRIALS,0.263555895162
MATERIALS,0.086990124432
REAL ESTATE,0.00862586532
TECHNOLOGY,0.084439591943
