SECTOR,WEIGHT
COMMUNICATION SERVICES,0.021493571293
CONSUMER DISCRETIONARY,0.09821200373
CONSUMER STAPLES,0.082277591496
FINANCIALS,0.306118736771
HEALTH CARE,0.037905619486
INDUSTRIALS,0.282571930994
MATERIALS,0.069653319494
REAL ESTATE,0.009667954407
TECHNOLOGY,0.092099272329
