SECTOR,WEIGHT
COMMUNICATION SERVICES,0.030214763368
CONSUMER DISCRETIONARY,0.111759402589
CONSUMER STAPLES,0.031495558742
ENERGY,0.022225802223
FINANCIALS,0.238909362714
HEALTH CARE,0.156278048668
INDUSTRIALS,0.252047521511
MATERIALS,0.019056834294
TECHNOLOGY,0.13801270589
