SECTOR,WEIGHT
COMMUNICATION SERVICES,0.017770473151
CONSUMER DISCRETIONARY,0.124988231806
CONSUMER STAPLES,0.040282276399
ENERGY,0.031887297762
FINANCIALS,0.194687987629
HEALTH CARE,0.170808069275
INDUSTRIALS,0.254878041452
MATERIALS,0.008987895286
TECHNOLOGY,0.155709727238
