SECTOR,WEIGHT
COMMUNICATION SERVICES,0.029731506751
CONSUMER DISCRETIONARY,0.110235448234
CONSUMER STAPLES,0.031480830989
ENERGY,0.023093481766
FINANCIALS,0.23843149264
HEALTH CARE,0.158361879943
INDUSTRIALS,0.253245707
MATERIALS,0.018783218897
TECHNOLOGY,0.13663643378
