SECTOR,WEIGHT
COMMUNICATION SERVICES,0.019499962947
CONSUMER DISCRETIONARY,0.12090337544
CONSUMER STAPLES,0.039851146544
ENERGY,0.03050274093
FINANCIALS,0.190111620063
HEALTH CARE,0.170618667169
INDUSTRIALS,0.250270888454
MATERIALS,0.009600767501
TECHNOLOGY,0.168640830952
