SECTOR,WEIGHT
COMMUNICATION SERVICES,0.020219515771
CONSUMER DISCRETIONARY,0.111206831177
CONSUMER STAPLES,0.047500745707
ENERGY,0.027859594841
FINANCIALS,0.188530781248
HEALTH CARE,0.165562009919
INDUSTRIALS,0.26305390826
MATERIALS,0.00991107134
TECHNOLOGY,0.166155541737
