SECTOR,WEIGHT
COMMUNICATION SERVICES,0.019552527905
CONSUMER DISCRETIONARY,0.112704646795
CONSUMER STAPLES,0.046333560003
ENERGY,0.028386580485
FINANCIALS,0.190093291556
HEALTH CARE,0.163202124295
INDUSTRIALS,0.268214486715
MATERIALS,0.009835373191
TECHNOLOGY,0.161677409055
