SECTOR,WEIGHT
COMMUNICATION SERVICES,0.029654517566
CONSUMER DISCRETIONARY,0.111550133424
CONSUMER STAPLES,0.032334010044
ENERGY,0.0250809701
FINANCIALS,0.238540867263
HEALTH CARE,0.157645808715
INDUSTRIALS,0.253976464891
MATERIALS,0.018623373219
TECHNOLOGY,0.132593854777
