SECTOR,WEIGHT
COMMUNICATION SERVICES,0.028882690901
CONSUMER DISCRETIONARY,0.1138014649
CONSUMER STAPLES,0.03328299553
ENERGY,0.025114861261
FINANCIALS,0.237885652125
HEALTH CARE,0.152316389609
INDUSTRIALS,0.261497384536
MATERIALS,0.018852157971
TECHNOLOGY,0.128366403169
