SECTOR,WEIGHT
COMMUNICATION SERVICES,0.028881957433
CONSUMER DISCRETIONARY,0.110507360586
CONSUMER STAPLES,0.03225228633
ENERGY,0.024217734455
FINANCIALS,0.234773228301
HEALTH CARE,0.157946140783
INDUSTRIALS,0.255933850291
MATERIALS,0.018417726649
TECHNOLOGY,0.137069715173
