SECTOR,WEIGHT
COMMUNICATION SERVICES,0.031498625271
CONSUMER DISCRETIONARY,0.117841244285
CONSUMER STAPLES,0.038140981355
ENERGY,0.037483153807
FINANCIALS,0.176277757419
HEALTH CARE,0.110040430862
INDUSTRIALS,0.229487695521
MATERIALS,0.052159616798
REAL ESTATE,0.060530146925
TECHNOLOGY,0.122214746151
UTILITIES,0.024325601607
