SECTOR,WEIGHT
COMMUNICATION SERVICES,0.037428710917
CONSUMER DISCRETIONARY,0.117431878764
CONSUMER STAPLES,0.037474825142
ENERGY,0.035088915243
FINANCIALS,0.174214529389
HEALTH CARE,0.124865291327
INDUSTRIALS,0.209145052295
MATERIALS,0.047514693897
REAL ESTATE,0.065056144069
TECHNOLOGY,0.124962532192
UTILITIES,0.026817426766
