SECTOR,WEIGHT
COMMUNICATION SERVICES,0.036443702377
CONSUMER DISCRETIONARY,0.119038336843
CONSUMER STAPLES,0.036991901288
ENERGY,0.034382193858
FINANCIALS,0.180431603918
HEALTH CARE,0.11781866943
INDUSTRIALS,0.210869170877
MATERIALS,0.048659418147
REAL ESTATE,0.06232931421
TECHNOLOGY,0.128312619699
UTILITIES,0.024723069353
