SECTOR,WEIGHT
COMMUNICATION SERVICES,0.033741123137
CONSUMER DISCRETIONARY,0.105777848333
CONSUMER STAPLES,0.034430373642
ENERGY,0.042028205015
FINANCIALS,0.157506802079
HEALTH CARE,0.121007672182
INDUSTRIALS,0.221532748442
MATERIALS,0.055720779195
REAL ESTATE,0.05999393138
TECHNOLOGY,0.142873792807
UTILITIES,0.025386723789
