SECTOR,WEIGHT
COMMUNICATION SERVICES,0.03298300458
CONSUMER DISCRETIONARY,0.104319111977
CONSUMER STAPLES,0.033713233334
ENERGY,0.048609497601
FINANCIALS,0.159619355689
HEALTH CARE,0.118976995783
INDUSTRIALS,0.216699909174
MATERIALS,0.052454765547
REAL ESTATE,0.059090191298
TECHNOLOGY,0.147508220103
UTILITIES,0.026025714915
