SECTOR,WEIGHT
COMMUNICATION SERVICES,0.033897269039
CONSUMER DISCRETIONARY,0.119808362736
CONSUMER STAPLES,0.03784745778
ENERGY,0.036048729015
FINANCIALS,0.173856404326
HEALTH CARE,0.11379890513
INDUSTRIALS,0.223016312816
MATERIALS,0.050759223871
REAL ESTATE,0.061415313946
TECHNOLOGY,0.124919959075
UTILITIES,0.024632062265
