SECTOR,WEIGHT
COMMUNICATION SERVICES,0.034168125232
CONSUMER DISCRETIONARY,0.10409380124
CONSUMER STAPLES,0.034240508938
ENERGY,0.04357197504
FINANCIALS,0.155508349762
HEALTH CARE,0.122545614301
INDUSTRIALS,0.219283421417
MATERIALS,0.055097069566
REAL ESTATE,0.060292611132
TECHNOLOGY,0.14573453879
UTILITIES,0.025463984582
