SECTOR,WEIGHT
COMMUNICATION SERVICES,0.117254804173
CONSUMER DISCRETIONARY,0.11015110321
CONSUMER STAPLES,0.046068983824
ENERGY,0.01873707961
FINANCIALS,0.121148014382
HEALTH CARE,0.102424005985
INDUSTRIALS,0.135544446143
MATERIALS,0.029653552554
REAL ESTATE,0.012779623388
TECHNOLOGY,0.297319798261
UTILITIES,0.00891858847
