SECTOR,WEIGHT
COMMUNICATION SERVICES,0.043410609562
CONSUMER DISCRETIONARY,0.067174177748
CONSUMER STAPLES,0.059829340764
ENERGY,0.160973482412
FINANCIALS,0.184076041982
HEALTH CARE,0.103227166712
INDUSTRIALS,0.085940697931
MATERIALS,0.081032765516
REAL ESTATE,0.014718826539
TECHNOLOGY,0.051583378547
UTILITIES,0.148033512286
