SECTOR,WEIGHT
COMMUNICATION SERVICES,0.052610482012
CONSUMER DISCRETIONARY,0.063032367973
CONSUMER STAPLES,0.064936366369
ENERGY,0.101412967231
FINANCIALS,0.260647359455
HEALTH CARE,0.094298025854
INDUSTRIALS,0.078063934262
MATERIALS,0.060627317366
REAL ESTATE,0.058923739854
TECHNOLOGY,0.056017637038
UTILITIES,0.109429802585
