SECTOR,WEIGHT
COMMUNICATION SERVICES,0.055615930541
CONSUMER DISCRETIONARY,0.065004292946
CONSUMER STAPLES,0.064908934212
ENERGY,0.102262170488
FINANCIALS,0.260831198297
HEALTH CARE,0.09374240073
INDUSTRIALS,0.076601659522
MATERIALS,0.057137260648
REAL ESTATE,0.056545190857
TECHNOLOGY,0.050209256052
UTILITIES,0.117141705707
