SECTOR,WEIGHT
COMMUNICATION SERVICES,0.044348107273
CONSUMER DISCRETIONARY,0.061114763125
CONSUMER STAPLES,0.05837766522
ENERGY,0.172612913439
FINANCIALS,0.180726819954
HEALTH CARE,0.100712617543
INDUSTRIALS,0.080541917405
MATERIALS,0.083527653131
REAL ESTATE,0.014731123711
TECHNOLOGY,0.051799852479
UTILITIES,0.151506566719
