SECTOR,WEIGHT
COMMUNICATION SERVICES,0.044118620581
CONSUMER DISCRETIONARY,0.064769852613
CONSUMER STAPLES,0.059517152339
ENERGY,0.164233499956
FINANCIALS,0.185086015808
HEALTH CARE,0.10148177685
INDUSTRIALS,0.085669274243
MATERIALS,0.081340966377
REAL ESTATE,0.014805077515
TECHNOLOGY,0.050681708926
UTILITIES,0.148296054794
