SECTOR,WEIGHT
COMMUNICATION SERVICES,0.049188228107
CONSUMER DISCRETIONARY,0.068849657791
CONSUMER STAPLES,0.073274494472
ENERGY,0.12466395233
FINANCIALS,0.18370704663
HEALTH CARE,0.133997036681
INDUSTRIALS,0.107572766521
MATERIALS,0.067950872377
REAL ESTATE,0.013152429596
TECHNOLOGY,0.058305558345
UTILITIES,0.11933795715
