SECTOR,WEIGHT
COMMUNICATION SERVICES,0.044947272843
CONSUMER DISCRETIONARY,0.063788122511
CONSUMER STAPLES,0.058899274622
ENERGY,0.165461533142
FINANCIALS,0.185556374609
HEALTH CARE,0.101024410179
INDUSTRIALS,0.083499946305
MATERIALS,0.081254992233
REAL ESTATE,0.015029217967
TECHNOLOGY,0.052542647237
UTILITIES,0.147996208351
