SECTOR,WEIGHT
COMMUNICATION SERVICES,0.044087846084
CONSUMER DISCRETIONARY,0.059054030141
CONSUMER STAPLES,0.056684218816
ENERGY,0.186544825817
FINANCIALS,0.178875682924
HEALTH CARE,0.09914940865
INDUSTRIALS,0.079985749873
MATERIALS,0.082781927624
REAL ESTATE,0.013986522486
TECHNOLOGY,0.052531564595
UTILITIES,0.14631822299
