SECTOR,WEIGHT
COMMUNICATION SERVICES,0.049430038867
CONSUMER DISCRETIONARY,0.068549015256
CONSUMER STAPLES,0.07311245104
ENERGY,0.127560103917
FINANCIALS,0.182409991763
HEALTH CARE,0.13349134655
INDUSTRIALS,0.106446664335
MATERIALS,0.067561190448
REAL ESTATE,0.013293344273
TECHNOLOGY,0.057942084207
UTILITIES,0.120203769344
