SECTOR,WEIGHT
COMMUNICATION SERVICES,0.056450805725
CONSUMER DISCRETIONARY,0.066359723751
CONSUMER STAPLES,0.064157741968
ENERGY,0.100290261235
FINANCIALS,0.263737363627
HEALTH CARE,0.093884496046
INDUSTRIALS,0.075868281453
MATERIALS,0.058252427184
REAL ESTATE,0.057051346212
TECHNOLOGY,0.054949454509
UTILITIES,0.108998098288
