SECTOR,WEIGHT
COMMUNICATION SERVICES,0.041861747405
CONSUMER DISCRETIONARY,0.0715913513
CONSUMER STAPLES,0.06007827773
ENERGY,0.147328905266
FINANCIALS,0.195629486708
HEALTH CARE,0.10541459404
INDUSTRIALS,0.086974440708
MATERIALS,0.079103508919
REAL ESTATE,0.015418780123
TECHNOLOGY,0.055058079247
UTILITIES,0.141540828554
