SECTOR,WEIGHT
COMMUNICATION SERVICES,0.048545526158
CONSUMER DISCRETIONARY,0.069657017477
CONSUMER STAPLES,0.07362957404
ENERGY,0.125069994171
FINANCIALS,0.183981958867
HEALTH CARE,0.133488610761
INDUSTRIALS,0.107743817122
MATERIALS,0.067386226005
REAL ESTATE,0.012936782931
TECHNOLOGY,0.058217328151
UTILITIES,0.119343164318
