SECTOR,WEIGHT
COMMUNICATION SERVICES,0.059209683533
CONSUMER DISCRETIONARY,0.154159835993
CONSUMER STAPLES,0.021103645018
ENERGY,0.005198109468
FINANCIALS,0.134311073214
HEALTH CARE,0.05346361119
INDUSTRIALS,0.236627504076
MATERIALS,0.022970877607
REAL ESTATE,0.020947840392
TECHNOLOGY,0.265586245088
UTILITIES,0.026421574421
