SECTOR,WEIGHT
COMMUNICATION SERVICES,0.038973069338
CONSUMER DISCRETIONARY,0.14007912684
CONSUMER STAPLES,0.032064862659
ENERGY,0.012242210989
FINANCIALS,0.145143222369
HEALTH CARE,0.099581517241
INDUSTRIALS,0.266445361265
MATERIALS,0.025644672947
REAL ESTATE,0.022028101168
TECHNOLOGY,0.19345799937
UTILITIES,0.024339855815
