SECTOR,WEIGHT
COMMUNICATION SERVICES,0.038604396306
CONSUMER DISCRETIONARY,0.13661230477
CONSUMER STAPLES,0.031640010493
ENERGY,0.014005483272
FINANCIALS,0.13638632721
HEALTH CARE,0.095979732161
INDUSTRIALS,0.280170607475
MATERIALS,0.025877833994
REAL ESTATE,0.022725325759
TECHNOLOGY,0.190878753467
UTILITIES,0.027119225094
