SECTOR,WEIGHT
COMMUNICATION SERVICES,0.034913076764
CONSUMER DISCRETIONARY,0.107650117271
CONSUMER STAPLES,0.020526795494
ENERGY,0.008754646214
FINANCIALS,0.067216217741
HEALTH CARE,0.100928276427
INDUSTRIALS,0.299312954431
MATERIALS,0.044705144132
REAL ESTATE,0.022243013232
TECHNOLOGY,0.271638855218
UTILITIES,0.022110903077
