SECTOR,WEIGHT
COMMUNICATION SERVICES,0.038093410122
CONSUMER DISCRETIONARY,0.136791265022
CONSUMER STAPLES,0.030843736398
ENERGY,0.014069594292
FINANCIALS,0.132634718332
HEALTH CARE,0.094190329706
INDUSTRIALS,0.275864378808
MATERIALS,0.022663688029
REAL ESTATE,0.022648403104
TECHNOLOGY,0.204534995934
UTILITIES,0.027665480252
