SECTOR,WEIGHT
COMMUNICATION SERVICES,0.031425702811
CONSUMER DISCRETIONARY,0.100401606426
CONSUMER STAPLES,0.019879518072
ENERGY,0.00843373494
FINANCIALS,0.06656626506
HEALTH CARE,0.0890562249
INDUSTRIALS,0.29578313253
MATERIALS,0.039658634538
REAL ESTATE,0.021285140562
TECHNOLOGY,0.305722891566
UTILITIES,0.021787148594
