SECTOR,WEIGHT
COMMUNICATION SERVICES,0.040692531574
CONSUMER DISCRETIONARY,0.137563744436
CONSUMER STAPLES,0.029317764427
ENERGY,0.0115334691
FINANCIALS,0.143948726149
HEALTH CARE,0.098780959215
INDUSTRIALS,0.255796378765
MATERIALS,0.02573593372
REAL ESTATE,0.020653829501
TECHNOLOGY,0.20836963331
UTILITIES,0.025884999015
