SECTOR,WEIGHT
COMMUNICATION SERVICES,0.038659339387
CONSUMER DISCRETIONARY,0.13659993421
CONSUMER STAPLES,0.032091374388
ENERGY,0.014102435777
FINANCIALS,0.133477100704
HEALTH CARE,0.09536020383
INDUSTRIALS,0.275845190232
MATERIALS,0.024821529779
REAL ESTATE,0.022777771351
TECHNOLOGY,0.199742473065
UTILITIES,0.026522647277
