SECTOR,WEIGHT
COMMUNICATION SERVICES,0.037108449738
CONSUMER DISCRETIONARY,0.13886486114
CONSUMER STAPLES,0.031253964347
ENERGY,0.014852753374
FINANCIALS,0.136213366311
HEALTH CARE,0.095730472174
INDUSTRIALS,0.275871210027
MATERIALS,0.023588047661
REAL ESTATE,0.022304465882
TECHNOLOGY,0.197547784442
UTILITIES,0.026664624905
