SECTOR,WEIGHT
COMMUNICATION SERVICES,0.078984394407
CONSUMER DISCRETIONARY,0.135982975351
CONSUMER STAPLES,0.044544881291
ENERGY,0.032751932722
FINANCIALS,0.129330207588
HEALTH CARE,0.100806277236
INDUSTRIALS,0.082102093585
MATERIALS,0.01769545711
REAL ESTATE,0.017932804531
TECHNOLOGY,0.33939675538
UTILITIES,0.020472220797
