SECTOR,WEIGHT
COMMUNICATION SERVICES,0.06680086804
CONSUMER DISCRETIONARY,0.140819395433
CONSUMER STAPLES,0.053651201159
ENERGY,0.036964741124
FINANCIALS,0.120959326378
HEALTH CARE,0.098742062226
INDUSTRIALS,0.101156286237
MATERIALS,0.025244799113
REAL ESTATE,0.020634461672
TECHNOLOGY,0.310241292335
UTILITIES,0.024785566282
