SECTOR,WEIGHT
COMMUNICATION SERVICES,0.070106098404
CONSUMER DISCRETIONARY,0.143389137687
CONSUMER STAPLES,0.051456223137
ENERGY,0.04139941691
FINANCIALS,0.120334024626
HEALTH CARE,0.093662148217
INDUSTRIALS,0.099105326961
MATERIALS,0.023213409075
REAL ESTATE,0.020758818992
TECHNOLOGY,0.311266067546
UTILITIES,0.025309328444
