SECTOR,WEIGHT
COMMUNICATION SERVICES,0.080982177803
CONSUMER DISCRETIONARY,0.130890968967
CONSUMER STAPLES,0.045586307305
ENERGY,0.031373223742
FINANCIALS,0.12400477727
HEALTH CARE,0.097330343012
INDUSTRIALS,0.078513049454
MATERIALS,0.016618823532
REAL ESTATE,0.018095873416
TECHNOLOGY,0.355600765893
UTILITIES,0.021003689606
