SECTOR,WEIGHT
COMMUNICATION SERVICES,0.080499727752
CONSUMER DISCRETIONARY,0.134484254429
CONSUMER STAPLES,0.047048001119
ENERGY,0.030057941929
FINANCIALS,0.128747429752
HEALTH CARE,0.101131160922
INDUSTRIALS,0.078806861242
MATERIALS,0.017154112247
REAL ESTATE,0.018021681171
TECHNOLOGY,0.342281102396
UTILITIES,0.02176772704
