SECTOR,WEIGHT
COMMUNICATION SERVICES,0.064725876017
CONSUMER DISCRETIONARY,0.144558966952
CONSUMER STAPLES,0.051531119038
ENERGY,0.045891974192
FINANCIALS,0.123869740365
HEALTH CARE,0.09461955819
INDUSTRIALS,0.098128738088
MATERIALS,0.024497102747
REAL ESTATE,0.020542885466
TECHNOLOGY,0.306889359096
UTILITIES,0.024744679849
