SECTOR,WEIGHT
COMMUNICATION SERVICES,0.067378264258
CONSUMER DISCRETIONARY,0.145301623546
CONSUMER STAPLES,0.047548572476
ENERGY,0.03405761645
FINANCIALS,0.120611160444
HEALTH CARE,0.097466116558
INDUSTRIALS,0.095909622676
MATERIALS,0.022524862624
REAL ESTATE,0.019338379354
TECHNOLOGY,0.327290593179
UTILITIES,0.022573188436
