SECTOR,WEIGHT
COMMUNICATION SERVICES,0.074522443598
CONSUMER DISCRETIONARY,0.142692830993
CONSUMER STAPLES,0.047583313128
ENERGY,0.03348254988
FINANCIALS,0.119255346648
HEALTH CARE,0.092586729613
INDUSTRIALS,0.094735808565
MATERIALS,0.021535875091
REAL ESTATE,0.019008077331
TECHNOLOGY,0.327404413577
UTILITIES,0.022314352641
