SECTOR,WEIGHT
COMMUNICATION SERVICES,0.068601736259
CONSUMER DISCRETIONARY,0.144587826174
CONSUMER STAPLES,0.054492507068
ENERGY,0.037352080258
FINANCIALS,0.122052488054
HEALTH CARE,0.09820720022
INDUSTRIALS,0.101004228065
MATERIALS,0.024289609967
REAL ESTATE,0.020677991544
TECHNOLOGY,0.303823271872
UTILITIES,0.024911060519
