SECTOR,WEIGHT
COMMUNICATION SERVICES,0.018458965564
CONSUMER DISCRETIONARY,0.064714769646
CONSUMER STAPLES,0.14234025421
ENERGY,0.0199805915
FINANCIALS,0.184738131976
HEALTH CARE,0.117490729072
INDUSTRIALS,0.295543850512
MATERIALS,0.038917359017
REAL ESTATE,0.018724332184
TECHNOLOGY,0.099091016319
