SECTOR,WEIGHT
COMMUNICATION SERVICES,0.018616297827
CONSUMER DISCRETIONARY,0.062263026008
CONSUMER STAPLES,0.138484191507
ENERGY,0.019296479532
FINANCIALS,0.2053771886
HEALTH CARE,0.116625021773
INDUSTRIALS,0.284219147732
MATERIALS,0.037690685113
REAL ESTATE,0.016790041149
TECHNOLOGY,0.10063792076
