SECTOR,WEIGHT
COMMUNICATION SERVICES,0.023609443778
CONSUMER DISCRETIONARY,0.076530612245
CONSUMER STAPLES,0.143857543017
ENERGY,0.021308523409
FINANCIALS,0.206382553021
HEALTH CARE,0.186974789916
INDUSTRIALS,0.237595038015
MATERIALS,0.020708283313
TECHNOLOGY,0.083033213285
