SECTOR,WEIGHT
COMMUNICATION SERVICES,0.018617427894
CONSUMER DISCRETIONARY,0.063313892223
CONSUMER STAPLES,0.137202804626
ENERGY,0.019488436706
FINANCIALS,0.20498577922
HEALTH CARE,0.11520405254
INDUSTRIALS,0.286715633897
MATERIALS,0.038392683501
REAL ESTATE,0.017291788759
TECHNOLOGY,0.098787500633
