SECTOR,WEIGHT
CONSUMER DISCRETIONARY,0.079391030699
CONSUMER STAPLES,0.1682129001
ENERGY,0.024532670392
FINANCIALS,0.229766566432
HEALTH CARE,0.123391837151
INDUSTRIALS,0.219229360486
MATERIALS,0.062449153211
TECHNOLOGY,0.09302648153
