SECTOR,WEIGHT
COMMUNICATION SERVICES,0.01847516405
CONSUMER DISCRETIONARY,0.062150548693
CONSUMER STAPLES,0.138934082325
ENERGY,0.019783211475
FINANCIALS,0.204733987045
HEALTH CARE,0.117011370831
INDUSTRIALS,0.283626594791
MATERIALS,0.037918555349
REAL ESTATE,0.016892059095
TECHNOLOGY,0.100474426346
