SECTOR,WEIGHT
CONSUMER DISCRETIONARY,0.078706965787
CONSUMER STAPLES,0.169498778217
ENERGY,0.027373835766
FINANCIALS,0.228173095846
HEALTH CARE,0.122043540978
INDUSTRIALS,0.2194865011
MATERIALS,0.061101106728
TECHNOLOGY,0.093616175579
