SECTOR,WEIGHT
CONSUMER DISCRETIONARY,0.079209541606
CONSUMER STAPLES,0.170789969501
ENERGY,0.023133032504
FINANCIALS,0.227860024084
HEALTH CARE,0.124190292443
INDUSTRIALS,0.219934249561
MATERIALS,0.065500508562
TECHNOLOGY,0.089382381738
