SECTOR,WEIGHT
COMMUNICATION SERVICES,0.018198107889
CONSUMER DISCRETIONARY,0.062465532453
CONSUMER STAPLES,0.139942968644
ENERGY,0.019196990977
FINANCIALS,0.203078101212
HEALTH CARE,0.116951504874
INDUSTRIALS,0.284650120434
MATERIALS,0.037769527742
REAL ESTATE,0.016862474913
TECHNOLOGY,0.100884670862
