SECTOR,WEIGHT
COMMUNICATION SERVICES,0.022746911506
CONSUMER DISCRETIONARY,0.077124848341
CONSUMER STAPLES,0.143301122705
ENERGY,0.022107126497
FINANCIALS,0.203560426506
HEALTH CARE,0.191514725116
INDUSTRIALS,0.237827273101
MATERIALS,0.020563656475
TECHNOLOGY,0.081253909754
