SECTOR,WEIGHT
COMMUNICATION SERVICES,0.018354496237
CONSUMER DISCRETIONARY,0.063020858517
CONSUMER STAPLES,0.139768926604
ENERGY,0.02022450217
FINANCIALS,0.201884644482
HEALTH CARE,0.116870136947
INDUSTRIALS,0.285222727335
MATERIALS,0.037323154439
REAL ESTATE,0.017788379279
TECHNOLOGY,0.09954217399
