SECTOR,WEIGHT
CONSUMER DISCRETIONARY,0.034247097814
ENERGY,0.170804486689
FINANCIALS,0.296317607331
HEALTH CARE,0.095626490614
INDUSTRIALS,0.202110717724
MATERIALS,0.115128528483
TECHNOLOGY,0.085765071345
