SECTOR,WEIGHT
CONSUMER DISCRETIONARY,0.055784468681
ENERGY,0.190574863531
FINANCIALS,0.2963543236
HEALTH CARE,0.115261744652
INDUSTRIALS,0.19282818247
MATERIALS,0.101742680861
TECHNOLOGY,0.047453736206
