SECTOR,WEIGHT
CONSUMER DISCRETIONARY,0.053679399101
ENERGY,0.197426530272
FINANCIALS,0.292318138291
HEALTH CARE,0.115366063542
INDUSTRIALS,0.191929680654
MATERIALS,0.101453860118
TECHNOLOGY,0.047826328022
