SECTOR,WEIGHT
CONSUMER DISCRETIONARY,0.048448448448
CONSUMER STAPLES,0.017817817818
ENERGY,0.203103103103
FINANCIALS,0.298998998999
HEALTH CARE,0.075975975976
INDUSTRIALS,0.199099099099
MATERIALS,0.119319319319
TECHNOLOGY,0.037237237237
