SECTOR,WEIGHT
CONSUMER DISCRETIONARY,0.035333694593
ENERGY,0.166024831277
FINANCIALS,0.303093061395
HEALTH CARE,0.093634206788
INDUSTRIALS,0.19926214589
MATERIALS,0.11589923753
TECHNOLOGY,0.086752822526
