SECTOR,WEIGHT
CONSUMER DISCRETIONARY,0.035179507204
ENERGY,0.170956522406
FINANCIALS,0.300223456673
HEALTH CARE,0.094762843062
INDUSTRIALS,0.197882447257
MATERIALS,0.115369812805
TECHNOLOGY,0.085625410593
