SECTOR,WEIGHT
CONSUMER DISCRETIONARY,0.055560210611
ENERGY,0.196917176097
FINANCIALS,0.290191680569
HEALTH CARE,0.115850248848
INDUSTRIALS,0.193264153994
MATERIALS,0.099978321146
TECHNOLOGY,0.048238208735
