SECTOR,WEIGHT
CONSUMER DISCRETIONARY,0.058052320792
ENERGY,0.169615773891
FINANCIALS,0.282633616307
HEALTH CARE,0.113358464373
INDUSTRIALS,0.197590786532
MATERIALS,0.102101168049
TECHNOLOGY,0.056173764076
