SECTOR,WEIGHT
CONSUMER DISCRETIONARY,0.034901755593
ENERGY,0.165187741017
FINANCIALS,0.302254378592
HEALTH CARE,0.095187302494
INDUSTRIALS,0.200452896414
MATERIALS,0.116328847938
TECHNOLOGY,0.085687077952
