SECTOR,WEIGHT
CONSUMER DISCRETIONARY,0.056928460059
ENERGY,0.179730219964
FINANCIALS,0.296839211209
HEALTH CARE,0.115813139654
INDUSTRIALS,0.200572953831
MATERIALS,0.100519989874
TECHNOLOGY,0.049596025409
