SECTOR,WEIGHT
COMMUNICATION SERVICES,0.000135563265
FINANCIALS,0.000104433923
INDUSTRIALS,0.00118191084
TECHNOLOGY,0.998578091972
