SECTOR,WEIGHT
COMMUNICATION SERVICES,0.000138420383
FINANCIALS,0.000097295486
INDUSTRIALS,0.001162530605
TECHNOLOGY,0.998587710878
