SECTOR,WEIGHT
COMMUNICATION SERVICES,0.069773807531
CONSUMER DISCRETIONARY,0.141191062016
CONSUMER STAPLES,0.066247293583
ENERGY,0.047113621912
FINANCIALS,0.139569538249
HEALTH CARE,0.140746465804
INDUSTRIALS,0.103262522159
MATERIALS,0.021483096934
TECHNOLOGY,0.270612591812
