SECTOR,WEIGHT
COMMUNICATION SERVICES,0.037725024878
CONSUMER DISCRETIONARY,0.155346057053
CONSUMER STAPLES,0.02047732118
FINANCIALS,0.162124485743
HEALTH CARE,0.176177954104
INDUSTRIALS,0.162651149484
MATERIALS,0.019437700444
TECHNOLOGY,0.266060307113
