SECTOR,WEIGHT
COMMUNICATION SERVICES,0.068273757017
CONSUMER DISCRETIONARY,0.094353537049
CONSUMER STAPLES,0.061689802078
ENERGY,0.045505468326
FINANCIALS,0.205095481539
HEALTH CARE,0.110341776203
INDUSTRIALS,0.097539077439
MATERIALS,0.019844029464
TECHNOLOGY,0.297357070884
