SECTOR,WEIGHT
COMMUNICATION SERVICES,0.069660710443
CONSUMER DISCRETIONARY,0.146985193957
CONSUMER STAPLES,0.063421041625
ENERGY,0.049835994155
FINANCIALS,0.138701658558
HEALTH CARE,0.141248421651
INDUSTRIALS,0.099371296845
MATERIALS,0.018667201788
TECHNOLOGY,0.272108480979
