SECTOR,WEIGHT
COMMUNICATION SERVICES,0.081375952503
CONSUMER DISCRETIONARY,0.140484517061
CONSUMER STAPLES,0.061373129089
ENERGY,0.042658153833
FINANCIALS,0.122771302695
HEALTH CARE,0.144431231546
INDUSTRIALS,0.101039927039
MATERIALS,0.021581076293
TECHNOLOGY,0.284284709942
