SECTOR,WEIGHT
COMMUNICATION SERVICES,0.070969671906
CONSUMER DISCRETIONARY,0.146029041686
CONSUMER STAPLES,0.063795858867
ENERGY,0.046845506423
FINANCIALS,0.138200862846
HEALTH CARE,0.140921777018
INDUSTRIALS,0.100230734814
MATERIALS,0.02104369333
TECHNOLOGY,0.27196285311
