SECTOR,WEIGHT
COMMUNICATION SERVICES,0.071372134385
CONSUMER DISCRETIONARY,0.143749267901
CONSUMER STAPLES,0.062208906598
ENERGY,0.04606165177
FINANCIALS,0.135130041558
HEALTH CARE,0.13959288724
INDUSTRIALS,0.100042855775
MATERIALS,0.018229227618
TECHNOLOGY,0.283613027155
