SECTOR,WEIGHT
COMMUNICATION SERVICES,0.065690449155
CONSUMER DISCRETIONARY,0.097235170509
CONSUMER STAPLES,0.061752692379
ENERGY,0.043503136739
FINANCIALS,0.211137499118
HEALTH CARE,0.113088419676
INDUSTRIALS,0.094946984194
MATERIALS,0.0225097131
TECHNOLOGY,0.290135935131
