SECTOR,WEIGHT
COMMUNICATION SERVICES,0.074045195643
CONSUMER DISCRETIONARY,0.142678889527
CONSUMER STAPLES,0.064168980892
ENERGY,0.042464472884
FINANCIALS,0.135512815947
HEALTH CARE,0.140999859252
INDUSTRIALS,0.100334728257
MATERIALS,0.020945888168
TECHNOLOGY,0.278849169428
