SECTOR,WEIGHT
ENERGY,0.437137137137
INDUSTRIALS,0.160560560561
MATERIALS,0.254154154154
REAL ESTATE,0.12022022022
TECHNOLOGY,0.027927927928
