SECTOR,WEIGHT
ENERGY,0.293428773801
INDUSTRIALS,0.390525331277
MATERIALS,0.177220140992
REAL ESTATE,0.114441416894
TECHNOLOGY,0.024384337036
