SECTOR,WEIGHT
ENERGY,0.287521263891
INDUSTRIALS,0.39378800382
MATERIALS,0.180670590644
REAL ESTATE,0.113429047033
TECHNOLOGY,0.024591094611
