SECTOR,WEIGHT
ENERGY,0.443240592965
INDUSTRIALS,0.159027802098
MATERIALS,0.250000750462
REAL ESTATE,0.120985406025
TECHNOLOGY,0.026745448451
