SECTOR,WEIGHT
ENERGY,0.442904738981
INDUSTRIALS,0.157656120363
MATERIALS,0.251041603073
REAL ESTATE,0.124177701538
TECHNOLOGY,0.024219836046
