SECTOR,WEIGHT
ENERGY,0.418266488784
INDUSTRIALS,0.165809496794
MATERIALS,0.260788462637
REAL ESTATE,0.129645982661
TECHNOLOGY,0.025489569123
