SECTOR,WEIGHT
ENERGY,0.276172886311
INDUSTRIALS,0.386419435214
MATERIALS,0.19781996517
REAL ESTATE,0.114970329387
TECHNOLOGY,0.024617383918
