SECTOR,WEIGHT
FINANCIALS,0.995584003851
TECHNOLOGY,0.004415996149
