SECTOR,WEIGHT
FINANCIALS,0.994906881181
TECHNOLOGY,0.005093118819
