SECTOR,WEIGHT
FINANCIALS,0.996235382355
TECHNOLOGY,0.003764617645
