SECTOR,WEIGHT
FINANCIALS,0.995208883049
TECHNOLOGY,0.004791116951
