SECTOR,WEIGHT
FINANCIALS,0.995221172337
TECHNOLOGY,0.004778827663
