SECTOR,WEIGHT
FINANCIALS,0.994982225187
TECHNOLOGY,0.005017774813
