SECTOR,WEIGHT
FINANCIALS,0.996724916816
TECHNOLOGY,0.003275083184
