SECTOR,WEIGHT
CONSUMER DISCRETIONARY,0.310689511796
ENERGY,0.005270269539
INDUSTRIALS,0.684040218665
