SECTOR,WEIGHT
CONSUMER DISCRETIONARY,0.313552146308
ENERGY,0.005522301444
INDUSTRIALS,0.680925552248
