SECTOR,WEIGHT
COMMUNICATION SERVICES,0.059118124645
CONSUMER DISCRETIONARY,0.058524912401
CONSUMER STAPLES,0.070798373191
ENERGY,0.076692288744
FINANCIALS,0.191714132025
HEALTH CARE,0.155243644334
INDUSTRIALS,0.134580754787
MATERIALS,0.027681897475
REAL ESTATE,0.045743702147
TECHNOLOGY,0.128842683129
UTILITIES,0.051059487123
