SECTOR,WEIGHT
ENERGY,0.000369902191
INDUSTRIALS,0.002463007275
UTILITIES,0.997167090534
