SECTOR,WEIGHT
ENERGY,0.000401485496
INDUSTRIALS,0.002810398474
UTILITIES,0.996788116029
