SECTOR,WEIGHT
ENERGY,0.000484166357
INDUSTRIALS,0.002624321992
UTILITIES,0.996891511652
