SECTOR,WEIGHT
ENERGY,0.000343065562
INDUSTRIALS,0.002728474642
UTILITIES,0.996928459796
