SECTOR,WEIGHT
ENERGY,0.000401801192
INDUSTRIALS,0.002679342609
UTILITIES,0.996918856199
