SECTOR,WEIGHT
ENERGY,0.000385889475
INDUSTRIALS,0.00277239036
UTILITIES,0.996841720165
