SECTOR,WEIGHT
ENERGY,0.000416339781
INDUSTRIALS,0.002630464836
UTILITIES,0.996953195383
