SECTOR,WEIGHT
ENERGY,0.000405894998
INDUSTRIALS,0.002550624126
UTILITIES,0.997043480875
