SECTOR,WEIGHT
COMMUNICATION SERVICES,0.098027220819
CONSUMER DISCRETIONARY,0.096500428421
CONSUMER STAPLES,0.050900909641
ENERGY,0.03420934111
FINANCIALS,0.13115197763
HEALTH CARE,0.09897699803
INDUSTRIALS,0.103741203072
MATERIALS,0.024935226215
REAL ESTATE,0.021244371549
TECHNOLOGY,0.316335044634
UTILITIES,0.023977278878
