SECTOR,WEIGHT
COMMUNICATION SERVICES,0.096302032143
CONSUMER DISCRETIONARY,0.10494655068
CONSUMER STAPLES,0.041666579348
ENERGY,0.02786259302
FINANCIALS,0.142429183056
HEALTH CARE,0.104212028559
INDUSTRIALS,0.09661323481
MATERIALS,0.022236845138
REAL ESTATE,0.019926401093
TECHNOLOGY,0.322702496537
UTILITIES,0.021102055614
