SECTOR,WEIGHT
COMMUNICATION SERVICES,0.100125812539
CONSUMER DISCRETIONARY,0.10243237576
CONSUMER STAPLES,0.049066890333
ENERGY,0.035961417488
FINANCIALS,0.131054728455
HEALTH CARE,0.095932061229
INDUSTRIALS,0.097085342839
MATERIALS,0.023275319774
REAL ESTATE,0.021073600336
TECHNOLOGY,0.321451037953
UTILITIES,0.022541413294
