SECTOR,WEIGHT
COMMUNICATION SERVICES,0.096365167974
CONSUMER DISCRETIONARY,0.106442365721
CONSUMER STAPLES,0.041362821029
ENERGY,0.027685576343
FINANCIALS,0.143274743512
HEALTH CARE,0.103261416214
INDUSTRIALS,0.097096492993
MATERIALS,0.022534868906
REAL ESTATE,0.019792923959
TECHNOLOGY,0.321198367196
UTILITIES,0.020985256152
