SECTOR,WEIGHT
COMMUNICATION SERVICES,0.09992637827
CONSUMER DISCRETIONARY,0.096317245004
CONSUMER STAPLES,0.051006511248
ENERGY,0.037138304573
FINANCIALS,0.129246805901
HEALTH CARE,0.100206891661
INDUSTRIALS,0.099108822511
MATERIALS,0.024471404319
REAL ESTATE,0.020697508541
TECHNOLOGY,0.317750762287
UTILITIES,0.024129365685
