SECTOR,WEIGHT
COMMUNICATION SERVICES,0.092193172829
CONSUMER DISCRETIONARY,0.103835466402
CONSUMER STAPLES,0.044021661968
ENERGY,0.0277315782
FINANCIALS,0.139363730402
HEALTH CARE,0.106773421496
INDUSTRIALS,0.096373445835
MATERIALS,0.021195464779
REAL ESTATE,0.021173153763
TECHNOLOGYQ,0.323835263574
UTILITIES,0.023503640752
