SECTOR,WEIGHT
COMMUNICATION SERVICES,0.093803594374
CONSUMER DISCRETIONARY,0.098304612895
CONSUMER STAPLES,0.051685362912
ENERGY,0.042892119945
FINANCIALS,0.133046492519
HEALTH CARE,0.100126626854
INDUSTRIALS,0.101647395632
MATERIALS,0.023913673519
REAL ESTATE,0.020864864528
TECHNOLOGY,0.308964329454
UTILITIES,0.024750927368
