SECTOR,WEIGHT
COMMUNICATION SERVICES,0.1027332705
CONSUMER DISCRETIONARY,0.100638810347
CONSUMER STAPLES,0.047858414494
ENERGY,0.034453869515
FINANCIALS,0.127552623311
HEALTH CARE,0.09603099801
INDUSTRIALS,0.095716828987
MATERIALS,0.022515446644
REAL ESTATE,0.020839878521
TECHNOLOGY,0.330296366112
UTILITIES,0.02136349356
