SECTOR,WEIGHT
COMMUNICATION SERVICES,0.032843564993
CONSUMER DISCRETIONARY,0.04322152993
CONSUMER STAPLES,0.122352819101
ENERGY,0.033477513086
FINANCIALS,0.186164636686
HEALTH CARE,0.076338794176
INDUSTRIALS,0.170178870717
MATERIALS,0.051694264987
REAL ESTATE,0.061280570526
TECHNOLOGY,0.049139082472
UTILITIES,0.173308353325
