SECTOR,WEIGHT
COMMUNICATION SERVICES,0.027404150276
CONSUMER DISCRETIONARY,0.037853585606
CONSUMER STAPLES,0.120681053286
ENERGY,0.032410023883
FINANCIALS,0.18844734588
HEALTH CARE,0.076680258352
INDUSTRIALS,0.157925147533
MATERIALS,0.044072530185
REAL ESTATE,0.080846727958
TECHNOLOGY,0.046069068105
UTILITIES,0.187610108937
