SECTOR,WEIGHT
COMMUNICATION SERVICES,0.033323040062
CONSUMER DISCRETIONARY,0.038959775523
CONSUMER STAPLES,0.123459100614
ENERGY,0.034226637158
FINANCIALS,0.1702176048
HEALTH CARE,0.080656352838
INDUSTRIALS,0.169301007212
MATERIALS,0.056643020212
REAL ESTATE,0.063532136578
TECHNOLOGY,0.045927075706
UTILITIES,0.183754249298
