SECTOR,WEIGHT
COMMUNICATION SERVICES,0.033576005754
CONSUMER DISCRETIONARY,0.04261921997
CONSUMER STAPLES,0.126567673989
ENERGY,0.033722494112
FINANCIALS,0.177135727661
HEALTH CARE,0.075919740859
INDUSTRIALS,0.16520469326
MATERIALS,0.051233118836
REAL ESTATE,0.062765739732
TECHNOLOGY,0.046278415642
UTILITIES,0.184977170186
