SECTOR,WEIGHT
COMMUNICATION SERVICES,0.030911886044
CONSUMER DISCRETIONARY,0.036119602601
CONSUMER STAPLES,0.116101810568
ENERGY,0.038634190733
FINANCIALS,0.195197512778
HEALTH CARE,0.075723819627
INDUSTRIALS,0.155499280673
MATERIALS,0.044250948363
REAL ESTATE,0.064691995933
TECHNOLOGY,0.049853952266
UTILITIES,0.193015000414
