SECTOR,WEIGHT
COMMUNICATION SERVICES,0.03005374984
CONSUMER DISCRETIONARY,0.031753214384
CONSUMER STAPLES,0.120692975776
ENERGY,0.036369017468
FINANCIALS,0.195982479939
HEALTH CARE,0.0741567183
INDUSTRIALS,0.159880548024
MATERIALS,0.040918211079
REAL ESTATE,0.081330122264
TECHNOLOGY,0.044138021335
UTILITIES,0.184724941591
