SECTOR,WEIGHT
CONSUMER STAPLES,0.894832116122
HEALTH CARE,0.086431331424
MATERIALS,0.018736552454
