SECTOR,WEIGHT
CONSUMER STAPLES,0.875618442717
HEALTH CARE,0.107961072664
MATERIALS,0.016420484619
