SECTOR,WEIGHT
CONSUMER STAPLES,0.899639794056
HEALTH CARE,0.080446392715
MATERIALS,0.019913813229
