SECTOR,WEIGHT
CONSUMER STAPLES,0.900207361104
HEALTH CARE,0.083462519648
MATERIALS,0.016330119248
