SECTOR,WEIGHT
CONSUMER STAPLES,0.90256507373
HEALTH CARE,0.080161509986
MATERIALS,0.017273416284
