SECTOR,WEIGHT
CONSUMER STAPLES,0.900418681176
HEALTH CARE,0.082255777107
MATERIALS,0.017325541718
