SECTOR,WEIGHT
COMMUNICATION SERVICES,0.068830904781
CONSUMER STAPLES,0.009816662692
FINANCIALS,0.003093944121
INDUSTRIALS,0.116908782413
TECHNOLOGY,0.801349705993
