SECTOR,WEIGHT
COMMUNICATION SERVICES,0.061826794174
CONSUMER DISCRETIONARY,0.002249147989
CONSUMER STAPLES,0.008113385582
FINANCIALS,0.002491203053
INDUSTRIALS,0.124710698223
TECHNOLOGY,0.800608770979
