SECTOR,WEIGHT
COMMUNICATION SERVICES,0.067223508101
CONSUMER STAPLES,0.010063399416
FINANCIALS,0.003019019825
INDUSTRIALS,0.113011975445
TECHNOLOGY,0.806682097212
