SECTOR,WEIGHT
COMMUNICATION SERVICES,0.073802898202
CONSUMER DISCRETIONARY,0.011021488432
CONSUMER STAPLES,0.012087593674
FINANCIALS,0.006366701311
INDUSTRIALS,0.094152772235
TECHNOLOGY,0.802568546146
