SECTOR,WEIGHT
COMMUNICATION SERVICES,0.075102118797
CONSUMER DISCRETIONARY,0.010725399961
CONSUMER STAPLES,0.01168671092
FINANCIALS,0.006333474824
INDUSTRIALS,0.096154548123
TECHNOLOGY,0.799997747376
