SECTOR,WEIGHT
COMMUNICATION SERVICES,0.0635637899
CONSUMER DISCRETIONARY,0.002509171123
CONSUMER STAPLES,0.008056043561
FINANCIALS,0.002476562996
INDUSTRIALS,0.126309373519
TECHNOLOGY,0.797085058901
