SECTOR,WEIGHT
COMMUNICATION SERVICES,0.065087662966
CONSUMER DISCRETIONARY,0.002540397514
CONSUMER STAPLES,0.008164093026
FINANCIALS,0.002688108224
INDUSTRIALS,0.129227657985
TECHNOLOGY,0.792292080286
