SECTOR,WEIGHT
COMMUNICATION SERVICES,0.0760585262
CONSUMER DISCRETIONARY,0.003068593052
CONSUMER STAPLES,0.008900122898
FINANCIALS,0.003198093069
INDUSTRIALS,0.129366996325
TECHNOLOGY,0.779407668455
