SECTOR,WEIGHT
ENERGY,0.975623811181
TECHNOLOGY,0.024376188819
