SECTOR,WEIGHT
ENERGY,0.976035530049
TECHNOLOGY,0.023964469951
