SECTOR,WEIGHT
ENERGY,0.951629675173
TECHNOLOGY,0.048370324827
