SECTOR,WEIGHT
ENERGY,0.961740144071
TECHNOLOGY,0.038259855929
