SECTOR,WEIGHT
ENERGY,0.953787838214
TECHNOLOGY,0.046212161786
