SECTOR,WEIGHT
ENERGY,0.977928308531
TECHNOLOGY,0.022071691469
