SECTOR,WEIGHT
ENERGY,0.98141619668
TECHNOLOGY,0.01858380332
