SECTOR,WEIGHT
ENERGY,0.964910249473
TECHNOLOGY,0.035089750527
