SECTOR,WEIGHT
ENERGY,0.980579247173
TECHNOLOGY,0.019420752827
