SECTOR,WEIGHT
CONSUMER DISCRETIONARY,0.030439433425
FINANCIALS,0.092001480049
INDUSTRIALS,0.7217994245
MATERIALS,0.122896129765
TECHNOLOGY,0.032863532261
