SECTOR,WEIGHT
CONSUMER DISCRETIONARY,0.032663977066
FINANCIALS,0.086188992986
INDUSTRIALS,0.681742965037
MATERIALS,0.160521569209
TECHNOLOGY,0.038882495702
