SECTOR,WEIGHT
CONSUMER DISCRETIONARY,0.031848731844
FINANCIALS,0.082733727348
INDUSTRIALS,0.686039048959
MATERIALS,0.161091879725
TECHNOLOGY,0.038286612124
