SECTOR,WEIGHT
CONSUMER DISCRETIONARY,0.030409122737
FINANCIALS,0.089926978093
INDUSTRIALS,0.703511053316
MATERIALS,0.140742222667
TECHNOLOGY,0.035410623187
