SECTOR,WEIGHT
CONSUMER DISCRETIONARY,0.031295637392
FINANCIALS,0.091231307934
INDUSTRIALS,0.72213810254
MATERIALS,0.122843034016
TECHNOLOGY,0.032491918119
