SECTOR,WEIGHT
CONSUMER DISCRETIONARY,0.027105112693
FINANCIALS,0.086948091918
INDUSTRIALS,0.688324127476
MATERIALS,0.157367499365
TECHNOLOGY,0.040255168548
