SECTOR,WEIGHT
CONSUMER DISCRETIONARY,0.02713577301
FINANCIALS,0.087006327014
INDUSTRIALS,0.691783444759
MATERIALS,0.153120683498
TECHNOLOGY,0.04095377172
