SECTOR,WEIGHT
CONSUMER DISCRETIONARY,0.027366556561
FINANCIALS,0.088373496313
INDUSTRIALS,0.686621522831
MATERIALS,0.156949424225
TECHNOLOGY,0.040689000069
