SECTOR,WEIGHT
CONSUMER DISCRETIONARY,0.029936883173
FINANCIALS,0.089021764192
INDUSTRIALS,0.698931772019
MATERIALS,0.146402099113
TECHNOLOGY,0.035707481502
