SECTOR,WEIGHT
INDUSTRIALS,0.078390523779
UTILITIES,0.921609476221
