SECTOR,WEIGHT
INDUSTRIALS,0.059387409449
UTILITIES,0.940612590551
