SECTOR,WEIGHT
INDUSTRIALS,0.071226354513
UTILITIES,0.928773645487
