SECTOR,WEIGHT
INDUSTRIALS,0.070157606572
UTILITIES,0.929842393428
