SECTOR,WEIGHT
INDUSTRIALS,0.059201074883
UTILITIES,0.940798925117
