SECTOR,WEIGHT
INDUSTRIALS,0.075682687809
UTILITIES,0.924317312191
