SECTOR,WEIGHT
INDUSTRIALS,0.060080549602
UTILITIES,0.939919450398
