SECTOR,WEIGHT
INDUSTRIALS,0.058856269229
UTILITIES,0.941143730771
