SECTOR,WEIGHT
INDUSTRIALS,0.140156131536
MATERIALS,0.859843868464
