SECTOR,WEIGHT
INDUSTRIALS,0.142011382904
MATERIALS,0.857988617096
