SECTOR,WEIGHT
INDUSTRIALS,0.148043984813
MATERIALS,0.851956015187
