SECTOR,WEIGHT
INDUSTRIALS,0.168899889372
MATERIALS,0.831100110628
