SECTOR,WEIGHT
COMMUNICATION SERVICES,0.037429882713
CONSUMER DISCRETIONARY,0.088220295767
CONSUMER STAPLES,0.031310555839
ENERGY,0.037735849057
FINANCIALS,0.104538500765
HEALTH CARE,0.262111167772
INDUSTRIALS,0.212340642529
MATERIALS,0.035798062213
REAL ESTATE,0.05456399796
TECHNOLOGY,0.131361550229
UTILITIES,0.004589495156
