SECTOR,WEIGHT
COMMUNICATION SERVICES,0.035379418771
CONSUMER DISCRETIONARY,0.066636811499
CONSUMER STAPLES,0.021139386698
ENERGY,0.024988664928
FINANCIALS,0.131188672733
HEALTH CARE,0.233273440019
INDUSTRIALS,0.220066619505
MATERIALS,0.026385168883
REAL ESTATE,0.046024212443
TECHNOLOGY,0.183977356997
UTILITIES,0.010940247524
