SECTOR,WEIGHT
COMMUNICATION SERVICES,0.034732690143
CONSUMER DISCRETIONARY,0.065902254471
CONSUMER STAPLES,0.024027610272
ENERGY,0.018888458886
FINANCIALS,0.140350520924
HEALTH CARE,0.245964281796
INDUSTRIALS,0.223742168027
MATERIALS,0.02723601285
REAL ESTATE,0.042111885637
TECHNOLOGY,0.166805410558
UTILITIES,0.010238706436
