SECTOR,WEIGHT
COMMUNICATION SERVICES,0.036817950025
CONSUMER DISCRETIONARY,0.087098419174
CONSUMER STAPLES,0.031718510964
ENERGY,0.03885772565
FINANCIALS,0.102600713921
HEALTH CARE,0.256501784804
INDUSTRIALS,0.208669046405
MATERIALS,0.035696073432
REAL ESTATE,0.054054054054
TECHNOLOGY,0.143498215196
UTILITIES,0.004487506374
