SECTOR,WEIGHT
COMMUNICATION SERVICES,0.033059009155
CONSUMER DISCRETIONARY,0.067859495516
CONSUMER STAPLES,0.025387956193
ENERGY,0.023389329581
FINANCIALS,0.13315015894
HEALTH CARE,0.233373040781
INDUSTRIALS,0.213860997963
MATERIALS,0.025095204588
REAL ESTATE,0.047849911321
TECHNOLOGY,0.185919692402
UTILITIES,0.01105520356
