SECTOR,WEIGHT
COMMUNICATION SERVICES,0.03377779631
CONSUMER DISCRETIONARY,0.069211563734
CONSUMER STAPLES,0.022700317818
ENERGY,0.025236633812
FINANCIALS,0.132589212811
HEALTH CARE,0.233610522437
INDUSTRIALS,0.214929514284
MATERIALS,0.025278467189
REAL ESTATE,0.045195767703
TECHNOLOGY,0.186632062178
UTILITIES,0.010838141723
