SECTOR,WEIGHT
COMMUNICATION SERVICES,0.042693219185
CONSUMER DISCRETIONARY,0.087654885426
CONSUMER STAPLES,0.022089828261
ENERGY,0.014345622586
FINANCIALS,0.122953962456
HEALTH CARE,0.260490558359
INDUSTRIALS,0.224984617301
MATERIALS,0.029638157276
REAL ESTATE,0.018576122812
TECHNOLOGY,0.173253457194
UTILITIES,0.003319569144
