SECTOR,WEIGHT
COMMUNICATION SERVICES,0.015354210948
CONSUMER DISCRETIONARY,0.177658459038
CONSUMER STAPLES,0.064880038681
ENERGY,0.131702421322
FINANCIALS,0.2278890843
HEALTH CARE,0.065621796877
INDUSTRIALS,0.133083654086
MATERIALS,0.042160610181
REAL ESTATE,0.077787041675
TECHNOLOGY,0.046205763987
UTILITIES,0.017656918905
