SECTOR,WEIGHT
COMMUNICATION SERVICES,0.016006255204
CONSUMER DISCRETIONARY,0.172656391105
CONSUMER STAPLES,0.063217424876
ENERGY,0.128075193757
FINANCIALS,0.229254523806
HEALTH CARE,0.063823065697
INDUSTRIALS,0.139386903118
MATERIALS,0.044123637279
REAL ESTATE,0.076337355943
TECHNOLOGY,0.050204157665
UTILITIES,0.016915091548
