SECTOR,WEIGHT
COMMUNICATION SERVICES,0.03103611472
CONSUMER DISCRETIONARY,0.147943226512
CONSUMER STAPLES,0.066173432584
ENERGY,0.08547301835
FINANCIALS,0.267319448155
HEALTH CARE,0.060865760156
INDUSTRIALS,0.139286887974
MATERIALS,0.041732933119
REAL ESTATE,0.092349860281
TECHNOLOGY,0.045292791135
UTILITIES,0.022526527015
