SECTOR,WEIGHT
COMMUNICATION SERVICES,0.015438852632
CONSUMER DISCRETIONARY,0.175898594742
CONSUMER STAPLES,0.063484643344
ENERGY,0.129582514381
FINANCIALS,0.230007586304
HEALTH CARE,0.06295693527
INDUSTRIALS,0.136560658574
MATERIALS,0.042865752981
REAL ESTATE,0.076138089337
TECHNOLOGY,0.050683977594
UTILITIES,0.016382394842
