SECTOR,WEIGHT
COMMUNICATION SERVICES,0.015481513245
CONSUMER DISCRETIONARY,0.158358774371
CONSUMER STAPLES,0.064386779893
ENERGY,0.168833506374
FINANCIALS,0.221814304827
HEALTH CARE,0.061558544728
INDUSTRIALS,0.120691694338
MATERIALS,0.038636624915
REAL ESTATE,0.083244615873
TECHNOLOGY,0.046038771886
UTILITIES,0.020954869551
