SECTOR,WEIGHT
COMMUNICATION SERVICES,0.012211578048
CONSUMER DISCRETIONARY,0.162622578967
CONSUMER STAPLES,0.066907859139
ENERGY,0.157488911012
FINANCIALS,0.226229673324
HEALTH CARE,0.059466266366
INDUSTRIALS,0.125437035037
MATERIALS,0.041762915266
REAL ESTATE,0.081194945648
TECHNOLOGY,0.046249958196
UTILITIES,0.020428278996
