SECTOR,WEIGHT
COMMUNICATION SERVICES,0.012042139609
CONSUMER DISCRETIONARY,0.160972489107
CONSUMER STAPLES,0.067843208508
ENERGY,0.164430120399
FINANCIALS,0.219634811165
HEALTH CARE,0.061092202969
INDUSTRIALS,0.123973012059
MATERIALS,0.040168276891
REAL ESTATE,0.08278168297
TECHNOLOGY,0.046291543639
UTILITIES,0.020770512684
