SECTOR,WEIGHT
COMMUNICATION SERVICES,0.021279900201
CONSUMER DISCRETIONARY,0.125226407949
CONSUMER STAPLES,0.045079202181
ENERGY,0.078526645125
FINANCIALS,0.194580799097
HEALTH CARE,0.150769251018
INDUSTRIALS,0.166888412222
MATERIALS,0.039960286013
REAL ESTATE,0.060662550122
TECHNOLOGY,0.104425233691
UTILITIES,0.012601312381
