SECTOR,WEIGHT
COMMUNICATION SERVICES,0.022025331506
CONSUMER DISCRETIONARY,0.122279302155
CONSUMER STAPLES,0.045477566339
ENERGY,0.081485462542
FINANCIALS,0.192662096106
HEALTH CARE,0.147773349596
INDUSTRIALS,0.174226665949
MATERIALS,0.041020777826
REAL ESTATE,0.059302296151
TECHNOLOGY,0.100996083681
UTILITIES,0.012751068149
