SECTOR,WEIGHT
COMMUNICATION SERVICES,0.025637856776
CONSUMER DISCRETIONARY,0.134046570274
CONSUMER STAPLES,0.045862654856
ENERGY,0.074434762172
FINANCIALS,0.183836318971
HEALTH CARE,0.151050757526
INDUSTRIALS,0.181252020678
MATERIALS,0.044496743535
REAL ESTATE,0.045955103646
TECHNOLOGY,0.103005656225
UTILITIES,0.010421555342
