SECTOR,WEIGHT
COMMUNICATION SERVICES,0.021820964358
CONSUMER DISCRETIONARY,0.116690271543
CONSUMER STAPLES,0.045328200095
ENERGY,0.110527269038
FINANCIALS,0.18381868052
HEALTH CARE,0.138783902037
INDUSTRIALS,0.161006121997
MATERIALS,0.036330471451
REAL ESTATE,0.060008867531
TECHNOLOGY,0.112279723592
UTILITIES,0.013405527838
