SECTOR,WEIGHT
COMMUNICATION SERVICES,0.021788812835
CONSUMER DISCRETIONARY,0.126027148063
CONSUMER STAPLES,0.045940877725
ENERGY,0.080778071856
FINANCIALS,0.191701227407
HEALTH CARE,0.145585139001
INDUSTRIALS,0.172861322042
MATERIALS,0.041130530871
REAL ESTATE,0.060445064053
TECHNOLOGY,0.100979654877
UTILITIES,0.01276215127
