SECTOR,WEIGHT
COMMUNICATION SERVICES,0.025710986758
CONSUMER DISCRETIONARY,0.133190920883
CONSUMER STAPLES,0.045576197692
ENERGY,0.079179093297
FINANCIALS,0.181782773461
HEALTH CARE,0.152196447177
INDUSTRIALS,0.179815306485
MATERIALS,0.044078902761
REAL ESTATE,0.045336098182
TECHNOLOGY,0.102602828893
UTILITIES,0.010530444412
