SECTOR,WEIGHT
COMMUNICATION SERVICES,0.021869751771
CONSUMER DISCRETIONARY,0.115958912064
CONSUMER STAPLES,0.046193740307
ENERGY,0.113390834657
FINANCIALS,0.184866897394
HEALTH CARE,0.136903252405
INDUSTRIALS,0.160314485626
MATERIALS,0.037897624729
REAL ESTATE,0.058508440833
TECHNOLOGY,0.110795025654
UTILITIES,0.013301034561
