SECTOR,WEIGHT
COMMUNICATION SERVICES,0.021294683786
CONSUMER DISCRETIONARY,0.11900622277
CONSUMER STAPLES,0.046736594328
ENERGY,0.103959325646
FINANCIALS,0.186901940821
HEALTH CARE,0.138775550616
INDUSTRIALS,0.161794539228
MATERIALS,0.038322904627
REAL ESTATE,0.060485972022
TECHNOLOGY,0.109167797476
UTILITIES,0.01355446868
