SECTOR,WEIGHT
COMMUNICATION SERVICES,0.036724903373
CONSUMER DISCRETIONARY,0.040165689896
CONSUMER STAPLES,0.273058762466
FINANCIALS,0.045834824106
HEALTH CARE,0.24061216571
INDUSTRIALS,0.179544755925
TECHNOLOGY,0.071792907787
UTILITIES,0.112265990738
