SECTOR,WEIGHT
COMMUNICATION SERVICES,0.032503870468
CONSUMER DISCRETIONARY,0.038888127338
CONSUMER STAPLES,0.26345995678
FINANCIALS,0.042787825764
HEALTH CARE,0.25230514611
INDUSTRIALS,0.18136671881
TECHNOLOGY,0.074560943749
UTILITIES,0.114127410979
