SECTOR,WEIGHT
COMMUNICATION SERVICES,0.034230907981
CONSUMER DISCRETIONARY,0.040236684005
CONSUMER STAPLES,0.256165493391
FINANCIALS,0.045715443107
HEALTH CARE,0.253843797424
INDUSTRIALS,0.177119001026
TECHNOLOGY,0.078434830276
UTILITIES,0.11425384279
