SECTOR,WEIGHT
COMMUNICATION SERVICES,0.035591457083
CONSUMER DISCRETIONARY,0.039635917955
CONSUMER STAPLES,0.271923525851
FINANCIALS,0.042377208416
HEALTH CARE,0.252590479202
INDUSTRIALS,0.165288132589
TECHNOLOGYQ,0.076000817755
UTILITIES,0.116592461149
