SECTOR,WEIGHT
COMMUNICATION SERVICES,0.037186742118
CONSUMER DISCRETIONARY,0.146119644301
CONSUMER STAPLES,0.026576394503
ENERGY,0.126818916734
FINANCIALS,0.274757477769
HEALTH CARE,0.043957154406
INDUSTRIALS,0.150161681487
MATERIALS,0.042845594179
REAL ESTATE,0.061944219887
TECHNOLOGY,0.058104284559
UTILITIES,0.031527890057
