SECTOR,WEIGHT
COMMUNICATION SERVICES,0.034582176233
CONSUMER DISCRETIONARY,0.153514031173
CONSUMER STAPLES,0.030382774878
ENERGY,0.114503138186
FINANCIALS,0.277267570661
HEALTH CARE,0.047946111892
INDUSTRIALS,0.151636069393
MATERIALS,0.044036637933
REAL ESTATE,0.063693109325
TECHNOLOGY,0.050437265065
UTILITIES,0.032001115261
