SECTOR,WEIGHT
COMMUNICATION SERVICES,0.039065157723
CONSUMER DISCRETIONARY,0.144175355608
CONSUMER STAPLES,0.027861142489
ENERGY,0.138247796598
FINANCIALS,0.267184318618
HEALTH CARE,0.046816813998
INDUSTRIALS,0.144121854139
MATERIALS,0.041881555823
REAL ESTATE,0.065020436552
TECHNOLOGY,0.051615794845
UTILITIES,0.034009773608
