SECTOR,WEIGHT
COMMUNICATION SERVICES,0.035389282103
CONSUMER DISCRETIONARY,0.137512639029
CONSUMER STAPLES,0.026289180991
ENERGY,0.126390293225
FINANCIALS,0.274014155713
HEALTH CARE,0.042467138524
INDUSTRIALS,0.162790697674
MATERIALS,0.04347826087
REAL ESTATE,0.065722952477
TECHNOLOGY,0.055611729019
UTILITIES,0.030333670374
