SECTOR,WEIGHT
COMMUNICATION SERVICES,0.046211279785
CONSUMER DISCRETIONARY,0.165968542062
CONSUMER STAPLES,0.024548923484
ENERGY,0.125673515545
FINANCIALS,0.25362685475
HEALTH CARE,0.054663358134
INDUSTRIALS,0.142865925808
MATERIALS,0.051444190683
REAL ESTATE,0.06121961495
TECHNOLOGYQ,0.045627717495
UTILITIES,0.028150077304
