SECTOR,WEIGHT
COMMUNICATION SERVICES,0.040659395227
CONSUMER DISCRETIONARY,0.16464308769
CONSUMER STAPLES,0.025712846695
ENERGY,0.126743164404
FINANCIALS,0.253386002799
HEALTH CARE,0.052954904979
INDUSTRIALS,0.151138598861
MATERIALS,0.0591629568
REAL ESTATE,0.057049016856
TECHNOLOGY,0.042253464034
UTILITIES,0.026296561655
