SECTOR,WEIGHT
COMMUNICATION SERVICES,0.036658773943
CONSUMER DISCRETIONARY,0.149913301157
CONSUMER STAPLES,0.028997180017
ENERGY,0.126613617875
FINANCIALS,0.269055073447
HEALTH CARE,0.047520857178
INDUSTRIALS,0.149007959337
MATERIALS,0.042412791461
REAL ESTATE,0.065513642704
TECHNOLOGY,0.051125066361
UTILITIES,0.03318173652
