SECTOR,WEIGHT
COMMUNICATION SERVICES,0.051377562399
CONSUMER DISCRETIONARY,0.273439053939
CONSUMER STAPLES,0.080984153964
ENERGY,0.158268488549
HEALTH CARE,0.115395588345
INDUSTRIALS,0.16260018042
MATERIALS,0.119987463007
TECHNOLOGY,0.02227124508
UTILITIES,0.015676264297
