SECTOR,WEIGHT
COMMUNICATION SERVICES,0.06222699196
CONSUMER DISCRETIONARY,0.283316401434
CONSUMER STAPLES,0.078351988569
ENERGY,0.125706040116
HEALTH CARE,0.133079706541
INDUSTRIALS,0.164218324033
MATERIALS,0.113006612987
TECHNOLOGY,0.023316783281
UTILITIES,0.01677715108
