SECTOR,WEIGHT
COMMUNICATION SERVICES,0.060483370377
CONSUMER DISCRETIONARY,0.287343064816
CONSUMER STAPLES,0.081086682285
ENERGY,0.129854227989
HEALTH CARE,0.127892913638
INDUSTRIALS,0.17568931339
MATERIALS,0.095263410825
TECHNOLOGY,0.024744198154
UTILITIES,0.017642818526
