SECTOR,WEIGHT
COMMUNICATION SERVICES,0.08620335
CONSUMER DISCRETIONARY,0.295926036302
CONSUMER STAPLES,0.075558124297
ENERGY,0.112364375971
HEALTH CARE,0.153999058797
INDUSTRIALS,0.153393999781
MATERIALS,0.088405845091
TECHNOLOGY,0.015601090511
UTILITIES,0.01854811925
