SECTOR,WEIGHT
COMMUNICATION SERVICES,0.051179113845
CONSUMER DISCRETIONARY,0.27496523158
CONSUMER STAPLES,0.081206978787
ENERGY,0.153703024978
HEALTH CARE,0.116143090247
INDUSTRIALS,0.161890799548
MATERIALS,0.12158855278
TECHNOLOGY,0.021999748964
UTILITIES,0.017323459269
