SECTOR,WEIGHT
COMMUNICATION SERVICES,0.03448325238
CONSUMER DISCRETIONARY,0.276116601771
CONSUMER STAPLES,0.077004585153
ENERGY,0.170461716584
HEALTH CARE,0.115791723815
INDUSTRIALS,0.168168628883
MATERIALS,0.116115947187
TECHNOLOGY,0.027844344143
UTILITIES,0.014013200085
