SECTOR,WEIGHT
COMMUNICATION SERVICES,0.039503021974
CONSUMER DISCRETIONARY,0.248090356727
CONSUMER STAPLES,0.088406517127
ENERGY,0.127907535804
HEALTH CARE,0.166451979959
INDUSTRIALS,0.165236980069
MATERIALS,0.12172736324
TECHNOLOGY,0.042676245099
