SECTOR,WEIGHT
COMMUNICATION SERVICES,0.06331120015
CONSUMER DISCRETIONARY,0.287673821347
CONSUMER STAPLES,0.08346777143
ENERGY,0.128798468828
HEALTH CARE,0.133911518737
INDUSTRIALS,0.153781604805
MATERIALS,0.107593483579
TECHNOLOGY,0.023385117398
UTILITIES,0.018077013727
