SECTOR,WEIGHT
COMMUNICATION SERVICES,0.046731488347
CONSUMER DISCRETIONARY,0.284493030564
CONSUMER STAPLES,0.080401187125
ENERGY,0.136856932162
HEALTH CARE,0.116920146361
INDUSTRIALS,0.172226542328
MATERIALS,0.118280477342
TECHNOLOGY,0.026820824115
UTILITIES,0.017269371656
