SECTOR,WEIGHT
COMMUNICATION SERVICES,0.062798684014
CONSUMER DISCRETIONARY,0.295198916731
CONSUMER STAPLES,0.085496867068
ENERGY,0.129546355553
HEALTH CARE,0.133505640307
INDUSTRIALS,0.151929443383
MATERIALS,0.101602763776
TECHNOLOGY,0.022528278767
UTILITIES,0.0173930504
