SECTOR,WEIGHT
COMMUNICATION SERVICES,0.034934077961
CONSUMER DISCRETIONARY,0.274562991602
CONSUMER STAPLES,0.078257489746
ENERGY,0.174864729408
HEALTH CARE,0.115419313265
INDUSTRIALS,0.165960907055
MATERIALS,0.116103593237
TECHNOLOGY,0.025678398642
UTILITIES,0.014218499085
