SECTOR,WEIGHT
COMMUNICATION SERVICES,0.072660773423
CONSUMER DISCRETIONARY,0.124371026701
CONSUMER STAPLES,0.109531705699
ENERGY,0.043322340174
FINANCIALS,0.154110526379
HEALTH CARE,0.145479561977
INDUSTRIALS,0.142644794772
MATERIALS,0.032434047657
TECHNOLOGY,0.175445223218
