SECTOR,WEIGHT
COMMUNICATION SERVICES,0.066210669265
CONSUMER DISCRETIONARY,0.124755262928
CONSUMER STAPLES,0.100750208281
ENERGY,0.035548181895
FINANCIALS,0.171626352278
HEALTH CARE,0.134787389442
INDUSTRIALS,0.132791625015
MATERIALS,0.033761023771
TECHNOLOGY,0.199769287125
