SECTOR,WEIGHT
COMMUNICATION SERVICES,0.065805112616
CONSUMER DISCRETIONARY,0.132403439597
CONSUMER STAPLES,0.102663504674
ENERGY,0.036787179674
FINANCIALS,0.163977135204
HEALTH CARE,0.136257502493
INDUSTRIALS,0.142705944328
MATERIALS,0.035358380177
TECHNOLOGY,0.184041801237
