SECTOR,WEIGHT
COMMUNICATION SERVICES,0.06014643883
CONSUMER DISCRETIONARY,0.11992038975
CONSUMER STAPLES,0.098236277832
ENERGY,0.030027599238
FINANCIALS,0.172888513667
HEALTH CARE,0.142902295186
INDUSTRIALS,0.138433866647
MATERIALS,0.029047104717
TECHNOLOGY,0.208397514133
