SECTOR,WEIGHT
COMMUNICATION SERVICES,0.06445876882
CONSUMER DISCRETIONARY,0.126654596865
CONSUMER STAPLES,0.099237332365
ENERGY,0.032878801473
FINANCIALS,0.174624442949
HEALTH CARE,0.133777832204
INDUSTRIALS,0.135928640894
MATERIALS,0.032505100944
TECHNOLOGY,0.199934483487
