SECTOR,WEIGHT
COMMUNICATION SERVICES,0.06444563359
CONSUMER DISCRETIONARY,0.127044152314
CONSUMER STAPLES,0.100387126847
ENERGY,0.033110803078
FINANCIALS,0.174318134628
HEALTH CARE,0.135650240814
INDUSTRIALS,0.136636820362
MATERIALS,0.034701199467
TECHNOLOGY,0.1937058889
