SECTOR,WEIGHT
COMMUNICATION SERVICES,0.06763144318
CONSUMER DISCRETIONARY,0.129049902791
CONSUMER STAPLES,0.099192129367
ENERGY,0.032569398383
FINANCIALS,0.171957923779
HEALTH CARE,0.136918150313
INDUSTRIALS,0.132886066432
MATERIALS,0.032786588389
TECHNOLOGY,0.197008397367
