SECTOR,WEIGHT
COMMUNICATION SERVICES,0.065823257027
CONSUMER DISCRETIONARY,0.132240031333
CONSUMER STAPLES,0.101758879164
ENERGY,0.03570513801
FINANCIALS,0.163321329561
HEALTH CARE,0.141309781062
INDUSTRIALS,0.144261295519
MATERIALS,0.034858095045
TECHNOLOGY,0.180722193279
