SECTOR,WEIGHT
COMMUNICATION SERVICES,0.067236486912
CONSUMER DISCRETIONARY,0.132604265108
CONSUMER STAPLES,0.09764137131
ENERGY,0.034240553994
FINANCIALS,0.170479297531
HEALTH CARE,0.137908254815
INDUSTRIALS,0.136686759849
MATERIALS,0.034025864343
TECHNOLOGY,0.189177146138
