SECTOR,WEIGHT
COMMUNICATION SERVICES,0.072836848816
CONSUMER DISCRETIONARY,0.123403514612
CONSUMER STAPLES,0.107740835451
ENERGY,0.045053192093
FINANCIALS,0.156125626556
HEALTH CARE,0.145040054417
INDUSTRIALS,0.141695663892
MATERIALS,0.032219507061
TECHNOLOGY,0.175884757102
