SECTOR,WEIGHT
COMMUNICATION SERVICES,0.036949584166
CONSUMER DISCRETIONARY,0.136256124686
CONSUMER STAPLES,0.044235743988
ENERGY,0.068444370124
FINANCIALS,0.228242255496
HEALTH CARE,0.105298256076
INDUSTRIALS,0.156736549868
MATERIALS,0.055274281155
REAL ESTATE,0.048553244472
TECHNOLOGY,0.098866328734
UTILITIES,0.021143261234
