SECTOR,WEIGHT
COMMUNICATION SERVICES,0.038005066268
CONSUMER DISCRETIONARY,0.135438103331
CONSUMER STAPLES,0.043772074311
ENERGY,0.067004216521
FINANCIALS,0.231146474755
HEALTH CARE,0.10725849647
INDUSTRIALS,0.157810429747
MATERIALS,0.054678847726
REAL ESTATE,0.048436625334
TECHNOLOGY,0.096033571075
UTILITIES,0.020416094463
