SECTOR,WEIGHT
COMMUNICATION SERVICES,0.03994754363
CONSUMER DISCRETIONARY,0.124281246848
CONSUMER STAPLES,0.040754564713
ENERGY,0.080500353072
FINANCIALS,0.225663270453
HEALTH CARE,0.103601331585
INDUSTRIALS,0.152627862403
MATERIALS,0.053767779683
REAL ESTATE,0.046807222839
TECHNOLOGY,0.112377685867
UTILITIES,0.019671138909
