SECTOR,WEIGHT
COMMUNICATION SERVICES,0.037819085233
CONSUMER DISCRETIONARY,0.126254100968
CONSUMER STAPLES,0.043917597638
ENERGY,0.093476749865
FINANCIALS,0.229055424626
HEALTH CARE,0.100071735285
INDUSTRIALS,0.149400888788
MATERIALS,0.053847057941
REAL ESTATE,0.045802168675
TECHNOLOGY,0.09880319607
UTILITIES,0.02155199491
