SECTOR,WEIGHT
COMMUNICATION SERVICES,0.03445674879
CONSUMER DISCRETIONARY,0.152297200395
CONSUMER STAPLES,0.027329257512
ENERGY,0.075513995006
FINANCIALS,0.265656192831
HEALTH CARE,0.1028120754
INDUSTRIALS,0.138830697191
MATERIALS,0.038771259525
REAL ESTATE,0.050945420936
TECHNOLOGY,0.092578940964
UTILITIES,0.020808211449
