SECTOR,WEIGHT
COMMUNICATION SERVICES,0.042459552013
CONSUMER DISCRETIONARY,0.136502254445
CONSUMER STAPLES,0.040796684747
ENERGY,0.063913563152
FINANCIALS,0.227410704028
HEALTH CARE,0.112424944218
INDUSTRIALS,0.150886560203
MATERIALS,0.050592484646
REAL ESTATE,0.049667325767
TECHNOLOGY,0.106001237576
UTILITIES,0.019344689205
