SECTOR,WEIGHT
COMMUNICATION SERVICES,0.043758864391
CONSUMER DISCRETIONARY,0.133386922606
CONSUMER STAPLES,0.040998815395
ENERGY,0.063462995197
FINANCIALS,0.230393578958
HEALTH CARE,0.112235277053
INDUSTRIALS,0.148661879896
MATERIALS,0.049494528253
REAL ESTATE,0.050130145376
TECHNOLOGY,0.107625793766
UTILITIES,0.01985119911
