SECTOR,WEIGHT
COMMUNICATION SERVICES,0.137420021272
CONSUMER DISCRETIONARY,0.049234031715
CONSUMER STAPLES,0.047422372634
ENERGY,0.034080000863
FINANCIALS,0.134751166147
HEALTH CARE,0.106960643112
INDUSTRIALS,0.068873957672
MATERIALS,0.019622921518
REAL ESTATE,0.019767374072
TECHNOLOGY,0.374606024597
UTILITIES,0.007261486398
