SECTOR,WEIGHT
COMMUNICATION SERVICES,0.13370518906
CONSUMER DISCRETIONARY,0.050377369562
CONSUMER STAPLES,0.054428912435
ENERGY,0.039738693653
FINANCIALS,0.126497136433
HEALTH CARE,0.103457626227
INDUSTRIALS,0.074279880922
MATERIALS,0.021998751674
REAL ESTATE,0.021541215117
TECHNOLOGY,0.366117614122
UTILITIES,0.007857610796
