SECTOR,WEIGHT
COMMUNICATION SERVICES,0.13890743609
CONSUMER DISCRETIONARY,0.049956038689
CONSUMER STAPLES,0.04980954284
ENERGY,0.036027592288
FINANCIALS,0.128689662035
HEALTH CARE,0.107043242965
INDUSTRIALS,0.07041153611
MATERIALS,0.020729946103
REAL ESTATE,0.020119684015
TECHNOLOGY,0.370897675512
UTILITIES,0.007407643353
