SECTOR,WEIGHT
COMMUNICATION SERVICES,0.13853599516
CONSUMER DISCRETIONARY,0.046279491833
CONSUMER STAPLES,0.051421657592
ENERGY,0.041036499294
FINANCIALS,0.124319419238
HEALTH CARE,0.094777172817
INDUSTRIALS,0.074006856221
MATERIALS,0.01492236338
REAL ESTATE,0.021980237951
TECHNOLOGY,0.384754990926
UTILITIES,0.007965315588
