SECTOR,WEIGHT
COMMUNICATION SERVICES,0.128236688559
CONSUMER DISCRETIONARY,0.048361277404
CONSUMER STAPLES,0.053704474847
ENERGY,0.04799526615
FINANCIALS,0.127411555818
HEALTH CARE,0.101979832846
INDUSTRIALS,0.073188149404
MATERIALS,0.022251733558
REAL ESTATE,0.021860314038
TECHNOLOGY,0.366503404442
UTILITIES,0.008507302934
