SECTOR,WEIGHT
COMMUNICATION SERVICES,0.133642931931
CONSUMER DISCRETIONARY,0.049021876802
CONSUMER STAPLES,0.052527105034
ENERGY,0.041549343989
FINANCIALS,0.126065228351
HEALTH CARE,0.102700271743
INDUSTRIALS,0.073974340135
MATERIALS,0.021734774646
REAL ESTATE,0.021843911477
TECHNOLOGY,0.368836448148
UTILITIES,0.008103767744
