SECTOR,WEIGHT
COMMUNICATION SERVICES,0.135379140642
CONSUMER DISCRETIONARY,0.049536773138
CONSUMER STAPLES,0.048546870588
ENERGY,0.032964340526
FINANCIALS,0.134947717548
HEALTH CARE,0.10559949609
INDUSTRIALS,0.0683712389
MATERIALS,0.018856915834
REAL ESTATE,0.019786981658
TECHNOLOGY,0.37855202838
UTILITIES,0.007458496697
