SECTOR,WEIGHT
COMMUNICATION SERVICES,0.135275705173
CONSUMER DISCRETIONARY,0.047419031386
CONSUMER STAPLES,0.053024258171
ENERGY,0.042682548378
FINANCIALS,0.126583167865
HEALTH CARE,0.099660436318
INDUSTRIALS,0.074703929862
MATERIALS,0.02225442597
REAL ESTATE,0.021998227106
TECHNOLOGY,0.367944268311
UTILITIES,0.008454001459
