SECTOR,WEIGHT
COMMUNICATION SERVICES,0.140968823537
CONSUMER DISCRETIONARY,0.050133910481
CONSUMER STAPLES,0.053356865144
ENERGY,0.038704525038
FINANCIALS,0.132169149199
HEALTH CARE,0.103462337172
INDUSTRIALS,0.072633111607
MATERIALS,0.021045446601
REAL ESTATE,0.020537508393
TECHNOLOGY,0.359486446975
UTILITIES,0.007501875852
