SECTOR,WEIGHT
COMMUNICATION SERVICES,0.132039176122
CONSUMER DISCRETIONARY,0.047624275977
CONSUMER STAPLES,0.05358262619
ENERGY,0.045482461985
FINANCIALS,0.126080064553
HEALTH CARE,0.101823099448
INDUSTRIALS,0.073541207034
MATERIALS,0.022579207472
REAL ESTATE,0.021844459084
TECHNOLOGY,0.36680814627
UTILITIES,0.008595275866
