SECTOR,WEIGHT
COMMUNICATION SERVICES,0.04140402954
CONSUMER DISCRETIONARY,0.119625327733
CONSUMER STAPLES,0.050599583787
ENERGY,0.022886735047
FINANCIALS,0.170573425229
HEALTH CARE,0.1418050206
INDUSTRIALS,0.107612621003
MATERIALS,0.010010755854
REAL ESTATE,0.02864221863
TECHNOLOGY,0.267258939677
UTILITIES,0.039581342899
