SECTOR,WEIGHT
COMMUNICATION SERVICES,0.061163612137
CONSUMER DISCRETIONARY,0.11466264131
CONSUMER STAPLES,0.055182596535
ENERGY,0.026084790574
FINANCIALS,0.14650537231
HEALTH CARE,0.129386603285
INDUSTRIALS,0.120305542968
MATERIALS,0.012855332247
REAL ESTATE,0.030329220947
TECHNOLOGY,0.262021301178
UTILITIES,0.041502986506
