SECTOR,WEIGHT
COMMUNICATION SERVICES,0.041443965474
CONSUMER DISCRETIONARY,0.119429965109
CONSUMER STAPLES,0.04965460022
ENERGY,0.0221649061
FINANCIALS,0.168986366378
HEALTH CARE,0.146651115159
INDUSTRIALS,0.107119023141
MATERIALS,0.010130524443
REAL ESTATE,0.029067891548
TECHNOLOGYQ,0.264782449242
UTILITIES,0.040569193185
