SECTOR,WEIGHT
COMMUNICATION SERVICES,0.055391379487
CONSUMER DISCRETIONARY,0.119725453951
CONSUMER STAPLES,0.046888752113
ENERGY,0.020281202197
FINANCIALS,0.154347446906
HEALTH CARE,0.12715948892
INDUSTRIALS,0.105119018739
MATERIALS,0.011555032509
REAL ESTATE,0.027006517812
TECHNOLOGY,0.296554441074
UTILITIES,0.035971266292
