SECTOR,WEIGHT
COMMUNICATION SERVICES,0.055882182374
CONSUMER DISCRETIONARY,0.125731660737
CONSUMER STAPLES,0.052233627497
ENERGY,0.026581757026
FINANCIALS,0.147765972551
HEALTH CARE,0.117589654062
INDUSTRIALS,0.115022967198
MATERIALS,0.012529471404
REAL ESTATE,0.029987341544
TECHNOLOGY,0.276308290389
UTILITIES,0.040367075217
