SECTOR,WEIGHT
COMMUNICATION SERVICES,0.06038751324
CONSUMER DISCRETIONARY,0.115617260097
CONSUMER STAPLES,0.054111496653
ENERGY,0.027460701064
FINANCIALS,0.143877855442
HEALTH CARE,0.124942685923
INDUSTRIALS,0.115740397765
MATERIALS,0.011955366099
REAL ESTATE,0.02991244211
TECHNOLOGY,0.273934258501
UTILITIES,0.042060023106
