SECTOR,WEIGHT
COMMUNICATION SERVICES,0.06041937744
CONSUMER DISCRETIONARY,0.113609248323
CONSUMER STAPLES,0.056279651687
ENERGY,0.02466720048
FINANCIALS,0.149003102793
HEALTH CARE,0.130331298168
INDUSTRIALS,0.120163146832
MATERIALS,0.013497147433
REAL ESTATE,0.030245220699
TECHNOLOGY,0.260799719748
UTILITIES,0.040984886398
