SECTOR,WEIGHT
COMMUNICATION SERVICES,0.061187828449
CONSUMER DISCRETIONARY,0.116818400959
CONSUMER STAPLES,0.053950192744
ENERGY,0.029322626914
FINANCIALS,0.147871418941
HEALTH CARE,0.126106500069
INDUSTRIALS,0.117729606891
MATERIALS,0.01233778834
REAL ESTATE,0.029076571305
TECHNOLOGY,0.263864633407
UTILITIES,0.041734431982
