SECTOR,WEIGHT
COMMUNICATION SERVICES,0.058438483362
CONSUMER DISCRETIONARY,0.133789251573
CONSUMER STAPLES,0.004731732135
ENERGY,0.011379919484
FINANCIALS,0.047380411406
HEALTH CARE,0.069335405526
INDUSTRIALS,0.069344193648
MATERIALS,0.009310909858
REAL ESTATE,0.011578183391
TECHNOLOGY,0.583622471323
UTILITIES,0.001089038293
