SECTOR,WEIGHT
COMMUNICATION SERVICES,0.058460398454
CONSUMER DISCRETIONARY,0.130438377744
CONSUMER STAPLES,0.009645282472
ENERGY,0.010855650124
FINANCIALS,0.043536696545
HEALTH CARE,0.056430962147
INDUSTRIALS,0.072610243869
MATERIALS,0.006550660502
REAL ESTATE,0.013126969391
TECHNOLOGY,0.596936069871
UTILITIES,0.001408688881
