SECTOR,WEIGHT
COMMUNICATION SERVICES,0.056756756757
CONSUMER DISCRETIONARY,0.12952952953
CONSUMER STAPLES,0.00960960961
ENERGY,0.01031031031
FINANCIALS,0.041941941942
HEALTH CARE,0.059459459459
INDUSTRIALS,0.072572572573
MATERIALS,0.006806806807
REAL ESTATE,0.013013013013
TECHNOLOGY,0.598598598599
UTILITIES,0.001401401401
