SECTOR,WEIGHT
COMMUNICATION SERVICES,0.055797587753
CONSUMER DISCRETIONARY,0.13033252762
CONSUMER STAPLES,0.009122089676
ENERGY,0.011274113483
FINANCIALS,0.046149272002
HEALTH CARE,0.067999881025
INDUSTRIALS,0.07319306037
MATERIALS,0.007868000885
REAL ESTATE,0.013779530411
TECHNOLOGY,0.582788787938
UTILITIES,0.001695148838
