SECTOR,WEIGHT
COMMUNICATION SERVICES,0.055949019816
CONSUMER DISCRETIONARY,0.124272055639
CONSUMER STAPLES,0.005115126196
ENERGY,0.012922841179
FINANCIALS,0.046329684472
HEALTH CARE,0.071404837702
INDUSTRIALS,0.077073059222
MATERIALS,0.010412367403
REAL ESTATE,0.011995813443
TECHNOLOGY,0.583256287738
UTILITIES,0.001268907189
