SECTOR,WEIGHT
COMMUNICATION SERVICES,0.057826777525
CONSUMER DISCRETIONARY,0.134528185909
CONSUMER STAPLES,0.004727254145
ENERGY,0.010489344568
FINANCIALS,0.047382027779
HEALTH CARE,0.069536279508
INDUSTRIALS,0.068122525049
MATERIALS,0.009097509994
REAL ESTATE,0.01157264681
TECHNOLOGY,0.585431205907
UTILITIES,0.001286242807
