SECTOR,WEIGHT
COMMUNICATION SERVICES,0.054573111407
CONSUMER DISCRETIONARY,0.130268042702
CONSUMER STAPLES,0.004303130413
ENERGY,0.010267127103
FINANCIALS,0.047766918223
HEALTH CARE,0.067848619802
INDUSTRIALS,0.064823299995
MATERIALS,0.008401479925
REAL ESTATE,0.010920975237
TECHNOLOGY,0.599427415566
UTILITIES,0.001399879627
