SECTOR,WEIGHT
COMMUNICATION SERVICES,0.0567111852
CONSUMER DISCRETIONARY,0.136876442759
CONSUMER STAPLES,0.00449701996
ENERGY,0.010261264541
FINANCIALS,0.049552832896
HEALTH CARE,0.071360677039
INDUSTRIALS,0.065659187448
MATERIALS,0.008851144807
REAL ESTATE,0.01128825694
TECHNOLOGY,0.583732940124
UTILITIES,0.001209048286
