SECTOR,WEIGHT
CONSUMER DISCRETIONARY,0.069399106661
ENERGY,0.249071006345
FINANCIALS,0.113543216897
HEALTH CARE,0.115210471867
INDUSTRIALS,0.092586055889
MATERIALS,0.012320800608
REAL ESTATE,0.067055387655
TECHNOLOGY,0.104878373801
UTILITIES,0.175935580279
