SECTOR,WEIGHT
CONSUMER DISCRETIONARY,0.067559566961
ENERGY,0.238226563884
FINANCIALS,0.139363128897
HEALTH CARE,0.116088113995
INDUSTRIALS,0.091447771173
MATERIALS,0.011962729367
REAL ESTATE,0.06556292591
TECHNOLOGY,0.103777004495
UTILITIES,0.166012195318
