SECTOR,WEIGHT
CONSUMER DISCRETIONARY,0.067118736778
ENERGY,0.223813919255
FINANCIALS,0.143994787519
HEALTH CARE,0.112434341241
INDUSTRIALS,0.0853563873
MATERIALS,0.02100879204
REAL ESTATE,0.06474275441
TECHNOLOGY,0.111715413017
UTILITIES,0.169814868441
