SECTOR,WEIGHT
CONSUMER DISCRETIONARY,0.063316336517
ENERGY,0.256452501397
FINANCIALS,0.109693028211
HEALTH CARE,0.116119802334
INDUSTRIALS,0.097695037965
MATERIALS,0.010451327023
REAL ESTATE,0.067126999917
TECHNOLOGY,0.101081958017
UTILITIES,0.178063008618
