SECTOR,WEIGHT
CONSUMER DISCRETIONARY,0.064818030599
ENERGY,0.248342178433
FINANCIALS,0.112509469639
HEALTH CARE,0.115485932127
INDUSTRIALS,0.09312742834
MATERIALS,0.010863935755
REAL ESTATE,0.066375824341
TECHNOLOGY,0.108811994403
UTILITIES,0.179665206362
