SECTOR,WEIGHT
CONSUMER DISCRETIONARY,0.070659728518
ENERGY,0.211381868143
FINANCIALS,0.1555241284
HEALTH CARE,0.113439943915
INDUSTRIALS,0.083527738494
MATERIALS,0.023412223552
REAL ESTATE,0.065874138271
TECHNOLOGY,0.100985926275
UTILITIES,0.175194304432
