SECTOR,WEIGHT
CONSUMER DISCRETIONARY,0.065765854601
ENERGY,0.211114621611
FINANCIALS,0.155252735842
HEALTH CARE,0.116754742193
INDUSTRIALS,0.073393812309
MATERIALS,0.022072880653
REAL ESTATE,0.066689540813
TECHNOLOGY,0.094727140276
UTILITIES,0.194228671703
