SECTOR,WEIGHT
CONSUMER DISCRETIONARY,0.058393666621
ENERGY,0.276245990126
FINANCIALS,0.09496937547
HEALTH CARE,0.110764441607
INDUSTRIALS,0.098202525918
MATERIALS,0.009148977432
REAL ESTATE,0.064258991411
TECHNOLOGY,0.112781499228
UTILITIES,0.175234532188
