SECTOR,WEIGHT
CONSUMER DISCRETIONARY,0.069382157665
ENERGY,0.237959213263
FINANCIALS,0.142794860074
HEALTH CARE,0.117092208151
INDUSTRIALS,0.089090846847
MATERIALS,0.011467367993
REAL ESTATE,0.065989975493
TECHNOLOGY,0.098994528609
UTILITIES,0.167228841906
