SECTOR,WEIGHT
ENERGY,0.446067860979
INDUSTRIALS,0.032423298251
MATERIALS,0.006344588489
UTILITIES,0.515164252281
