SECTOR,WEIGHT
ENERGY,0.426617892037
INDUSTRIALS,0.03423533708
MATERIALS,0.006391243418
UTILITIES,0.532755527464
