SECTOR,WEIGHT
ENERGY,0.418346774194
INDUSTRIALS,0.061939964158
MATERIALS,0.006608422939
UTILITIES,0.51310483871
