SECTOR,WEIGHT
ENERGY,0.462985456624
INDUSTRIALS,0.072820804854
MATERIALS,0.005947548991
UTILITIES,0.458246189531
