SECTOR,WEIGHT
ENERGY,0.425837320574
INDUSTRIALS,0.035657325131
MATERIALS,0.00660742766
UTILITIES,0.531897926635
