SECTOR,WEIGHT
ENERGY,0.427288757117
INDUSTRIALS,0.061324040598
MATERIALS,0.006231645618
UTILITIES,0.505155556666
