SECTOR,WEIGHT
ENERGY,0.448724628906
INDUSTRIALS,0.067839982585
MATERIALS,0.006188995528
UTILITIES,0.477246392981
