SECTOR,WEIGHT
ENERGY,0.42587043533
INDUSTRIALS,0.060043525347
MATERIALS,0.005763732116
UTILITIES,0.508322307208
