SECTOR,WEIGHT
COMMUNICATION SERVICES,0.042129738433
CONSUMER DISCRETIONARY,0.203910254167
CONSUMER STAPLES,0.161819518269
ENERGY,0.023025496657
FINANCIALS,0.057469735533
HEALTH CARE,0.117022606469
INDUSTRIALS,0.081362288549
TECHNOLOGY,0.313260361924
