SECTOR,WEIGHT
COMMUNICATION SERVICES,0.038312783413
CONSUMER DISCRETIONARY,0.200635124742
CONSUMER STAPLES,0.172115600314
ENERGY,0.036197703857
FINANCIALS,0.055211387781
HEALTH CARE,0.114443629925
INDUSTRIALS,0.07705519236
TECHNOLOGY,0.306028577609
