SECTOR,WEIGHT
COMMUNICATION SERVICES,0.040178683163
CONSUMER DISCRETIONARY,0.209033671284
CONSUMER STAPLES,0.174873831546
ENERGY,0.022816942864
FINANCIALS,0.05784076495
HEALTH CARE,0.11807024587
INDUSTRIALS,0.079564464796
TECHNOLOGY,0.297621395527
