SECTOR,WEIGHT
COMMUNICATION SERVICES,0.040364583333
CONSUMER DISCRETIONARY,0.199619391026
CONSUMER STAPLES,0.163862179487
ENERGY,0.028645833333
FINANCIALS,0.054487179487
HEALTH CARE,0.108473557692
INDUSTRIALS,0.070612980769
TECHNOLOGY,0.333934294872
