SECTOR,WEIGHT
COMMUNICATION SERVICES,0.040836256338
CONSUMER DISCRETIONARY,0.19768389887
CONSUMER STAPLES,0.166872662515
ENERGY,0.028693852777
FINANCIALS,0.056391112999
HEALTH CARE,0.105056880896
INDUSTRIALS,0.069802544466
TECHNOLOGY,0.33466279114
