SECTOR,WEIGHT
COMMUNICATION SERVICES,0.039845775097
CONSUMER DISCRETIONARY,0.204457211908
CONSUMER STAPLES,0.15737112271
ENERGY,0.020168873864
FINANCIALS,0.061662907568
HEALTH CARE,0.123079327831
INDUSTRIALS,0.082020153844
TECHNOLOGY,0.311394627178
