SECTOR,WEIGHT
COMMUNICATION SERVICES,0.039253484536
CONSUMER DISCRETIONARY,0.20618008045
CONSUMER STAPLES,0.172743742441
ENERGY,0.024277958567
FINANCIALS,0.055685547967
HEALTH CARE,0.12010831997
INDUSTRIALS,0.079177216393
TECHNOLOGY,0.302573649677
