SECTOR,WEIGHT
COMMUNICATION SERVICES,0.068634564313
CONSUMER DISCRETIONARY,0.200112241319
CONSUMER STAPLES,0.142319987974
ENERGY,0.015672696297
FINANCIALS,0.033222428221
HEALTH CARE,0.105734328807
INDUSTRIALS,0.061772811545
TECHNOLOGY,0.372530941524
