SECTOR,WEIGHT
COMMUNICATION SERVICES,0.037402243113
CONSUMER DISCRETIONARY,0.203591704948
CONSUMER STAPLES,0.174554817465
ENERGY,0.033986197614
FINANCIALS,0.056095853576
HEALTH CARE,0.119581622056
INDUSTRIALS,0.078391784666
TECHNOLOGY,0.296395776562
