SECTOR,WEIGHT
COMMUNICATION SERVICES,0.037047636678
CONSUMER DISCRETIONARY,0.207965296922
CONSUMER STAPLES,0.177173820591
ENERGY,0.028017631725
FINANCIALS,0.054644338485
HEALTH CARE,0.118537827655
INDUSTRIALS,0.076662980882
TECHNOLOGY,0.299950467061
