SECTOR,WEIGHT
COMMUNICATION SERVICES,0.067469446766
CONSUMER DISCRETIONARY,0.203324360416
CONSUMER STAPLES,0.144527507191
ENERGY,0.015365660583
FINANCIALS,0.034213802908
HEALTH CARE,0.106978708803
INDUSTRIALS,0.063760217437
TECHNOLOGY,0.364360295896
