SECTOR,WEIGHT
ENERGY,0.897258058338
FINANCIALS,0.05087829814
UTILITIES,0.051863643522
