SECTOR,WEIGHT
ENERGY,0.905106079726
FINANCIALS,0.047447461293
UTILITIES,0.047446458981
