SECTOR,WEIGHT
ENERGY,0.908152281761
FINANCIALS,0.042242694296
UTILITIES,0.049605023943
