SECTOR,WEIGHT
ENERGY,0.897679709117
FINANCIALS,0.049821393197
UTILITIES,0.052498897686
