SECTOR,WEIGHT
ENERGY,0.899285177901
FINANCIALS,0.049507970653
UTILITIES,0.051206851446
