SECTOR,WEIGHT
ENERGY,0.908222722227
FINANCIALS,0.042733387259
UTILITIES,0.049043890514
