SECTOR,WEIGHT
ENERGY,0.903210220096
FINANCIALS,0.04793075933
UTILITIES,0.048859020574
