SECTOR,WEIGHT
COMMUNICATION SERVICES,0.103460246485
CONSUMER DISCRETIONARY,0.107930663498
CONSUMER STAPLES,0.050310156055
ENERGY,0.025861013247
FINANCIALS,0.138121412761
HEALTH CARE,0.099701331207
INDUSTRIALS,0.094446541727
MATERIALS,0.014312014258
REAL ESTATE,0.013376839859
TECHNOLOGY,0.342662473901
UTILITIES,0.009817307001
