SECTOR,WEIGHT
COMMUNICATION SERVICES,0.103562359766
CONSUMER DISCRETIONARY,0.105415446709
CONSUMER STAPLES,0.052756808399
ENERGY,0.030975193329
FINANCIALS,0.12795206061
HEALTH CARE,0.089669774037
INDUSTRIALS,0.099720569467
MATERIALS,0.016630215539
REAL ESTATE,0.013861211783
TECHNOLOGY,0.349047294706
UTILITIES,0.010409065654
