SECTOR,WEIGHT
COMMUNICATION SERVICES,0.101786378861
CONSUMER DISCRETIONARY,0.108966683387
CONSUMER STAPLES,0.048758312972
ENERGY,0.024391797867
FINANCIALS,0.142531067458
HEALTH CARE,0.099370358085
INDUSTRIALS,0.095198702286
MATERIALS,0.014889524441
REAL ESTATE,0.01305298458
TECHNOLOGY,0.34135774502
UTILITIES,0.009696445041
