SECTOR,WEIGHT
COMMUNICATION SERVICES,0.105658081525
CONSUMER DISCRETIONARY,0.105353883594
CONSUMER STAPLES,0.051815047658
ENERGY,0.030014195903
FINANCIALS,0.123909957412
HEALTH CARE,0.08791320219
INDUSTRIALS,0.100081119448
MATERIALS,0.01673088623
REAL ESTATE,0.013384708984
TECHNOLOGY,0.355100385317
UTILITIES,0.010038531738
