SECTOR,WEIGHT
COMMUNICATION SERVICES,0.105179431236
CONSUMER DISCRETIONARY,0.107030312353
CONSUMER STAPLES,0.049899916817
ENERGY,0.025320337024
FINANCIALS,0.137824359579
HEALTH CARE,0.102690001194
INDUSTRIALS,0.094702573828
MATERIALS,0.01419885891
REAL ESTATE,0.013555250167
TECHNOLOGY,0.339564329503
UTILITIES,0.010034629389
