SECTOR,WEIGHT
COMMUNICATION SERVICES,0.101711457318
CONSUMER DISCRETIONARY,0.107958751876
CONSUMER STAPLES,0.049173297949
ENERGY,0.024450112668
FINANCIALS,0.142558063329
HEALTH CARE,0.099483387071
INDUSTRIALS,0.095074781441
MATERIALS,0.01485919567
REAL ESTATE,0.013205589291
TECHNOLOGY,0.341746329702
UTILITIES,0.009779033687
