SECTOR,WEIGHT
COMMUNICATION SERVICES,0.101917390915
CONSUMER DISCRETIONARY,0.109112697624
CONSUMER STAPLES,0.053149766639
ENERGY,0.026350889054
FINANCIALS,0.13315644574
HEALTH CARE,0.100982723933
INDUSTRIALS,0.10174837706
MATERIALS,0.01659593878
REAL ESTATE,0.01346714615
TECHNOLOGY,0.333593641821
UTILITIES,0.009924982284
