SECTOR,WEIGHT
CONSUMER DISCRETIONARY,0.090749190044
CONSUMER STAPLES,0.012089144263
ENERGY,0.036465852663
FINANCIALS,0.172001095443
HEALTH CARE,0.12674172863
INDUSTRIALS,0.280493362752
MATERIALS,0.056162125573
REAL ESTATE,0.062851562298
TECHNOLOGY,0.144465170595
UTILITIES,0.01798076774
