SECTOR,WEIGHT
CONSUMER DISCRETIONARY,0.093088796213
CONSUMER STAPLES,0.013657371937
ENERGY,0.0386901927
FINANCIALS,0.161112675648
HEALTH CARE,0.107833291229
INDUSTRIALS,0.295834144362
MATERIALS,0.064926096338
REAL ESTATE,0.053670748728
TECHNOLOGY,0.153476930213
UTILITIES,0.017709752633
