SECTOR,WEIGHT
CONSUMER DISCRETIONARY,0.09135157349
CONSUMER STAPLES,0.013246904622
ENERGY,0.037514091075
FINANCIALS,0.159203011893
HEALTH CARE,0.106274397357
INDUSTRIALS,0.29413262639
MATERIALS,0.066621671841
REAL ESTATE,0.053770197208
TECHNOLOGY,0.160488676935
UTILITIES,0.017396849189
