SECTOR,WEIGHT
CONSUMER DISCRETIONARY,0.091199787026
CONSUMER STAPLES,0.012082409532
ENERGY,0.034790145485
FINANCIALS,0.176179028164
HEALTH CARE,0.122373643256
INDUSTRIALS,0.280010933204
MATERIALS,0.059193747345
REAL ESTATE,0.063218507597
TECHNOLOGY,0.143503380555
UTILITIES,0.017448417835
