SECTOR,WEIGHT
CONSUMER DISCRETIONARY,0.088678140369
CONSUMER STAPLES,0.012877080062
ENERGY,0.037013313433
FINANCIALS,0.165688758985
HEALTH CARE,0.121056368319
INDUSTRIALS,0.281948352793
MATERIALS,0.064065131657
REAL ESTATE,0.059245554847
TECHNOLOGY,0.152218819152
UTILITIES,0.017208480382
