SECTOR,WEIGHT
CONSUMER DISCRETIONARY,0.082987551867
CONSUMER STAPLES,0.010373443983
ENERGY,0.039419087137
FINANCIALS,0.152489626556
HEALTH CARE,0.096473029046
INDUSTRIALS,0.297717842324
MATERIALS,0.063278008299
REAL ESTATE,0.053941908714
TECHNOLOGY,0.186721991701
UTILITIES,0.016597510373
