SECTOR,WEIGHT
CONSUMER DISCRETIONARY,0.092926511104
CONSUMER STAPLES,0.011795192195
ENERGY,0.036217581095
FINANCIALS,0.166564608828
HEALTH CARE,0.123432997734
INDUSTRIALS,0.282129309871
MATERIALS,0.063422988813
REAL ESTATE,0.060023478483
TECHNOLOGY,0.146457660503
UTILITIES,0.017029671374
