SECTOR,WEIGHT
CONSUMER DISCRETIONARY,0.089964452021
CONSUMER STAPLES,0.013268127391
ENERGY,0.04721956594
FINANCIALS,0.158240478962
HEALTH CARE,0.103150465658
INDUSTRIALS,0.292047438882
MATERIALS,0.066056876767
REAL ESTATE,0.050969773823
TECHNOLOGY,0.160270455679
UTILITIES,0.018812364876
