SECTOR,WEIGHT
CONSUMER DISCRETIONARY,0.09023345964
CONSUMER STAPLES,0.013189493277
ENERGY,0.046048968772
FINANCIALS,0.159210832461
HEALTH CARE,0.104279885659
INDUSTRIALS,0.290649773147
MATERIALS,0.064929534161
REAL ESTATE,0.051143823437
TECHNOLOGY,0.161858494956
UTILITIES,0.01845573449
