SECTOR,WEIGHT
CONSUMER DISCRETIONARY,0.132689585855
CONSUMER STAPLES,0.013102295338
ENERGY,0.044971385202
FINANCIALS,0.222090828906
HEALTH CARE,0.057346515969
INDUSTRIALS,0.219136017723
MATERIALS,0.069629340937
REAL ESTATE,0.06938421776
TECHNOLOGY,0.14275912289
UTILITIES,0.028890689422
