SECTOR,WEIGHT
CONSUMER DISCRETIONARY,0.125876737997
CONSUMER STAPLES,0.011965253262
ENERGY,0.042626468504
FINANCIALS,0.233195559011
HEALTH CARE,0.066187501649
INDUSTRIALS,0.203835620888
MATERIALS,0.07367136764
REAL ESTATE,0.073965728299
TECHNOLOGY,0.138977817387
UTILITIES,0.029697945363
