SECTOR,WEIGHT
CONSUMER DISCRETIONARY,0.11301715439
CONSUMER STAPLES,0.014127144299
ENERGY,0.045408678103
FINANCIALS,0.187689202825
HEALTH CARE,0.068617558022
INDUSTRIALS,0.225025227043
MATERIALS,0.0736629667
REAL ESTATE,0.066599394551
TECHNOLOGY,0.176589303734
UTILITIES,0.029263370333
