SECTOR,WEIGHT
CONSUMER DISCRETIONARY,0.123074332515
CONSUMER STAPLES,0.011920955705
ENERGY,0.044368839563
FINANCIALS,0.230685505672
HEALTH CARE,0.065902029464
INDUSTRIALS,0.202645088844
MATERIALS,0.072366652567
REAL ESTATE,0.074083992425
TECHNOLOGY,0.145484958314
UTILITIES,0.029467644932
