SECTOR,WEIGHT
CONSUMER DISCRETIONARY,0.128249709027
CONSUMER STAPLES,0.012060744028
ENERGY,0.044604533633
FINANCIALS,0.224112661369
HEALTH CARE,0.068704468151
INDUSTRIALS,0.209629710218
MATERIALS,0.070157792425
REAL ESTATE,0.072066820073
TECHNOLOGY,0.141372734569
UTILITIES,0.029040826506
