SECTOR,WEIGHT
COMMUNICATION SERVICES,0.128979596748
CONSUMER DISCRETIONARY,0.112822050393
CONSUMER STAPLES,0.040768398475
ENERGY,0.03546076533
FINANCIALS,0.172087445086
HEALTH CARE,0.104235376934
INDUSTRIALS,0.058704849269
MATERIALS,0.013269584244
REAL ESTATE,0.008268797074
TECHNOLOGY,0.306284426163
UTILITIES,0.019118710284
