SECTOR,WEIGHT
COMMUNICATION SERVICES,0.13096316032
CONSUMER DISCRETIONARY,0.101711773072
CONSUMER STAPLES,0.045787175224
ENERGY,0.040825136721
FINANCIALS,0.168008173241
HEALTH CARE,0.104769726958
INDUSTRIALS,0.062253851239
MATERIALS,0.014633706605
REAL ESTATE,0.008601935135
TECHNOLOGY,0.302664316192
UTILITIES,0.019781045293
