SECTOR,WEIGHT
COMMUNICATION SERVICES,0.128688710692
CONSUMER DISCRETIONARY,0.11033532181
CONSUMER STAPLES,0.043596456507
ENERGY,0.03786108527
FINANCIALS,0.165056931772
HEALTH CARE,0.106106879432
INDUSTRIALS,0.061154186952
MATERIALS,0.014040558488
REAL ESTATE,0.008562369776
TECHNOLOGY,0.304692978314
UTILITIES,0.019904520988
