SECTOR,WEIGHT
CONSUMER DISCRETIONARY,0.062343889578
ENERGY,0.031863153899
FINANCIALS,0.14994581862
HEALTH CARE,0.061985750144
INDUSTRIALS,0.338664835721
MATERIALS,0.081221930822
REAL ESTATE,0.062525005807
TECHNOLOGY,0.197838270371
UTILITIES,0.013611345039
