SECTOR,WEIGHT
CONSUMER DISCRETIONARY,0.063623686413
ENERGY,0.029498456564
FINANCIALS,0.148817103107
HEALTH CARE,0.083848400976
INDUSTRIALS,0.338875296242
MATERIALS,0.082738662032
REAL ESTATE,0.06154961563
TECHNOLOGY,0.177424941156
UTILITIES,0.013623837879
