SECTOR,WEIGHT
CONSUMER DISCRETIONARY,0.066954979873
ENERGY,0.023863680017
FINANCIALS,0.159988556432
HEALTH CARE,0.100489081098
INDUSTRIALS,0.327096993334
MATERIALS,0.073000256773
REAL ESTATE,0.074740042984
TECHNOLOGY,0.159260697006
UTILITIES,0.014605712483
