SECTOR,WEIGHT
CONSUMER DISCRETIONARY,0.064881022506
ENERGY,0.024683062804
FINANCIALS,0.161844136188
HEALTH CARE,0.098812121987
INDUSTRIALS,0.333614212205
MATERIALS,0.074737075412
REAL ESTATE,0.072942978261
TECHNOLOGY,0.154384206354
UTILITIES,0.014101184284
