SECTOR,WEIGHT
CONSUMER DISCRETIONARY,0.063849339065
ENERGY,0.023881192813
FINANCIALS,0.15998301944
HEALTH CARE,0.10206573179
INDUSTRIALS,0.333204999742
MATERIALS,0.076654667476
REAL ESTATE,0.070174496535
TECHNOLOGY,0.156504841385
UTILITIES,0.013681711754
