SECTOR,WEIGHT
CONSUMER DISCRETIONARY,0.062637191767
ENERGY,0.031493272429
FINANCIALS,0.149059674758
HEALTH CARE,0.08591258903
INDUSTRIALS,0.342200439821
MATERIALS,0.082666432418
REAL ESTATE,0.06098836634
TECHNOLOGY,0.171086084237
UTILITIES,0.0139559492
