SECTOR,WEIGHT
CONSUMER DISCRETIONARY,0.061349693252
ENERGY,0.031697341513
FINANCIALS,0.147239263804
HEALTH CARE,0.062372188139
INDUSTRIALS,0.333333333333
MATERIALS,0.08282208589
REAL ESTATE,0.062372188139
TECHNOLOGY,0.205521472393
UTILITIES,0.013292433538
