SECTOR,WEIGHT
CONSUMER DISCRETIONARY,0.062801038732
ENERGY,0.032182904184
FINANCIALS,0.146374697635
HEALTH CARE,0.08139025941
INDUSTRIALS,0.334531170555
MATERIALS,0.089667971652
REAL ESTATE,0.060739950045
TECHNOLOGY,0.177689296187
UTILITIES,0.0146227116
