SECTOR,WEIGHT
CONSUMER DISCRETIONARY,0.048041571073
CONSUMER STAPLES,0.04318245221
ENERGY,0.054463144395
FINANCIALS,0.218272077346
HEALTH CARE,0.019967356048
INDUSTRIALS,0.271428839099
MATERIALS,0.048499585705
REAL ESTATE,0.091063718163
TECHNOLOGY,0.186804390278
UTILITIES,0.018276865681
