SECTOR,WEIGHT
CONSUMER DISCRETIONARY,0.04573106163
CONSUMER STAPLES,0.04297054721
ENERGY,0.053068438014
FINANCIALS,0.220863062418
HEALTH CARE,0.018762317205
INDUSTRIALS,0.271254448278
MATERIALS,0.045955366467
REAL ESTATE,0.09031660367
TECHNOLOGY,0.192278279884
UTILITIES,0.018799875224
