SECTOR,WEIGHT
CONSUMER DISCRETIONARY,0.04534346547
CONSUMER STAPLES,0.043459321562
ENERGY,0.055861532097
FINANCIALS,0.21525718877
HEALTH CARE,0.017955641333
INDUSTRIALS,0.263280974002
MATERIALS,0.046258442434
REAL ESTATE,0.090244032068
TECHNOLOGY,0.203873124584
UTILITIES,0.01846627768
