SECTOR,WEIGHT
CONSUMER DISCRETIONARY,0.043657756218
CONSUMER STAPLES,0.049437506451
ENERGY,0.058210341625
FINANCIALS,0.202600887605
HEALTH CARE,0.009495303953
INDUSTRIALS,0.265662091031
MATERIALS,0.050366394881
REAL ESTATE,0.076375270926
TECHNOLOGY,0.226132727836
UTILITIES,0.018061719476
