SECTOR,WEIGHT
CONSUMER DISCRETIONARY,0.049944340987
CONSUMER STAPLES,0.043458765514
ENERGY,0.057260120057
FINANCIALS,0.215192309693
HEALTH CARE,0.018522487282
INDUSTRIALS,0.262873877717
MATERIALS,0.046623526597
REAL ESTATE,0.096485679508
TECHNOLOGY,0.190150955566
UTILITIES,0.019487937079
