SECTOR,WEIGHT
CONSUMER DISCRETIONARY,0.043901127706
CONSUMER STAPLES,0.052406559214
ENERGY,0.066566485634
FINANCIALS,0.208081292892
HEALTH CARE,0.010059645137
INDUSTRIALS,0.268466972703
MATERIALS,0.054170885222
REAL ESTATE,0.076310962201
TECHNOLOGY,0.200438970079
UTILITIES,0.019597099213
