SECTOR,WEIGHT
COMMUNICATION SERVICES,0.081028107032
CONSUMER DISCRETIONARY,0.06977883157
CONSUMER STAPLES,0.090020458736
ENERGY,0.083727327257
FINANCIALS,0.09813528617
HEALTH CARE,0.096622591857
INDUSTRIALS,0.103319647051
MATERIALS,0.090620285453
REAL ESTATE,0.088421930634
TECHNOLOGY,0.11416297918
UTILITIES,0.08416255506
