SECTOR,WEIGHT
COMMUNICATION SERVICES,0.078766807514
CONSUMER DISCRETIONARY,0.066146639299
CONSUMER STAPLES,0.083837124462
ENERGY,0.08609416217
FINANCIALS,0.096790035359
HEALTH CARE,0.101460459746
INDUSTRIALS,0.102987868923
MATERIALS,0.092210814538
REAL ESTATE,0.083296918723
TECHNOLOGY,0.124455785313
UTILITIES,0.083953383953
