SECTOR,WEIGHT
COMMUNICATION SERVICES,0.076077558722
CONSUMER DISCRETIONARY,0.067405474178
CONSUMER STAPLES,0.093019052277
ENERGY,0.090840989357
FINANCIALS,0.09213336694
HEALTH CARE,0.090624086825
INDUSTRIALS,0.106036216698
MATERIALS,0.102795733045
REAL ESTATE,0.085605203251
TECHNOLOGY,0.113609730087
UTILITIES,0.081852588621
