SECTOR,WEIGHT
COMMUNICATION SERVICES,0.078558479151
CONSUMER DISCRETIONARY,0.064751249512
CONSUMER STAPLES,0.083763859814
ENERGY,0.090333436833
FINANCIALS,0.095329480464
HEALTH CARE,0.101730786566
INDUSTRIALS,0.10293572652
MATERIALS,0.089706427348
REAL ESTATE,0.082637045643
TECHNOLOGY,0.128751289576
UTILITIES,0.081502218572
