SECTOR,WEIGHT
COMMUNICATION SERVICES,0.07913985214
CONSUMER DISCRETIONARY,0.069874162807
CONSUMER STAPLES,0.091082542546
ENERGY,0.086207296239
FINANCIALS,0.094272568298
HEALTH CARE,0.095407471615
INDUSTRIALS,0.10572138426
MATERIALS,0.096950577279
REAL ESTATE,0.088474079151
TECHNOLOGY,0.109998941698
UTILITIES,0.082871123968
