SECTOR,WEIGHT
COMMUNICATION SERVICES,0.0801637466
CONSUMER DISCRETIONARY,0.071236415697
CONSUMER STAPLES,0.088388328323
ENERGY,0.085630692218
FINANCIALS,0.09745359137
HEALTH CARE,0.097116312037
INDUSTRIALS,0.104805274042
MATERIALS,0.09372841664
REAL ESTATE,0.088537335312
TECHNOLOGY,0.111210560971
UTILITIES,0.08172932679
