SECTOR,WEIGHT
COMMUNICATION SERVICES,0.07788826828
CONSUMER DISCRETIONARY,0.067983308867
CONSUMER STAPLES,0.089401854191
ENERGY,0.096989828778
FINANCIALS,0.096489456513
HEALTH CARE,0.092913502917
INDUSTRIALS,0.101329402698
MATERIALS,0.091925820314
REAL ESTATE,0.084294640892
TECHNOLOGY,0.117812549296
UTILITIES,0.082971367252
