SECTOR,WEIGHT
COMMUNICATION SERVICES,0.05934186128
CONSUMER DISCRETIONARY,0.074175887135
CONSUMER STAPLES,0.11645020971
ENERGY,0.132846704942
FINANCIALS,0.259649803287
HEALTH CARE,0.052175834555
INDUSTRIALS,0.147705967345
MATERIALS,0.02708705068
TECHNOLOGY,0.083591003192
UTILITIES,0.037302688168
