SECTOR,WEIGHT
COMMUNICATION SERVICES,0.061742981962
CONSUMER DISCRETIONARY,0.071624314687
CONSUMER STAPLES,0.113703591553
ENERGY,0.124365348055
FINANCIALS,0.278650884016
HEALTH CARE,0.057909464368
INDUSTRIALS,0.139241546628
MATERIALS,0.026124362983
TECHNOLOGY,0.088588259227
UTILITIES,0.038049246521
