SECTOR,WEIGHT
COMMUNICATION SERVICES,0.070302308582
CONSUMER DISCRETIONARY,0.088184870693
CONSUMER STAPLES,0.103663498972
ENERGY,0.147322844764
FINANCIALS,0.26579626054
HEALTH CARE,0.052999241105
INDUSTRIALS,0.125943747649
MATERIALS,0.02569458292
TECHNOLOGY,0.077133788126
UTILITIES,0.042958856649
