SECTOR,WEIGHT
COMMUNICATION SERVICES,0.060116185884
CONSUMER DISCRETIONARY,0.075204345657
CONSUMER STAPLES,0.116272265402
ENERGY,0.129785674494
FINANCIALS,0.262044260518
HEALTH CARE,0.059598063928
INDUSTRIALS,0.148849474451
MATERIALS,0.027225426275
TECHNOLOGY,0.083488058341
UTILITIES,0.037416245051
