SECTOR,WEIGHT
COMMUNICATION SERVICES,0.060105908381
CONSUMER DISCRETIONARY,0.071674539951
CONSUMER STAPLES,0.131448540294
ENERGY,0.124919448348
FINANCIALS,0.25859827652
HEALTH CARE,0.056391834074
INDUSTRIALS,0.131012160491
MATERIALS,0.010450928621
TECHNOLOGYQ,0.101398309116
UTILITIES,0.054000054204
