SECTOR,WEIGHT
COMMUNICATION SERVICES,0.062083057464
CONSUMER DISCRETIONARY,0.072223640483
CONSUMER STAPLES,0.122665165698
ENERGY,0.138562267098
FINANCIALS,0.25878883473
HEALTH CARE,0.050874187976
INDUSTRIALS,0.152117241535
MATERIALS,0.027524349908
TECHNOLOGY,0.075926149858
UTILITIES,0.039235105249
