SECTOR,WEIGHT
COMMUNICATION SERVICES,0.068914045521
CONSUMER DISCRETIONARY,0.083788019486
CONSUMER STAPLES,0.102932909034
ENERGY,0.15944207052
FINANCIALS,0.262193005092
HEALTH CARE,0.053227505554
INDUSTRIALS,0.124652477646
MATERIALS,0.02371823547
TECHNOLOGY,0.076761813888
UTILITIES,0.04436991779
