SECTOR,WEIGHT
COMMUNICATION SERVICES,0.072450055581
CONSUMER DISCRETIONARY,0.072577980668
ENERGY,0.326870212244
FINANCIALS,0.197910481801
INDUSTRIALS,0.206933911915
TECHNOLOGY,0.12325735779
