SECTOR,WEIGHT
COMMUNICATION SERVICES,0.05986191652
CONSUMER DISCRETIONARY,0.063127458434
ENERGY,0.413534347363
FINANCIALS,0.165912797193
INDUSTRIALS,0.190368256044
TECHNOLOGY,0.107195224446
