SECTOR,WEIGHT
COMMUNICATION SERVICES,0.062871693263
CONSUMER DISCRETIONARY,0.071997179213
ENERGY,0.34039565142
FINANCIALS,0.1963492046
INDUSTRIALS,0.216315086702
TECHNOLOGY,0.112071184801
