SECTOR,WEIGHT
COMMUNICATION SERVICES,0.122842331384
CONSUMER DISCRETIONARY,0.048337387833
ENERGY,0.270255132917
FINANCIALS,0.203850839823
INDUSTRIALS,0.056501160242
TECHNOLOGY,0.298213147802
