SECTOR,WEIGHT
COMMUNICATION SERVICES,0.065120805483
CONSUMER DISCRETIONARY,0.068832115106
ENERGY,0.365234760629
FINANCIALS,0.178009563412
INDUSTRIALS,0.21152761032
TECHNOLOGY,0.11127514505
