SECTOR,WEIGHT
COMMUNICATION SERVICES,0.053084453509
CONSUMER DISCRETIONARY,0.104366568594
CONSUMER STAPLES,0.104211110327
ENERGY,0.279448816251
FINANCIALS,0.203468444305
HEALTH CARE,0.031183647134
INDUSTRIALS,0.122484293213
MATERIALS,0.01448566164
TECHNOLOGY,0.087267005026
