SECTOR,WEIGHT
COMMUNICATION SERVICES,0.115237972885
CONSUMER DISCRETIONARY,0.104353023992
CONSUMER STAPLES,0.041299526146
ENERGY,0.015586329472
FINANCIALS,0.201665656245
HEALTH CARE,0.1456270684
INDUSTRIALS,0.128878134652
TECHNOLOGY,0.247352288207
