SECTOR,WEIGHT
COMMUNICATION SERVICES,0.100985927848
CONSUMER DISCRETIONARY,0.087679753176
CONSUMER STAPLES,0.059977277444
FINANCIALS,0.206115191804
HEALTH CARE,0.170973325602
INDUSTRIALS,0.113307886353
TECHNOLOGY,0.260960637772
