SECTOR,WEIGHT
COMMUNICATION SERVICES,0.096914417304
CONSUMER DISCRETIONARY,0.091003644005
CONSUMER STAPLES,0.061250454573
FINANCIALS,0.20521144665
HEALTH CARE,0.17335052317
INDUSTRIALS,0.124845074126
TECHNOLOGY,0.247424440173
