SECTOR,WEIGHT
COMMUNICATION SERVICES,0.103079588757
CONSUMER DISCRETIONARY,0.08943315906
CONSUMER STAPLES,0.06742226816
FINANCIALS,0.208585591874
HEALTH CARE,0.174230748134
INDUSTRIALS,0.099758326548
TECHNOLOGY,0.257490317467
