SECTOR,WEIGHT
COMMUNICATION SERVICES,0.110307188748
CONSUMER DISCRETIONARY,0.085631979105
CONSUMER STAPLES,0.063135084362
FINANCIALS,0.202813991476
HEALTH CARE,0.165598279595
INDUSTRIALS,0.127566858303
TECHNOLOGY,0.244946618411
