SECTOR,WEIGHT
COMMUNICATION SERVICES,0.104074896274
CONSUMER DISCRETIONARY,0.089813975575
CONSUMER STAPLES,0.061146182898
FINANCIALS,0.205472961468
HEALTH CARE,0.165047629825
INDUSTRIALS,0.123932731267
TECHNOLOGY,0.250511622693
