SECTOR,WEIGHT
COMMUNICATION SERVICES,0.097428332332
CONSUMER DISCRETIONARY,0.07729915887
CONSUMER STAPLES,0.052440777616
FINANCIALS,0.197533473522
HEALTH CARE,0.170531499442
INDUSTRIALS,0.143512359454
TECHNOLOGY,0.261254398764
