SECTOR,WEIGHT
COMMUNICATION SERVICES,0.100617107186
CONSUMER DISCRETIONARY,0.091263095032
CONSUMER STAPLES,0.049088603903
FINANCIALS,0.217988828838
HEALTH CARE,0.16834773463
INDUSTRIALS,0.129159246016
TECHNOLOGY,0.243535384396
