SECTOR,WEIGHT
COMMUNICATION SERVICES,0.076237469205
CONSUMER DISCRETIONARY,0.085826817353
CONSUMER STAPLES,0.088311462188
ENERGY,0.030490184502
FINANCIALS,0.157445228741
HEALTH CARE,0.139248182297
INDUSTRIALS,0.144699791262
MATERIALS,0.010252787345
REAL ESTATE,0.019847138806
TECHNOLOGY,0.218586704398
UTILITIES,0.029054233903
