SECTOR,WEIGHT
COMMUNICATION SERVICES,0.071324349154
CONSUMER DISCRETIONARY,0.088413370989
CONSUMER STAPLES,0.092911798791
ENERGY,0.028702871588
FINANCIALS,0.179815019045
HEALTH CARE,0.162379733357
INDUSTRIALS,0.143714510457
MATERIALS,0.008186237913
REAL ESTATE,0.018656216037
TECHNOLOGY,0.176172243249
UTILITIES,0.029723649421
