SECTOR,WEIGHT
COMMUNICATION SERVICES,0.084949014793
CONSUMER DISCRETIONARY,0.085084002104
CONSUMER STAPLES,0.113225356816
ENERGY,0.036472571578
FINANCIALS,0.164548532438
HEALTH CARE,0.151753735149
INDUSTRIALS,0.158753077211
MATERIALS,0.01245382934
REAL ESTATE,0.021129013873
TECHNOLOGY,0.13806202217
UTILITIES,0.033568844529
