SECTOR,WEIGHT
COMMUNICATION SERVICES,0.06943808861
CONSUMER DISCRETIONARY,0.089363086983
CONSUMER STAPLES,0.092129835928
ENERGY,0.029105437868
FINANCIALS,0.181877443937
HEALTH CARE,0.159723425241
INDUSTRIALS,0.14341833184
MATERIALS,0.007928743447
REAL ESTATE,0.018560149002
TECHNOLOGY,0.179793620356
UTILITIES,0.028661836789
