SECTOR,WEIGHT
COMMUNICATION SERVICES,0.081132130241
CONSUMER DISCRETIONARY,0.086730521492
CONSUMER STAPLES,0.11067958444
ENERGY,0.034605324928
FINANCIALS,0.174156712915
HEALTH CARE,0.149940392598
INDUSTRIALS,0.156016243643
MATERIALS,0.011187773826
REAL ESTATE,0.019691963361
TECHNOLOGY,0.144751395594
UTILITIES,0.031107956963
