SECTOR,WEIGHT
COMMUNICATION SERVICES,0.071684211474
CONSUMER DISCRETIONARY,0.088032031648
CONSUMER STAPLES,0.094888956221
ENERGY,0.028013691849
FINANCIALS,0.177353049116
HEALTH CARE,0.167329159379
INDUSTRIALS,0.14303542661
MATERIALS,0.008356908074
REAL ESTATE,0.019094789957
TECHNOLOGYQ,0.171138117481
UTILITIES,0.03107365819
