SECTOR,WEIGHT
COMMUNICATION SERVICES,0.079827707824
CONSUMER DISCRETIONARY,0.090379352954
CONSUMER STAPLES,0.099598285083
ENERGY,0.030402265212
FINANCIALS,0.182633709034
HEALTH CARE,0.152526601732
INDUSTRIALS,0.145240703777
MATERIALS,0.010980874768
REAL ESTATE,0.019254301051
TECHNOLOGY,0.15929822455
UTILITIES,0.029857974016
