SECTOR,WEIGHT
COMMUNICATION SERVICES,0.015211439957
CONSUMER DISCRETIONARY,0.098714924015
CONSUMER STAPLES,0.107918726254
ENERGY,0.039057481663
FINANCIALS,0.188844137602
HEALTH CARE,0.128981235339
INDUSTRIALS,0.060477713543
MATERIALS,0.035110542078
REAL ESTATE,0.030040042869
TECHNOLOGY,0.294270006473
UTILITIES,0.001373750207
