SECTOR,WEIGHT
COMMUNICATION SERVICES,0.061721000905
CONSUMER DISCRETIONARY,0.10357026919
CONSUMER STAPLES,0.098915451532
ENERGY,0.03478162846
FINANCIALS,0.170972840503
HEALTH CARE,0.108017321102
INDUSTRIALS,0.054189215359
MATERIALS,0.019000043752
REAL ESTATE,0.027354538918
TECHNOLOGY,0.305097352617
UTILITIES,0.016380337661
