SECTOR,WEIGHT
COMMUNICATION SERVICES,0.010652213004
CONSUMER DISCRETIONARY,0.103590903961
CONSUMER STAPLES,0.1013793454
ENERGY,0.033840816635
FINANCIALS,0.185716778243
HEALTH CARE,0.118810148083
INDUSTRIALS,0.065390153906
MATERIALS,0.034109655706
REAL ESTATE,0.030004166608
TECHNOLOGY,0.315279552894
UTILITIES,0.001226265559
