SECTOR,WEIGHT
COMMUNICATION SERVICES,0.065974246825
CONSUMER DISCRETIONARY,0.135866631535
CONSUMER STAPLES,0.096741870274
ENERGY,0.035922065011
FINANCIALS,0.181545399638
HEALTH CARE,0.107434299804
INDUSTRIALS,0.053941522313
MATERIALS,0.01218311966
REAL ESTATE,0.021946182826
TECHNOLOGYQ,0.271908356496
UTILITIES,0.016536305618
