SECTOR,WEIGHT
COMMUNICATION SERVICES,0.061279883139
CONSUMER DISCRETIONARY,0.104451243675
CONSUMER STAPLES,0.1018245151
ENERGY,0.033898970783
FINANCIALS,0.17570431778
HEALTH CARE,0.111929478956
INDUSTRIALS,0.056979160941
MATERIALS,0.020738732395
REAL ESTATE,0.027589401295
TECHNOLOGY,0.290728189586
UTILITIES,0.014876106349
