SECTOR,WEIGHT
COMMUNICATION SERVICES,0.086361629818
CONSUMER DISCRETIONARY,0.101166042529
CONSUMER STAPLES,0.041736180659
ENERGY,0.029774986327
FINANCIALS,0.134409598185
HEALTH CARE,0.099281628402
INDUSTRIALS,0.087520773631
MATERIALS,0.019960831145
REAL ESTATE,0.020786141304
TECHNOLOGY,0.358601811796
UTILITIES,0.020400376205
