SECTOR,WEIGHT
COMMUNICATION SERVICES,0.094812098305
CONSUMER DISCRETIONARY,0.09239410584
CONSUMER STAPLES,0.047921000194
ENERGY,0.040865544332
FINANCIALS,0.125919021559
HEALTH CARE,0.096973485854
INDUSTRIALS,0.096317231719
MATERIALS,0.019933848821
REAL ESTATE,0.022704128494
TECHNOLOGY,0.339203378607
UTILITIES,0.022956156274
