SECTOR,WEIGHT
COMMUNICATION SERVICES,0.087482618031
CONSUMER DISCRETIONARY,0.098035148489
CONSUMER STAPLES,0.044561397121
ENERGY,0.030446312832
FINANCIALS,0.128872590242
HEALTH CARE,0.102623492804
INDUSTRIALS,0.087154169953
MATERIALS,0.01956396581
REAL ESTATE,0.021684834765
TECHNOLOGYQ,0.35800677352
UTILITIES,0.021568696433
