SECTOR,WEIGHT
COMMUNICATION SERVICES,0.092769032288
CONSUMER DISCRETIONARY,0.092509299134
CONSUMER STAPLES,0.046813230244
ENERGY,0.03714541427
FINANCIALS,0.127764718637
HEALTH CARE,0.100123839543
INDUSTRIALS,0.097372556091
MATERIALS,0.022764002982
REAL ESTATE,0.022946445929
TECHNOLOGY,0.337448828566
UTILITIES,0.022342632316
