SECTOR,WEIGHT
COMMUNICATION SERVICES,0.096251282897
CONSUMER DISCRETIONARY,0.09951726905
CONSUMER STAPLES,0.043828188636
ENERGY,0.032458737829
FINANCIALS,0.128551509212
HEALTH CARE,0.100599634505
INDUSTRIALS,0.091514502376
MATERIALS,0.02134440156
REAL ESTATE,0.021084317616
TECHNOLOGY,0.343918318565
UTILITIES,0.020931837756
