SECTOR,WEIGHT
COMMUNICATION SERVICES,0.092645837068
CONSUMER DISCRETIONARY,0.094059685642
CONSUMER STAPLES,0.048127643023
ENERGY,0.043213345546
FINANCIALS,0.126497255336
HEALTH CARE,0.097662017585
INDUSTRIALS,0.096446284376
MATERIALS,0.019729555647
REAL ESTATE,0.02207526955
TECHNOLOGY,0.336715014635
UTILITIES,0.022828091591
