SECTOR,WEIGHT
COMMUNICATION SERVICES,0.102456140351
CONSUMER DISCRETIONARY,0.094536340852
CONSUMER STAPLES,0.043609022556
ENERGY,0.034486215539
FINANCIALS,0.117593984962
HEALTH CARE,0.084711779449
INDUSTRIALS,0.092631578947
MATERIALS,0.018345864662
REAL ESTATE,0.021754385965
TECHNOLOGY,0.36992481203
UTILITIES,0.019949874687
