SECTOR,WEIGHT
COMMUNICATION SERVICES,0.12384539728
CONSUMER DISCRETIONARY,0.121576545912
CONSUMER STAPLES,0.038876261879
FINANCIALS,0.132053566147
HEALTH CARE,0.114068181841
INDUSTRIALS,0.048226375823
MATERIALS,0.017881115397
REAL ESTATE,0.025886761959
TECHNOLOGY,0.375822245571
UTILITIES,0.001763548191
