SECTOR,WEIGHT
COMMUNICATION SERVICES,0.123553282573
CONSUMER DISCRETIONARY,0.120120717074
CONSUMER STAPLES,0.041994964098
FINANCIALS,0.134424244615
HEALTH CARE,0.109227667743
INDUSTRIALS,0.052617946123
MATERIALS,0.021608396383
REAL ESTATE,0.026590084012
TECHNOLOGY,0.368166995968
UTILITIES,0.001695701412
