SECTOR,WEIGHT
COMMUNICATION SERVICES,0.125220424865
CONSUMER DISCRETIONARY,0.120653080921
CONSUMER STAPLES,0.042456292037
FINANCIALS,0.12634139966
HEALTH CARE,0.109774095931
INDUSTRIALS,0.052079584184
MATERIALS,0.021334714026
REAL ESTATE,0.027589049635
TECHNOLOGY,0.372657263213
UTILITIES,0.001894095529
