SECTOR,WEIGHT
COMMUNICATION SERVICES,0.121917582892
CONSUMER DISCRETIONARY,0.122857377842
CONSUMER STAPLES,0.03853259594
FINANCIALS,0.132938358679
HEALTH CARE,0.1101475789
INDUSTRIALS,0.048399941426
MATERIALS,0.018057703611
REAL ESTATE,0.025461723165
TECHNOLOGY,0.379972036838
UTILITIES,0.00171510071
