SECTOR,WEIGHT
COMMUNICATION SERVICES,0.121189108279
CONSUMER DISCRETIONARY,0.120950974448
CONSUMER STAPLES,0.043773600764
FINANCIALS,0.131421859085
HEALTH CARE,0.11220806093
INDUSTRIALS,0.053615131704
MATERIALS,0.022471629056
REAL ESTATE,0.02791268693
TECHNOLOGY,0.364578893338
UTILITIES,0.001878055467
