SECTOR,WEIGHT
COMMUNICATION SERVICES,0.122315549781
CONSUMER DISCRETIONARY,0.121697084579
CONSUMER STAPLES,0.042050613746
FINANCIALS,0.1298355244
HEALTH CARE,0.108685219284
INDUSTRIALS,0.053161903347
MATERIALS,0.021653310094
REAL ESTATE,0.027158252796
TECHNOLOGY,0.371502810201
UTILITIES,0.001939731771
