SECTOR,WEIGHT
COMMUNICATION SERVICES,0.122216624685
CONSUMER DISCRETIONARY,0.121511335013
CONSUMER STAPLES,0.042921914358
FINANCIALS,0.131889168766
HEALTH CARE,0.109924433249
INDUSTRIALS,0.052090680101
MATERIALS,0.022267002519
REAL ESTATE,0.027808564232
TECHNOLOGY,0.367455919395
UTILITIES,0.001914357683
