SECTOR,WEIGHT
COMMUNICATION SERVICES,0.127654920972
CONSUMER DISCRETIONARY,0.125756721452
CONSUMER STAPLES,0.041458403145
FINANCIALS,0.134457137009
HEALTH CARE,0.108841476261
INDUSTRIALS,0.051486153778
MATERIALS,0.021223315348
REAL ESTATE,0.025825345579
TECHNOLOGY,0.361567880698
UTILITIES,0.001728645757
