SECTOR,WEIGHT
COMMUNICATION SERVICES,0.029136694401
CONSUMER DISCRETIONARY,0.12133883105
CONSUMER STAPLES,0.02697346534
ENERGY,0.054216085687
FINANCIALS,0.206827258765
HEALTH CARE,0.096679952587
INDUSTRIALS,0.196768125875
MATERIALS,0.05797394193
REAL ESTATE,0.068285652542
TECHNOLOGY,0.125705559893
UTILITIES,0.016094431929
