SECTOR,WEIGHT
COMMUNICATION SERVICES,0.031281102502
CONSUMER DISCRETIONARY,0.12160975735
CONSUMER STAPLES,0.027918171351
ENERGY,0.050310853591
FINANCIALS,0.196633483611
HEALTH CARE,0.096003199937
INDUSTRIALS,0.191052771249
MATERIALS,0.054313491366
REAL ESTATE,0.077994071782
TECHNOLOGY,0.137350611849
UTILITIES,0.015532485413
