SECTOR,WEIGHT
COMMUNICATION SERVICES,0.027765747132
CONSUMER DISCRETIONARY,0.126491578345
CONSUMER STAPLES,0.027461544028
ENERGY,0.040938589652
FINANCIALS,0.201031960317
HEALTH CARE,0.106382531476
INDUSTRIALS,0.198072164064
MATERIALS,0.053464407414
REAL ESTATE,0.075653767355
TECHNOLOGY,0.12895352345
UTILITIES,0.013784186767
