SECTOR,WEIGHT
COMMUNICATION SERVICES,0.030597235194
CONSUMER DISCRETIONARY,0.121989558417
CONSUMER STAPLES,0.026264096419
ENERGY,0.051588215932
FINANCIALS,0.210679974473
HEALTH CARE,0.097306074392
INDUSTRIALS,0.190187249996
MATERIALS,0.050747792856
REAL ESTATE,0.070467366666
TECHNOLOGY,0.134675304069
UTILITIES,0.015497131586
