SECTOR,WEIGHT
COMMUNICATION SERVICES,0.036437246964
CONSUMER DISCRETIONARY,0.123886639676
CONSUMER STAPLES,0.028340080972
ENERGY,0.055263157895
FINANCIALS,0.184210526316
HEALTH CARE,0.111842105263
INDUSTRIALS,0.189068825911
MATERIALS,0.042611336032
REAL ESTATE,0.061032388664
TECHNOLOGY,0.146862348178
UTILITIES,0.02044534413
