SECTOR,WEIGHT
COMMUNICATION SERVICES,0.032002843109
CONSUMER DISCRETIONARY,0.13693555656
CONSUMER STAPLES,0.025308323723
ENERGY,0.034324366207
FINANCIALS,0.191334007778
HEALTH CARE,0.10931133536
INDUSTRIALS,0.190857778851
MATERIALS,0.048848645293
REAL ESTATE,0.077074968696
TECHNOLOGY,0.141101439574
UTILITIES,0.012900734849
