SECTOR,WEIGHT
COMMUNICATION SERVICES,0.029633165476
CONSUMER DISCRETIONARY,0.128966455576
CONSUMER STAPLES,0.026684259802
ENERGY,0.044290680607
FINANCIALS,0.198415044592
HEALTH CARE,0.095685953011
INDUSTRIALS,0.199961627625
MATERIALS,0.05520278423
REAL ESTATE,0.075608592718
TECHNOLOGY,0.131561686696
UTILITIES,0.013989749666
