SECTOR,WEIGHT
COMMUNICATION SERVICES,0.029081996562
CONSUMER DISCRETIONARY,0.121057027814
CONSUMER STAPLES,0.027078006007
ENERGY,0.057625307497
FINANCIALS,0.206510953015
HEALTH CARE,0.096072661284
INDUSTRIALS,0.195693593999
MATERIALS,0.055825382991
REAL ESTATE,0.068635582301
TECHNOLOGY,0.126459340096
UTILITIES,0.015960148434
