SECTOR,WEIGHT
COMMUNICATION SERVICES,0.029064215945
CONSUMER DISCRETIONARY,0.123344552995
CONSUMER STAPLES,0.027084767553
ENERGY,0.052356180646
FINANCIALS,0.211556586106
HEALTH CARE,0.095890386772
INDUSTRIALS,0.194257823853
MATERIALS,0.051438615171
REAL ESTATE,0.069509042449
TECHNOLOGY,0.129246377396
UTILITIES,0.016251451115
