SECTOR,WEIGHT
COMMUNICATION SERVICES,0.032271905416
CONSUMER DISCRETIONARY,0.128234117222
CONSUMER STAPLES,0.025619871201
ENERGY,0.034389446752
FINANCIALS,0.196115292469
HEALTH CARE,0.112883976913
INDUSTRIALS,0.185352659422
MATERIALS,0.049931401277
REAL ESTATE,0.080529249709
TECHNOLOGY,0.140941505103
UTILITIES,0.013730574516
