SECTOR,WEIGHT
COMMUNICATION SERVICES,0.00258961527
CONSUMER DISCRETIONARY,0.085755151049
ENERGY,0.00050158283
FINANCIALS,0.136024092523
HEALTH CARE,0.088147235762
INDUSTRIALS,0.171472037016
MATERIALS,0.033023799847
REAL ESTATE,0.009047106384
TECHNOLOGY,0.454250992048
UTILITIES,0.019188387272
