SECTOR,WEIGHT
COMMUNICATION SERVICES,0.00197398686
CONSUMER DISCRETIONARY,0.060210122395
ENERGY,0.00125727159
FINANCIALS,0.105941992368
HEALTH CARE,0.098725515164
INDUSTRIALS,0.172793810479
MATERIALS,0.03434797533
REAL ESTATE,0.037420187413
TECHNOLOGY,0.456795255989
UTILITIES,0.030533882412
