SECTOR,WEIGHT
COMMUNICATION SERVICES,0.002447833274
CONSUMER DISCRETIONARY,0.0890370854
ENERGY,0.000549259795
FINANCIALS,0.140973226176
HEALTH CARE,0.082603491427
INDUSTRIALS,0.175191075047
MATERIALS,0.034010581024
REAL ESTATE,0.009272127138
TECHNOLOGY,0.448164902299
UTILITIES,0.017750418422
