SECTOR,WEIGHT
COMMUNICATION SERVICES,0.001697692446
CONSUMER DISCRETIONARY,0.088543585348
ENERGY,0.000657907708
FINANCIALS,0.125335569251
HEALTH CARE,0.077963101132
INDUSTRIALS,0.194818509829
MATERIALS,0.037784034012
REAL ESTATE,0.010184079256
TECHNOLOGY,0.444297320323
UTILITIES,0.018718200695
