SECTOR,WEIGHT
CONSUMER DISCRETIONARY,0.058687569089
FINANCIALS,0.104813586574
HEALTH CARE,0.089840217064
INDUSTRIALS,0.200582855994
MATERIALS,0.03346397347
REAL ESTATE,0.047733896091
TECHNOLOGY,0.439252336449
UTILITIES,0.02562556527
