SECTOR,WEIGHT
COMMUNICATION SERVICES,0.001807253276
CONSUMER DISCRETIONARY,0.090172917745
ENERGY,0.00064596603
FINANCIALS,0.127082151741
HEALTH CARE,0.076314198707
INDUSTRIALS,0.192024030351
MATERIALS,0.035688845525
REAL ESTATE,0.00975999718
TECHNOLOGY,0.44937668944
UTILITIES,0.017127950007
