SECTOR,WEIGHT
COMMUNICATION SERVICES,0.002047687491
CONSUMER DISCRETIONARY,0.08788993887
ENERGY,0.000588606526
FINANCIALS,0.136074844221
HEALTH CARE,0.079115763774
INDUSTRIALS,0.178682495484
MATERIALS,0.034561980371
REAL ESTATE,0.00909024022
TECHNOLOGY,0.454779370999
UTILITIES,0.017169072043
