SECTOR,WEIGHT
CONSUMER DISCRETIONARY,0.088692890405
CONSUMER STAPLES,0.008942558547
ENERGY,0.119632651017
FINANCIALS,0.179557296856
HEALTH CARE,0.128648785637
INDUSTRIALS,0.14664631062
MATERIALS,0.079440699218
REAL ESTATE,0.033221640767
TECHNOLOGY,0.103887371382
UTILITIES,0.11132979555
