SECTOR,WEIGHT
CONSUMER DISCRETIONARY,0.090463405243
CONSUMER STAPLES,0.009736401195
ENERGY,0.126424401361
FINANCIALS,0.169907277325
HEALTH CARE,0.124294173353
INDUSTRIALS,0.147371816886
MATERIALS,0.082865557325
REAL ESTATE,0.033649693526
TECHNOLOGY,0.096991456193
UTILITIES,0.118295817593
