SECTOR,WEIGHT
CONSUMER DISCRETIONARY,0.092034941388
CONSUMER STAPLES,0.009674139189
ENERGY,0.12557854891
FINANCIALS,0.170297114203
HEALTH CARE,0.123218038132
INDUSTRIALS,0.149366835656
MATERIALS,0.083522323375
REAL ESTATE,0.034630191849
TECHNOLOGY,0.094204987672
UTILITIES,0.117472879625
