SECTOR,WEIGHT
CONSUMER DISCRETIONARY,0.089342493929
CONSUMER STAPLES,0.009501004805
ENERGY,0.124973571257
FINANCIALS,0.175173813888
HEALTH CARE,0.126888757059
INDUSTRIALS,0.15118164706
MATERIALS,0.082957514898
REAL ESTATE,0.033335112356
TECHNOLOGY,0.095420591634
UTILITIES,0.111225493114
