SECTOR,WEIGHT
CONSUMER DISCRETIONARY,0.093096128576
CONSUMER STAPLES,0.003234610331
ENERGY,0.125442231881
FINANCIALS,0.185383604569
HEALTH CARE,0.116749216618
INDUSTRIALS,0.144950975437
MATERIALS,0.077226321642
REAL ESTATE,0.038006671384
TECHNOLOGY,0.101182654402
UTILITIES,0.114727585161
