SECTOR,WEIGHT
CONSUMER DISCRETIONARY,0.090732366206
CONSUMER STAPLES,0.009420154491
ENERGY,0.12365056133
FINANCIALS,0.178555959495
HEALTH CARE,0.127729412272
INDUSTRIALS,0.149902390859
MATERIALS,0.083422457698
REAL ESTATE,0.033228163162
TECHNOLOGY,0.091585291503
UTILITIES,0.111773242984
