SECTOR,WEIGHT
CONSUMER DISCRETIONARY,0.086477939796
CONSUMER STAPLES,0.009586783869
ENERGY,0.108567424522
FINANCIALS,0.190998620795
HEALTH CARE,0.1364443179
INDUSTRIALS,0.148463388481
MATERIALS,0.077975537799
REAL ESTATE,0.033739017352
TECHNOLOGY,0.096502918946
UTILITIES,0.11124405054
