SECTOR,WEIGHT
COMMUNICATION SERVICES,0.002387958479
CONSUMER DISCRETIONARY,0.093066034508
CONSUMER STAPLES,0.016302055299
ENERGY,0.134051491248
FINANCIALS,0.22861689404
HEALTH CARE,0.14650503177
INDUSTRIALS,0.100923418846
MATERIALS,0.069464261822
REAL ESTATE,0.035448620591
TECHNOLOGY,0.077859907117
UTILITIES,0.09537432628
