SECTOR,WEIGHT
CONSUMER DISCRETIONARY,0.086937320427
CONSUMER STAPLES,0.003092440712
ENERGY,0.130693709395
FINANCIALS,0.179290529864
HEALTH CARE,0.112207008228
INDUSTRIALS,0.155395145774
MATERIALS,0.0755527326
REAL ESTATE,0.037490181707
TECHNOLOGY,0.103902507821
UTILITIES,0.115438423473
