SECTOR,WEIGHT
COMMUNICATION SERVICES,0.002378733631
CONSUMER DISCRETIONARY,0.092951468929
CONSUMER STAPLES,0.016573479164
ENERGY,0.134800014714
FINANCIALS,0.231929594389
HEALTH CARE,0.141634786731
INDUSTRIALS,0.100666004545
MATERIALS,0.067779603381
REAL ESTATE,0.035759682509
TECHNOLOGY,0.083144301666
UTILITIES,0.092382330342
