SECTOR,WEIGHT
COMMUNICATION SERVICES,0.022439793187
CONSUMER DISCRETIONARY,0.111695101572
CONSUMER STAPLES,0.034903919781
ENERGY,0.054241619596
FINANCIALS,0.147195823955
HEALTH CARE,0.130340449065
INDUSTRIALS,0.200446539937
MATERIALS,0.053015185836
REAL ESTATE,0.061630633463
TECHNOLOGY,0.152695476949
UTILITIES,0.031395456657
