SECTOR,WEIGHT
COMMUNICATION SERVICES,0.02475370128
CONSUMER DISCRETIONARY,0.118004829411
CONSUMER STAPLES,0.037583938007
ENERGY,0.048118430421
FINANCIALS,0.142163925108
HEALTH CARE,0.128134277369
INDUSTRIALS,0.212465301493
MATERIALS,0.055892290587
REAL ESTATE,0.05576771321
TECHNOLOGY,0.150287676991
UTILITIES,0.026827916124
