SECTOR,WEIGHT
COMMUNICATION SERVICES,0.027041843631
CONSUMER DISCRETIONARY,0.120676659496
CONSUMER STAPLES,0.035723406759
ENERGY,0.041945193819
FINANCIALS,0.156816047002
HEALTH CARE,0.138986176008
INDUSTRIALS,0.195611882266
MATERIALS,0.050926049948
REAL ESTATE,0.058806651682
TECHNOLOGY,0.147027094304
UTILITIES,0.026438995085
