SECTOR,WEIGHT
COMMUNICATION SERVICES,0.026803791356
CONSUMER DISCRETIONARY,0.122515476938
CONSUMER STAPLES,0.036531373514
ENERGY,0.040800367407
FINANCIALS,0.158318154467
HEALTH CARE,0.137984942581
INDUSTRIALS,0.195645334942
MATERIALS,0.050691547145
REAL ESTATE,0.059121457028
TECHNOLOGY,0.1448118859
UTILITIES,0.026775668722
