SECTOR,WEIGHT
COMMUNICATION SERVICES,0.022986005811
CONSUMER DISCRETIONARY,0.110493291508
CONSUMER STAPLES,0.03564178325
ENERGY,0.056993711817
FINANCIALS,0.146175822684
HEALTH CARE,0.131640061335
INDUSTRIALS,0.197522248231
MATERIALS,0.053793750973
REAL ESTATE,0.06211259373
TECHNOLOGY,0.150734914275
UTILITIES,0.031905816386
