SECTOR,WEIGHT
COMMUNICATION SERVICES,0.02233451238
CONSUMER DISCRETIONARY,0.108842849924
CONSUMER STAPLES,0.032440626579
ENERGY,0.052956038403
FINANCIALS,0.142395149065
HEALTH CARE,0.124406265791
INDUSTRIALS,0.200606366852
MATERIALS,0.051743304699
REAL ESTATE,0.060939868621
TECHNOLOGY,0.175846387064
UTILITIES,0.027488630622
