SECTOR,WEIGHT
COMMUNICATION SERVICES,0.023183341485
CONSUMER DISCRETIONARY,0.110245960827
CONSUMER STAPLES,0.033800357594
ENERGY,0.053308896628
FINANCIALS,0.145927850439
HEALTH CARE,0.131022104574
INDUSTRIALS,0.197454849917
MATERIALS,0.052904315784
REAL ESTATE,0.062305578546
TECHNOLOGY,0.159788644595
UTILITIES,0.030058099611
