SECTOR,WEIGHT
COMMUNICATION SERVICES,0.024285091916
CONSUMER DISCRETIONARY,0.119594011586
CONSUMER STAPLES,0.038072249484
ENERGY,0.045887230139
FINANCIALS,0.14852669091
HEALTH CARE,0.129979575752
INDUSTRIALS,0.209597267392
MATERIALS,0.054576245069
REAL ESTATE,0.057732640933
TECHNOLOGY,0.144741435893
UTILITIES,0.027007560925
