SECTOR,WEIGHT
COMMUNICATION SERVICES,0.059896876676
CONSUMER DISCRETIONARY,0.062725476309
CONSUMER STAPLES,0.09259089215
ENERGY,0.024102941185
FINANCIALS,0.116388554854
HEALTH CARE,0.143276265819
INDUSTRIALS,0.103304313953
MATERIALS,0.031312156837
REAL ESTATE,0.026314426026
TECHNOLOGY,0.284099600336
UTILITIES,0.055988495855
