SECTOR,WEIGHT
COMMUNICATION SERVICES,0.055678170144
CONSUMER DISCRETIONARY,0.059691011236
CONSUMER STAPLES,0.090188603531
ENERGY,0.021970304976
FINANCIALS,0.114566613162
HEALTH CARE,0.13312600321
INDUSTRIALS,0.102628410915
MATERIALS,0.031500802568
REAL ESTATE,0.027989566613
TECHNOLOGY,0.308888443018
UTILITIES,0.053772070626
