SECTOR,WEIGHT
COMMUNICATION SERVICES,0.05550772086
CONSUMER DISCRETIONARY,0.061041050328
CONSUMER STAPLES,0.090740801478
ENERGY,0.02189749148
FINANCIALS,0.115571054424
HEALTH CARE,0.133730523521
INDUSTRIALS,0.103850610302
MATERIALS,0.031833594269
REAL ESTATE,0.027657562298
TECHNOLOGY,0.304484739865
UTILITIES,0.053684851174
