SECTOR,WEIGHT
COMMUNICATION SERVICES,0.058264443857
CONSUMER DISCRETIONARY,0.062318627169
CONSUMER STAPLES,0.092516330825
ENERGY,0.02302390694
FINANCIALS,0.115509626287
HEALTH CARE,0.143155502717
INDUSTRIALS,0.104573916447
MATERIALS,0.032904174179
REAL ESTATE,0.026833339396
TECHNOLOGY,0.284326238393
UTILITIES,0.056573893791
