SECTOR,WEIGHT
COMMUNICATION SERVICES,0.053276266733
CONSUMER DISCRETIONARY,0.055496760838
CONSUMER STAPLES,0.087927991641
ENERGY,0.031749154402
FINANCIALS,0.119560061617
HEALTH CARE,0.149591156691
INDUSTRIALS,0.092323986144
MATERIALS,0.032508395327
REAL ESTATE,0.025559669539
TECHNOLOGY,0.301830436337
UTILITIES,0.050176120733
