SECTOR,WEIGHT
COMMUNICATION SERVICES,0.055835681057
CONSUMER DISCRETIONARY,0.057460802481
CONSUMER STAPLES,0.097468697395
ENERGY,0.03748995425
FINANCIALS,0.118417312389
HEALTH CARE,0.160182166189
INDUSTRIALS,0.096894486619
MATERIALS,0.033895396008
REAL ESTATE,0.026007073113
TECHNOLOGY,0.263958972756
UTILITIES,0.052389457743
