SECTOR,WEIGHT
COMMUNICATION SERVICES,0.054204676677
CONSUMER DISCRETIONARY,0.055754255958
CONSUMER STAPLES,0.098020585817
ENERGY,0.031457013981
FINANCIALS,0.116404827181
HEALTH CARE,0.152112715963
INDUSTRIALS,0.090554961355
MATERIALS,0.030202320056
REAL ESTATE,0.027254774692
TECHNOLOGYQ,0.292065096204
UTILITIES,0.051968772116
