SECTOR,WEIGHT
COMMUNICATION SERVICES,0.056033206408
CONSUMER DISCRETIONARY,0.063237869326
CONSUMER STAPLES,0.089835696048
ENERGY,0.021578917148
FINANCIALS,0.1166356619
HEALTH CARE,0.135318478528
INDUSTRIALS,0.104446021068
MATERIALS,0.0329704779
REAL ESTATE,0.027817362989
TECHNOLOGY,0.297460998539
UTILITIES,0.054665310146
