SECTOR,WEIGHT
COMMUNICATION SERVICES,0.057705243116
CONSUMER DISCRETIONARY,0.064031157793
CONSUMER STAPLES,0.093374330338
ENERGY,0.021449551742
FINANCIALS,0.116380318467
HEALTH CARE,0.142182789926
INDUSTRIALS,0.104148253663
MATERIALS,0.032838185757
REAL ESTATE,0.026397771346
TECHNOLOGY,0.287263566776
UTILITIES,0.054228831076
