SECTOR,WEIGHT
COMMUNICATION SERVICES,0.076554783695
CONSUMER DISCRETIONARY,0.06590370955
CONSUMER STAPLES,0.054407136732
ENERGY,0.099861225752
FINANCIALS,0.126199212341
HEALTH CARE,0.120774765982
INDUSTRIALS,0.193042811153
MATERIALS,0.077220538589
TECHNOLOGY,0.130852467511
UTILITIES,0.055183348697
