SECTOR,WEIGHT
COMMUNICATION SERVICES,0.073977293659
CONSUMER DISCRETIONARY,0.0743859635
CONSUMER STAPLES,0.051270953137
ENERGY,0.074782554428
FINANCIALS,0.122260729345
HEALTH CARE,0.124579880358
INDUSTRIALS,0.201829552466
MATERIALS,0.077290941722
TECHNOLOGY,0.149220859878
UTILITIES,0.050401271507
