SECTOR,WEIGHT
COMMUNICATION SERVICES,0.078640793348
CONSUMER DISCRETIONARY,0.069571278558
CONSUMER STAPLES,0.053468880095
ENERGY,0.083018692824
FINANCIALS,0.12577584146
HEALTH CARE,0.119353241007
INDUSTRIALS,0.203221286679
MATERIALS,0.079550670152
TECHNOLOGY,0.139373556882
UTILITIES,0.048025758996
