SECTOR,WEIGHT
COMMUNICATION SERVICES,0.077024845097
CONSUMER DISCRETIONARY,0.070149554968
CONSUMER STAPLES,0.055297999879
ENERGY,0.083947564938
FINANCIALS,0.122949926333
HEALTH CARE,0.122376733203
INDUSTRIALS,0.203275677639
MATERIALS,0.0806365673
TECHNOLOGY,0.132991906674
UTILITIES,0.051349223969
