SECTOR,WEIGHT
COMMUNICATION SERVICES,0.079532615625
CONSUMER DISCRETIONARY,0.073355902932
CONSUMER STAPLES,0.052771904481
ENERGY,0.081829590116
FINANCIALS,0.126041052997
HEALTH CARE,0.120759121319
INDUSTRIALS,0.199909412249
MATERIALS,0.07910186986
TECHNOLOGY,0.13796877648
UTILITIES,0.04872975394
