SECTOR,WEIGHT
COMMUNICATION SERVICES,0.010347342043
CONSUMER DISCRETIONARY,0.100229028017
CONSUMER STAPLES,0.010252855147
ENERGY,0.028404609317
FINANCIALS,0.203231040999
HEALTH CARE,0.215860446964
INDUSTRIALS,0.17121538904
MATERIALS,0.036235724263
REAL ESTATE,0.026104058828
TECHNOLOGY,0.157054679155
UTILITIES,0.041064826226
