SECTOR,WEIGHT
COMMUNICATION SERVICES,0.007578889628
CONSUMER DISCRETIONARY,0.101570935908
CONSUMER STAPLES,0.008399656659
ENERGY,0.040989593121
FINANCIALS,0.194743230958
HEALTH CARE,0.186588382286
INDUSTRIALS,0.196415239043
MATERIALS,0.036144223395
REAL ESTATE,0.038935643942
TECHNOLOGY,0.149679260903
UTILITIES,0.038954944156
