SECTOR,WEIGHT
COMMUNICATION SERVICES,0.00852511621
CONSUMER DISCRETIONARY,0.102549797714
CONSUMER STAPLES,0.007743256973
ENERGY,0.045743855584
FINANCIALS,0.191664443933
HEALTH CARE,0.189826871117
INDUSTRIALS,0.188035110366
MATERIALS,0.03759541635
REAL ESTATE,0.03960503892
TECHNOLOGY,0.150018223021
UTILITIES,0.03869286981
