SECTOR,WEIGHT
COMMUNICATION SERVICES,0.01049224692
CONSUMER DISCRETIONARY,0.099796313039
CONSUMER STAPLES,0.010053568229
ENERGY,0.027378287258
FINANCIALS,0.208690574999
HEALTH CARE,0.214786767144
INDUSTRIALS,0.170106415624
MATERIALS,0.036943748211
REAL ESTATE,0.027038465737
TECHNOLOGY,0.152874375192
UTILITIES,0.041839237646
