SECTOR,WEIGHT
COMMUNICATION SERVICES,0.008637297616
CONSUMER DISCRETIONARY,0.100385813541
CONSUMER STAPLES,0.007696934355
ENERGY,0.048523354899
FINANCIALS,0.189859749501
HEALTH CARE,0.193630361928
INDUSTRIALS,0.183831858164
MATERIALS,0.037467980326
REAL ESTATE,0.039676409196
TECHNOLOGY,0.149734530566
UTILITIES,0.040555709908
