SECTOR,WEIGHT
COMMUNICATION SERVICES,0.007658784446
CONSUMER DISCRETIONARY,0.101530436584
CONSUMER STAPLES,0.007920814202
ENERGY,0.042969833063
FINANCIALS,0.191128363096
HEALTH CARE,0.191006488791
INDUSTRIALS,0.191856562068
MATERIALS,0.03730674036
REAL ESTATE,0.038838294125
TECHNOLOGY,0.151133278693
UTILITIES,0.038650404572
