SECTOR,WEIGHT
COMMUNICATION SERVICES,0.008504608105
CONSUMER DISCRETIONARY,0.099251647424
CONSUMER STAPLES,0.006823843444
ENERGY,0.050444318435
FINANCIALS,0.189911136313
HEALTH CARE,0.189753341932
INDUSTRIALS,0.18827211081
MATERIALS,0.037595783734
REAL ESTATE,0.039229719095
TECHNOLOGY,0.14978962446
UTILITIES,0.040423866247
