SECTOR,WEIGHT
COMMUNICATION SERVICES,0.0099613419
CONSUMER DISCRETIONARY,0.099308385644
CONSUMER STAPLES,0.010181130246
ENERGY,0.028502645677
FINANCIALS,0.201564400039
HEALTH CARE,0.222446346994
INDUSTRIALS,0.170776571795
MATERIALS,0.035468087554
REAL ESTATE,0.027000073947
TECHNOLOGY,0.153076420613
UTILITIES,0.041714595589
