SECTOR,WEIGHT
COMMUNICATION SERVICES,0.009298912695
CONSUMER DISCRETIONARY,0.098698876679
CONSUMER STAPLES,0.008582736002
ENERGY,0.029346685406
FINANCIALS,0.200636072537
HEALTH CARE,0.20863717371
INDUSTRIALS,0.182911734327
MATERIALS,0.040716507873
REAL ESTATE,0.026278095964
TECHNOLOGY,0.151839808247
UTILITIES,0.043053396561
