SECTOR,WEIGHT
COMMUNICATION SERVICES,0.007081602202
CONSUMER DISCRETIONARY,0.085059607839
CONSUMER STAPLES,0.006120039588
ENERGY,0.031202053745
FINANCIALS,0.136574043838
HEALTH CARE,0.109880382415
INDUSTRIALS,0.155730943326
MATERIALS,0.045380329664
REAL ESTATE,0.033817463866
TECHNOLOGY,0.330291231895
UTILITIES,0.058862301621
