SECTOR,WEIGHT
COMMUNICATION SERVICES,0.007547059293
CONSUMER DISCRETIONARY,0.121301329951
CONSUMER STAPLES,0.008191382032
ENERGY,0.028514815888
FINANCIALS,0.154138561706
HEALTH CARE,0.090362729464
INDUSTRIALS,0.14281241826
MATERIALS,0.044748113235
REAL ESTATE,0.020760724994
TECHNOLOGY,0.330618357947
UTILITIES,0.051004507229
