SECTOR,WEIGHT
COMMUNICATION SERVICES,0.03319396164
CONSUMER DISCRETIONARY,0.133344069815
CONSUMER STAPLES,0.026611282625
FINANCIALS,0.130625511502
HEALTH CARE,0.132528704897
INDUSTRIALS,0.147539522409
MATERIALS,0.020303092917
REAL ESTATE,0.040149378905
TECHNOLOGY,0.314866584016
UTILITIES,0.020837891274
