SECTOR,WEIGHT
COMMUNICATION SERVICES,0.03870915215
CONSUMER DISCRETIONARY,0.13740336784
CONSUMER STAPLES,0.029838744533
FINANCIALS,0.13670680212
HEALTH CARE,0.13666157058
INDUSTRIALS,0.155517091994
MATERIALS,0.018889696356
REAL ESTATE,0.039809786296
TECHNOLOGY,0.28708358085
UTILITIES,0.019380207281
