SECTOR,WEIGHT
COMMUNICATION SERVICES,0.042746007285
CONSUMER DISCRETIONARY,0.141529658301
CONSUMER STAPLES,0.028790341538
FINANCIALS,0.138770069055
HEALTH CARE,0.148175978815
INDUSTRIALS,0.14909316301
MATERIALS,0.017046767353
REAL ESTATE,0.041632929424
TECHNOLOGY,0.271961689226
UTILITIES,0.020253395993
