SECTOR,WEIGHT
COMMUNICATION SERVICES,0.040484730411
CONSUMER DISCRETIONARY,0.134848216084
CONSUMER STAPLES,0.030278613756
FINANCIALS,0.136400580057
HEALTH CARE,0.142713259634
INDUSTRIALS,0.157050328061
MATERIALS,0.017585106927
REAL ESTATE,0.038332065586
TECHNOLOGY,0.282459088846
UTILITIES,0.019848010639
