SECTOR,WEIGHT
COMMUNICATION SERVICES,0.04152402154
CONSUMER DISCRETIONARY,0.136346680304
CONSUMER STAPLES,0.02851598929
FINANCIALS,0.131424044604
HEALTH CARE,0.138613960671
INDUSTRIALS,0.150163954153
MATERIALS,0.019506031708
REAL ESTATE,0.04181081596
TECHNOLOGY,0.292060006217
UTILITIES,0.020034495553
