SECTOR,WEIGHT
COMMUNICATION SERVICES,0.040521458344
CONSUMER DISCRETIONARY,0.140044717619
CONSUMER STAPLES,0.030694005013
FINANCIALS,0.139408328381
HEALTH CARE,0.144952431157
INDUSTRIALS,0.155682855674
MATERIALS,0.017373927283
REAL ESTATE,0.039389988345
TECHNOLOGY,0.272353547795
UTILITIES,0.01957874039
