SECTOR,WEIGHT
COMMUNICATION SERVICES,0.04403080641
CONSUMER DISCRETIONARY,0.138821536386
CONSUMER STAPLES,0.029199651551
FINANCIALS,0.14203906802
HEALTH CARE,0.145261617638
INDUSTRIALS,0.14495752778
MATERIALS,0.016565370287
REAL ESTATE,0.040423879183
TECHNOLOGY,0.279008968142
UTILITIES,0.019691574603
