SECTOR,WEIGHT
COMMUNICATION SERVICES,0.048026008099
CONSUMER DISCRETIONARY,0.090483102044
CONSUMER STAPLES,0.056574080569
ENERGY,0.044026178799
FINANCIALS,0.155866465125
HEALTH CARE,0.109433607363
INDUSTRIALS,0.164902193388
MATERIALS,0.04913513867
REAL ESTATE,0.054532762226
TECHNOLOGY,0.170254537735
UTILITIES,0.056765925982
