SECTOR,WEIGHT
COMMUNICATION SERVICES,0.043397361221
CONSUMER DISCRETIONARY,0.094175608921
CONSUMER STAPLES,0.060281648
ENERGY,0.039425243532
FINANCIALS,0.15896827678
HEALTH CARE,0.109740700906
INDUSTRIALS,0.166009219014
MATERIALS,0.049824984246
REAL ESTATE,0.059567894677
TECHNOLOGY,0.164431073863
UTILITIES,0.054177988839
