SECTOR,WEIGHT
COMMUNICATION SERVICES,0.046563015601
CONSUMER DISCRETIONARY,0.088585323011
CONSUMER STAPLES,0.056340059681
ENERGY,0.05079151729
FINANCIALS,0.152895869345
HEALTH CARE,0.110015646502
INDUSTRIALS,0.160643168235
MATERIALS,0.051957866985
REAL ESTATE,0.053047692754
TECHNOLOGY,0.171454215922
UTILITIES,0.057705624675
