SECTOR,WEIGHT
COMMUNICATION SERVICES,0.042135210677
CONSUMER DISCRETIONARY,0.094077874441
CONSUMER STAPLES,0.062351000758
ENERGY,0.040786226912
FINANCIALS,0.153923586653
HEALTH CARE,0.108618623165
INDUSTRIALS,0.1711325656
MATERIALS,0.052303280573
REAL ESTATE,0.059939962626
TECHNOLOGY,0.160458060356
UTILITIES,0.054273608239
