SECTOR,WEIGHT
COMMUNICATION SERVICES,0.041150026683
CONSUMER DISCRETIONARY,0.091981843576
CONSUMER STAPLES,0.061850572319
ENERGY,0.043520826665
FINANCIALS,0.150235756847
HEALTH CARE,0.10577660031
INDUSTRIALS,0.170510426865
MATERIALS,0.053113904753
REAL ESTATE,0.059546583981
TECHNOLOGY,0.160704207681
UTILITIES,0.054047568571
