SECTOR,WEIGHT
COMMUNICATION SERVICES,0.038910216225
CONSUMER DISCRETIONARY,0.091469841034
CONSUMER STAPLES,0.066685615701
ENERGY,0.046134185137
FINANCIALS,0.146831000111
HEALTH CARE,0.104729211078
INDUSTRIALS,0.173652369985
MATERIALS,0.059779497518
REAL ESTATE,0.060766193505
TECHNOLOGY,0.154995798966
UTILITIES,0.05604607074
