SECTOR,WEIGHT
COMMUNICATION SERVICES,0.043028201969
CONSUMER DISCRETIONARY,0.095018356451
CONSUMER STAPLES,0.059727298956
ENERGY,0.040668511995
FINANCIALS,0.159628465535
HEALTH CARE,0.110694109709
INDUSTRIALS,0.167018173033
MATERIALS,0.051078555967
REAL ESTATE,0.059103057363
TECHNOLOGY,0.161097204858
UTILITIES,0.052938064165
