SECTOR,WEIGHT
COMMUNICATION SERVICES,0.128562182362
CONSUMER DISCRETIONARY,0.047567403203
CONSUMER STAPLES,0.07909732645
ENERGY,0.054649913444
FINANCIALS,0.20124633944
HEALTH CARE,0.142356576759
INDUSTRIALS,0.121750000731
MATERIALS,0.031818410399
REAL ESTATE,0.031854611484
TECHNOLOGYQ,0.123794131309
UTILITIES,0.03730310442
