SECTOR,WEIGHT
COMMUNICATION SERVICES,0.127131357954
CONSUMER DISCRETIONARY,0.047367914336
CONSUMER STAPLES,0.071640807489
ENERGY,0.055349747484
FINANCIALS,0.20637391585
HEALTH CARE,0.137502899066
INDUSTRIALS,0.123120202995
MATERIALS,0.03215471072
REAL ESTATE,0.031624225618
TECHNOLOGY,0.132716746054
UTILITIES,0.035017472435
