SECTOR,WEIGHT
COMMUNICATION SERVICES,0.128754505406
CONSUMER DISCRETIONARY,0.046956347617
CONSUMER STAPLES,0.070384461354
ENERGY,0.065378454145
FINANCIALS,0.195634761714
HEALTH CARE,0.124649579495
INDUSTRIALS,0.122146575891
MATERIALS,0.033740488586
REAL ESTATE,0.034941930316
TECHNOLOGY,0.141269523428
UTILITIES,0.036143372046
