SECTOR,WEIGHT
COMMUNICATION SERVICES,0.132964052495
CONSUMER DISCRETIONARY,0.047062063252
CONSUMER STAPLES,0.071783254613
ENERGY,0.059203412493
FINANCIALS,0.193707954439
HEALTH CARE,0.133365186821
INDUSTRIALS,0.124103522488
MATERIALS,0.033633932581
REAL ESTATE,0.031335950863
TECHNOLOGY,0.13425731469
UTILITIES,0.035371781707
