SECTOR,WEIGHT
COMMUNICATION SERVICES,0.125602364824
CONSUMER DISCRETIONARY,0.047937806208
CONSUMER STAPLES,0.075599425989
ENERGY,0.069782387095
FINANCIALS,0.189169368893
HEALTH CARE,0.130599337611
INDUSTRIALS,0.124510357681
MATERIALS,0.032610452592
REAL ESTATE,0.03377270486
TECHNOLOGY,0.131184550725
UTILITIES,0.039231243521
