SECTOR,WEIGHT
COMMUNICATION SERVICES,0.124468477792
CONSUMER DISCRETIONARY,0.049383539368
CONSUMER STAPLES,0.0780044912
ENERGY,0.063034940553
FINANCIALS,0.190606829957
HEALTH CARE,0.136412113514
INDUSTRIALS,0.127279233574
MATERIALS,0.035192912881
REAL ESTATE,0.032822261137
TECHNOLOGY,0.125845398477
UTILITIES,0.036949801546
