SECTOR,WEIGHT
COMMUNICATION SERVICES,0.129453007296
CONSUMER DISCRETIONARY,0.044658846722
CONSUMER STAPLES,0.071308841812
ENERGY,0.067699612402
FINANCIALS,0.192437922014
HEALTH CARE,0.123564450376
INDUSTRIALS,0.120706345062
MATERIALS,0.032931324848
REAL ESTATE,0.034149979954
TECHNOLOGY,0.146282582315
UTILITIES,0.036807087199
