SECTOR,WEIGHT
COMMUNICATION SERVICES,0.127827567331
CONSUMER DISCRETIONARY,0.048194200456
CONSUMER STAPLES,0.073266667566
ENERGY,0.053810950669
FINANCIALS,0.207642080166
HEALTH CARE,0.138066473695
INDUSTRIALS,0.121852706461
MATERIALS,0.032772575949
REAL ESTATE,0.030858657977
TECHNOLOGY,0.129940623359
UTILITIES,0.035767496371
