SECTOR,WEIGHT
COMMUNICATION SERVICES,0.12910371449
CONSUMER DISCRETIONARY,0.048664404487
CONSUMER STAPLES,0.076510124129
ENERGY,0.060812226136
FINANCIALS,0.196769176343
HEALTH CARE,0.135468956338
INDUSTRIALS,0.126069491333
MATERIALS,0.03399746994
REAL ESTATE,0.03057195259
TECHNOLOGY,0.126582218177
UTILITIES,0.035450266036
