SECTOR,WEIGHT
COMMUNICATION SERVICES,0.016825185218
CONSUMER DISCRETIONARY,0.161504660909
CONSUMER STAPLES,0.057317394885
ENERGY,0.052319177086
FINANCIALS,0.202455006978
HEALTH CARE,0.096972876311
INDUSTRIALS,0.172339838535
MATERIALS,0.054625969386
REAL ESTATE,0.049443490133
TECHNOLOGY,0.101571357514
UTILITIES,0.034625043045
