SECTOR,WEIGHT
COMMUNICATION SERVICES,0.018132913139
CONSUMER DISCRETIONARY,0.15288774696
CONSUMER STAPLES,0.059797363416
ENERGY,0.077315040171
FINANCIALS,0.186928485043
HEALTH CARE,0.094129159495
INDUSTRIALS,0.168259623732
MATERIALS,0.057997822083
REAL ESTATE,0.049358417849
TECHNOLOGY,0.096777787257
UTILITIES,0.038415640855
