SECTOR,WEIGHT
COMMUNICATION SERVICES,0.018222041627
CONSUMER DISCRETIONARY,0.153461656157
CONSUMER STAPLES,0.059396712167
ENERGY,0.069986605866
FINANCIALS,0.186706196919
HEALTH CARE,0.096078578918
INDUSTRIALS,0.168418940409
MATERIALS,0.058250936837
REAL ESTATE,0.051525777437
TECHNOLOGY,0.099703523109
UTILITIES,0.038249030556
