SECTOR,WEIGHT
COMMUNICATION SERVICES,0.028120318545
CONSUMER DISCRETIONARY,0.175907412718
CONSUMER STAPLES,0.056875359726
ENERGY,0.064005711501
FINANCIALS,0.200896232375
HEALTH CARE,0.096172010837
INDUSTRIALS,0.182538409243
MATERIALS,0.040009586016
REAL ESTATE,0.034429441504
TECHNOLOGY,0.088190348606
UTILITIES,0.032855168928
