SECTOR,WEIGHT
FINANCIALS,0.966854686861
INDUSTRIALS,0.033145313139
