SECTOR,WEIGHT
FINANCIALS,0.967044712432
INDUSTRIALS,0.032955287568
