SECTOR,WEIGHT
FINANCIALS,0.965110636347
INDUSTRIALS,0.034889363653
