SECTOR,WEIGHT
FINANCIALS,0.982462443915
REAL ESTATE,0.017537556085
