SECTOR,WEIGHT
FINANCIALS,0.980687515686
REAL ESTATE,0.019312484314
