SECTOR,WEIGHT
FINANCIALS,0.980971487688
REAL ESTATE,0.019028512312
