SECTOR,WEIGHT
FINANCIALS,0.983435102726
REAL ESTATE,0.016564897274
