SECTOR,WEIGHT
FINANCIALS,0.982207472822
REAL ESTATE,0.017792527178
