SECTOR,WEIGHT
FINANCIALS,0.983546692548
REAL ESTATE,0.016453307452
