SECTOR,WEIGHT
CONSUMER DISCRETIONARY,0.122686891823
FINANCIALS,0.123495114631
HEALTH CARE,0.118700102774
INDUSTRIALS,0.51002185195
TECHNOLOGY,0.125096038821
