SECTOR,WEIGHT
CONSUMER DISCRETIONARY,0.048605240913
FINANCIALS,0.150993237532
HEALTH CARE,0.10989010989
INDUSTRIALS,0.554099746407
TECHNOLOGY,0.136411665258
