SECTOR,WEIGHT
CONSUMER DISCRETIONARY,0.121702561349
FINANCIALS,0.138793864459
HEALTH CARE,0.114961191841
INDUSTRIALS,0.504019396987
TECHNOLOGY,0.120522985364
