SECTOR,WEIGHT
CONSUMER DISCRETIONARY,0.115776758704
FINANCIALS,0.148150167292
HEALTH CARE,0.109248629061
INDUSTRIALS,0.499229280912
TECHNOLOGY,0.127595164032
