SECTOR,WEIGHT
CONSUMER DISCRETIONARY,0.090298457972
FINANCIALS,0.141149894261
HEALTH CARE,0.108357728507
INDUSTRIALS,0.545902400359
TECHNOLOGY,0.114291518901
