SECTOR,WEIGHT
CONSUMER DISCRETIONARY,0.090874888158
FINANCIALS,0.141312927672
HEALTH CARE,0.110638042254
INDUSTRIALS,0.544259748526
TECHNOLOGY,0.112914393389
