SECTOR,WEIGHT
CONSUMER DISCRETIONARY,0.116081742067
FINANCIALS,0.150027459322
HEALTH CARE,0.115514356462
INDUSTRIALS,0.498897880226
TECHNOLOGY,0.119478561924
