SECTOR,WEIGHT
CONSUMER DISCRETIONARY,0.115667556285
FINANCIALS,0.14703517416
HEALTH CARE,0.105768408267
INDUSTRIALS,0.498742557996
TECHNOLOGY,0.132786303292
