SECTOR,WEIGHT
CONSUMER DISCRETIONARY,0.120207297231
FINANCIALS,0.151065926912
HEALTH CARE,0.115599738733
INDUSTRIALS,0.495801608999
TECHNOLOGY,0.117325428124
