SECTOR,WEIGHT
CONSUMER DISCRETIONARY,0.114597032753
FINANCIALS,0.140365740439
HEALTH CARE,0.112234901215
INDUSTRIALS,0.498380908935
TECHNOLOGY,0.134421416659
