SECTOR,WEIGHT
COMMUNICATION SERVICES,0.132208549127
INDUSTRIALS,0.005750642195
REAL ESTATE,0.055941594036
TECHNOLOGY,0.784997463346
UTILITIES,0.021101751295
