SECTOR,WEIGHT
COMMUNICATION SERVICES,0.132287500928
INDUSTRIALS,0.005807724539
REAL ESTATE,0.055519459855
TECHNOLOGY,0.785354191639
UTILITIES,0.021031123039
