SECTOR,WEIGHT
COMMUNICATION SERVICES,0.142595375036
INDUSTRIALS,0.006105120446
REAL ESTATE,0.057460532661
TECHNOLOGY,0.770303229368
UTILITIES,0.023535742489
