SECTOR,WEIGHT
COMMUNICATION SERVICES,0.123137890948
INDUSTRIALS,0.005884444373
REAL ESTATE,0.053794927313
TECHNOLOGY,0.797780982552
UTILITIES,0.019401754813
