SECTOR,WEIGHT
COMMUNICATION SERVICES,0.126391928793
INDUSTRIALS,0.006115940216
REAL ESTATE,0.057347535767
TECHNOLOGY,0.788897921748
UTILITIES,0.021246673476
