SECTOR,WEIGHT
COMMUNICATION SERVICES,0.095123419627
CONSUMER DISCRETIONARY,0.104455147502
CONSUMER STAPLES,0.051876379691
ENERGY,0.027694160144
FINANCIALS,0.137166365643
HEALTH CARE,0.096427854706
INDUSTRIALS,0.083584186233
MATERIALS,0.015452538631
REAL ESTATE,0.019365843869
TECHNOLOGY,0.344872566727
UTILITIES,0.023981537227
