SECTOR,WEIGHT
COMMUNICATION SERVICES,0.119805904279
CONSUMER DISCRETIONARY,0.097855399981
CONSUMER STAPLES,0.046005295896
ENERGY,0.035688760447
FINANCIALS,0.12497721324
HEALTH CARE,0.097731743424
INDUSTRIALS,0.080308464233
MATERIALS,0.019386258603
REAL ESTATE,0.018626860252
TECHNOLOGY,0.334036816847
UTILITIES,0.025577282798
