SECTOR,WEIGHT
COMMUNICATION SERVICES,0.113143445321
CONSUMER DISCRETIONARY,0.094997754459
CONSUMER STAPLES,0.044308826206
ENERGY,0.033373487682
FINANCIALS,0.132050250425
HEALTH CARE,0.096828712371
INDUSTRIALS,0.079653565502
MATERIALS,0.019501644965
REAL ESTATE,0.018239173475
TECHNOLOGY,0.342362084216
UTILITIES,0.025541055378
