SECTOR,WEIGHT
COMMUNICATION SERVICES,0.116553083943
CONSUMER DISCRETIONARY,0.094015627667
CONSUMER STAPLES,0.04530479942
ENERGY,0.035354000063
FINANCIALS,0.128511530636
HEALTH CARE,0.098038200826
INDUSTRIALS,0.079294885428
MATERIALS,0.019681692962
REAL ESTATE,0.018268221388
TECHNOLOGY,0.339388541014
UTILITIES,0.025589416652
