SECTOR,WEIGHT
COMMUNICATION SERVICES,0.121302164223
CONSUMER DISCRETIONARY,0.099425724041
CONSUMER STAPLES,0.048623547457
ENERGY,0.032297365431
FINANCIALS,0.128248951908
HEALTH CARE,0.096418329269
INDUSTRIALS,0.082079131261
MATERIALS,0.019281637486
REAL ESTATE,0.018824117559
TECHNOLOGY,0.328798534349
UTILITIES,0.024700497016
