SECTOR,WEIGHT
COMMUNICATION SERVICES,0.121772290694
CONSUMER DISCRETIONARY,0.099133104449
CONSUMER STAPLES,0.04694026145
ENERGY,0.034157567272
FINANCIALS,0.124425797808
HEALTH CARE,0.098324781908
INDUSTRIALS,0.080863113479
MATERIALS,0.020063625302
REAL ESTATE,0.01900870546
TECHNOLOGY,0.3297014796
UTILITIES,0.025609272579
