SECTOR,WEIGHT
COMMUNICATION SERVICES,0.073393381642
CONSUMER DISCRETIONARY,0.100740358403
CONSUMER STAPLES,0.04727559163
ENERGY,0.032044086086
FINANCIALS,0.146829780029
HEALTH CARE,0.094315645146
INDUSTRIALS,0.092083959262
MATERIALS,0.012392776735
REAL ESTATE,0.0185455529
TECHNOLOGY,0.359616782941
UTILITIES,0.022762085226
