SECTOR,WEIGHT
COMMUNICATION SERVICES,0.072372270766
CONSUMER DISCRETIONARY,0.098999809465
CONSUMER STAPLES,0.047092954498
ENERGY,0.032556622031
FINANCIALS,0.146298941293
HEALTH CARE,0.09133715372
INDUSTRIALS,0.090486377261
MATERIALS,0.0125450864
REAL ESTATE,0.018137765558
TECHNOLOGY,0.367025024355
UTILITIES,0.022817037087
