SECTOR,WEIGHT
COMMUNICATION SERVICES,0.117374484481
CONSUMER DISCRETIONARY,0.099677910859
CONSUMER STAPLES,0.05036409184
ENERGY,0.030904060057
FINANCIALS,0.126859972355
HEALTH CARE,0.097786146574
INDUSTRIALS,0.083245921187
MATERIALS,0.019684458816
REAL ESTATE,0.018654019145
TECHNOLOGY,0.330841079151
UTILITIES,0.024607855535
