SECTOR,WEIGHT
COMMUNICATION SERVICES,0.058105767752
CONSUMER DISCRETIONARY,0.05936542067
CONSUMER STAPLES,0.001908089145
ENERGY,0.024920774595
FINANCIALS,0.038238977439
HEALTH CARE,0.123692217031
INDUSTRIALS,0.329833581536
MATERIALS,0.031224798732
TECHNOLOGY,0.289583288488
UTILITIES,0.043127084613
