SECTOR,WEIGHT
COMMUNICATION SERVICES,0.058872380998
CONSUMER DISCRETIONARY,0.054104492854
CONSUMER STAPLES,0.002089099535
ENERGY,0.028826133756
FINANCIALS,0.037387627182
HEALTH CARE,0.117453412166
INDUSTRIALS,0.31972278059
MATERIALS,0.031828247468
TECHNOLOGY,0.309753018658
UTILITIES,0.039962806792
