SECTOR,WEIGHT
COMMUNICATION SERVICES,0.060427960255
CONSUMER DISCRETIONARY,0.058220158696
CONSUMER STAPLES,0.001674079303
ENERGY,0.022677196591
FINANCIALS,0.040168917322
HEALTH CARE,0.12314307385
INDUSTRIALS,0.333361512792
MATERIALS,0.028079142868
TECHNOLOGY,0.290826887489
UTILITIES,0.0405665976
