SECTOR,WEIGHT
COMMUNICATION SERVICES,0.056733542961
CONSUMER DISCRETIONARY,0.058365497521
CONSUMER STAPLES,0.001827294294
ENERGY,0.026039822848
FINANCIALS,0.038738229439
HEALTH CARE,0.124041630594
INDUSTRIALS,0.335398415431
MATERIALS,0.030522831461
TECHNOLOGY,0.286137811903
UTILITIES,0.042194923548
