SECTOR,WEIGHT
COMMUNICATION SERVICES,0.057360591525
CONSUMER DISCRETIONARY,0.0558245286
CONSUMER STAPLES,0.002213697071
ENERGY,0.029883615234
FINANCIALS,0.037523267066
HEALTH CARE,0.125229522907
INDUSTRIALS,0.325729380133
MATERIALS,0.032254978685
TECHNOLOGY,0.291042291496
UTILITIES,0.042938127283
