SECTOR,WEIGHT
COMMUNICATION SERVICES,0.057296593209
CONSUMER DISCRETIONARY,0.0553530747
CONSUMER STAPLES,0.001875408117
ENERGY,0.026740890351
FINANCIALS,0.039344248569
HEALTH CARE,0.125003449969
INDUSTRIALS,0.328875105554
MATERIALS,0.03018716868
TECHNOLOGY,0.293504931414
UTILITIES,0.041819129438
