SECTOR,WEIGHT
COMMUNICATION SERVICES,0.057208355335
CONSUMER DISCRETIONARY,0.053865876316
CONSUMER STAPLES,0.002056279454
ENERGY,0.028535831567
FINANCIALS,0.038270924726
HEALTH CARE,0.12171014882
INDUSTRIALS,0.326413250665
MATERIALS,0.029429323745
TECHNOLOGY,0.300479754824
UTILITIES,0.042030254547
