SECTOR,WEIGHT
COMMUNICATION SERVICES,0.058709035957
CONSUMER DISCRETIONARY,0.058713808654
CONSUMER STAPLES,0.001573371357
ENERGY,0.021123686003
FINANCIALS,0.040631326514
HEALTH CARE,0.12739150366
INDUSTRIALS,0.331338899453
MATERIALS,0.028553758032
TECHNOLOGY,0.293268083237
UTILITIES,0.038696527134
