SECTOR,WEIGHT
COMMUNICATION SERVICES,0.081548546286
CONSUMER DISCRETIONARY,0.072472002777
CONSUMER STAPLES,0.007564413401
ENERGY,0.014028931842
FINANCIALS,0.065518478579
HEALTH CARE,0.101203314483
INDUSTRIALS,0.266256544109
MATERIALS,0.029231046274
TECHNOLOGY,0.324805928756
UTILITIES,0.037370793492
