SECTOR,WEIGHT
COMMUNICATION SERVICES,0.093975583249
CONSUMER DISCRETIONARY,0.111472810908
CONSUMER STAPLES,0.040683169444
ENERGY,0.024887117097
FINANCIALS,0.117131308777
HEALTH CARE,0.098733636637
INDUSTRIALS,0.065136179638
MATERIALS,0.016187856489
REAL ESTATE,0.020935837791
TECHNOLOGY,0.399195038893
UTILITIES,0.011661461077
