SECTOR,WEIGHT
COMMUNICATION SERVICES,0.093932123767
CONSUMER DISCRETIONARY,0.110892132454
CONSUMER STAPLES,0.039628321716
ENERGY,0.022843272506
FINANCIALS,0.118805529524
HEALTH CARE,0.096250839604
INDUSTRIALS,0.067077854957
MATERIALS,0.016975091401
REAL ESTATE,0.021763350213
TECHNOLOGY,0.401536023553
UTILITIES,0.010295460304
