SECTOR,WEIGHT
COMMUNICATION SERVICES,0.090526345476
CONSUMER DISCRETIONARY,0.111383957124
CONSUMER STAPLES,0.039484220312
ENERGY,0.029179303141
FINANCIALS,0.117410183244
HEALTH CARE,0.096835601772
INDUSTRIALS,0.063967841326
MATERIALS,0.01547701664
REAL ESTATE,0.020901929541
TECHNOLOGY,0.402646181057
UTILITIES,0.012187420366
