SECTOR,WEIGHT
COMMUNICATION SERVICES,0.088985089948
CONSUMER DISCRETIONARY,0.113245565152
CONSUMER STAPLES,0.035053580344
ENERGY,0.021679254287
FINANCIALS,0.12285911236
HEALTH CARE,0.095926373175
INDUSTRIALS,0.063995269763
MATERIALS,0.016000568269
REAL ESTATE,0.021263057426
TECHNOLOGY,0.411636704161
UTILITIES,0.009355425116
