SECTOR,WEIGHT
COMMUNICATION SERVICES,0.088722586322
CONSUMER DISCRETIONARY,0.114995725791
CONSUMER STAPLES,0.034978528972
ENERGY,0.020947124782
FINANCIALS,0.126637572049
HEALTH CARE,0.099422606818
INDUSTRIALS,0.062882366762
MATERIALS,0.016118018167
REAL ESTATE,0.021787969226
TECHNOLOGY,0.404026255143
UTILITIES,0.009481245969
