SECTOR,WEIGHT
COMMUNICATION SERVICES,0.040639704431
CONSUMER DISCRETIONARY,0.109711273468
CONSUMER STAPLES,0.091311356016
ENERGY,0.037072322385
FINANCIALS,0.117447112885
HEALTH CARE,0.086440642309
INDUSTRIALS,0.117134553717
MATERIALS,0.013582298732
REAL ESTATE,0.104182382282
TECHNOLOGY,0.259580389316
UTILITIES,0.022897964458
