SECTOR,WEIGHT
COMMUNICATION SERVICES,0.051740079478
CONSUMER DISCRETIONARY,0.103536256623
CONSUMER STAPLES,0.09127791485
ENERGY,0.042671290717
FINANCIALS,0.133224944629
HEALTH CARE,0.090174994666
INDUSTRIALS,0.099310900277
MATERIALS,0.017263054979
REAL ESTATE,0.076670483311
TECHNOLOGY,0.269479163223
UTILITIES,0.024650917247
