SECTOR,WEIGHT
COMMUNICATION SERVICES,0.046228267513
CONSUMER DISCRETIONARY,0.094232044597
CONSUMER STAPLES,0.081778470421
ENERGY,0.036026339559
FINANCIALS,0.139332988568
HEALTH CARE,0.091359220096
INDUSTRIALS,0.106231488437
MATERIALS,0.007269086228
REAL ESTATE,0.074535391657
TECHNOLOGY,0.294974657727
UTILITIES,0.028032045197
