SECTOR,WEIGHT
COMMUNICATION SERVICES,0.048263325118
CONSUMER DISCRETIONARY,0.107151508842
CONSUMER STAPLES,0.087477401905
ENERGY,0.040725621585
FINANCIALS,0.134681644641
HEALTH CARE,0.089193155405
INDUSTRIALS,0.098685856946
MATERIALS,0.015189523693
REAL ESTATE,0.078568296799
TECHNOLOGY,0.275654719123
UTILITIES,0.024408945943
