SECTOR,WEIGHT
COMMUNICATION SERVICES,0.039151402322
CONSUMER DISCRETIONARY,0.122207604434
CONSUMER STAPLES,0.090043015041
ENERGY,0.03346215468
FINANCIALS,0.126615318485
HEALTH CARE,0.087584153872
INDUSTRIALS,0.100717117742
MATERIALS,0.014054786313
REAL ESTATE,0.090092112106
TECHNOLOGY,0.268165162526
UTILITIES,0.02790717248
