SECTOR,WEIGHT
COMMUNICATION SERVICES,0.041872823712
CONSUMER DISCRETIONARY,0.107632499494
CONSUMER STAPLES,0.092942370804
ENERGY,0.034308003132
FINANCIALS,0.113929842196
HEALTH CARE,0.085239389128
INDUSTRIALS,0.114933011892
MATERIALS,0.014607031799
REAL ESTATE,0.105333819233
TECHNOLOGY,0.266240436349
UTILITIES,0.02296077226
