SECTOR,WEIGHT
COMMUNICATION SERVICES,0.045836496558
CONSUMER DISCRETIONARY,0.094678681418
CONSUMER STAPLES,0.081641695948
ENERGY,0.036150278414
FINANCIALS,0.139367915253
HEALTH CARE,0.090854805751
INDUSTRIALS,0.106381361332
MATERIALS,0.007258662234
REAL ESTATE,0.073847911172
TECHNOLOGY,0.29612681304
UTILITIES,0.027855378882
