SECTOR,WEIGHT
COMMUNICATION SERVICES,0.094778094942
CONSUMER DISCRETIONARY,0.093480938183
FINANCIALS,0.124899455426
HEALTH CARE,0.084006009358
INDUSTRIALS,0.039429968523
MATERIALS,0.005603497358
REAL ESTATE,0.119559465507
TECHNOLOGY,0.42131573647
UTILITIES,0.016926834233
