SECTOR,WEIGHT
COMMUNICATION SERVICES,0.093924917006
CONSUMER DISCRETIONARY,0.092480619406
FINANCIALS,0.125022863323
HEALTH CARE,0.082101341891
INDUSTRIALS,0.039879030273
MATERIALS,0.005651448369
REAL ESTATE,0.120666241218
TECHNOLOGY,0.423242937467
UTILITIES,0.017030601047
