SECTOR,WEIGHT
COMMUNICATION SERVICES,0.100630820066
CONSUMER DISCRETIONARY,0.087914288575
FINANCIALS,0.114649043757
HEALTH CARE,0.074196455392
INDUSTRIALS,0.029137879243
MATERIALS,0.004906378292
REAL ESTATE,0.119755682387
TECHNOLOGY,0.451987583859
UTILITIES,0.016821868429
