SECTOR,WEIGHT
COMMUNICATION SERVICES,0.091167094485
CONSUMER DISCRETIONARY,0.092053155558
FINANCIALS,0.127997436616
HEALTH CARE,0.082030082564
INDUSTRIALS,0.037444480182
MATERIALS,0.005082402674
REAL ESTATE,0.115760693488
TECHNOLOGY,0.432048688011
UTILITIES,0.016415966422
