SECTOR,WEIGHT
COMMUNICATION SERVICES,0.095648686585
CONSUMER DISCRETIONARY,0.088229396431
FINANCIALS,0.119711249248
HEALTH CARE,0.074092640866
INDUSTRIALS,0.030780028073
MATERIALS,0.005213555244
REAL ESTATE,0.12051333467
TECHNOLOGY,0.448165229597
UTILITIES,0.017645879286
