SECTOR,WEIGHT
COMMUNICATION SERVICES,0.092597444306
CONSUMER DISCRETIONARY,0.091343856401
FINANCIALS,0.123527360732
HEALTH CARE,0.080392504206
INDUSTRIALS,0.037315595141
MATERIALS,0.005241163375
REAL ESTATE,0.11524991445
TECHNOLOGY,0.438396942349
UTILITIES,0.015935219039
