SECTOR,WEIGHT
COMMUNICATION SERVICES,0.018267670879
CONSUMER DISCRETIONARY,0.041618500284
CONSUMER STAPLES,0.135872555412
ENERGY,0.039669193122
FINANCIALS,0.081276517288
HEALTH CARE,0.261076519019
INDUSTRIALS,0.178658987556
MATERIALS,0.026250965434
REAL ESTATE,0.005185456752
TECHNOLOGY,0.197418523414
UTILITIES,0.01470511084
