SECTOR,WEIGHT
COMMUNICATION SERVICES,0.017446205222
CONSUMER DISCRETIONARY,0.041762836993
CONSUMER STAPLES,0.126764764002
ENERGY,0.037207761807
FINANCIALS,0.076749277928
HEALTH CARE,0.263231468375
INDUSTRIALS,0.167425460333
MATERIALS,0.025263134043
REAL ESTATE,0.005340603447
TECHNOLOGY,0.2168275651
UTILITIES,0.012675284892
