SECTOR,WEIGHT
COMMUNICATION SERVICES,0.064091497231
CONSUMER DISCRETIONARY,0.039300944108
CONSUMER STAPLES,0.11351198586
ENERGY,0.010863801019
FINANCIALS,0.142293263816
HEALTH CARE,0.134685523862
INDUSTRIALS,0.163286130757
MATERIALS,0.032591997913
REAL ESTATE,0.009097970913
TECHNOLOGY,0.285160289267
UTILITIES,0.005116595252
