SECTOR,WEIGHT
COMMUNICATION SERVICES,0.057617089922
CONSUMER DISCRETIONARY,0.053596653089
CONSUMER STAPLES,0.102666670723
ENERGY,0.087793089844
FINANCIALS,0.256524152223
HEALTH CARE,0.128891935153
INDUSTRIALS,0.128066736883
MATERIALS,0.021079514464
REAL ESTATE,0.002866374406
TECHNOLOGY,0.144335198309
UTILITIES,0.016562584983
