SECTOR,WEIGHT
COMMUNICATION SERVICES,0.017241417656
CONSUMER DISCRETIONARY,0.044103139286
CONSUMER STAPLES,0.125859913256
ENERGY,0.035544421843
FINANCIALS,0.076413092584
HEALTH CARE,0.27619552509
INDUSTRIALS,0.166280789851
MATERIALS,0.024224166379
REAL ESTATE,0.005507348289
TECHNOLOGY,0.214974650297
UTILITIES,0.013655535469
