SECTOR,WEIGHT
COMMUNICATION SERVICES,0.05595171877
CONSUMER DISCRETIONARY,0.054383655806
CONSUMER STAPLES,0.103279383818
ENERGY,0.085861437247
FINANCIALS,0.25711700945
HEALTH CARE,0.127763836316
INDUSTRIALS,0.129169929928
MATERIALS,0.021100449993
REAL ESTATE,0.002817419596
TECHNOLOGY,0.146064569518
UTILITIES,0.016490589557
