SECTOR,WEIGHT
COMMUNICATION SERVICES,0.055901004909
CONSUMER DISCRETIONARY,0.049215086958
CONSUMER STAPLES,0.108041739365
ENERGY,0.104564904964
FINANCIALS,0.233046689081
HEALTH CARE,0.118909579679
INDUSTRIALS,0.140120104525
MATERIALS,0.024536596246
REAL ESTATE,0.002590723248
TECHNOLOGY,0.147313032743
UTILITIES,0.015760538282
