SECTOR,WEIGHT
COMMUNICATION SERVICES,0.007970137207
CONSUMER DISCRETIONARY,0.112792574657
CONSUMER STAPLES,0.036622276029
ENERGY,0.106941081517
FINANCIALS,0.172013720743
HEALTH CARE,0.033898305085
INDUSTRIALS,0.257364810331
MATERIALS,0.076775625504
REAL ESTATE,0.033292978208
TECHNOLOGY,0.128329297821
UTILITIES,0.033999192897
