SECTOR,WEIGHT
COMMUNICATION SERVICES,0.009984299461
CONSUMER DISCRETIONARY,0.080699152496
CONSUMER STAPLES,0.067675775435
ENERGY,0.014386305977
FINANCIALS,0.067608562046
HEALTH CARE,0.110749250061
INDUSTRIALS,0.270767270218
MATERIALS,0.035036080344
REAL ESTATE,0.039451923194
TECHNOLOGY,0.243561859525
UTILITIES,0.060079521242
