SECTOR,WEIGHT
COMMUNICATION SERVICES,0.011557851539
CONSUMER DISCRETIONARY,0.062772227088
CONSUMER STAPLES,0.023417821344
ENERGY,0.038092420663
FINANCIALS,0.038700814989
HEALTH CARE,0.128833089335
INDUSTRIALS,0.347783012538
MATERIALS,0.070768998252
REAL ESTATE,0.04423757263
TECHNOLOGY,0.186991050471
UTILITIES,0.046845141151
