SECTOR,WEIGHT
COMMUNICATION SERVICES,0.008369110178
CONSUMER DISCRETIONARY,0.11562140279
CONSUMER STAPLES,0.037867520331
ENERGY,0.106992851757
FINANCIALS,0.175209843601
HEALTH CARE,0.033241760837
INDUSTRIALS,0.252830820435
MATERIALS,0.076639207391
REAL ESTATE,0.033856311171
TECHNOLOGY,0.124856208615
UTILITIES,0.034514962894
