SECTOR,WEIGHT
COMMUNICATION SERVICES,0.02493952168
CONSUMER DISCRETIONARY,0.214107769816
CONSUMER STAPLES,0.063435811539
ENERGY,0.081716954846
FINANCIALS,0.163994461819
HEALTH CARE,0.063982263063
INDUSTRIALS,0.123596436564
MATERIALS,0.070654086848
REAL ESTATE,0.009882821732
TECHNOLOGY,0.176739513941
UTILITIES,0.006950358152
