SECTOR,WEIGHT
CONSUMER DISCRETIONARY,0.147594103102
CONSUMER STAPLES,0.100126004846
ENERGY,0.071122026356
FINANCIALS,0.213568920065
HEALTH CARE,0.029232747584
INDUSTRIALS,0.19215802424
MATERIALS,0.043906742279
REAL ESTATE,0.02939723281
TECHNOLOGY,0.123153132538
UTILITIES,0.049741066182
