SECTOR,WEIGHT
COMMUNICATION SERVICES,0.008473721376
CONSUMER DISCRETIONARY,0.120750529608
CONSUMER STAPLES,0.038737012004
ENERGY,0.095732876021
FINANCIALS,0.175325330374
HEALTH CARE,0.035206294764
INDUSTRIALS,0.250479168768
MATERIALS,0.083022293957
REAL ESTATE,0.033995763139
TECHNOLOGY,0.12377685867
UTILITIES,0.034500151316
