SECTOR,WEIGHT
CONSUMER DISCRETIONARY,0.149590295314
CONSUMER STAPLES,0.095966340643
ENERGY,0.06697466335
FINANCIALS,0.219142276932
HEALTH CARE,0.029075865166
INDUSTRIALS,0.183095554159
MATERIALS,0.042379112305
REAL ESTATE,0.029245183897
TECHNOLOGY,0.139055528118
UTILITIES,0.045475180116
