SECTOR,WEIGHT
CONSUMER DISCRETIONARY,0.006321493988
INDUSTRIALS,0.741360675342
MATERIALS,0.204966167292
TECHNOLOGY,0.01480868499
UTILITIES,0.032542978388
