SECTOR,WEIGHT
CONSUMER DISCRETIONARY,0.008732745744
INDUSTRIALS,0.735254544071
MATERIALS,0.20867388005
TECHNOLOGY,0.020729133713
UTILITIES,0.026609696421
