SECTOR,WEIGHT
CONSUMER DISCRETIONARY,0.0081795454
INDUSTRIALS,0.731030137604
MATERIALS,0.217667294701
TECHNOLOGY,0.014178079986
UTILITIES,0.028944942309
