SECTOR,WEIGHT
CONSUMER DISCRETIONARY,0.007970301342
INDUSTRIALS,0.729620467085
MATERIALS,0.209821862113
TECHNOLOGY,0.023527456542
UTILITIES,0.029059912918
