SECTOR,WEIGHT
CONSUMER DISCRETIONARY,0.006763420737
INDUSTRIALS,0.739279376872
MATERIALS,0.210765490285
TECHNOLOGY,0.01278815022
UTILITIES,0.030403561886
