SECTOR,WEIGHT
CONSUMER DISCRETIONARY,0.008251619353
INDUSTRIALS,0.733641609936
MATERIALS,0.205003607457
TECHNOLOGY,0.023844237926
UTILITIES,0.029258925328
