SECTOR,WEIGHT
CONSUMER DISCRETIONARY,0.00856270344
INDUSTRIALS,0.737006273614
MATERIALS,0.209589020421
TECHNOLOGY,0.014016270143
UTILITIES,0.030825732383
