SECTOR,WEIGHT
CONSUMER DISCRETIONARY,0.007173166296
INDUSTRIALS,0.742473226915
MATERIALS,0.207112547989
TECHNOLOGY,0.012830874924
UTILITIES,0.030410183876
