SECTOR,WEIGHT
CONSUMER DISCRETIONARY,0.00864778064
INDUSTRIALS,0.736306762949
MATERIALS,0.207487668553
TECHNOLOGY,0.020295954725
UTILITIES,0.027261833133
