SECTOR,WEIGHT
CONSUMER DISCRETIONARY,0.007884614029
INDUSTRIALS,0.729450624014
MATERIALS,0.21841145967
TECHNOLOGY,0.014087002568
UTILITIES,0.030166299718
