SECTOR,WEIGHT
CONSUMER DISCRETIONARY,0.007611955818
INDUSTRIALS,0.739275370073
MATERIALS,0.207772069372
TECHNOLOGY,0.014065965573
UTILITIES,0.031274639164
