SECTOR,WEIGHT
CONSUMER DISCRETIONARY,0.006888950124
INDUSTRIALS,0.738486368963
MATERIALS,0.208104837204
TECHNOLOGY,0.014501618525
UTILITIES,0.032018225184
