SECTOR,WEIGHT
COMMUNICATION SERVICES,0.110968460394
CONSUMER DISCRETIONARY,0.103621837177
CONSUMER STAPLES,0.048068507061
ENERGY,0.031667791627
FINANCIALS,0.124628212395
HEALTH CARE,0.09423626564
INDUSTRIALS,0.088831450277
MATERIALS,0.019263855535
REAL ESTATE,0.018457689819
TECHNOLOGY,0.335333892809
UTILITIES,0.022035863859
