SECTOR,WEIGHT
COMMUNICATION SERVICES,0.104590043088
CONSUMER DISCRETIONARY,0.09847038627
CONSUMER STAPLES,0.052222406958
ENERGY,0.034232018125
FINANCIALS,0.122884912392
HEALTH CARE,0.096639497126
INDUSTRIALS,0.094244718165
MATERIALS,0.020893970686
REAL ESTATE,0.019586908141
TECHNOLOGY,0.332197207193
UTILITIES,0.024037931856
