SECTOR,WEIGHT
COMMUNICATION SERVICES,0.106732456668
CONSUMER DISCRETIONARY,0.098550776899
CONSUMER STAPLES,0.051281743074
ENERGY,0.033641248167
FINANCIALS,0.127927895441
HEALTH CARE,0.095589826189
INDUSTRIALS,0.09280216522
MATERIALS,0.020411127405
REAL ESTATE,0.018934658749
TECHNOLOGY,0.33204718289
UTILITIES,0.022080919297
