SECTOR,WEIGHT
COMMUNICATION SERVICES,0.106778092864
CONSUMER DISCRETIONARY,0.103123361711
CONSUMER STAPLES,0.046167293665
ENERGY,0.028833884149
FINANCIALS,0.127849432294
HEALTH CARE,0.094497755137
INDUSTRIALS,0.08414101288
MATERIALS,0.017150973676
REAL ESTATE,0.018189454607
TECHNOLOGY,0.351376438311
UTILITIES,0.021892300706
