SECTOR,WEIGHT
COMMUNICATION SERVICES,0.10770954154
CONSUMER DISCRETIONARY,0.102962217796
CONSUMER STAPLES,0.046710739893
ENERGY,0.028904768966
FINANCIALS,0.127751904741
HEALTH CARE,0.096292117719
INDUSTRIALS,0.084106184546
MATERIALS,0.017268916151
REAL ESTATE,0.018505344497
TECHNOLOGY,0.34726302458
UTILITIES,0.022525239571
