SECTOR,WEIGHT
CONSUMER DISCRETIONARY,0.124868522562
CONSUMER STAPLES,0.019578586907
ENERGY,0.046701616562
INDUSTRIALS,0.459784257595
MATERIALS,0.132911359547
TECHNOLOGY,0.182223315921
UTILITIES,0.033932340906
