SECTOR,WEIGHT
CONSUMER DISCRETIONARY,0.135099848546
CONSUMER STAPLES,0.018658907887
ENERGY,0.04887594373
INDUSTRIALS,0.445802369421
MATERIALS,0.136122710126
TECHNOLOGY,0.182751268962
UTILITIES,0.032688951328
