SECTOR,WEIGHT
CONSUMER DISCRETIONARY,0.132434264549
CONSUMER STAPLES,0.019079345537
ENERGY,0.049382690417
INDUSTRIALS,0.451975670954
MATERIALS,0.133807678453
TECHNOLOGY,0.179763581797
UTILITIES,0.033556768294
