SECTOR,WEIGHT
CONSUMER DISCRETIONARY,0.131606821256
CONSUMER STAPLES,0.015642957945
ENERGY,0.045947194671
INDUSTRIALS,0.418821838328
MATERIALS,0.142931229027
TECHNOLOGY,0.191617067598
UTILITIES,0.053432891176
