SECTOR,WEIGHT
CONSUMER DISCRETIONARY,0.146300182861
CONSUMER STAPLES,0.01859571108
ENERGY,0.048761532707
INDUSTRIALS,0.438520280941
MATERIALS,0.132162746239
TECHNOLOGY,0.181988197157
UTILITIES,0.033671349015
