SECTOR,WEIGHT
CONSUMER DISCRETIONARY,0.123983853168
CONSUMER STAPLES,0.015186312435
ENERGY,0.041468574801
INDUSTRIALS,0.417687240867
MATERIALS,0.182497709166
TECHNOLOGY,0.193245431219
UTILITIES,0.025930878344
