SECTOR,WEIGHT
CONSUMER DISCRETIONARY,0.128795259013
CONSUMER STAPLES,0.01516049908
ENERGY,0.044479924845
INDUSTRIALS,0.414662556464
MATERIALS,0.156148401223
TECHNOLOGY,0.191282423405
UTILITIES,0.04947093597
