SECTOR,WEIGHT
COMMUNICATION SERVICES,0.021558143632
CONSUMER DISCRETIONARY,0.084598123133
CONSUMER STAPLES,0.035613624899
FINANCIALS,0.073165971383
HEALTH CARE,0.138667136417
INDUSTRIALS,0.258590628478
MATERIALS,0.048302892969
REAL ESTATE,0.018759658577
TECHNOLOGY,0.320743820513
