SECTOR,WEIGHT
COMMUNICATION SERVICES,0.044382500643
CONSUMER DISCRETIONARY,0.087882852202
CONSUMER STAPLES,0.023242928055
FINANCIALS,0.115592535138
HEALTH CARE,0.09441295579
INDUSTRIALS,0.331435012517
MATERIALS,0.023234926703
REAL ESTATE,0.005069856806
TECHNOLOGY,0.262132300359
UTILITIES,0.012614131788
