SECTOR,WEIGHT
COMMUNICATION SERVICES,0.046895384295
CONSUMER DISCRETIONARY,0.082219492088
CONSUMER STAPLES,0.024188029742
FINANCIALS,0.115544688378
HEALTH CARE,0.105300016808
INDUSTRIALS,0.325238308669
MATERIALS,0.023766837678
REAL ESTATE,0.005154350384
TECHNOLOGYQ,0.257800557054
UTILITIES,0.013892334905
