SECTOR,WEIGHT
COMMUNICATION SERVICES,0.027836187043
CONSUMER DISCRETIONARY,0.059176930009
CONSUMER STAPLES,0.049364173425
ENERGY,0.062481225593
FINANCIALS,0.038750375488
HEALTH CARE,0.073395414038
INDUSTRIALS,0.404626013818
MATERIALS,0.047561830379
REAL ESTATE,0.012416140983
TECHNOLOGY,0.224391709222
