SECTOR,WEIGHT
COMMUNICATION SERVICES,0.017099610636
CONSUMER DISCRETIONARY,0.076282796018
CONSUMER STAPLES,0.0351868919
FINANCIALS,0.068525528834
HEALTH CARE,0.127756746831
INDUSTRIALS,0.275893331572
MATERIALS,0.049920896289
REAL ESTATE,0.018116300968
TECHNOLOGY,0.331217896952
