SECTOR,WEIGHT
COMMUNICATION SERVICES,0.015643572678
CONSUMER DISCRETIONARY,0.070949880535
CONSUMER STAPLES,0.035331361586
FINANCIALS,0.062409200242
HEALTH CARE,0.128699527341
INDUSTRIALS,0.28602374101
MATERIALS,0.051100002802
REAL ESTATE,0.017033334267
TECHNOLOGY,0.33280937954
