SECTOR,WEIGHT
COMMUNICATION SERVICES,0.018755904062
CONSUMER DISCRETIONARY,0.077931616952
CONSUMER STAPLES,0.036777302784
FINANCIALS,0.070628592472
HEALTH CARE,0.129464071281
INDUSTRIALS,0.273653273452
MATERIALS,0.05029260131
REAL ESTATE,0.018328610084
TECHNOLOGY,0.324168027603
