SECTOR,WEIGHT
COMMUNICATION SERVICES,0.107100497348
CONSUMER DISCRETIONARY,0.105296566088
CONSUMER STAPLES,0.049465527275
ENERGY,0.024921289241
FINANCIALS,0.131907720678
HEALTH CARE,0.099013435486
INDUSTRIALS,0.079108934001
MATERIALS,0.020749434159
REAL ESTATE,0.017251412886
TECHNOLOGY,0.340788808022
UTILITIES,0.024396374816
