SECTOR,WEIGHT
COMMUNICATION SERVICES,0.108268293511
CONSUMER DISCRETIONARY,0.097764906366
CONSUMER STAPLES,0.053498060889
ENERGY,0.041090015663
FINANCIALS,0.121740766985
HEALTH CARE,0.097022377676
INDUSTRIALS,0.089414029679
MATERIALS,0.022650210366
REAL ESTATE,0.016821051614
TECHNOLOGY,0.324596108615
UTILITIES,0.027134178637
