SECTOR,WEIGHT
COMMUNICATION SERVICES,0.111613144021
CONSUMER DISCRETIONARY,0.099476330927
CONSUMER STAPLES,0.055132362374
ENERGY,0.031886944869
FINANCIALS,0.12381649438
HEALTH CARE,0.099862039138
INDUSTRIALS,0.090661182887
MATERIALS,0.02253637977
REAL ESTATE,0.015345156867
TECHNOLOGY,0.322921984017
UTILITIES,0.02674798075
