SECTOR,WEIGHT
COMMUNICATION SERVICES,0.113002314676
CONSUMER DISCRETIONARY,0.103046518988
CONSUMER STAPLES,0.052024358913
ENERGY,0.027379989533
FINANCIALS,0.125655462863
HEALTH CARE,0.099720335845
INDUSTRIALS,0.080911266618
MATERIALS,0.022694787532
REAL ESTATE,0.017547270896
TECHNOLOGY,0.332779658983
UTILITIES,0.025238035152
