SECTOR,WEIGHT
COMMUNICATION SERVICES,0.114093751101
CONSUMER DISCRETIONARY,0.099360043769
CONSUMER STAPLES,0.052486565686
ENERGY,0.033114833597
FINANCIALS,0.119370074171
HEALTH CARE,0.097633736967
INDUSTRIALS,0.090182433119
MATERIALS,0.021701106453
REAL ESTATE,0.017223692473
TECHNOLOGY,0.329258309794
UTILITIES,0.025575452871
