SECTOR,WEIGHT
COMMUNICATION SERVICES,0.117714392237
CONSUMER DISCRETIONARY,0.101726741665
CONSUMER STAPLES,0.051308984963
ENERGY,0.028041748441
FINANCIALS,0.124005353653
HEALTH CARE,0.094251315897
INDUSTRIALS,0.07921039899
MATERIALS,0.022757215179
REAL ESTATE,0.017077860466
TECHNOLOGY,0.336201461572
UTILITIES,0.024721896986
