SECTOR,WEIGHT
COMMUNICATION SERVICES,0.106881917966
CONSUMER DISCRETIONARY,0.106992269114
CONSUMER STAPLES,0.051008504395
ENERGY,0.025072831758
FINANCIALS,0.131513345132
HEALTH CARE,0.099532531518
INDUSTRIALS,0.079099702788
MATERIALS,0.020954106534
REAL ESTATE,0.017565800813
TECHNOLOGY,0.336407050703
UTILITIES,0.02497193928
