SECTOR,WEIGHT
COMMUNICATION SERVICES,0.110722958645
CONSUMER DISCRETIONARY,0.099070465511
CONSUMER STAPLES,0.051745704815
ENERGY,0.038137873547
FINANCIALS,0.121368344181
HEALTH CARE,0.09582396379
INDUSTRIALS,0.089678025119
MATERIALS,0.022020020266
REAL ESTATE,0.016320307731
TECHNOLOGY,0.329294229325
UTILITIES,0.025818107072
