SECTOR,WEIGHT
COMMUNICATION SERVICES,0.138586811857
CONSUMER DISCRETIONARY,0.049547675414
CONSUMER STAPLES,0.074375241662
ENERGY,0.00333990963
HEALTH CARE,0.121606806387
INDUSTRIALS,0.091608475701
MATERIALS,0.041151723396
TECHNOLOGY,0.479783355953
