SECTOR,WEIGHT
COMMUNICATION SERVICES,0.136162167738
CONSUMER DISCRETIONARY,0.054603823111
CONSUMER STAPLES,0.071606671879
ENERGY,0.011554258437
HEALTH CARE,0.090937051605
INDUSTRIALS,0.09057434684
MATERIALS,0.0468133663
TECHNOLOGY,0.49774831409
