SECTOR,WEIGHT
COMMUNICATION SERVICES,0.136390379654
CONSUMER DISCRETIONARY,0.049577723166
CONSUMER STAPLES,0.072088952755
ENERGY,0.003407376745
HEALTH CARE,0.121039684942
INDUSTRIALS,0.094293686812
MATERIALS,0.042692277689
TECHNOLOGY,0.480509918237
