SECTOR,WEIGHT
COMMUNICATION SERVICES,0.147945469006
CONSUMER DISCRETIONARY,0.050793095029
CONSUMER STAPLES,0.073581914598
ENERGY,0.00317959478
HEALTH CARE,0.12516494469
INDUSTRIALS,0.091613228069
MATERIALS,0.040098507839
TECHNOLOGY,0.467623245989
