SECTOR,WEIGHT
COMMUNICATION SERVICES,0.150302866182
CONSUMER DISCRETIONARY,0.053599361516
CONSUMER STAPLES,0.065338154419
ENERGY,0.002647136357
HEALTH CARE,0.127448512953
INDUSTRIALS,0.089221617947
MATERIALS,0.037141027237
TECHNOLOGY,0.47430132339
