SECTOR,WEIGHT
COMMUNICATION SERVICES,0.148562866922
CONSUMER DISCRETIONARY,0.052249528944
CONSUMER STAPLES,0.068435482171
ENERGY,0.003948879416
HEALTH CARE,0.116574060391
INDUSTRIALS,0.090753757456
MATERIALS,0.042093193153
TECHNOLOGY,0.477382231548
