SECTOR,WEIGHT
COMMUNICATION SERVICES,0.140159080877
CONSUMER DISCRETIONARY,0.053139873856
CONSUMER STAPLES,0.069562838164
ENERGY,0.010868212933
HEALTH CARE,0.089161123955
INDUSTRIALS,0.088891122738
MATERIALS,0.048194505534
TECHNOLOGY,0.500023241943
