SECTOR,WEIGHT
COMMUNICATION SERVICES,0.149446301063
CONSUMER DISCRETIONARY,0.054438217845
CONSUMER STAPLES,0.064966262485
ENERGY,0.002658944905
HEALTH CARE,0.126224837368
INDUSTRIALS,0.088842359418
MATERIALS,0.037151011705
TECHNOLOGY,0.476272065211
