SECTOR,WEIGHT
COMMUNICATION SERVICES,0.053614392142
CONSUMER DISCRETIONARY,0.032473957109
CONSUMER STAPLES,0.15994781918
ENERGY,0.03265102776
FINANCIALS,0.217966968821
HEALTH CARE,0.085883267424
INDUSTRIALS,0.137380814945
MATERIALS,0.0606852134
TECHNOLOGY,0.03061621587
UTILITIES,0.188780323349
