SECTOR,WEIGHT
COMMUNICATION SERVICES,0.051128977902
CONSUMER DISCRETIONARY,0.047279460145
CONSUMER STAPLES,0.133328920129
ENERGY,0.033533331729
FINANCIALS,0.215324250156
HEALTH CARE,0.067432758814
INDUSTRIALS,0.113310023591
MATERIALS,0.050421862212
TECHNOLOGY,0.030357830629
UTILITIES,0.257882584693
