SECTOR,WEIGHT
COMMUNICATION SERVICES,0.061401829345
CONSUMER DISCRETIONARY,0.064543290314
CONSUMER STAPLES,0.17160155369
ENERGY,0.016937225912
FINANCIALS,0.210147099361
HEALTH CARE,0.066785615838
INDUSTRIALS,0.155459215637
MATERIALS,0.084742262874
TECHNOLOGY,0.044333291567
UTILITIES,0.124048615462
