SECTOR,WEIGHT
COMMUNICATION SERVICES,0.057177976646
CONSUMER DISCRETIONARY,0.062905168063
CONSUMER STAPLES,0.16717682741
ENERGY,0.014940064857
FINANCIALS,0.216583971659
HEALTH CARE,0.06706939885
INDUSTRIALS,0.172430333828
MATERIALS,0.076370213808
TECHNOLOGY,0.045218929412
UTILITIES,0.120127115468
