SECTOR,WEIGHT
COMMUNICATION SERVICES,0.057669203044
CONSUMER DISCRETIONARY,0.061774128955
CONSUMER STAPLES,0.167200640769
ENERGY,0.014517420905
FINANCIALS,0.225370444533
HEALTH CARE,0.069983980777
INDUSTRIALS,0.158089707649
MATERIALS,0.078894673608
TECHNOLOGY,0.047757308771
UTILITIES,0.118742490989
