SECTOR,WEIGHT
COMMUNICATION SERVICES,0.120594262295
CONSUMER DISCRETIONARY,0.699487704918
CONSUMER STAPLES,0.047643442623
HEALTH CARE,0.092930327869
INDUSTRIALS,0.022950819672
REAL ESTATE,0.016393442623
