SECTOR,WEIGHT
FINANCIALS,0.888764877595
REAL ESTATE,0.111235122405
