SECTOR,WEIGHT
FINANCIALS,0.810360405582
REAL ESTATE,0.189639594418
