SECTOR,WEIGHT
FINANCIALS,0.806859085925
REAL ESTATE,0.193140914075
