SECTOR,WEIGHT
FINANCIALS,0.803997191434
REAL ESTATE,0.196002808566
