SECTOR,WEIGHT
COMMUNICATION SERVICES,0.012528267435
CONSUMER DISCRETIONARY,0.044739379002
CONSUMER STAPLES,0.12795550488
ENERGY,0.046181906639
FINANCIALS,0.193036425575
HEALTH CARE,0.160687167711
INDUSTRIALS,0.122077279839
MATERIALS,0.029915680706
REAL ESTATE,0.016887884269
TECHNOLOGY,0.202819786154
UTILITIES,0.04317071779
