SECTOR,WEIGHT
COMMUNICATION SERVICES,0.012676804509
CONSUMER DISCRETIONARY,0.039994157786
CONSUMER STAPLES,0.124857320925
ENERGY,0.054780761909
FINANCIALS,0.181262698563
HEALTH CARE,0.157455675701
INDUSTRIALS,0.115627822945
MATERIALS,0.030519566916
REAL ESTATE,0.019815510078
TECHNOLOGY,0.218700887636
UTILITIES,0.044308793033
