SECTOR,WEIGHT
COMMUNICATION SERVICES,0.011322645291
CONSUMER DISCRETIONARY,0.039178356713
CONSUMER STAPLES,0.118837675351
ENERGY,0.045390781563
FINANCIALS,0.185070140281
HEALTH CARE,0.14879759519
INDUSTRIALS,0.11372745491
MATERIALS,0.03006012024
REAL ESTATE,0.019739478958
TECHNOLOGY,0.247695390782
UTILITIES,0.040180360721
