SECTOR,WEIGHT
COMMUNICATION SERVICES,0.010924733163
CONSUMER DISCRETIONARY,0.042801969315
CONSUMER STAPLES,0.115401941685
ENERGY,0.039527452484
FINANCIALS,0.199869660015
HEALTH CARE,0.157516172369
INDUSTRIALS,0.108544576876
MATERIALS,0.026257200233
REAL ESTATE,0.015833004647
TECHNOLOGY,0.242985966928
UTILITIES,0.040337322284
