SECTOR,WEIGHT
COMMUNICATION SERVICES,0.012091218457
CONSUMER DISCRETIONARY,0.045113933018
CONSUMER STAPLES,0.126477507072
ENERGY,0.046136543516
FINANCIALS,0.20063978195
HEALTH CARE,0.159727357232
INDUSTRIALS,0.119617411595
MATERIALS,0.02976777136
REAL ESTATE,0.016138634765
TECHNOLOGY,0.203063228748
UTILITIES,0.041226612288
