SECTOR,WEIGHT
HEALTH CARE,0.082203486613
INDUSTRIALS,0.541830542026
MATERIALS,0.08401070708
TECHNOLOGY,0.140035543338
UTILITIES,0.151919720943
