SECTOR,WEIGHT
HEALTH CARE,0.059627721948
INDUSTRIALS,0.577316132182
MATERIALS,0.098400348986
TECHNOLOGY,0.122038924708
UTILITIES,0.142616872176
