SECTOR,WEIGHT
HEALTH CARE,0.072648910111
INDUSTRIALS,0.570007831715
MATERIALS,0.089456590993
TECHNOLOGY,0.132981122866
UTILITIES,0.134905544314
