SECTOR,WEIGHT
HEALTH CARE,0.060120096077
INDUSTRIALS,0.560516413131
MATERIALS,0.092670136109
TECHNOLOGY,0.130954763811
UTILITIES,0.155738590873
