SECTOR,WEIGHT
HEALTH CARE,0.058804673601
INDUSTRIALS,0.576396791307
MATERIALS,0.097247487699
TECHNOLOGY,0.123002580418
UTILITIES,0.144548466975
