SECTOR,WEIGHT
CONSUMER DISCRETIONARY,0.031460036586
FINANCIALS,0.009006286886
HEALTH CARE,0.89428956549
INDUSTRIALS,0.002563713872
MATERIALS,0.062680397166
