SECTOR,WEIGHT
CONSUMER DISCRETIONARY,0.026346110889
FINANCIALS,0.008031210552
HEALTH CARE,0.9074384802
INDUSTRIALS,0.031151330656
MATERIALS,0.027032867703
