SECTOR,WEIGHT
CONSUMER DISCRETIONARY,0.026842875756
HEALTH CARE,0.901334648026
INDUSTRIALS,0.029374330286
MATERIALS,0.042448145931
