SECTOR,WEIGHT
CONSUMER DISCRETIONARY,0.034624203112
FINANCIALS,0.009899407253
HEALTH CARE,0.888674471638
INDUSTRIALS,0.002735281104
MATERIALS,0.064066636893
