SECTOR,WEIGHT
CONSUMER DISCRETIONARY,0.027838584951
FINANCIALS,0.008486168533
HEALTH CARE,0.902194986464
INDUSTRIALS,0.032916014377
MATERIALS,0.028564245675
