SECTOR,WEIGHT
CONSUMER DISCRETIONARY,0.03400574871
FINANCIALS,0.008669844223
HEALTH CARE,0.908057029695
INDUSTRIALS,0.030459844795
MATERIALS,0.018807532577
