SECTOR,WEIGHT
COMMUNICATION SERVICES,0.177126313746
CONSUMER DISCRETIONARY,0.119686947576
CONSUMER STAPLES,0.030677023135
FINANCIALS,0.033592448357
HEALTH CARE,0.076167008731
INDUSTRIALS,0.054954952208
TECHNOLOGY,0.490248878507
UTILITIES,0.01754642774
