SECTOR,WEIGHT
COMMUNICATION SERVICES,0.172617575888
CONSUMER DISCRETIONARY,0.127555094381
CONSUMER STAPLES,0.027703242229
FINANCIALS,0.037562876703
HEALTH CARE,0.07244450029
INDUSTRIALS,0.04514658733
TECHNOLOGY,0.502227284334
UTILITIES,0.014742838845
