SECTOR,WEIGHT
COMMUNICATION SERVICES,0.175806497393
CONSUMER DISCRETIONARY,0.1246533156
CONSUMER STAPLES,0.025570508714
FINANCIALS,0.041264566827
HEALTH CARE,0.076656786499
INDUSTRIALS,0.045875874821
TECHNOLOGY,0.493128147529
UTILITIES,0.017044302617
