SECTOR,WEIGHT
COMMUNICATION SERVICES,0.173902105251
CONSUMER DISCRETIONARY,0.118950306004
CONSUMER STAPLES,0.030879320087
FINANCIALS,0.039662275189
HEALTH CARE,0.07502132844
INDUSTRIALS,0.049613856334
TECHNOLOGY,0.497406603752
UTILITIES,0.014564204944
