SECTOR,WEIGHT
COMMUNICATION SERVICES,0.179169804742
CONSUMER DISCRETIONARY,0.125748703295
CONSUMER STAPLES,0.027919828816
FINANCIALS,0.039790621557
HEALTH CARE,0.074496801444
INDUSTRIALS,0.047535880487
TECHNOLOGY,0.488404411787
UTILITIES,0.016933947872
