SECTOR,WEIGHT
COMMUNICATION SERVICES,0.178226802532
CONSUMER DISCRETIONARY,0.123899953682
CONSUMER STAPLES,0.031847508999
FINANCIALS,0.035143584993
HEALTH CARE,0.073801630059
INDUSTRIALS,0.050416250213
TECHNOLOGY,0.48935098283
UTILITIES,0.017313286691
