SECTOR,WEIGHT
COMMUNICATION SERVICES,0.171471882512
CONSUMER DISCRETIONARY,0.118521329476
CONSUMER STAPLES,0.03218167115
FINANCIALS,0.039748934871
HEALTH CARE,0.076098790435
INDUSTRIALS,0.050062857601
TECHNOLOGY,0.496754640251
UTILITIES,0.015159893705
