SECTOR,WEIGHT
COMMUNICATION SERVICES,0.07937228787
CONSUMER DISCRETIONARY,0.100128906246
CONSUMER STAPLES,0.04849607705
ENERGY,0.082567314078
FINANCIALS,0.193224735933
HEALTH CARE,0.115082231736
INDUSTRIALS,0.155560601509
MATERIALS,0.023893370522
TECHNOLOGYQ,0.126393428293
UTILITIES,0.075281046763
