SECTOR,WEIGHT
COMMUNICATION SERVICES,0.076838373448
CONSUMER DISCRETIONARY,0.097076071702
CONSUMER STAPLES,0.049941416659
ENERGY,0.075472268369
FINANCIALS,0.203728983289
HEALTH CARE,0.113595264169
INDUSTRIALS,0.164336597814
MATERIALS,0.021757943508
TECHNOLOGY,0.125541631448
UTILITIES,0.071711449593
