SECTOR,WEIGHT
COMMUNICATION SERVICES,0.077083736338
CONSUMER DISCRETIONARY,0.097286367153
CONSUMER STAPLES,0.049415441532
ENERGY,0.074673767611
FINANCIALS,0.206028145855
HEALTH CARE,0.113456934907
INDUSTRIALS,0.163922203953
MATERIALS,0.021622215237
TECHNOLOGY,0.125186389722
UTILITIES,0.071324797692
