SECTOR,WEIGHT
COMMUNICATION SERVICES,0.077773780067
CONSUMER DISCRETIONARY,0.101113150167
CONSUMER STAPLES,0.051133953894
ENERGY,0.08363399912
FINANCIALS,0.196499747742
HEALTH CARE,0.111673805595
INDUSTRIALS,0.154143559789
MATERIALS,0.023636853351
TECHNOLOGY,0.128234376602
UTILITIES,0.072156773674
