SECTOR,WEIGHT
COMMUNICATION SERVICES,0.068145732484
CONSUMER DISCRETIONARY,0.094162547771
CONSUMER STAPLES,0.047292738854
ENERGY,0.108864203822
FINANCIALS,0.167962292994
HEALTH CARE,0.083681019108
INDUSTRIALS,0.211120509554
MATERIALS,0.008093757962
TECHNOLOGY,0.129354394904
UTILITIES,0.081322802548
