SECTOR,WEIGHT
COMMUNICATION SERVICES,0.069269315372
CONSUMER DISCRETIONARY,0.097546184233
CONSUMER STAPLES,0.046171207547
ENERGY,0.089089277881
FINANCIALS,0.181559859496
HEALTH CARE,0.093872077308
INDUSTRIALS,0.216859836885
TECHNOLOGY,0.126892149436
UTILITIES,0.078740091842
