SECTOR,WEIGHT
COMMUNICATION SERVICES,0.071116954585
CONSUMER DISCRETIONARY,0.100148060028
CONSUMER STAPLES,0.047402744673
ENERGY,0.091465580323
FINANCIALS,0.18640265481
HEALTH CARE,0.096375952655
INDUSTRIALS,0.195970927172
TECHNOLOGY,0.130276778111
UTILITIES,0.080840347642
