SECTOR,WEIGHT
CONSUMER DISCRETIONARY,0.17934583177
INDUSTRIALS,0.486249520692
MATERIALS,0.256323777403
UTILITIES,0.026289803205
