SECTOR,WEIGHT
CONSUMER DISCRETIONARY,0.22703545258
INDUSTRIALS,0.422896359515
MATERIALS,0.318383643933
UTILITIES,0.031684543972
