SECTOR,WEIGHT
CONSUMER DISCRETIONARY,0.195411293386
INDUSTRIALS,0.492561663262
MATERIALS,0.284147837283
UTILITIES,0.02787920607
