SECTOR,WEIGHT
CONSUMER DISCRETIONARY,0.191246840113
INDUSTRIALS,0.493368057526
MATERIALS,0.286301043909
UTILITIES,0.029084058452
