SECTOR,WEIGHT
CONSUMER DISCRETIONARY,0.190601771013
INDUSTRIALS,0.493844915681
MATERIALS,0.286739678099
UTILITIES,0.028813635207
