SECTOR,WEIGHT
CONSUMER DISCRETIONARY,0.195030752294
INDUSTRIALS,0.486777659334
MATERIALS,0.288882803047
UTILITIES,0.029308785325
