SECTOR,WEIGHT
COMMUNICATION SERVICES,0.042009629835
CONSUMER DISCRETIONARY,0.18556906438
CONSUMER STAPLES,0.036299612223
ENERGY,0.044660888232
FINANCIALS,0.318450375512
HEALTH CARE,0.113831899404
INDUSTRIALS,0.15218703787
MATERIALS,0.016492268999
REAL ESTATE,0.001858283831
TECHNOLOGY,0.069516435699
UTILITIES,0.019124504015
