SECTOR,WEIGHT
COMMUNICATION SERVICES,0.037737677098
CONSUMER DISCRETIONARY,0.184323408109
CONSUMER STAPLES,0.066794352454
ENERGY,0.091731835371
FINANCIALS,0.301795351911
HEALTH CARE,0.121790007873
INDUSTRIALS,0.046173913753
MATERIALS,0.076254523055
REAL ESTATE,0.003848930988
TECHNOLOGY,0.05432459114
UTILITIES,0.015225408248
