SECTOR,WEIGHT
COMMUNICATION SERVICES,0.042517776212
CONSUMER DISCRETIONARY,0.184076878113
CONSUMER STAPLES,0.037952612783
ENERGY,0.046215148215
FINANCIALS,0.309058861682
HEALTH CARE,0.115877680445
INDUSTRIALS,0.154767147639
MATERIALS,0.01667520779
REAL ESTATE,0.001870706084
TECHNOLOGY,0.068208205884
UTILITIES,0.022779775155
