SECTOR,WEIGHT
COMMUNICATION SERVICES,0.04276590142
CONSUMER DISCRETIONARY,0.182424659304
CONSUMER STAPLES,0.037034812063
ENERGY,0.045532323484
FINANCIALS,0.317703999848
HEALTH CARE,0.112359989307
INDUSTRIALS,0.15456419591
MATERIALS,0.016471375091
REAL ESTATE,0.001845282615
TECHNOLOGY,0.068638906327
UTILITIES,0.020658554632
