SECTOR,WEIGHT
COMMUNICATION SERVICES,0.04241344272
CONSUMER DISCRETIONARY,0.182353677277
CONSUMER STAPLES,0.036690175742
ENERGY,0.045291594296
FINANCIALS,0.311905536563
HEALTH CARE,0.115774773377
INDUSTRIALS,0.154647338836
MATERIALS,0.016598175002
REAL ESTATE,0.001872049895
TECHNOLOGY,0.068500007508
UTILITIES,0.023953228786
