SECTOR,WEIGHT
COMMUNICATION SERVICES,0.012329720647
CONSUMER DISCRETIONARY,0.106888570303
CONSUMER STAPLES,0.047495797225
FINANCIALS,0.111998989725
HEALTH CARE,0.141569332954
INDUSTRIALS,0.069287190126
MATERIALS,0.055684734431
REAL ESTATE,0.026353087571
TECHNOLOGY,0.405688911308
UTILITIES,0.022703665711
