SECTOR,WEIGHT
COMMUNICATION SERVICES,0.359185976369
CONSUMER DISCRETIONARY,0.253508558692
FINANCIALS,0.024986319897
HEALTH CARE,0.000323120524
INDUSTRIALS,0.05230050809
REAL ESTATE,0.002423904116
TECHNOLOGY,0.307271612311
