SECTOR,WEIGHT
COMMUNICATION SERVICES,0.35489306014
CONSUMER DISCRETIONARY,0.259806280622
FINANCIALS,0.026231456737
HEALTH CARE,0.000348178616
INDUSTRIALS,0.052550958642
REAL ESTATE,0.00252329445
TECHNOLOGY,0.303646770793
