SECTOR,WEIGHT
COMMUNICATION SERVICES,0.335030511175
CONSUMER DISCRETIONARY,0.258080107595
FINANCIALS,0.028197569113
HEALTH CARE,0.000393272931
INDUSTRIALS,0.051292597062
REAL ESTATE,0.003212229287
TECHNOLOGY,0.323793712837
