SECTOR,WEIGHT
COMMUNICATION SERVICES,0.34191911864
CONSUMER DISCRETIONARY,0.269418080481
FINANCIALS,0.028099843401
HEALTH CARE,0.000361229381
INDUSTRIALS,0.054871843621
REAL ESTATE,0.003195028843
TECHNOLOGY,0.302134855633
