SECTOR,WEIGHT
COMMUNICATION SERVICES,0.311381459883
CONSUMER DISCRETIONARY,0.260808365172
FINANCIALS,0.027247134526
HEALTH CARE,0.000301628795
INDUSTRIALS,0.048562236075
REAL ESTATE,0.002312487432
TECHNOLOGY,0.349386688116
