SECTOR,WEIGHT
COMMUNICATION SERVICES,0.338628595215
CONSUMER DISCRETIONARY,0.268312280365
FINANCIALS,0.028283422588
HEALTH CARE,0.000371228677
INDUSTRIALS,0.05326581174
REAL ESTATE,0.003247000152
TECHNOLOGY,0.307891661263
