SECTOR,WEIGHT
COMMUNICATION SERVICES,0.017529294677
CONSUMER DISCRETIONARY,0.115664337763
CONSUMER STAPLES,0.197963501058
FINANCIALS,0.019319733335
HEALTH CARE,0.192256102745
INDUSTRIALS,0.209703377327
MATERIALS,0.021001145281
REAL ESTATE,0.045434131362
TECHNOLOGY,0.181128376452
