SECTOR,WEIGHT
COMMUNICATION SERVICES,0.019486522438
CONSUMER DISCRETIONARY,0.112913493952
CONSUMER STAPLES,0.177589399843
FINANCIALS,0.020296045629
HEALTH CARE,0.200648817846
INDUSTRIALS,0.198888854465
MATERIALS,0.021296456387
REAL ESTATE,0.038176514033
TECHNOLOGY,0.210703895406
