SECTOR,WEIGHT
COMMUNICATION SERVICES,0.018316858435
CONSUMER DISCRETIONARY,0.132748189229
CONSUMER STAPLES,0.164065173752
FINANCIALS,0.042100554589
HEALTH CARE,0.198534371129
INDUSTRIALS,0.196419886761
REAL ESTATE,0.020353288008
TECHNOLOGY,0.227461678098
