SECTOR,WEIGHT
CONSUMER DISCRETIONARY,0.124207991256
CONSUMER STAPLES,0.128533134743
FINANCIALS,0.018445670953
HEALTH CARE,0.262508483127
INDUSTRIALS,0.187686803958
MATERIALS,0.016394706128
REAL ESTATE,0.018454679583
TECHNOLOGY,0.243768530252
