SECTOR,WEIGHT
COMMUNICATION SERVICES,0.016921725137
CONSUMER DISCRETIONARY,0.114879389301
CONSUMER STAPLES,0.197295366115
FINANCIALS,0.019094358958
HEALTH CARE,0.198951611612
INDUSTRIALS,0.211796270796
MATERIALS,0.023019310522
REAL ESTATE,0.045074896322
TECHNOLOGY,0.172967071238
