SECTOR,WEIGHT
COMMUNICATION SERVICES,0.019022570983
CONSUMER DISCRETIONARY,0.112788889978
CONSUMER STAPLES,0.1723706035
FINANCIALS,0.020141016124
HEALTH CARE,0.203430965524
INDUSTRIALS,0.201788311748
MATERIALS,0.021172426626
REAL ESTATE,0.039003523402
TECHNOLOGY,0.210281692113
