SECTOR,WEIGHT
COMMUNICATION SERVICES,0.017827800361
CONSUMER DISCRETIONARY,0.131910711891
CONSUMER STAPLES,0.167569314768
FINANCIALS,0.041992150364
HEALTH CARE,0.196841332076
INDUSTRIALS,0.197756989518
REAL ESTATE,0.020187494621
TECHNOLOGY,0.2259142064
