SECTOR,WEIGHT
COMMUNICATION SERVICES,0.022215301568
CONSUMER DISCRETIONARY,0.134122287968
CONSUMER STAPLES,0.146164227136
FINANCIALS,0.044222983494
HEALTH CARE,0.179071940206
INDUSTRIALS,0.211668223814
REAL ESTATE,0.021592442645
TECHNOLOGY,0.240942593169
