SECTOR,WEIGHT
COMMUNICATION SERVICES,0.018516536766
CONSUMER DISCRETIONARY,0.117882149855
CONSUMER STAPLES,0.181965929332
FINANCIALS,0.019902726674
HEALTH CARE,0.195015717153
INDUSTRIALS,0.206878342333
MATERIALS,0.022240046886
REAL ESTATE,0.040064488835
TECHNOLOGY,0.197534062167
