SECTOR,WEIGHT
COMMUNICATION SERVICES,0.001255755546
INDUSTRIALS,0.909271661783
MATERIALS,0.013813311009
TECHNOLOGY,0.075659271662
