SECTOR,WEIGHT
COMMUNICATION SERVICES,0.101284327034
CONSUMER DISCRETIONARY,0.108253146561
FINANCIALS,0.140343250255
HEALTH CARE,0.135048112063
INDUSTRIALS,0.115676781713
MATERIALS,0.02556103967
REAL ESTATE,0.025186544686
TECHNOLOGYQ,0.348646798018
