SECTOR,WEIGHT
COMMUNICATION SERVICES,0.099823752957
CONSUMER DISCRETIONARY,0.106184321851
FINANCIALS,0.140393732277
HEALTH CARE,0.130594637829
INDUSTRIALS,0.115099166595
MATERIALS,0.025048382526
REAL ESTATE,0.025473425282
TECHNOLOGY,0.357382580683
