SECTOR,WEIGHT
COMMUNICATION SERVICES,0.096067287423
CONSUMER DISCRETIONARY,0.13264870961
FINANCIALS,0.139146638964
HEALTH CARE,0.125878938422
INDUSTRIALS,0.124809761244
MATERIALS,0.030833331649
REAL ESTATE,0.029877337688
TECHNOLOGY,0.320737995
