SECTOR,WEIGHT
COMMUNICATION SERVICES,0.093472102426
CONSUMER DISCRETIONARY,0.13670524938
FINANCIALS,0.146412249961
HEALTH CARE,0.121127403377
INDUSTRIALS,0.114017045557
MATERIALS,0.035508561985
REAL ESTATE,0.029983533485
TECHNOLOGY,0.322773853828
