SECTOR,WEIGHT
COMMUNICATION SERVICES,0.094875257331
CONSUMER DISCRETIONARY,0.129731774167
FINANCIALS,0.142611349436
HEALTH CARE,0.128254003925
INDUSTRIALS,0.108885482337
MATERIALS,0.025531415409
REAL ESTATE,0.023964356944
TECHNOLOGY,0.346146360452
