SECTOR,WEIGHT
COMMUNICATION SERVICES,0.0991429862
CONSUMER DISCRETIONARY,0.133076154923
FINANCIALS,0.142613497106
HEALTH CARE,0.120307034157
INDUSTRIALS,0.112332410354
MATERIALS,0.034089136727
REAL ESTATE,0.03071556905
TECHNOLOGY,0.327723211482
