SECTOR,WEIGHT
COMMUNICATION SERVICES,0.097286906021
CONSUMER DISCRETIONARY,0.135529237976
FINANCIALS,0.142820140537
HEALTH CARE,0.118164020013
INDUSTRIALS,0.113621117918
MATERIALS,0.034077836405
REAL ESTATE,0.031521062776
TECHNOLOGY,0.326979678354
