SECTOR,WEIGHT
COMMUNICATION SERVICES,0.101086784087
CONSUMER DISCRETIONARY,0.092521230644
CONSUMER STAPLES,0.064082508841
ENERGY,0.071220302701
FINANCIALS,0.166454477362
HEALTH CARE,0.126526407528
INDUSTRIALS,0.100871917314
MATERIALS,0.037508308517
REAL ESTATE,0.023288947615
TECHNOLOGY,0.185112744813
UTILITIES,0.031326370579
