SECTOR,WEIGHT
COMMUNICATION SERVICES,0.102251879239
CONSUMER DISCRETIONARY,0.084196343177
CONSUMER STAPLES,0.065765861503
ENERGY,0.087756321443
FINANCIALS,0.157228530354
HEALTH CARE,0.122498942333
INDUSTRIALS,0.100833301587
MATERIALS,0.038235429754
REAL ESTATE,0.023031084395
TECHNOLOGY,0.183776484293
UTILITIES,0.034425821923
