SECTOR,WEIGHT
COMMUNICATION SERVICES,0.101113937321
CONSUMER DISCRETIONARY,0.091487863978
CONSUMER STAPLES,0.064444281544
ENERGY,0.066848289429
FINANCIALS,0.189595285172
HEALTH CARE,0.120822986091
INDUSTRIALS,0.095938391524
MATERIALS,0.032306491926
REAL ESTATE,0.024404596335
TECHNOLOGY,0.177227799329
UTILITIES,0.035810077352
