SECTOR,WEIGHT
COMMUNICATION SERVICES,0.103937178969
CONSUMER DISCRETIONARY,0.092208534277
CONSUMER STAPLES,0.062237566671
ENERGY,0.066067307673
FINANCIALS,0.178114644761
HEALTH CARE,0.125345300394
INDUSTRIALS,0.096370246524
MATERIALS,0.035003852878
REAL ESTATE,0.023283255974
TECHNOLOGY,0.186004494689
UTILITIES,0.031427617191
