SECTOR,WEIGHT
COMMUNICATION SERVICES,0.10138387485
CONSUMER DISCRETIONARY,0.089951865223
CONSUMER STAPLES,0.062876052948
ENERGY,0.079121540313
FINANCIALS,0.163658243081
HEALTH CARE,0.117428800642
INDUSTRIALS,0.09636983554
MATERIALS,0.038106698757
REAL ESTATE,0.023164861613
TECHNOLOGY,0.196851183313
UTILITIES,0.031087043722
