SECTOR,WEIGHT
COMMUNICATION SERVICES,0.102957258429
CONSUMER DISCRETIONARY,0.094150536212
CONSUMER STAPLES,0.061529779571
ENERGY,0.068897114911
FINANCIALS,0.1758768382
HEALTH CARE,0.126513686705
INDUSTRIALS,0.09744829584
MATERIALS,0.035933551647
REAL ESTATE,0.02311138108
TECHNOLOGY,0.182937451824
UTILITIES,0.03064410558
