SECTOR,WEIGHT
COMMUNICATION SERVICES,0.102363166888
CONSUMER DISCRETIONARY,0.09050025741
CONSUMER STAPLES,0.064824329982
ENERGY,0.068497184512
FINANCIALS,0.18278636146
HEALTH CARE,0.123849415969
INDUSTRIALS,0.095107601517
MATERIALS,0.031682501908
REAL ESTATE,0.025146082856
TECHNOLOGYQ,0.177583067409
UTILITIES,0.037660030088
