SECTOR,WEIGHT
COMMUNICATION SERVICES,0.10436413239
CONSUMER DISCRETIONARY,0.091763743715
CONSUMER STAPLES,0.062402593042
ENERGY,0.06712523315
FINANCIALS,0.176446534041
HEALTH CARE,0.125666125781
INDUSTRIALS,0.095850952195
MATERIALS,0.035012884028
REAL ESTATE,0.023457850537
TECHNOLOGY,0.186263652008
UTILITIES,0.031646299112
