SECTOR,WEIGHT
COMMUNICATION SERVICES,0.029437406527
CONSUMER DISCRETIONARY,0.105563357962
CONSUMER STAPLES,0.028252700775
ENERGY,0.067785420424
FINANCIALS,0.151164403744
HEALTH CARE,0.175867037537
INDUSTRIALS,0.171586908293
MATERIALS,0.039256288307
REAL ESTATE,0.066050889694
TECHNOLOGY,0.150737099618
UTILITIES,0.014298487121
