SECTOR,WEIGHT
COMMUNICATION SERVICES,0.029373263491
CONSUMER DISCRETIONARY,0.106091202634
CONSUMER STAPLES,0.027892727616
ENERGY,0.065931032803
FINANCIALS,0.15129676271
HEALTH CARE,0.178670947604
INDUSTRIALS,0.170482843441
MATERIALS,0.038788213351
REAL ESTATE,0.065809261518
TECHNOLOGY,0.151697593191
UTILITIES,0.013966151642
