SECTOR,WEIGHT
COMMUNICATION SERVICES,0.025805296957
CONSUMER DISCRETIONARY,0.114251711101
CONSUMER STAPLES,0.027473677505
ENERGY,0.051500379683
FINANCIALS,0.150267497015
HEALTH CARE,0.17940348823
INDUSTRIALS,0.183422768642
MATERIALS,0.044134226776
REAL ESTATE,0.065225590329
TECHNOLOGY,0.143772946552
UTILITIES,0.01474241721
