SECTOR,WEIGHT
COMMUNICATION SERVICES,0.025977436129
CONSUMER DISCRETIONARY,0.112993060767
CONSUMER STAPLES,0.028054863473
ENERGY,0.052225533673
FINANCIALS,0.148739556055
HEALTH CARE,0.179724228337
INDUSTRIALS,0.182263193986
MATERIALS,0.043858258253
REAL ESTATE,0.065660641084
TECHNOLOGY,0.144872531603
UTILITIES,0.01563069664
