SECTOR,WEIGHT
COMMUNICATION SERVICES,0.030509144133
CONSUMER DISCRETIONARY,0.103691586182
CONSUMER STAPLES,0.026866684562
ENERGY,0.063320654954
FINANCIALS,0.150862247973
HEALTH CARE,0.169121140143
INDUSTRIALS,0.172456685017
MATERIALS,0.039203034708
REAL ESTATE,0.065912716702
TECHNOLOGY,0.16489929045
UTILITIES,0.013156815178
