SECTOR,WEIGHT
INDUSTRIALS,0.875341652764
MATERIALS,0.017513238263
TECHNOLOGY,0.107145108974
