SECTOR,WEIGHT
INDUSTRIALS,0.874831299928
MATERIALS,0.020302034405
TECHNOLOGY,0.104866665666
