SECTOR,WEIGHT
INDUSTRIALS,0.876384895668
MATERIALS,0.020888394747
TECHNOLOGY,0.102726709585
