SECTOR,WEIGHT
INDUSTRIALS,0.874136500275
MATERIALS,0.02214943738
TECHNOLOGY,0.103714062345
