SECTOR,WEIGHT
HEALTH CARE,0.016494277894
INDUSTRIALS,0.892902786743
MATERIALS,0.012819319552
TECHNOLOGY,0.077783615811
