SECTOR,WEIGHT
INDUSTRIALS,0.875111208518
MATERIALS,0.01763024031
TECHNOLOGY,0.107258551172
