SECTOR,WEIGHT
INDUSTRIALS,0.873668159802
MATERIALS,0.018732059116
TECHNOLOGY,0.107599781082
