SECTOR,WEIGHT
INDUSTRIALS,0.877907878684
MATERIALS,0.017218825409
TECHNOLOGY,0.104873295908
