SECTOR,WEIGHT
INDUSTRIALS,0.874435933677
MATERIALS,0.022236325271
TECHNOLOGY,0.103327741052
