SECTOR,WEIGHT
HEALTH CARE,0.017090587017
INDUSTRIALS,0.893165066228
MATERIALS,0.013642846063
TECHNOLOGY,0.076101500693
