SECTOR,WEIGHT
HEALTH CARE,0.017678848767
INDUSTRIALS,0.892931564681
MATERIALS,0.012627033869
TECHNOLOGY,0.076762552684
