SECTOR,WEIGHT
FINANCIALS,0.032539584618
HEALTH CARE,0.113444625578
INDUSTRIALS,0.399298775067
MATERIALS,0.038667982339
TECHNOLOGY,0.416049032398
