SECTOR,WEIGHT
FINANCIALS,0.028037383178
HEALTH CARE,0.089181054966
INDUSTRIALS,0.41913511801
MATERIALS,0.042293679709
TECHNOLOGY,0.421352764137
