SECTOR,WEIGHT
FINANCIALS,0.031998758671
HEALTH CARE,0.11947786115
INDUSTRIALS,0.399580236027
MATERIALS,0.039859990207
TECHNOLOGY,0.409083153945
