SECTOR,WEIGHT
FINANCIALS,0.030016313214
HEALTH CARE,0.105057096248
INDUSTRIALS,0.396737357259
MATERIALS,0.042903752039
TECHNOLOGY,0.42528548124
