SECTOR,WEIGHT
FINANCIALS,0.035078833645
HEALTH CARE,0.116016451749
INDUSTRIALS,0.412860896567
MATERIALS,0.04303153447
TECHNOLOGY,0.393012283569
