SECTOR,WEIGHT
FINANCIALS,0.033302211033
HEALTH CARE,0.116701853942
INDUSTRIALS,0.409655660941
MATERIALS,0.047241439924
TECHNOLOGY,0.39309883416
