SECTOR,WEIGHT
FINANCIALS,0.027544046116
HEALTH CARE,0.120134503454
INDUSTRIALS,0.439443629399
MATERIALS,0.049846232512
TECHNOLOGY,0.36303158852
