SECTOR,WEIGHT
FINANCIALS,0.026567798566
HEALTH CARE,0.121767765802
INDUSTRIALS,0.442334952735
MATERIALS,0.045856147337
TECHNOLOGY,0.363473335559
