SECTOR,WEIGHT
FINANCIALS,0.032021584622
HEALTH CARE,0.117178638633
INDUSTRIALS,0.406813188056
MATERIALS,0.0396220331
TECHNOLOGY,0.404364555589
