SECTOR,WEIGHT
FINANCIALS,0.028031624377
HEALTH CARE,0.128463599675
INDUSTRIALS,0.451935688805
MATERIALS,0.053080802743
TECHNOLOGY,0.3384882844
