SECTOR,WEIGHT
COMMUNICATION SERVICES,0.110453644936
CONSUMER DISCRETIONARY,0.057783946707
CONSUMER STAPLES,0.03170934929
FINANCIALS,0.208928650686
HEALTH CARE,0.158098871436
INDUSTRIALS,0.116722886413
MATERIALS,0.034675008171
REAL ESTATE,0.039775134463
TECHNOLOGY,0.195356222033
UTILITIES,0.046496285865
