SECTOR,WEIGHT
COMMUNICATION SERVICES,0.114938757655
CONSUMER DISCRETIONARY,0.064195100612
CONSUMER STAPLES,0.029199475066
FINANCIALS,0.229330708661
HEALTH CARE,0.108486439195
INDUSTRIALS,0.131014873141
MATERIALS,0.037292213473
REAL ESTATE,0.044728783902
TECHNOLOGY,0.19050743657
UTILITIES,0.050306211724
