SECTOR,WEIGHT
COMMUNICATION SERVICES,0.099513143321
CONSUMER DISCRETIONARY,0.061807882575
CONSUMER STAPLES,0.027712838986
FINANCIALS,0.224414395037
HEALTH CARE,0.166341358495
INDUSTRIALS,0.123153432219
MATERIALS,0.029373217254
REAL ESTATE,0.048131873433
TECHNOLOGY,0.178215274274
UTILITIES,0.041336584405
