SECTOR,WEIGHT
COMMUNICATION SERVICES,0.106558334458
CONSUMER DISCRETIONARY,0.057415130931
CONSUMER STAPLES,0.031632696215
FINANCIALS,0.212054358092
HEALTH CARE,0.160585146982
INDUSTRIALS,0.119282904952
MATERIALS,0.034227554027
REAL ESTATE,0.041424080522
TECHNOLOGY,0.191133379921
UTILITIES,0.0456864139
