SECTOR,WEIGHT
COMMUNICATION SERVICES,0.100064601168
CONSUMER DISCRETIONARY,0.062243827278
CONSUMER STAPLES,0.026194569891
FINANCIALS,0.233676669148
HEALTH CARE,0.167363168908
INDUSTRIALS,0.120558418917
MATERIALS,0.029625253038
REAL ESTATE,0.04714079644
TECHNOLOGY,0.172565368558
UTILITIES,0.040567326655
