SECTOR,WEIGHT
COMMUNICATION SERVICES,0.100718868982
CONSUMER DISCRETIONARY,0.060894790832
CONSUMER STAPLES,0.026901683712
FINANCIALS,0.237424305172
HEALTH CARE,0.167039521249
INDUSTRIALS,0.119202495636
MATERIALS,0.029668261368
REAL ESTATE,0.047684608142
TECHNOLOGY,0.168288943416
UTILITIES,0.042176521492
