SECTOR,WEIGHT
COMMUNICATION SERVICES,0.171879714372
CONSUMER DISCRETIONARY,0.125012571658
CONSUMER STAPLES,0.014482550538
ENERGY,0.002715478226
FINANCIALS,0.042743638741
HEALTH CARE,0.047671728854
INDUSTRIALS,0.050688926883
MATERIALS,0.006637835663
REAL ESTATE,0.009051594086
TECHNOLOGY,0.529115960978
