SECTOR,WEIGHT
COMMUNICATION SERVICES,0.168399824356
CONSUMER DISCRETIONARY,0.124340206009
CONSUMER STAPLES,0.017605559502
ENERGY,0.004622200429
FINANCIALS,0.053408521127
HEALTH CARE,0.058960185772
INDUSTRIALS,0.054074720884
MATERIALS,0.0079180303
REAL ESTATE,0.008874624823
TECHNOLOGY,0.501796126797
