SECTOR,WEIGHT
COMMUNICATION SERVICES,0.162969828175
CONSUMER DISCRETIONARY,0.127295420405
CONSUMER STAPLES,0.015893225799
ENERGY,0.005776707608
FINANCIALS,0.052812743499
HEALTH CARE,0.056723794452
INDUSTRIALS,0.047677669154
MATERIALS,0.007654413714
REAL ESTATE,0.009051145903
TECHNOLOGY,0.51414505129
