SECTOR,WEIGHT
COMMUNICATION SERVICES,0.16013998521
CONSUMER DISCRETIONARY,0.128239393598
CONSUMER STAPLES,0.016258259248
ENERGY,0.003466472678
FINANCIALS,0.047357040657
HEALTH CARE,0.055495715641
INDUSTRIALS,0.054772277864
MATERIALS,0.007659397457
REAL ESTATE,0.009377562175
TECHNOLOGY,0.517233895471
