SECTOR,WEIGHT
COMMUNICATION SERVICES,0.158163844333
CONSUMER DISCRETIONARY,0.127561919435
CONSUMER STAPLES,0.013549411513
ENERGY,0.004960384216
FINANCIALS,0.053979706515
HEALTH CARE,0.055411880617
INDUSTRIALS,0.044526955706
MATERIALS,0.006976073854
REAL ESTATE,0.008658326044
TECHNOLOGY,0.526211497767
