SECTOR,WEIGHT
COMMUNICATION SERVICES,0.168269457574
CONSUMER DISCRETIONARY,0.123537187727
CONSUMER STAPLES,0.014482832689
ENERGY,0.002792379274
FINANCIALS,0.042865330433
HEALTH CARE,0.046324187003
INDUSTRIALS,0.052294378204
MATERIALS,0.006934776564
REAL ESTATE,0.0091048427
TECHNOLOGY,0.533394627832
