SECTOR,WEIGHT
COMMUNICATION SERVICES,0.162816959141
CONSUMER DISCRETIONARY,0.127674794069
CONSUMER STAPLES,0.015828491687
ENERGY,0.003391747885
FINANCIALS,0.04632709671
HEALTH CARE,0.054569365564
INDUSTRIALS,0.055338938692
MATERIALS,0.007559096887
REAL ESTATE,0.009171583663
TECHNOLOGY,0.517321925701
