SECTOR,WEIGHT
COMMUNICATION SERVICES,0.165345431567
CONSUMER DISCRETIONARY,0.124412426274
CONSUMER STAPLES,0.017976566369
ENERGY,0.00427664262
FINANCIALS,0.052597580688
HEALTH CARE,0.059762489112
INDUSTRIALS,0.051679363316
MATERIALS,0.008318205518
REAL ESTATE,0.008897867907
TECHNOLOGY,0.506733426629
