SECTOR,WEIGHT
COMMUNICATION SERVICES,0.171535576764
CONSUMER DISCRETIONARY,0.127659659921
CONSUMER STAPLES,0.015864329858
ENERGY,0.005989286557
FINANCIALS,0.051734784551
HEALTH CARE,0.053808192219
INDUSTRIALS,0.047676327508
MATERIALS,0.007822721134
REAL ESTATE,0.009104920452
TECHNOLOGY,0.508804201035
