SECTOR,WEIGHT
COMMUNICATION SERVICES,0.042414140397
CONSUMER DISCRETIONARY,0.047638231443
CONSUMER STAPLES,0.095363077853
ENERGY,0.069162050559
FINANCIALS,0.235330849028
HEALTH CARE,0.162650820828
INDUSTRIALS,0.119420888307
MATERIALS,0.038252593413
REAL ESTATE,0.024184711451
TECHNOLOGY,0.117734917917
UTILITIES,0.047847718804
