SECTOR,WEIGHT
COMMUNICATION SERVICES,0.040593759467
CONSUMER DISCRETIONARY,0.042916287994
CONSUMER STAPLES,0.095122690094
ENERGY,0.077754215894
FINANCIALS,0.224174492578
HEALTH CARE,0.145814399677
INDUSTRIALS,0.122084216904
MATERIALS,0.036958497425
REAL ESTATE,0.02433605978
TECHNOLOGY,0.142482076139
UTILITIES,0.047763304049
