SECTOR,WEIGHT
COMMUNICATION SERVICES,0.042600444175
CONSUMER DISCRETIONARY,0.04572986069
CONSUMER STAPLES,0.095295780335
ENERGY,0.075307894206
FINANCIALS,0.229254996972
HEALTH CARE,0.149808197052
INDUSTRIALS,0.126186149808
MATERIALS,0.037351100343
REAL ESTATE,0.024126791843
TECHNOLOGY,0.125378558449
UTILITIES,0.048960226126
