SECTOR,WEIGHT
COMMUNICATION SERVICES,0.041727367746
CONSUMER DISCRETIONARY,0.048151929588
CONSUMER STAPLES,0.099020778938
ENERGY,0.06525752727
FINANCIALS,0.242251784713
HEALTH CARE,0.175968224246
INDUSTRIALS,0.113757521217
MATERIALS,0.036587112942
REAL ESTATE,0.024391744922
TECHNOLOGYQ,0.102638630503
UTILITIES,0.050247377915
