SECTOR,WEIGHT
COMMUNICATION SERVICES,0.041696911614
CONSUMER DISCRETIONARY,0.049135392122
CONSUMER STAPLES,0.092414008749
ENERGY,0.06746611466
FINANCIALS,0.230924871042
HEALTH CARE,0.167908443848
INDUSTRIALS,0.119588269393
MATERIALS,0.038467512612
REAL ESTATE,0.025096115483
TECHNOLOGY,0.118606556462
UTILITIES,0.048695804015
