SECTOR,WEIGHT
COMMUNICATION SERVICES,0.041156022098
CONSUMER DISCRETIONARY,0.047952420178
CONSUMER STAPLES,0.091296703208
ENERGY,0.068941800114
FINANCIALS,0.227717099049
HEALTH CARE,0.163564700219
INDUSTRIALS,0.117064407176
MATERIALS,0.03895869796
REAL ESTATE,0.024350822637
TECHNOLOGY,0.122225399939
UTILITIES,0.048641223895
