SECTOR,WEIGHT
COMMUNICATION SERVICES,0.029781917711
CONSUMER DISCRETIONARY,0.080713786582
CONSUMER STAPLES,0.018765737342
ENERGY,0.066798072568
FINANCIALS,0.173869469587
HEALTH CARE,0.170957980182
INDUSTRIALS,0.189979239097
MATERIALS,0.047699090125
REAL ESTATE,0.052926396127
TECHNOLOGY,0.13739372866
UTILITIES,0.031114582019
