SECTOR,WEIGHT
COMMUNICATION SERVICES,0.029323643795
CONSUMER DISCRETIONARY,0.081241810002
CONSUMER STAPLES,0.018477757996
ENERGY,0.065121779164
FINANCIALS,0.177309566406
HEALTH CARE,0.16691032635
INDUSTRIALS,0.192047401703
MATERIALS,0.046886572658
REAL ESTATE,0.053293017919
TECHNOLOGY,0.138540444025
UTILITIES,0.030847679982
