SECTOR,WEIGHT
COMMUNICATION SERVICES,0.028698464026
CONSUMER DISCRETIONARY,0.076697655618
CONSUMER STAPLES,0.017683912692
ENERGY,0.064268391269
FINANCIALS,0.172089733226
HEALTH CARE,0.156628940986
INDUSTRIALS,0.202809215845
MATERIALS,0.045169765562
REAL ESTATE,0.052748585287
TECHNOLOGY,0.155012126112
UTILITIES,0.028193209378
