SECTOR,WEIGHT
COMMUNICATION SERVICES,0.032261333568
CONSUMER DISCRETIONARY,0.080886198651
CONSUMER STAPLES,0.019096184424
ENERGY,0.066591797754
FINANCIALS,0.168718336429
HEALTH CARE,0.173231791491
INDUSTRIALS,0.186692424719
MATERIALS,0.044976563982
REAL ESTATE,0.05647326839
TECHNOLOGY,0.139969681182
UTILITIES,0.031102419411
