SECTOR,WEIGHT
COMMUNICATION SERVICES,0.022736178068
CONSUMER DISCRETIONARY,0.102168238023
CONSUMER STAPLES,0.021104668887
ENERGY,0.051528300885
FINANCIALS,0.176251109916
HEALTH CARE,0.170585262204
INDUSTRIALS,0.174458953299
MATERIALS,0.042341736572
REAL ESTATE,0.063235007259
TECHNOLOGY,0.147879957369
UTILITIES,0.02771058752
