SECTOR,WEIGHT
COMMUNICATION SERVICES,0.032456508341
CONSUMER DISCRETIONARY,0.083884340819
CONSUMER STAPLES,0.019233746344
ENERGY,0.063353823868
FINANCIALS,0.172353970516
HEALTH CARE,0.170138413119
INDUSTRIALS,0.185096009078
MATERIALS,0.048448913705
REAL ESTATE,0.056169493343
TECHNOLOGY,0.138192464722
UTILITIES,0.030672316145
