SECTOR,WEIGHT
COMMUNICATION SERVICES,0.019723565613
CONSUMER DISCRETIONARY,0.102153621018
CONSUMER STAPLES,0.020274214936
ENERGY,0.056833950569
FINANCIALS,0.16760023736
HEALTH CARE,0.1666233709
INDUSTRIALS,0.183621436177
MATERIALS,0.045832081121
REAL ESTATE,0.061007396838
TECHNOLOGY,0.149731828294
UTILITIES,0.026598297173
