SECTOR,WEIGHT
COMMUNICATION SERVICES,0.030211175104
CONSUMER DISCRETIONARY,0.080024249773
CONSUMER STAPLES,0.017277963019
ENERGY,0.063251490351
FINANCIALS,0.174295240982
HEALTH CARE,0.167020309185
INDUSTRIALS,0.192482570476
MATERIALS,0.045468323734
REAL ESTATE,0.051631807618
TECHNOLOGY,0.150146509043
UTILITIES,0.028190360715
