SECTOR,WEIGHT
FINANCIALS,0.716842676613
REAL ESTATE,0.283157323387
