SECTOR,WEIGHT
FINANCIALS,0.742547433705
REAL ESTATE,0.257452566295
