SECTOR,WEIGHT
FINANCIALS,0.719160644842
REAL ESTATE,0.280839355158
