SECTOR,WEIGHT
FINANCIALS,0.748697451569
REAL ESTATE,0.251302548431
