SECTOR,WEIGHT
FINANCIALS,0.721294415137
REAL ESTATE,0.278705584863
