SECTOR,WEIGHT
FINANCIALS,0.729624488307
REAL ESTATE,0.270375511693
