SECTOR,WEIGHT
FINANCIALS,0.726068158826
REAL ESTATE,0.272118902976
