SECTOR,WEIGHT
INDUSTRIALS,0.993594163571
MATERIALS,0.006405836429
