SECTOR,WEIGHT
INDUSTRIALS,0.993928149941
MATERIALS,0.006071850059
