SECTOR,WEIGHT
INDUSTRIALS,0.994123738675
MATERIALS,0.005876261325
