SECTOR,WEIGHT
INDUSTRIALS,0.993609935735
MATERIALS,0.006390064265
