SECTOR,WEIGHT
INDUSTRIALS,0.993121828046
MATERIALS,0.006878171954
