SECTOR,WEIGHT
INDUSTRIALS,0.993884940135
MATERIALS,0.006115059865
