SECTOR,WEIGHT
INDUSTRIALS,0.982131088686
MATERIALS,0.006231317797
