SECTOR,WEIGHT
INDUSTRIALS,0.993701653591
MATERIALS,0.006298346409
