SECTOR,WEIGHT
COMMUNICATION SERVICES,0.546574545655
INDUSTRIALS,0.052019906106
REAL ESTATE,0.01676359433
UTILITIES,0.384641953909
