SECTOR,WEIGHT
COMMUNICATION SERVICES,0.527811206637
INDUSTRIALS,0.054507761379
REAL ESTATE,0.017893265128
UTILITIES,0.399787766856
