SECTOR,WEIGHT
COMMUNICATION SERVICES,0.545492894898
INDUSTRIALS,0.052330899428
REAL ESTATE,0.016817580079
UTILITIES,0.385358625594
