SECTOR,WEIGHT
COMMUNICATION SERVICES,0.604774535809
INDUSTRIALS,0.044668435013
REAL ESTATE,0.02175066313
UTILITIES,0.328806366048
