SECTOR,WEIGHT
COMMUNICATION SERVICES,0.521977115718
INDUSTRIALS,0.05528006919
REAL ESTATE,0.018357964986
UTILITIES,0.404384850106
