SECTOR,WEIGHT
COMMUNICATION SERVICES,0.543162743102
INDUSTRIALS,0.053338093235
REAL ESTATE,0.017378233194
UTILITIES,0.386120930469
