SECTOR,WEIGHT
COMMUNICATION SERVICES,0.549644286394
INDUSTRIALS,0.052273735826
REAL ESTATE,0.016744542813
UTILITIES,0.381337434967
