SECTOR,WEIGHT
COMMUNICATION SERVICES,0.577413388098
INDUSTRIALS,0.047862445139
REAL ESTATE,0.01597787597
UTILITIES,0.358746290793
