SECTOR,WEIGHT
COMMUNICATION SERVICES,0.558961626367
INDUSTRIALS,0.054345452834
REAL ESTATE,0.016068971181
UTILITIES,0.370623949618
