SECTOR,WEIGHT
COMMUNICATION SERVICES,0.599959887643
INDUSTRIALS,0.046752119429
REAL ESTATE,0.020905117297
UTILITIES,0.332382875632
