SECTOR,WEIGHT
COMMUNICATION SERVICES,0.079376408052
CONSUMER DISCRETIONARY,0.04602012287
CONSUMER STAPLES,0.023046479592
ENERGY,0.01534008032
FINANCIALS,0.148140605509
HEALTH CARE,0.133811318186
INDUSTRIALS,0.189219506756
MATERIALS,0.021705257546
TECHNOLOGY,0.343340221168
