SECTOR,WEIGHT
COMMUNICATION SERVICES,0.075580566775
CONSUMER DISCRETIONARY,0.047895276874
CONSUMER STAPLES,0.01924316262
ENERGY,0.013857359657
FINANCIALS,0.146984899396
HEALTH CARE,0.143750267371
INDUSTRIALS,0.176930497539
MATERIALS,0.020750637586
TECHNOLOGY,0.355007332181
