SECTOR,WEIGHT
COMMUNICATION SERVICES,0.063976772127
CONSUMER DISCRETIONARY,0.065879054866
CONSUMER STAPLES,0.012214657589
ENERGY,0.013816579896
FINANCIALS,0.163095714858
HEALTH CARE,0.117040448538
INDUSTRIALS,0.214156988386
MATERIALS,0.035142170605
TECHNOLOGY,0.314677613136
