SECTOR,WEIGHT
COMMUNICATION SERVICES,0.061118688482
CONSUMER DISCRETIONARY,0.064260400218
CONSUMER STAPLES,0.012189647237
ENERGY,0.013652281907
FINANCIALS,0.166804605522
HEALTH CARE,0.12289037641
INDUSTRIALS,0.221470136229
MATERIALS,0.036918680479
TECHNOLOGY,0.300695183515
