SECTOR,WEIGHT
COMMUNICATION SERVICES,0.063044809268
CONSUMER DISCRETIONARY,0.063224272512
CONSUMER STAPLES,0.010488477117
ENERGY,0.012297087336
FINANCIALS,0.165450418817
HEALTH CARE,0.123873182891
INDUSTRIALS,0.222190571279
MATERIALS,0.03519954433
TECHNOLOGY,0.30423163645
