SECTOR,WEIGHT
COMMUNICATION SERVICES,0.077715933492
CONSUMER DISCRETIONARY,0.045256944319
CONSUMER STAPLES,0.02388742783
ENERGY,0.016671208443
FINANCIALS,0.147114898042
HEALTH CARE,0.135329898365
INDUSTRIALS,0.190844294818
MATERIALS,0.023905143593
TECHNOLOGY,0.339274251098
