SECTOR,WEIGHT
COMMUNICATION SERVICES,0.075149703052
CONSUMER DISCRETIONARY,0.044771281835
CONSUMER STAPLES,0.018585768488
ENERGY,0.012608137177
FINANCIALS,0.144329680688
HEALTH CARE,0.137861067878
INDUSTRIALS,0.174010805246
MATERIALS,0.020401185321
TECHNOLOGY,0.372282370315
