SECTOR,WEIGHT
COMMUNICATION SERVICES,0.078871266783
CONSUMER DISCRETIONARY,0.043436140357
CONSUMER STAPLES,0.019229428428
ENERGY,0.01125778006
FINANCIALS,0.141009638507
HEALTH CARE,0.145483464667
INDUSTRIALS,0.174721110604
MATERIALS,0.020985721582
TECHNOLOGYQ,0.365005449012
