SECTOR,WEIGHT
COMMUNICATION SERVICES,0.075674752055
CONSUMER DISCRETIONARY,0.045840193707
CONSUMER STAPLES,0.019140198156
ENERGY,0.011853142676
FINANCIALS,0.146554093434
HEALTH CARE,0.139641493194
INDUSTRIALS,0.176201801819
MATERIALS,0.020343269
TECHNOLOGY,0.36475105596
