SECTOR,WEIGHT
COMMUNICATION SERVICES,0.064425620496
CONSUMER DISCRETIONARY,0.066153962822
CONSUMER STAPLES,0.01277985566
ENERGY,0.01331769362
FINANCIALS,0.16634481872
HEALTH CARE,0.118161738863
INDUSTRIALS,0.216433422411
MATERIALS,0.03570115652
TECHNOLOGY,0.306681730889
