SECTOR,WEIGHT
COMMUNICATION SERVICES,0.059558044189
CONSUMER DISCRETIONARY,0.063244003147
CONSUMER STAPLES,0.011968748402
ENERGY,0.014435048584
FINANCIALS,0.168721640472
HEALTH CARE,0.125983311226
INDUSTRIALS,0.219024492122
MATERIALS,0.036716319246
TECHNOLOGY,0.300348392611
