SECTOR,WEIGHT
COMMUNICATION SERVICES,0.080100416226
CONSUMER DISCRETIONARY,0.047397689752
CONSUMER STAPLES,0.023575255121
ENERGY,0.016132541368
FINANCIALS,0.151969361961
HEALTH CARE,0.139689652368
INDUSTRIALS,0.188266339708
MATERIALS,0.02271792412
TECHNOLOGY,0.330150819377
