SECTOR,WEIGHT
COMMUNICATION SERVICES,0.006242983296
CONSUMER DISCRETIONARY,0.075406843282
CONSUMER STAPLES,0.023254786421
ENERGY,0.081633759708
FINANCIALS,0.090409283438
HEALTH CARE,0.058179141587
INDUSTRIALS,0.1924549977
MATERIALS,0.060716702918
REAL ESTATE,0.056808436714
TECHNOLOGY,0.309149680972
UTILITIES,0.045743383964
