SECTOR,WEIGHT
COMMUNICATION SERVICES,0.006630837301
CONSUMER DISCRETIONARY,0.076068268167
CONSUMER STAPLES,0.024732882861
ENERGY,0.091265690377
FINANCIALS,0.090396006669
HEALTH CARE,0.057304942368
INDUSTRIALS,0.201066264288
MATERIALS,0.072161705061
REAL ESTATE,0.057839978198
TECHNOLOGY,0.275031460908
UTILITIES,0.047501963802
