SECTOR,WEIGHT
COMMUNICATION SERVICES,0.005603073456
CONSUMER DISCRETIONARY,0.06980545888
CONSUMER STAPLES,0.02522487604
ENERGY,0.115410259448
FINANCIALS,0.082954607072
HEALTH CARE,0.055769659458
INDUSTRIALS,0.205546440241
MATERIALS,0.06908448993
REAL ESTATE,0.058986908088
TECHNOLOGY,0.260995780625
UTILITIES,0.050618446764
