SECTOR,WEIGHT
COMMUNICATION SERVICES,0.00646033684
CONSUMER DISCRETIONARY,0.07665397654
CONSUMER STAPLES,0.024161359066
ENERGY,0.084322180857
FINANCIALS,0.094121444309
HEALTH CARE,0.060851461369
INDUSTRIALS,0.198768877315
MATERIALS,0.067411033794
REAL ESTATE,0.058645223761
TECHNOLOGY,0.282523711291
UTILITIES,0.046080394857
