SECTOR,WEIGHT
COMMUNICATION SERVICES,0.006547636939
CONSUMER DISCRETIONARY,0.075299327702
CONSUMER STAPLES,0.02402737283
ENERGY,0.081543378721
FINANCIALS,0.093643732404
HEALTH CARE,0.059635095735
INDUSTRIALS,0.195163665875
MATERIALS,0.065430280441
REAL ESTATE,0.058190307293
TECHNOLOGY,0.293619685994
UTILITIES,0.046899516066
