SECTOR,WEIGHT
COMMUNICATION SERVICES,0.006279951736
CONSUMER DISCRETIONARY,0.076669417157
CONSUMER STAPLES,0.023920231764
ENERGY,0.083060793868
FINANCIALS,0.091278134806
HEALTH CARE,0.060329095169
INDUSTRIALS,0.19227533814
MATERIALS,0.06096050336
REAL ESTATE,0.058667758832
TECHNOLOGY,0.299031506165
UTILITIES,0.047527269004
