SECTOR,WEIGHT
COMMUNICATION SERVICES,0.004118947157
CONSUMER DISCRETIONARY,0.063492063492
CONSUMER STAPLES,0.0226039783
ENERGY,0.094635322483
FINANCIALS,0.08328310227
HEALTH CARE,0.050833835644
INDUSTRIALS,0.206148282098
MATERIALS,0.067611010649
REAL ESTATE,0.058167570826
TECHNOLOGY,0.303295157726
UTILITIES,0.045810729355
