SECTOR,WEIGHT
COMMUNICATION SERVICES,0.006283721113
CONSUMER DISCRETIONARY,0.077952107855
CONSUMER STAPLES,0.024734929068
ENERGY,0.081749674157
FINANCIALS,0.094154320473
HEALTH CARE,0.059823476979
INDUSTRIALS,0.195996225547
MATERIALS,0.065007823248
REAL ESTATE,0.059021556389
TECHNOLOGY,0.28729558813
UTILITIES,0.047980577041
