SECTOR,WEIGHT
COMMUNICATION SERVICES,0.005791627954
CONSUMER DISCRETIONARY,0.06934585541
CONSUMER STAPLES,0.025180423373
ENERGY,0.107472566105
FINANCIALS,0.083080631796
HEALTH CARE,0.054271149838
INDUSTRIALS,0.205778570173
MATERIALS,0.068690957487
REAL ESTATE,0.060860306858
TECHNOLOGY,0.268149561811
UTILITIES,0.051378349195
