SECTOR,WEIGHT
COMMUNICATION SERVICES,0.005939306489
CONSUMER DISCRETIONARY,0.077348454365
CONSUMER STAPLES,0.024146557079
ENERGY,0.081073189234
FINANCIALS,0.091201819019
HEALTH CARE,0.061648777169
INDUSTRIALS,0.189934385665
MATERIALS,0.061000560918
REAL ESTATE,0.059802464627
TECHNOLOGYQ,0.29882969874
UTILITIES,0.049074786696
