SECTOR,WEIGHT
COMMUNICATION SERVICES,0.033735765907
ENERGY,0.059411518801
INDUSTRIALS,0.084025635653
UTILITIES,0.822827079639
