SECTOR,WEIGHT
COMMUNICATION SERVICES,0.024882027896
ENERGY,0.064192681414
INDUSTRIALS,0.089344675248
UTILITIES,0.821580615442
