SECTOR,WEIGHT
COMMUNICATION SERVICES,0.060046561694
ENERGY,0.033548451699
INDUSTRIALS,0.068564848424
UTILITIES,0.837840138183
