SECTOR,WEIGHT
COMMUNICATION SERVICES,0.060164194216
ENERGY,0.03139218927
INDUSTRIALS,0.06248524333
UTILITIES,0.845958373185
