SECTOR,WEIGHT
COMMUNICATION SERVICES,0.09093637455
CONSUMER DISCRETIONARY,0.051120448179
CONSUMER STAPLES,0.080332132853
FINANCIALS,0.096838735494
HEALTH CARE,0.033713485394
INDUSTRIALS,0.158963585434
MATERIALS,0.011304521809
TECHNOLOGY,0.476790716287
