SECTOR,WEIGHT
COMMUNICATION SERVICES,0.093323715701
CONSUMER DISCRETIONARY,0.073789984123
CONSUMER STAPLES,0.079216409735
FINANCIALS,0.112527299703
HEALTH CARE,0.050584611321
INDUSTRIALS,0.117845677018
MATERIALS,0.015801063075
TECHNOLOGY,0.456911239324
