SECTOR,WEIGHT
COMMUNICATION SERVICES,0.086459410846
CONSUMER DISCRETIONARY,0.070152920863
CONSUMER STAPLES,0.087545843246
FINANCIALS,0.096153269001
HEALTH CARE,0.046553528304
INDUSTRIALS,0.13278484837
MATERIALS,0.021766663132
TECHNOLOGY,0.458583516239
