SECTOR,WEIGHT
COMMUNICATION SERVICES,0.091062144937
CONSUMER DISCRETIONARY,0.070942042541
CONSUMER STAPLES,0.079380021147
FINANCIALS,0.099845245372
HEALTH CARE,0.045050902969
INDUSTRIALS,0.113847188057
MATERIALS,0.020873368299
TECHNOLOGY,0.478999086678
