SECTOR,WEIGHT
COMMUNICATION SERVICES,0.094439286743
CONSUMER DISCRETIONARY,0.052509844095
CONSUMER STAPLES,0.083387689279
FINANCIALS,0.106248199251
HEALTH CARE,0.036022985562
INDUSTRIALS,0.155131534718
MATERIALS,0.011197658226
TECHNOLOGY,0.461062802126
