SECTOR,WEIGHT
CONSUMER DISCRETIONARY,0.020323356553
CONSUMER STAPLES,0.036303543447
ENERGY,0.084951871799
INDUSTRIALS,0.431073304979
MATERIALS,0.060850462408
TECHNOLOGY,0.299462535498
UTILITIES,0.067034925317
