SECTOR,WEIGHT
CONSUMER DISCRETIONARY,0.036089629189
CONSUMER STAPLES,0.024426397074
ENERGY,0.08284444386
INDUSTRIALS,0.477629403703
MATERIALS,0.046056948913
TECHNOLOGY,0.21641178681
UTILITIES,0.116541390451
