SECTOR,WEIGHT
CONSUMER DISCRETIONARY,0.033428149493
CONSUMER STAPLES,0.022163640766
ENERGY,0.078160072072
INDUSTRIALS,0.473612168462
MATERIALS,0.043856109207
TECHNOLOGYQ,0.227732199611
UTILITIES,0.121047660389
