SECTOR,WEIGHT
CONSUMER DISCRETIONARY,0.034937271717
CONSUMER STAPLES,0.027324519613
ENERGY,0.081751892436
INDUSTRIALS,0.461380419247
MATERIALS,0.059426446456
TECHNOLOGY,0.233874596369
UTILITIES,0.101304854163
