SECTOR,WEIGHT
CONSUMER DISCRETIONARY,0.039157466908
CONSUMER STAPLES,0.024701488439
ENERGY,0.082201351129
INDUSTRIALS,0.473958367661
MATERIALS,0.04636458505
TECHNOLOGY,0.214493326742
UTILITIES,0.119123414072
