SECTOR,WEIGHT
CONSUMER DISCRETIONARY,0.018501033377
CONSUMER STAPLES,0.03189715199
ENERGY,0.080988374378
INDUSTRIALS,0.490872924302
MATERIALS,0.053949255172
TECHNOLOGY,0.27585685682
UTILITIES,0.047934403961
