SECTOR,WEIGHT
COMMUNICATION SERVICES,0.095168150678
CONSUMER DISCRETIONARY,0.063933378092
CONSUMER STAPLES,0.030032088258
ENERGY,0.168677977769
FINANCIALS,0.276586377649
HEALTH CARE,0.132873605081
INDUSTRIALS,0.073322720628
MATERIALS,0.057698830635
TECHNOLOGY,0.059383789376
UTILITIES,0.042323081834
