SECTOR,WEIGHT
COMMUNICATION SERVICES,0.075252676874
CONSUMER DISCRETIONARY,0.043430401281
CONSUMER STAPLES,0.058741118783
ENERGY,0.140398278795
FINANCIALS,0.370159111378
HEALTH CARE,0.13989792855
INDUSTRIALS,0.040128089663
MATERIALS,0.012608826178
REAL ESTATE,0.014710297208
TECHNOLOGY,0.037626338437
UTILITIES,0.067046932853
