SECTOR,WEIGHT
COMMUNICATION SERVICES,0.093601240064
CONSUMER DISCRETIONARY,0.064193743039
CONSUMER STAPLES,0.027884435452
ENERGY,0.152742461496
FINANCIALS,0.295454932088
HEALTH CARE,0.133293905852
INDUSTRIALS,0.07510835052
MATERIALS,0.047109835555
TECHNOLOGY,0.071027506172
UTILITIES,0.039583589762
