SECTOR,WEIGHT
COMMUNICATION SERVICES,0.096295769798
CONSUMER DISCRETIONARY,0.063174734111
CONSUMER STAPLES,0.030416092709
ENERGY,0.169564486161
FINANCIALS,0.276472802409
HEALTH CARE,0.134776636981
INDUSTRIALS,0.073153591107
MATERIALS,0.056090025948
TECHNOLOGY,0.057876970144
UTILITIES,0.042178890633
