SECTOR,WEIGHT
COMMUNICATION SERVICES,0.079380476283
CONSUMER DISCRETIONARY,0.04537827227
CONSUMER STAPLES,0.056234337406
ENERGY,0.160527963168
FINANCIALS,0.342402054412
HEALTH CARE,0.148787892727
INDUSTRIALS,0.04557827347
MATERIALS,0.017255103531
TECHNOLOGYQ,0.076160456963
UTILITIES,0.028295169771
