SECTOR,WEIGHT
COMMUNICATION SERVICES,0.091817651491
CONSUMER DISCRETIONARY,0.064259648203
CONSUMER STAPLES,0.02789721258
ENERGY,0.153761871074
FINANCIALS,0.290372159622
HEALTH CARE,0.135926866877
INDUSTRIALS,0.077923078539
MATERIALS,0.053695129895
TECHNOLOGY,0.064639882808
UTILITIES,0.03970649891
