SECTOR,WEIGHT
COMMUNICATION SERVICES,0.079804750051
CONSUMER DISCRETIONARY,0.040712567884
CONSUMER STAPLES,0.05857598936
ENERGY,0.158874148368
FINANCIALS,0.354445562876
HEALTH CARE,0.136170665895
INDUSTRIALS,0.03983557053
MATERIALS,0.011662156108
REAL ESTATE,0.013432224077
TECHNOLOGY,0.035732870423
UTILITIES,0.070753494428
