SECTOR,WEIGHT
ENERGY,0.970665889747
UTILITIES,0.029334110253
