SECTOR,WEIGHT
ENERGY,0.971539864612
UTILITIES,0.028460135388
