SECTOR,WEIGHT
ENERGY,0.975873460807
UTILITIES,0.024126539193
