SECTOR,WEIGHT
ENERGY,0.972369767214
UTILITIES,0.027630232786
