SECTOR,WEIGHT
ENERGY,0.975106916767
UTILITIES,0.024893083233
