SECTOR,WEIGHT
ENERGY,0.972407270252
UTILITIES,0.027592729748
