SECTOR,WEIGHT
ENERGY,0.972888003517
UTILITIES,0.027111996483
