SECTOR,WEIGHT
ENERGY,0.971998105843
UTILITIES,0.028001894157
