SECTOR,WEIGHT
ENERGY,0.971195673944
UTILITIES,0.028804326056
