SECTOR,WEIGHT
ENERGY,0.976448966749
MATERIALS,0.023551033251
