SECTOR,WEIGHT
ENERGY,0.960853082185
MATERIALS,0.039146917815
