SECTOR,WEIGHT
ENERGY,0.963787580015
MATERIALS,0.036212419985
