SECTOR,WEIGHT
ENERGY,0.973805343806
MATERIALS,0.026194656194
