SECTOR,WEIGHT
ENERGY,0.963363852589
MATERIALS,0.036636147411
