SECTOR,WEIGHT
ENERGY,0.956941923274
MATERIALS,0.043058076726
