SECTOR,WEIGHT
ENERGY,0.966610442114
MATERIALS,0.033389557886
