SECTOR,WEIGHT
ENERGY,0.957053909854
MATERIALS,0.042946090146
