SECTOR,WEIGHT
ENERGY,0.970029884958
MATERIALS,0.029970115042
