SECTOR,WEIGHT
COMMUNICATION SERVICES,0.025459481482
CONSUMER DISCRETIONARY,0.068831071679
CONSUMER STAPLES,0.064544037673
ENERGY,0.09546395534
FINANCIALS,0.229719793445
HEALTH CARE,0.077614617307
INDUSTRIALS,0.177342831812
MATERIALS,0.018860366645
REAL ESTATE,0.050029834004
TECHNOLOGY,0.192134010613
