SECTOR,WEIGHT
COMMUNICATION SERVICES,0.064355483837
CONSUMER DISCRETIONARY,0.088715654609
CONSUMER STAPLES,0.106017439407
ENERGY,0.041543565066
FINANCIALS,0.188739521072
HEALTH CARE,0.160688480744
INDUSTRIALS,0.116950223018
MATERIALS,0.011860878135
REAL ESTATE,0.02802311778
TECHNOLOGY,0.173704556702
UTILITIES,0.01940107963
