SECTOR,WEIGHT
COMMUNICATION SERVICES,0.060081625801
CONSUMER DISCRETIONARY,0.095687870542
CONSUMER STAPLES,0.103398180912
ENERGY,0.03740188221
FINANCIALS,0.184579022042
HEALTH CARE,0.155164914254
INDUSTRIALS,0.115941259555
MATERIALS,0.010649952562
REAL ESTATE,0.028324385705
TECHNOLOGY,0.190998096702
UTILITIES,0.017772809713
