SECTOR,WEIGHT
COMMUNICATION SERVICES,0.061845661458
CONSUMER DISCRETIONARY,0.094878907072
CONSUMER STAPLES,0.096916607158
ENERGY,0.034055379092
FINANCIALS,0.191477586307
HEALTH CARE,0.153086127494
INDUSTRIALS,0.110020493265
MATERIALS,0.010225652524
REAL ESTATE,0.026501283462
TECHNOLOGY,0.20324229342
UTILITIES,0.017750008748
