SECTOR,WEIGHT
COMMUNICATION SERVICES,0.060501778345
CONSUMER DISCRETIONARY,0.094345784356
CONSUMER STAPLES,0.101084216878
ENERGY,0.03877970024
FINANCIALS,0.184860463588
HEALTH CARE,0.153399684962
INDUSTRIALS,0.116599868156
MATERIALS,0.010943394339
REAL ESTATE,0.027892566781
TECHNOLOGY,0.185973143769
UTILITIES,0.017354274611
