SECTOR,WEIGHT
COMMUNICATION SERVICES,0.052737116503
CONSUMER DISCRETIONARY,0.099759374373
CONSUMER STAPLES,0.11469821536
ENERGY,0.06496891919
FINANCIALS,0.186484860638
HEALTH CARE,0.117204732304
INDUSTRIALS,0.11379586926
MATERIALS,0.013234409465
REAL ESTATE,0.010627631843
TECHNOLOGY,0.204632043313
UTILITIES,0.021856827752
