SECTOR,WEIGHT
COMMUNICATION SERVICES,0.066676198671
CONSUMER DISCRETIONARY,0.090326908873
CONSUMER STAPLES,0.106775124621
ENERGY,0.046011194018
FINANCIALS,0.181193221854
HEALTH CARE,0.161565476059
INDUSTRIALS,0.11305707899
MATERIALS,0.010902150074
REAL ESTATE,0.027663993777
TECHNOLOGY,0.176981520515
UTILITIES,0.018847132548
