SECTOR,WEIGHT
COMMUNICATION SERVICES,0.052903043816
CONSUMER DISCRETIONARY,0.098580263321
CONSUMER STAPLES,0.114822685783
ENERGY,0.067531413448
FINANCIALS,0.18761967427
HEALTH CARE,0.120587666095
INDUSTRIALS,0.114338793384
MATERIALS,0.013209299026
REAL ESTATE,0.010445808823
TECHNOLOGY,0.197603014638
UTILITIES,0.022358337397
