SECTOR,WEIGHT
COMMUNICATION SERVICES,0.057215018029
CONSUMER DISCRETIONARY,0.096356533328
CONSUMER STAPLES,0.116515381918
ENERGY,0.066450120822
FINANCIALS,0.179437019648
HEALTH CARE,0.125387673246
INDUSTRIALS,0.122169135519
MATERIALS,0.013760377618
REAL ESTATE,0.010125633151
TECHNOLOGY,0.189634176874
UTILITIES,0.022948929848
