SECTOR,WEIGHT
INDUSTRIALS,0.051544324108
MATERIALS,0.948455675892
