SECTOR,WEIGHT
ENERGY,0.03796416739
INDUSTRIALS,0.045467208893
MATERIALS,0.916568623718
