SECTOR,WEIGHT
ENERGY,0.039074297682
INDUSTRIALS,0.025775969618
MATERIALS,0.935149732701
