SECTOR,WEIGHT
ENERGY,0.035615084437
INDUSTRIALS,0.027285184305
MATERIALS,0.937099731258
