SECTOR,WEIGHT
ENERGY,0.043158570657
INDUSTRIALS,0.024868544822
MATERIALS,0.931972884521
