SECTOR,WEIGHT
ENERGY,0.042816415899
INDUSTRIALS,0.037364156984
MATERIALS,0.919819427117
