SECTOR,WEIGHT
INDUSTRIALS,0.048716920609
MATERIALS,0.951283079391
