SECTOR,WEIGHT
ENERGY,0.041680444912
INDUSTRIALS,0.037384638509
MATERIALS,0.920934916579
