SECTOR,WEIGHT
COMMUNICATION SERVICES,0.084331562985
CONSUMER DISCRETIONARY,0.101824733911
CONSUMER STAPLES,0.053680794478
ENERGY,0.062497255754
FINANCIALS,0.151126869182
HEALTH CARE,0.095883837855
INDUSTRIALS,0.129923162329
MATERIALS,0.032687593801
REAL ESTATE,0.002373273394
TECHNOLOGY,0.258986040265
UTILITIES,0.026684876046
