SECTOR,WEIGHT
COMMUNICATION SERVICES,0.090137216738
CONSUMER DISCRETIONARY,0.106931121272
CONSUMER STAPLES,0.050651808449
ENERGY,0.045030567419
FINANCIALS,0.154431209326
HEALTH CARE,0.096583605294
INDUSTRIALS,0.130840443856
MATERIALS,0.030897167067
REAL ESTATE,0.002950330101
TECHNOLOGY,0.268474805576
UTILITIES,0.023071724903
