SECTOR,WEIGHT
COMMUNICATION SERVICES,0.091211157381
CONSUMER DISCRETIONARY,0.10573935034
CONSUMER STAPLES,0.049096014656
ENERGY,0.042368316253
FINANCIALS,0.159942565506
HEALTH CARE,0.09595263633
INDUSTRIALS,0.124477137764
MATERIALS,0.029583332278
REAL ESTATE,0.00289203617
TECHNOLOGY,0.276151660452
UTILITIES,0.022585792871
