SECTOR,WEIGHT
COMMUNICATION SERVICES,0.087022052941
CONSUMER DISCRETIONARY,0.101708787991
CONSUMER STAPLES,0.052624273853
ENERGY,0.055650653311
FINANCIALS,0.152845907864
HEALTH CARE,0.09317474216
INDUSTRIALS,0.132807700621
MATERIALS,0.032918476845
REAL ESTATE,0.002076463002
TECHNOLOGY,0.263821184828
UTILITIES,0.025349756583
