SECTOR,WEIGHT
COMMUNICATION SERVICES,0.09166040651
CONSUMER DISCRETIONARY,0.105229083158
CONSUMER STAPLES,0.04921131045
ENERGY,0.043277760311
FINANCIALS,0.15904157865
HEALTH CARE,0.096249512476
INDUSTRIALS,0.123792451048
MATERIALS,0.029561646944
REAL ESTATE,0.002885823347
TECHNOLOGY,0.276299642334
UTILITIES,0.022790784773
