SECTOR,WEIGHT
COMMUNICATION SERVICES,0.086597569273
CONSUMER DISCRETIONARY,0.101212484351
CONSUMER STAPLES,0.054351234432
ENERGY,0.052321729492
FINANCIALS,0.152755669801
HEALTH CARE,0.09617272928
INDUSTRIALS,0.138065372147
MATERIALS,0.032569383052
REAL ESTATE,0.002459957614
TECHNOLOGY,0.259003113385
UTILITIES,0.024490757172
