SECTOR,WEIGHT
COMMUNICATION SERVICES,0.093094833823
CONSUMER DISCRETIONARY,0.105058714322
CONSUMER STAPLES,0.050450141228
ENERGY,0.04808870342
FINANCIALS,0.152186444973
HEALTH CARE,0.094257509121
INDUSTRIALS,0.130231007029
MATERIALS,0.031270192701
REAL ESTATE,0.002906717123
TECHNOLOGY,0.267499217764
UTILITIES,0.023065868819
