SECTOR,WEIGHT
COMMUNICATION SERVICES,0.095747418434
CONSUMER DISCRETIONARY,0.105059878382
CONSUMER STAPLES,0.050472583674
ENERGY,0.042499149821
FINANCIALS,0.154385921979
HEALTH CARE,0.097605961972
INDUSTRIALS,0.123892042422
MATERIALS,0.028354939954
REAL ESTATE,0.002960584425
TECHNOLOGYQ,0.275356781584
UTILITIES,0.023664737354
