SECTOR,WEIGHT
COMMUNICATION SERVICES,0.087891577414
CONSUMER DISCRETIONARY,0.10281915564
CONSUMER STAPLES,0.055502917499
ENERGY,0.051343350434
FINANCIALS,0.15089672358
HEALTH CARE,0.096611750404
INDUSTRIALS,0.136414664559
MATERIALS,0.032678327653
REAL ESTATE,0.002324528004
TECHNOLOGY,0.259264845448
UTILITIES,0.024252159365
