SECTOR,WEIGHT
COMMUNICATION SERVICES,0.091491619572
CONSUMER DISCRETIONARY,0.104233786125
CONSUMER STAPLES,0.054181630058
ENERGY,0.050013721657
FINANCIALS,0.156390147789
HEALTH CARE,0.097023858041
INDUSTRIALS,0.13405975607
MATERIALS,0.031699965776
REAL ESTATE,0.002729275745
TECHNOLOGY,0.254122064795
UTILITIES,0.024054174372
