SECTOR,WEIGHT
CONSUMER DISCRETIONARY,0.088873143092
CONSUMER STAPLES,0.01661281387
ENERGY,0.12517583598
FINANCIALS,0.421741546974
INDUSTRIALS,0.167241375169
MATERIALS,0.021408382695
REAL ESTATE,0.074071729169
TECHNOLOGYQ,0.048404711129
UTILITIES,0.036470461922
