SECTOR,WEIGHT
CONSUMER DISCRETIONARY,0.057295588684
CONSUMER STAPLES,0.032865685657
ENERGY,0.047311021633
FINANCIALS,0.41525683443
HEALTH CARE,0.010077668679
INDUSTRIALS,0.199274473645
MATERIALS,0.060711682552
REAL ESTATE,0.028270704449
TECHNOLOGY,0.085017992577
UTILITIES,0.063918347694
