SECTOR,WEIGHT
CONSUMER DISCRETIONARY,0.057988803436
CONSUMER STAPLES,0.037884338405
ENERGY,0.049545331743
FINANCIALS,0.412452201039
HEALTH CARE,0.010529017449
INDUSTRIALS,0.20297989151
MATERIALS,0.056330904113
REAL ESTATE,0.030213640698
TECHNOLOGY,0.080096037982
UTILITIES,0.061979833624
