SECTOR,WEIGHT
CONSUMER DISCRETIONARY,0.051108234356
CONSUMER STAPLES,0.04293079584
ENERGY,0.038590767053
FINANCIALS,0.442672062888
HEALTH CARE,0.009791306736
INDUSTRIALS,0.198258515886
MATERIALS,0.061361675557
REAL ESTATE,0.025203094847
TECHNOLOGY,0.07669716335
UTILITIES,0.053386383487
