SECTOR,WEIGHT
CONSUMER DISCRETIONARY,0.092560193963
CONSUMER STAPLES,0.018523361621
ENERGY,0.117378449826
FINANCIALS,0.439617515051
INDUSTRIALS,0.164457906088
MATERIALS,0.022453235639
REAL ESTATE,0.067860390683
TECHNOLOGY,0.04532862718
UTILITIES,0.031820319948
