SECTOR,WEIGHT
CONSUMER DISCRETIONARY,0.056446230012
CONSUMER STAPLES,0.043214869024
ENERGY,0.042220626575
FINANCIALS,0.423598078695
HEALTH CARE,0.010070011473
INDUSTRIALS,0.202412548392
MATERIALS,0.060451180984
REAL ESTATE,0.028536859344
TECHNOLOGY,0.075897265573
UTILITIES,0.057152329928
