SECTOR,WEIGHT
COMMUNICATION SERVICES,0.029414707354
CONSUMER DISCRETIONARY,0.047123561781
CONSUMER STAPLES,0.071335667834
ENERGY,0.265732866433
FINANCIALS,0.27983991996
HEALTH CARE,0.039019509755
INDUSTRIALS,0.072436218109
MATERIALS,0.048824412206
REAL ESTATE,0.094347173587
UTILITIES,0.051925962981
