SECTOR,WEIGHT
CONSUMER DISCRETIONARY,0.09101308374
CONSUMER STAPLES,0.019188400383
ENERGY,0.117004568143
FINANCIALS,0.432190574709
INDUSTRIALS,0.170268351285
MATERIALS,0.022726713201
REAL ESTATE,0.066534828975
TECHNOLOGY,0.047761002196
UTILITIES,0.033312477369
