SECTOR,WEIGHT
CONSUMER DISCRETIONARY,0.057272117761
CONSUMER STAPLES,0.034532389748
ENERGY,0.051893057972
FINANCIALS,0.419265704616
HEALTH CARE,0.010394582247
INDUSTRIALS,0.200568094631
MATERIALS,0.05855890752
REAL ESTATE,0.028709690595
TECHNOLOGY,0.078453545678
UTILITIES,0.060351909233
