SECTOR,WEIGHT
CONSUMER DISCRETIONARY,0.088495899145
CONSUMER STAPLES,0.018232540475
ENERGY,0.118404233989
FINANCIALS,0.437372443321
INDUSTRIALS,0.164503295648
MATERIALS,0.0229237883
REAL ESTATE,0.06930428362
TECHNOLOGY,0.047481321231
UTILITIES,0.033282194268
