SECTOR,WEIGHT
CONSUMER DISCRETIONARY,0.054646338426
CONSUMER STAPLES,0.041089048792
ENERGY,0.039810193746
FINANCIALS,0.438183346893
HEALTH CARE,0.010650419297
INDUSTRIALS,0.20118175647
MATERIALS,0.058368461581
REAL ESTATE,0.026226883348
TECHNOLOGY,0.076167148741
UTILITIES,0.053676402707
