SECTOR,WEIGHT
CONSUMER DISCRETIONARY,0.056538655051
CONSUMER STAPLES,0.043117975252
ENERGY,0.047588873109
FINANCIALS,0.413174750233
HEALTH CARE,0.010652515137
INDUSTRIALS,0.204585366826
MATERIALS,0.060845918797
REAL ESTATE,0.028748226269
TECHNOLOGY,0.075433533762
UTILITIES,0.059314185563
