SECTOR,WEIGHT
COMMUNICATION SERVICES,0.067818276006
CONSUMER DISCRETIONARY,0.262200949146
CONSUMER STAPLES,0.074080444387
ENERGY,0.102727854691
FINANCIALS,0.065818412383
HEALTH CARE,0.102915119274
INDUSTRIALS,0.19712854187
MATERIALS,0.040836909849
REAL ESTATE,0.011018078157
TECHNOLOGY,0.075455414236
