SECTOR,WEIGHT
COMMUNICATION SERVICES,0.080591661736
CONSUMER DISCRETIONARY,0.261247202106
CONSUMER STAPLES,0.069981451614
ENERGY,0.091776061816
FINANCIALS,0.071352330135
HEALTH CARE,0.101701345348
INDUSTRIALS,0.195282004169
MATERIALS,0.04006000285
REAL ESTATE,0.009970398457
TECHNOLOGY,0.07803754177
