SECTOR,WEIGHT
COMMUNICATION SERVICES,0.063513633216
CONSUMER DISCRETIONARY,0.255284582307
CONSUMER STAPLES,0.073790887568
ENERGY,0.122919384452
FINANCIALS,0.068165072233
HEALTH CARE,0.097279597687
INDUSTRIALS,0.191396498687
MATERIALS,0.038083216569
REAL ESTATE,0.01024001063
TECHNOLOGY,0.079327116651
