SECTOR,WEIGHT
COMMUNICATION SERVICES,0.042374616172
CONSUMER DISCRETIONARY,0.293346980553
CONSUMER STAPLES,0.067860798362
ENERGY,0.072057318321
FINANCIALS,0.118219037871
HEALTH CARE,0.067144319345
INDUSTRIALS,0.252917093142
MATERIALS,0.01954964176
TECHNOLOGY,0.066530194473
