SECTOR,WEIGHT
COMMUNICATION SERVICES,0.068931751255
CONSUMER DISCRETIONARY,0.258226361204
CONSUMER STAPLES,0.074936305311
ENERGY,0.101203048388
FINANCIALS,0.066995717722
HEALTH CARE,0.10739591275
INDUSTRIALS,0.197985385084
MATERIALS,0.039873944063
REAL ESTATE,0.009543769932
TECHNOLOGY,0.074907804292
