SECTOR,WEIGHT
COMMUNICATION SERVICES,0.041971647142
CONSUMER DISCRETIONARY,0.293185028832
CONSUMER STAPLES,0.068096013086
ENERGY,0.077162814137
FINANCIALS,0.10907010558
HEALTH CARE,0.066874370074
INDUSTRIALS,0.258611395668
MATERIALS,0.019735265932
TECHNOLOGY,0.065293359549
