SECTOR,WEIGHT
COMMUNICATION SERVICES,0.069610855277
CONSUMER DISCRETIONARY,0.261834465362
CONSUMER STAPLES,0.074728104829
ENERGY,0.09506599575
FINANCIALS,0.068623993447
HEALTH CARE,0.108974547909
INDUSTRIALS,0.194712615875
MATERIALS,0.041264240132
REAL ESTATE,0.010227384755
TECHNOLOGY,0.074957796666
