SECTOR,WEIGHT
COMMUNICATION SERVICES,0.042252066116
CONSUMER DISCRETIONARY,0.290805785124
CONSUMER STAPLES,0.064256198347
ENERGY,0.081714876033
FINANCIALS,0.107644628099
HEALTH CARE,0.069938016529
INDUSTRIALS,0.25423553719
MATERIALS,0.019731404959
TECHNOLOGY,0.069421487603
