SECTOR,WEIGHT
COMMUNICATION SERVICES,0.063718465996
CONSUMER DISCRETIONARY,0.24121475671
CONSUMER STAPLES,0.080678101049
ENERGY,0.117976096054
FINANCIALS,0.063277718594
HEALTH CARE,0.111650253734
INDUSTRIALS,0.169430816368
MATERIALS,0.046367845344
REAL ESTATE,0.018185400293
TECHNOLOGY,0.087500545857
