SECTOR,WEIGHT
COMMUNICATION SERVICES,0.065413991799
CONSUMER DISCRETIONARY,0.25368229132
CONSUMER STAPLES,0.067577079539
ENERGY,0.132960818363
FINANCIALS,0.067442958015
HEALTH CARE,0.096415224104
INDUSTRIALS,0.184630883447
MATERIALS,0.039292564424
REAL ESTATE,0.010897121732
TECHNOLOGY,0.081687067256
