SECTOR,WEIGHT
COMMUNICATION SERVICES,0.064102134776
CONSUMER DISCRETIONARY,0.240575051018
CONSUMER STAPLES,0.078582931737
ENERGY,0.122797564141
FINANCIALS,0.065945975566
HEALTH CARE,0.115762149612
INDUSTRIALS,0.172198696424
MATERIALS,0.044695634349
REAL ESTATE,0.018676879332
TECHNOLOGYQ,0.076662983044
