SECTOR,WEIGHT
COMMUNICATION SERVICES,0.038237845034
CONSUMER DISCRETIONARY,0.293947646478
CONSUMER STAPLES,0.07046521031
ENERGY,0.079856456327
FINANCIALS,0.111738131566
HEALTH CARE,0.070037213121
INDUSTRIALS,0.251153071754
MATERIALS,0.021905019605
TECHNOLOGY,0.062659405804
