SECTOR,WEIGHT
COMMUNICATION SERVICES,0.139878350926
CONSUMER DISCRETIONARY,0.054374363271
CONSUMER STAPLES,0.056514374243
FINANCIALS,0.089266589104
HEALTH CARE,0.056254156946
INDUSTRIALS,0.123313862248
MATERIALS,0.028288332821
REAL ESTATE,0.035669863622
TECHNOLOGY,0.41644010682
