SECTOR,WEIGHT
COMMUNICATION SERVICES,0.146263444013
CONSUMER DISCRETIONARY,0.063424565667
CONSUMER STAPLES,0.037937453574
FINANCIALS,0.096916184742
HEALTH CARE,0.065489598151
INDUSTRIALS,0.116893870362
MATERIALS,0.019578713324
REAL ESTATE,0.032266633787
TECHNOLOGY,0.42122953638
