SECTOR,WEIGHT
COMMUNICATION SERVICES,0.148271623258
CONSUMER DISCRETIONARY,0.059998877026
CONSUMER STAPLES,0.036813482101
FINANCIALS,0.096390241359
HEALTH CARE,0.062022234878
INDUSTRIALS,0.112608186478
MATERIALS,0.019297098717
REAL ESTATE,0.031478354683
TECHNOLOGY,0.433119901499
