SECTOR,WEIGHT
COMMUNICATION SERVICES,0.151955317348
CONSUMER DISCRETIONARY,0.06334221263
CONSUMER STAPLES,0.038723226715
FINANCIALS,0.098066747169
HEALTH CARE,0.063167702362
INDUSTRIALS,0.115128636132
MATERIALS,0.020166968215
REAL ESTATE,0.032766810153
TECHNOLOGY,0.416682379277
