SECTOR,WEIGHT
COMMUNICATION SERVICES,0.138308557654
CONSUMER DISCRETIONARY,0.05534351145
CONSUMER STAPLES,0.057352350342
FINANCIALS,0.089493772599
HEALTH CARE,0.056850140619
INDUSTRIALS,0.125251104861
MATERIALS,0.028425070309
REAL ESTATE,0.035757332262
TECHNOLOGY,0.413218159904
