SECTOR,WEIGHT
COMMUNICATION SERVICES,0.150999428325
CONSUMER DISCRETIONARY,0.06785280873
CONSUMER STAPLES,0.040057368088
FINANCIALS,0.097870761331
HEALTH CARE,0.06065070657
INDUSTRIALS,0.109939121626
MATERIALS,0.019269459516
REAL ESTATE,0.036622303349
TECHNOLOGY,0.416738042464
