SECTOR,WEIGHT
COMMUNICATION SERVICES,0.158217294215
CONSUMER DISCRETIONARY,0.060713351041
CONSUMER STAPLES,0.03408927968
FINANCIALS,0.097645325897
HEALTH CARE,0.063359514205
INDUSTRIALS,0.095462416762
MATERIALS,0.017687881094
REAL ESTATE,0.028153210741
TECHNOLOGY,0.444671726363
