SECTOR,WEIGHT
COMMUNICATION SERVICES,0.144768083101
CONSUMER DISCRETIONARY,0.068129223735
CONSUMER STAPLES,0.040898790783
FINANCIALS,0.096014398299
HEALTH CARE,0.063839813905
INDUSTRIALS,0.112630597389
MATERIALS,0.02131971043
REAL ESTATE,0.036140132753
TECHNOLOGY,0.416259249604
