SECTOR,WEIGHT
COMMUNICATION SERVICES,0.135862666013
CONSUMER DISCRETIONARY,0.056856254469
CONSUMER STAPLES,0.06017149675
FINANCIALS,0.090143255425
HEALTH CARE,0.061471079759
INDUSTRIALS,0.1334503025
MATERIALS,0.031251255393
REAL ESTATE,0.03614226718
TECHNOLOGY,0.394651422511
