SECTOR,WEIGHT
COMMUNICATION SERVICES,0.151078688867
CONSUMER DISCRETIONARY,0.060983470278
CONSUMER STAPLES,0.034610611792
FINANCIALS,0.100344971607
HEALTH CARE,0.064246443861
INDUSTRIALS,0.115909857594
MATERIALS,0.019527641904
REAL ESTATE,0.032039388609
TECHNOLOGY,0.421258925488
