SECTOR,WEIGHT
COMMUNICATION SERVICES,0.025367058945
CONSUMER DISCRETIONARY,0.154856328206
CONSUMER STAPLES,0.048027529294
ENERGY,0.089161605093
FINANCIALS,0.244595676136
HEALTH CARE,0.022219321704
INDUSTRIALS,0.147220207036
MATERIALS,0.08701960582
REAL ESTATE,0.102190667278
TECHNOLOGY,0.035406226064
UTILITIES,0.043935774423
