SECTOR,WEIGHT
COMMUNICATION SERVICES,0.024566012681
CONSUMER DISCRETIONARY,0.141277775341
CONSUMER STAPLES,0.049801071085
ENERGY,0.118224254743
FINANCIALS,0.240638204347
HEALTH CARE,0.022233531633
INDUSTRIALS,0.142015153478
MATERIALS,0.083744942636
REAL ESTATE,0.093934631377
TECHNOLOGY,0.038820970096
UTILITIES,0.044743452582
