SECTOR,WEIGHT
COMMUNICATION SERVICES,0.024388727559
CONSUMER DISCRETIONARY,0.142938078583
CONSUMER STAPLES,0.040683309535
ENERGY,0.062606290812
FINANCIALS,0.257979832823
HEALTH CARE,0.026917646681
INDUSTRIALS,0.15421092108
MATERIALS,0.062346580244
REAL ESTATE,0.108558014728
TECHNOLOGY,0.027013910058
UTILITIES,0.092356687898
