SECTOR,WEIGHT
COMMUNICATION SERVICES,0.02559358242
CONSUMER DISCRETIONARY,0.140206462565
CONSUMER STAPLES,0.04720772764
ENERGY,0.110455335143
FINANCIALS,0.242380293746
HEALTH CARE,0.022402908348
INDUSTRIALS,0.145297292456
MATERIALS,0.082901549131
REAL ESTATE,0.096147680884
TECHNOLOGY,0.044538146111
UTILITIES,0.042869021557
