SECTOR,WEIGHT
COMMUNICATION SERVICES,0.026307987311
CONSUMER DISCRETIONARY,0.152812786174
CONSUMER STAPLES,0.048717183318
ENERGY,0.089784519178
FINANCIALS,0.249387050913
HEALTH CARE,0.022215926051
INDUSTRIALS,0.142864948824
MATERIALS,0.08325381607
REAL ESTATE,0.104663270107
TECHNOLOGY,0.035391675226
UTILITIES,0.044600836829
