SECTOR,WEIGHT
COMMUNICATION SERVICES,0.027678802436
CONSUMER DISCRETIONARY,0.142763866904
CONSUMER STAPLES,0.050073034635
ENERGY,0.112658725551
FINANCIALS,0.238051146654
HEALTH CARE,0.022667220793
INDUSTRIALS,0.140996571345
MATERIALS,0.08165211067
REAL ESTATE,0.099526751864
TECHNOLOGY,0.038957916975
UTILITIES,0.044973852175
