SECTOR,WEIGHT
COMMUNICATION SERVICES,0.024832406885
CONSUMER DISCRETIONARY,0.150292755024
CONSUMER STAPLES,0.049686130883
ENERGY,0.092808621047
FINANCIALS,0.249192994994
HEALTH CARE,0.021559722431
INDUSTRIALS,0.148212813818
MATERIALS,0.088662950045
REAL ESTATE,0.095401188074
TECHNOLOGY,0.037659218535
UTILITIES,0.041691198265
