SECTOR,WEIGHT
COMMUNICATION SERVICES,0.02376044462
CONSUMER DISCRETIONARY,0.14170562178
CONSUMER STAPLES,0.040190838239
ENERGY,0.067141621322
FINANCIALS,0.259535388772
HEALTH CARE,0.026020476774
INDUSTRIALS,0.154375651064
MATERIALS,0.064670840166
REAL ESTATE,0.106717273189
TECHNOLOGY,0.02768840459
UTILITIES,0.088193439484
