SECTOR,WEIGHT
COMMUNICATION SERVICES,0.025487254853
CONSUMER DISCRETIONARY,0.156020811958
CONSUMER STAPLES,0.04739207367
ENERGY,0.089336049111
FINANCIALS,0.247460542055
HEALTH CARE,0.021935204195
INDUSTRIALS,0.145514561179
MATERIALS,0.084968657483
REAL ESTATE,0.10329205311
TECHNOLOGY,0.03523589688
UTILITIES,0.043356895506
