SECTOR,WEIGHT
COMMUNICATION SERVICES,0.037250758916
CONSUMER DISCRETIONARY,0.101971920849
CONSUMER STAPLES,0.077081884233
ENERGY,0.052727909651
FINANCIALS,0.127939129197
HEALTH CARE,0.114980763348
INDUSTRIALS,0.188749360208
MATERIALS,0.050770425124
REAL ESTATE,0.040621589671
TECHNOLOGY,0.132447703666
UTILITIES,0.075458555136
