SECTOR,WEIGHT
COMMUNICATION SERVICES,0.03914222504
CONSUMER DISCRETIONARY,0.110089819959
CONSUMER STAPLES,0.077632970224
ENERGY,0.039289167657
FINANCIALS,0.139659195885
HEALTH CARE,0.128688850549
INDUSTRIALS,0.1896474302
MATERIALS,0.045707374567
REAL ESTATE,0.040755511119
TECHNOLOGY,0.115679804844
UTILITIES,0.073707649956
