SECTOR,WEIGHT
COMMUNICATION SERVICES,0.034015918273
CONSUMER DISCRETIONARY,0.105057751837
CONSUMER STAPLES,0.072966725129
ENERGY,0.024984909298
FINANCIALS,0.159475892031
HEALTH CARE,0.115337751796
INDUSTRIALS,0.208186540417
MATERIALS,0.046787792665
REAL ESTATE,0.038165988561
TECHNOLOGY,0.116364835661
UTILITIES,0.078655894331
