SECTOR,WEIGHT
COMMUNICATION SERVICES,0.034455964617
CONSUMER DISCRETIONARY,0.106694950552
CONSUMER STAPLES,0.071145242777
ENERGY,0.023670272081
FINANCIALS,0.162142840412
HEALTH CARE,0.115696436373
INDUSTRIALS,0.206491375825
MATERIALS,0.048098220987
REAL ESTATE,0.038746411474
TECHNOLOGY,0.113196306529
UTILITIES,0.079661978372
