SECTOR,WEIGHT
COMMUNICATION SERVICES,0.03707522845
CONSUMER DISCRETIONARY,0.10987895735
CONSUMER STAPLES,0.081316719277
ENERGY,0.044681238745
FINANCIALS,0.131892819588
HEALTH CARE,0.121457967937
INDUSTRIALS,0.195577886787
MATERIALS,0.052026657682
REAL ESTATE,0.039969217646
TECHNOLOGY,0.113770522842
UTILITIES,0.072352783696
