SECTOR,WEIGHT
COMMUNICATION SERVICES,0.033302005586
CONSUMER DISCRETIONARY,0.104997792818
CONSUMER STAPLES,0.074553935599
ENERGY,0.024550579055
FINANCIALS,0.15793151429
HEALTH CARE,0.121436723036
INDUSTRIALS,0.204103324606
MATERIALS,0.046762765548
REAL ESTATE,0.039157649768
TECHNOLOGY,0.109966495585
UTILITIES,0.083237214109
