SECTOR,WEIGHT
COMMUNICATION SERVICES,0.084929317851
CONSUMER DISCRETIONARY,0.099997430083
CONSUMER STAPLES,0.052825202071
ENERGY,0.061920628135
FINANCIALS,0.148361222362
HEALTH CARE,0.096869208215
INDUSTRIALS,0.140950017246
MATERIALS,0.036922453217
REAL ESTATE,0.002646597407
TECHNOLOGY,0.254292474121
UTILITIES,0.020285449292
