SECTOR,WEIGHT
COMMUNICATION SERVICES,0.08874573979
CONSUMER DISCRETIONARY,0.106484481133
CONSUMER STAPLES,0.054106656001
ENERGY,0.052585784138
FINANCIALS,0.14897845708
HEALTH CARE,0.095012206939
INDUSTRIALS,0.142635676081
MATERIALS,0.036567593302
REAL ESTATE,0.002604822192
TECHNOLOGY,0.252942896731
UTILITIES,0.019335686613
