SECTOR,WEIGHT
COMMUNICATION SERVICES,0.098669586463
CONSUMER DISCRETIONARY,0.099777370524
CONSUMER STAPLES,0.049400424138
ENERGY,0.046931746571
FINANCIALS,0.155589453253
HEALTH CARE,0.094917671833
INDUSTRIALS,0.130739071542
MATERIALS,0.032187810378
REAL ESTATE,0.003177861739
TECHNOLOGY,0.269825461335
UTILITIES,0.018783542225
