SECTOR,WEIGHT
COMMUNICATION SERVICES,0.083118130274
CONSUMER DISCRETIONARY,0.103314130793
CONSUMER STAPLES,0.048230386842
ENERGY,0.056902367775
FINANCIALS,0.148489594023
HEALTH CARE,0.092969136033
INDUSTRIALS,0.135738570972
MATERIALS,0.037547444401
REAL ESTATE,0.002725180909
TECHNOLOGY,0.269565538216
UTILITIES,0.021399519763
