SECTOR,WEIGHT
COMMUNICATION SERVICES,0.085917521032
CONSUMER DISCRETIONARY,0.100795416878
CONSUMER STAPLES,0.054062517781
ENERGY,0.054013365935
FINANCIALS,0.151215965795
HEALTH CARE,0.097376676191
INDUSTRIALS,0.142507298615
MATERIALS,0.036786639159
REAL ESTATE,0.0028356228
TECHNOLOGY,0.254656730324
UTILITIES,0.01983224549
