SECTOR,WEIGHT
COMMUNICATION SERVICES,0.083101856788
CONSUMER DISCRETIONARY,0.09997596169
CONSUMER STAPLES,0.05360940793
ENERGY,0.065568897597
FINANCIALS,0.150957911782
HEALTH CARE,0.096826496027
INDUSTRIALS,0.138041153216
MATERIALS,0.035859517725
REAL ESTATE,0.002694243662
TECHNOLOGY,0.253206176328
UTILITIES,0.020158377254
