SECTOR,WEIGHT
COMMUNICATION SERVICES,0.08270297529
CONSUMER DISCRETIONARY,0.101664145234
CONSUMER STAPLES,0.048310640444
ENERGY,0.055572365103
FINANCIALS,0.143116490166
HEALTH CARE,0.088048411498
INDUSTRIALS,0.136056480081
MATERIALS,0.037821482602
REAL ESTATE,0.002824004034
TECHNOLOGY,0.28532526475
UTILITIES,0.018557740797
