SECTOR,WEIGHT
COMMUNICATION SERVICES,0.081181928197
CONSUMER DISCRETIONARY,0.103166599435
CONSUMER STAPLES,0.048608309802
ENERGY,0.056373537717
FINANCIALS,0.147539330375
HEALTH CARE,0.091468334006
INDUSTRIALS,0.135235982251
MATERIALS,0.038422751109
REAL ESTATE,0.002823719242
TECHNOLOGY,0.276321097217
UTILITIES,0.018858410649
