SECTOR,WEIGHT
COMMUNICATION SERVICES,0.093305144164
CONSUMER DISCRETIONARY,0.100958059362
CONSUMER STAPLES,0.053634373586
ENERGY,0.051679947887
FINANCIALS,0.155603990688
HEALTH CARE,0.095338469145
INDUSTRIALS,0.14138987536
MATERIALS,0.036836013846
REAL ESTATE,0.00303301251
TECHNOLOGY,0.249524922081
UTILITIES,0.018696191371
