SECTOR,WEIGHT
COMMUNICATION SERVICES,0.094111439477
CONSUMER DISCRETIONARY,0.103915907603
CONSUMER STAPLES,0.050340207165
ENERGY,0.044634481849
FINANCIALS,0.160531873971
HEALTH CARE,0.095556103424
INDUSTRIALS,0.130372649616
MATERIALS,0.033290628183
REAL ESTATE,0.003210290574
TECHNOLOGY,0.265387352076
UTILITIES,0.018649066063
