SECTOR,WEIGHT
COMMUNICATION SERVICES,0.094558817326
CONSUMER DISCRETIONARY,0.102158545912
CONSUMER STAPLES,0.049140829217
ENERGY,0.045493605227
FINANCIALS,0.159064601522
HEALTH CARE,0.095915475915
INDUSTRIALS,0.129462223097
MATERIALS,0.033287448073
REAL ESTATE,0.003168712194
TECHNOLOGY,0.269225244452
UTILITIES,0.018524497065
