SECTOR,WEIGHT
COMMUNICATION SERVICES,0.026117337253
CONSUMER DISCRETIONARY,0.13564755734
CONSUMER STAPLES,0.036801288792
ENERGY,0.066593518646
FINANCIALS,0.200506255372
HEALTH CARE,0.117856264634
INDUSTRIALS,0.202417276175
MATERIALS,0.05797431996
REAL ESTATE,0.007797822044
TECHNOLOGY,0.117487838793
UTILITIES,0.030800520991
