SECTOR,WEIGHT
COMMUNICATION SERVICES,0.026958804523
CONSUMER DISCRETIONARY,0.130048465267
CONSUMER STAPLES,0.036651857835
ENERGY,0.067952342488
FINANCIALS,0.201534733441
HEALTH CARE,0.116114701131
INDUSTRIALS,0.203352180937
MATERIALS,0.058461227787
REAL ESTATE,0.007976575121
TECHNOLOGY,0.121567043619
UTILITIES,0.029382067851
