SECTOR,WEIGHT
COMMUNICATION SERVICES,0.026562795138
CONSUMER DISCRETIONARY,0.136307436101
CONSUMER STAPLES,0.037170699422
ENERGY,0.052398565069
FINANCIALS,0.20856302161
HEALTH CARE,0.117411817023
INDUSTRIALS,0.209385504514
MATERIALS,0.060556344447
REAL ESTATE,0.008736909067
TECHNOLOGY,0.113360540718
UTILITIES,0.029546366889
