SECTOR,WEIGHT
COMMUNICATION SERVICES,0.024692823519
CONSUMER DISCRETIONARY,0.134448627116
CONSUMER STAPLES,0.035978421661
ENERGY,0.054888230537
FINANCIALS,0.202107089785
HEALTH CARE,0.1164636743
INDUSTRIALS,0.215013044979
MATERIALS,0.064518565316
REAL ESTATE,0.009004239247
TECHNOLOGY,0.113979081998
UTILITIES,0.028906201544
