SECTOR,WEIGHT
COMMUNICATION SERVICES,0.025647176374
CONSUMER DISCRETIONARY,0.137589067499
CONSUMER STAPLES,0.036059475958
ENERGY,0.053470688868
FINANCIALS,0.20128511487
HEALTH CARE,0.115277653828
INDUSTRIALS,0.215357810127
MATERIALS,0.063485104304
REAL ESTATE,0.009119470883
TECHNOLOGY,0.113645004884
UTILITIES,0.029063432405
