SECTOR,WEIGHT
COMMUNICATION SERVICES,0.026045375928
CONSUMER DISCRETIONARY,0.126259029403
CONSUMER STAPLES,0.0362193509
ENERGY,0.067962152813
FINANCIALS,0.197782073456
HEALTH CARE,0.114762437684
INDUSTRIALS,0.207752568929
MATERIALS,0.058703835589
REAL ESTATE,0.008139179978
TECHNOLOGY,0.128192084647
UTILITIES,0.028181910673
