SECTOR,WEIGHT
COMMUNICATION SERVICES,0.025320544856
CONSUMER DISCRETIONARY,0.129228276846
CONSUMER STAPLES,0.038111391243
ENERGY,0.070156648316
FINANCIALS,0.200107988434
HEALTH CARE,0.117416028864
INDUSTRIALS,0.204278138598
MATERIALS,0.062047745125
REAL ESTATE,0.007741493302
TECHNOLOGY,0.113623639661
UTILITIES,0.031968104754
