SECTOR,WEIGHT
COMMUNICATION SERVICES,0.026404950713
CONSUMER DISCRETIONARY,0.131360033731
CONSUMER STAPLES,0.038357567099
ENERGY,0.065468568547
FINANCIALS,0.199707811071
HEALTH CARE,0.116253282682
INDUSTRIALS,0.21087439601
MATERIALS,0.059930530558
REAL ESTATE,0.007974668751
TECHNOLOGY,0.112487724378
UTILITIES,0.031180466459
