SECTOR,WEIGHT
COMMUNICATION SERVICES,0.019295247223
CONSUMER DISCRETIONARY,0.135748733611
CONSUMER STAPLES,0.062210430684
ENERGY,0.102975884325
FINANCIALS,0.285643317182
HEALTH CARE,0.063803867787
INDUSTRIALS,0.174307477253
MATERIALS,0.077874369199
REAL ESTATE,0.009243292379
TECHNOLOGY,0.066584032617
UTILITIES,0.00231334774
