SECTOR,WEIGHT
COMMUNICATION SERVICES,0.029601438039
CONSUMER DISCRETIONARY,0.13735745722
CONSUMER STAPLES,0.05624919525
ENERGY,0.089117001331
FINANCIALS,0.299273601353
HEALTH CARE,0.069008096739
INDUSTRIALS,0.171009565706
MATERIALS,0.072975069268
REAL ESTATE,0.010616656623
TECHNOLOGY,0.062602420754
UTILITIES,0.002189497718
