SECTOR,WEIGHT
COMMUNICATION SERVICES,0.02060823143
CONSUMER DISCRETIONARY,0.133168198628
CONSUMER STAPLES,0.06348872365
ENERGY,0.103580949001
FINANCIALS,0.282099541569
HEALTH CARE,0.064246666235
INDUSTRIALS,0.176546848982
MATERIALS,0.076952940434
REAL ESTATE,0.00917504476
TECHNOLOGY,0.067883400412
UTILITIES,0.002249454898
