SECTOR,WEIGHT
COMMUNICATION SERVICES,0.019023397762
CONSUMER DISCRETIONARY,0.134079348932
CONSUMER STAPLES,0.064191251272
ENERGY,0.112207527976
FINANCIALS,0.279043743642
HEALTH CARE,0.060834181078
INDUSTRIALS,0.170295015259
MATERIALS,0.070803662258
REAL ESTATE,0.008748728383
TECHNOLOGY,0.078229908444
UTILITIES,0.002543234995
