SECTOR,WEIGHT
COMMUNICATION SERVICES,0.020629441734
CONSUMER DISCRETIONARY,0.13367985784
CONSUMER STAPLES,0.064618198072
ENERGY,0.120053174612
FINANCIALS,0.273729441622
HEALTH CARE,0.062653621281
INDUSTRIALS,0.166316487625
MATERIALS,0.076294243383
REAL ESTATE,0.008962200655
TECHNOLOGY,0.070540615389
UTILITIES,0.002522717786
