SECTOR,WEIGHT
COMMUNICATION SERVICES,0.017834324677
CONSUMER DISCRETIONARY,0.133019817104
CONSUMER STAPLES,0.06459730765
ENERGY,0.113913199578
FINANCIALS,0.281739452254
HEALTH CARE,0.060753149953
INDUSTRIALS,0.167085338092
MATERIALS,0.074966857499
REAL ESTATE,0.008621926884
TECHNOLOGY,0.074853605825
UTILITIES,0.002615020484
