SECTOR,WEIGHT
COMMUNICATION SERVICES,0.022842168632
CONSUMER DISCRETIONARY,0.135791716114
CONSUMER STAPLES,0.058273989765
ENERGY,0.090945648177
FINANCIALS,0.290430277029
HEALTH CARE,0.067678819069
INDUSTRIALS,0.176760633304
MATERIALS,0.078542590833
REAL ESTATE,0.010432258861
TECHNOLOGY,0.066095042606
UTILITIES,0.002206855609
