SECTOR,WEIGHT
COMMUNICATION SERVICES,0.018736336737
CONSUMER DISCRETIONARY,0.131769904749
CONSUMER STAPLES,0.063913148961
ENERGY,0.125276706952
FINANCIALS,0.275383370582
HEALTH CARE,0.061503337811
INDUSTRIALS,0.16591702713
MATERIALS,0.075035121725
REAL ESTATE,0.008715998227
TECHNOLOGY,0.071168388115
UTILITIES,0.002580659012
