SECTOR,WEIGHT
COMMUNICATION SERVICES,0.10065484578
CONSUMER DISCRETIONARY,0.105867686884
CONSUMER STAPLES,0.047738145481
ENERGY,0.045904922686
FINANCIALS,0.128189147524
HEALTH CARE,0.085896796512
INDUSTRIALS,0.108974803659
MATERIALS,0.025581734122
REAL ESTATE,0.001703128087
TECHNOLOGY,0.325909820839
UTILITIES,0.023578968426
