SECTOR,WEIGHT
COMMUNICATION SERVICES,0.101891843809
CONSUMER DISCRETIONARY,0.108786663666
CONSUMER STAPLES,0.047650490939
ENERGY,0.0436119145
FINANCIALS,0.129920632606
HEALTH CARE,0.088275639517
INDUSTRIALS,0.110481393578
MATERIALS,0.02607548744
REAL ESTATE,0.001767724944
TECHNOLOGY,0.317525025854
UTILITIES,0.024013183146
