SECTOR,WEIGHT
COMMUNICATION SERVICES,0.099697856419
CONSUMER DISCRETIONARY,0.107691451807
CONSUMER STAPLES,0.047701827285
ENERGY,0.036030948201
FINANCIALS,0.138304609365
HEALTH CARE,0.093393101677
INDUSTRIALS,0.105623258872
MATERIALS,0.023224733441
REAL ESTATE,0.002051986014
TECHNOLOGY,0.323770507883
UTILITIES,0.022509719034
