SECTOR,WEIGHT
COMMUNICATION SERVICES,0.100241096693
CONSUMER DISCRETIONARY,0.110072321343
CONSUMER STAPLES,0.047102782345
ENERGY,0.036830154028
FINANCIALS,0.140396449854
HEALTH CARE,0.09638526059
INDUSTRIALS,0.108046311488
MATERIALS,0.024707300034
REAL ESTATE,0.002086767963
TECHNOLOGY,0.312172909157
UTILITIES,0.021958646504
