SECTOR,WEIGHT
COMMUNICATION SERVICES,0.100715595735
CONSUMER DISCRETIONARY,0.10534290289
CONSUMER STAPLES,0.051183772921
ENERGY,0.050366621228
FINANCIALS,0.128301562903
HEALTH CARE,0.09373928287
INDUSTRIALS,0.112999080951
MATERIALS,0.025406396643
REAL ESTATE,0.001768501194
TECHNOLOGY,0.304952396323
UTILITIES,0.025223886341
