SECTOR,WEIGHT
COMMUNICATION SERVICES,0.100485863046
CONSUMER DISCRETIONARY,0.107856159384
CONSUMER STAPLES,0.047516739851
ENERGY,0.035992493246
FINANCIALS,0.139765021312
HEALTH CARE,0.095500042249
INDUSTRIALS,0.105700083926
MATERIALS,0.023879284124
REAL ESTATE,0.002058120281
TECHNOLOGY,0.318798955362
UTILITIES,0.022447237222
