SECTOR,WEIGHT
COMMUNICATION SERVICES,0.099699321201
CONSUMER DISCRETIONARY,0.109148327787
CONSUMER STAPLES,0.049143266906
ENERGY,0.037558378416
FINANCIALS,0.134880714902
HEALTH CARE,0.095465044955
INDUSTRIALS,0.111810592082
MATERIALS,0.025242150628
REAL ESTATE,0.002117917407
TECHNOLOGY,0.312176186076
UTILITIES,0.02275809964
