SECTOR,WEIGHT
COMMUNICATION SERVICES,0.101937559852
CONSUMER DISCRETIONARY,0.106764064728
CONSUMER STAPLES,0.048762260999
ENERGY,0.035530586936
FINANCIALS,0.135568501626
HEALTH CARE,0.097832654353
INDUSTRIALS,0.105243179402
MATERIALS,0.022934172148
REAL ESTATE,0.002063664213
TECHNOLOGYQ,0.319447260463
UTILITIES,0.02391609528
