SECTOR,WEIGHT
COMMUNICATION SERVICES,0.09804281419
CONSUMER DISCRETIONARY,0.103946643963
CONSUMER STAPLES,0.053970326381
ENERGY,0.042170222235
FINANCIALS,0.132971082744
HEALTH CARE,0.095478041306
INDUSTRIALS,0.11638892729
MATERIALS,0.026929849708
REAL ESTATE,0.001705771621
TECHNOLOGY,0.30457110684
UTILITIES,0.023825213722
