SECTOR,WEIGHT
COMMUNICATION SERVICES,0.100339176227
CONSUMER DISCRETIONARY,0.108628169874
CONSUMER STAPLES,0.049230473909
ENERGY,0.038487690283
FINANCIALS,0.134087602459
HEALTH CARE,0.096577865539
INDUSTRIALS,0.112082962136
MATERIALS,0.025592763167
REAL ESTATE,0.002126054107
TECHNOLOGY,0.310256851504
UTILITIES,0.022590390796
