SECTOR,WEIGHT
COMMUNICATION SERVICES,0.097132339448
CONSUMER DISCRETIONARY,0.103571525035
CONSUMER STAPLES,0.052468254816
ENERGY,0.042236288587
FINANCIALS,0.138814343772
HEALTH CARE,0.094988794355
INDUSTRIALS,0.1162044144
MATERIALS,0.026737445092
REAL ESTATE,0.001805441956
TECHNOLOGY,0.301276534489
UTILITIES,0.024764618051
