SECTOR,WEIGHT
COMMUNICATION SERVICES,0.057625107872
CONSUMER DISCRETIONARY,0.044103927867
CONSUMER STAPLES,0.040405701746
ENERGY,0.127854728236
FINANCIALS,0.236264962115
HEALTH CARE,0.148139339451
INDUSTRIALS,0.145755148616
MATERIALS,0.066233897851
REAL ESTATE,0.003472348344
TECHNOLOGY,0.130144837903
