SECTOR,WEIGHT
COMMUNICATION SERVICES,0.055711670844
CONSUMER DISCRETIONARY,0.049323093163
CONSUMER STAPLES,0.042080671379
ENERGY,0.152016420657
FINANCIALS,0.207976270732
HEALTH CARE,0.145869284078
INDUSTRIALS,0.154530153163
MATERIALS,0.067832529786
REAL ESTATE,0.00296293348
TECHNOLOGY,0.121696972717
