SECTOR,WEIGHT
COMMUNICATION SERVICES,0.051860926983
CONSUMER DISCRETIONARY,0.062379139518
CONSUMER STAPLES,0.04039171649
ENERGY,0.147945887917
FINANCIALS,0.215897759797
HEALTH CARE,0.143093280166
INDUSTRIALS,0.144610546277
MATERIALS,0.069373946365
REAL ESTATE,0.003365939849
TECHNOLOGY,0.121080856637
