SECTOR,WEIGHT
COMMUNICATION SERVICES,0.057564657329
CONSUMER DISCRETIONARY,0.043956933969
CONSUMER STAPLES,0.0420818221
ENERGY,0.122084858118
FINANCIALS,0.237802694525
HEALTH CARE,0.150683868136
INDUSTRIALS,0.145914244442
MATERIALS,0.066953461344
REAL ESTATE,0.003518288032
TECHNOLOGY,0.129439172004
