SECTOR,WEIGHT
COMMUNICATION SERVICES,0.055045921856
CONSUMER DISCRETIONARY,0.041579137013
CONSUMER STAPLES,0.04180563111
ENERGY,0.138270663908
FINANCIALS,0.225541568087
HEALTH CARE,0.148593516988
INDUSTRIALS,0.150053714486
MATERIALS,0.067818489847
REAL ESTATE,0.004165909257
TECHNOLOGY,0.127125447448
