SECTOR,WEIGHT
COMMUNICATION SERVICES,0.056750236276
CONSUMER DISCRETIONARY,0.043316572708
CONSUMER STAPLES,0.041012881463
ENERGY,0.121435552961
FINANCIALS,0.239093683383
HEALTH CARE,0.149662295864
INDUSTRIALS,0.146102490943
MATERIALS,0.067480421535
REAL ESTATE,0.003545345076
TECHNOLOGY,0.131600519791
