SECTOR,WEIGHT
COMMUNICATION SERVICES,0.103780331057
CONSUMER DISCRETIONARY,0.113260684102
CONSUMER STAPLES,0.046809017485
ENERGY,0.019643030252
FINANCIALS,0.16720791312
HEALTH CARE,0.110744731023
INDUSTRIALS,0.138841880816
MATERIALS,0.026173680087
REAL ESTATE,0.004699077948
TECHNOLOGY,0.259706964644
UTILITIES,0.009132689466
