SECTOR,WEIGHT
COMMUNICATION SERVICES,0.102947113444
CONSUMER DISCRETIONARY,0.114150181671
CONSUMER STAPLES,0.043802987485
ENERGY,0.01947920872
FINANCIALS,0.16239402503
HEALTH CARE,0.099515542996
INDUSTRIALS,0.135849818329
MATERIALS,0.028259991926
REAL ESTATE,0.002422285022
TECHNOLOGY,0.282196205087
UTILITIES,0.008982640291
