SECTOR,WEIGHT
COMMUNICATION SERVICES,0.105633926494
CONSUMER DISCRETIONARY,0.115613398526
CONSUMER STAPLES,0.042634727619
ENERGY,0.015019958819
FINANCIALS,0.176615685182
HEALTH CARE,0.109390257991
INDUSTRIALS,0.126199841054
MATERIALS,0.024412493633
REAL ESTATE,0.003340570343
TECHNOLOGY,0.27304307095
UTILITIES,0.008096069388
