SECTOR,WEIGHT
COMMUNICATION SERVICES,0.104917707321
CONSUMER DISCRETIONARY,0.115934685381
CONSUMER STAPLES,0.042386776257
ENERGY,0.014774398724
FINANCIALS,0.177244625914
HEALTH CARE,0.108447178143
INDUSTRIALS,0.126448159851
MATERIALS,0.024407615033
REAL ESTATE,0.003345255872
TECHNOLOGY,0.274063444647
UTILITIES,0.008030152856
