SECTOR,WEIGHT
COMMUNICATION SERVICES,0.107824588243
CONSUMER DISCRETIONARY,0.115888300252
CONSUMER STAPLES,0.043285856032
ENERGY,0.015053828607
FINANCIALS,0.17035967849
HEALTH CARE,0.111972436392
INDUSTRIALS,0.126402792848
MATERIALS,0.024346876337
REAL ESTATE,0.003341911071
TECHNOLOGYQ,0.273174194793
UTILITIES,0.008349536933
