SECTOR,WEIGHT
COMMUNICATION SERVICES,0.104038996102
CONSUMER DISCRETIONARY,0.117617004173
CONSUMER STAPLES,0.04369528902
ENERGY,0.016690156736
FINANCIALS,0.170928803069
HEALTH CARE,0.109855034044
INDUSTRIALS,0.134332230547
MATERIALS,0.025301794712
REAL ESTATE,0.003412235102
TECHNOLOGY,0.265966799342
UTILITIES,0.008161657153
