SECTOR,WEIGHT
COMMUNICATION SERVICES,0.097283496943
CONSUMER DISCRETIONARY,0.114899285707
CONSUMER STAPLES,0.046140981407
ENERGY,0.020197601106
FINANCIALS,0.170018614501
HEALTH CARE,0.113000207926
INDUSTRIALS,0.139149570629
MATERIALS,0.029047761342
REAL ESTATE,0.003040321238
TECHNOLOGY,0.257549341923
UTILITIES,0.009672817278
