SECTOR,WEIGHT
COMMUNICATION SERVICES,0.100691144125
CONSUMER DISCRETIONARY,0.113931070717
CONSUMER STAPLES,0.046582393679
ENERGY,0.019300180819
FINANCIALS,0.164460321593
HEALTH CARE,0.112078239805
INDUSTRIALS,0.137455806989
MATERIALS,0.026283160951
REAL ESTATE,0.002993285933
TECHNOLOGY,0.26664650563
UTILITIES,0.009577889761
