SECTOR,WEIGHT
COMMUNICATION SERVICES,0.028032803079
CONSUMER DISCRETIONARY,0.143245805646
CONSUMER STAPLES,0.05409093841
ENERGY,0.140550863066
FINANCIALS,0.265568231219
HEALTH CARE,0.068807755981
INDUSTRIALS,0.160530259935
MATERIALS,0.067360155858
REAL ESTATE,0.008377442385
TECHNOLOGY,0.059795370197
UTILITIES,0.003640374224
