SECTOR,WEIGHT
COMMUNICATION SERVICES,0.023645729897
CONSUMER DISCRETIONARY,0.132305796876
CONSUMER STAPLES,0.050898617782
ENERGY,0.118068300637
FINANCIALS,0.287104224231
HEALTH CARE,0.073302982663
INDUSTRIALS,0.172641368459
MATERIALS,0.068198594682
REAL ESTATE,0.009969637826
TECHNOLOGY,0.058297851861
UTILITIES,0.003703461656
