SECTOR,WEIGHT
COMMUNICATION SERVICES,0.025479246211
CONSUMER DISCRETIONARY,0.138839742065
CONSUMER STAPLES,0.048471667481
ENERGY,0.109860903343
FINANCIALS,0.282639755505
HEALTH CARE,0.076854887725
INDUSTRIALS,0.17328679028
MATERIALS,0.071821733728
REAL ESTATE,0.010920719057
TECHNOLOGY,0.058345057468
UTILITIES,0.003479497138
