SECTOR,WEIGHT
COMMUNICATION SERVICES,0.024472960428
CONSUMER DISCRETIONARY,0.14077582899
CONSUMER STAPLES,0.047059697979
ENERGY,0.111946938125
FINANCIALS,0.290762334437
HEALTH CARE,0.079193156104
INDUSTRIALS,0.16891822871
MATERIALS,0.063593917888
REAL ESTATE,0.011095610625
TECHNOLOGY,0.058327265067
UTILITIES,0.003854061648
