SECTOR,WEIGHT
COMMUNICATION SERVICES,0.02398830689
CONSUMER DISCRETIONARY,0.135458037041
CONSUMER STAPLES,0.052615167733
ENERGY,0.115196382937
FINANCIALS,0.287736348935
HEALTH CARE,0.071928262127
INDUSTRIALS,0.176732322259
MATERIALS,0.068030880664
REAL ESTATE,0.009422338093
TECHNOLOGY,0.055306339501
UTILITIES,0.003585613821
