SECTOR,WEIGHT
COMMUNICATION SERVICES,0.024360359641
CONSUMER DISCRETIONARY,0.137149762687
CONSUMER STAPLES,0.046159909121
ENERGY,0.115230782879
FINANCIALS,0.290545348734
HEALTH CARE,0.076650291666
INDUSTRIALS,0.170586737571
MATERIALS,0.064380125956
REAL ESTATE,0.010650405081
TECHNOLOGY,0.060652996906
UTILITIES,0.003633279758
