SECTOR,WEIGHT
COMMUNICATION SERVICES,0.027815376742
CONSUMER DISCRETIONARY,0.12835195165
CONSUMER STAPLES,0.055235418273
ENERGY,0.139785642916
FINANCIALS,0.277818494556
HEALTH CARE,0.070342412751
INDUSTRIALS,0.157103402948
MATERIALS,0.061751774242
REAL ESTATE,0.008230558972
TECHNOLOGY,0.070178746358
UTILITIES,0.003386220593
