SECTOR,WEIGHT
COMMUNICATION SERVICES,0.02926880937
CONSUMER DISCRETIONARY,0.12900482191
CONSUMER STAPLES,0.055805522455
ENERGY,0.146687908748
FINANCIALS,0.268292743511
HEALTH CARE,0.068720915351
INDUSTRIALS,0.164266498988
MATERIALS,0.062077486047
REAL ESTATE,0.008656971218
TECHNOLOGY,0.063617840095
UTILITIES,0.003600482308
