SECTOR,WEIGHT
COMMUNICATION SERVICES,0.025774474788
CONSUMER DISCRETIONARY,0.134938697274
CONSUMER STAPLES,0.048770813012
ENERGY,0.111317575812
FINANCIALS,0.28505223355
HEALTH CARE,0.075889830285
INDUSTRIALS,0.173868002842
MATERIALS,0.071031892589
REAL ESTATE,0.010710959366
TECHNOLOGY,0.059101829287
UTILITIES,0.003543691194
