SECTOR,WEIGHT
COMMUNICATION SERVICES,0.025243781866
CONSUMER DISCRETIONARY,0.136444659576
CONSUMER STAPLES,0.047393397987
ENERGY,0.107382432003
FINANCIALS,0.296134477951
HEALTH CARE,0.078201593676
INDUSTRIALS,0.170379610103
MATERIALS,0.067747316718
REAL ESTATE,0.01055387058
TECHNOLOGY,0.056898031761
UTILITIES,0.00362082778
