SECTOR,WEIGHT
COMMUNICATION SERVICES,0.027292690578
CONSUMER DISCRETIONARY,0.136568022587
CONSUMER STAPLES,0.055631078114
ENERGY,0.124751646973
FINANCIALS,0.274181742131
HEALTH CARE,0.067447453728
INDUSTRIALS,0.164174422252
MATERIALS,0.064414932553
REAL ESTATE,0.008365575656
TECHNOLOGY,0.073512496079
UTILITIES,0.003346230262
