SECTOR,WEIGHT
COMMUNICATION SERVICES,0.028550425613
CONSUMER DISCRETIONARY,0.127278487542
CONSUMER STAPLES,0.054044706268
ENERGY,0.132209324183
FINANCIALS,0.277115460371
HEALTH CARE,0.070213971142
INDUSTRIALS,0.16392496355
MATERIALS,0.062397922834
REAL ESTATE,0.008751268147
TECHNOLOGY,0.072071403511
UTILITIES,0.003442066838
