SECTOR,WEIGHT
COMMUNICATION SERVICES,0.103368448804
CONSUMER DISCRETIONARY,0.108607708106
CONSUMER STAPLES,0.046516296958
ENERGY,0.030503653557
FINANCIALS,0.136400620469
HEALTH CARE,0.09707293675
INDUSTRIALS,0.097433327176
MATERIALS,0.019846932832
REAL ESTATE,0.001624694687
TECHNOLOGY,0.337621824932
UTILITIES,0.02100355573
