SECTOR,WEIGHT
COMMUNICATION SERVICES,0.101779714514
CONSUMER DISCRETIONARY,0.105234045925
CONSUMER STAPLES,0.053289488074
ENERGY,0.036417361763
FINANCIALS,0.130693632481
HEALTH CARE,0.098972280977
INDUSTRIALS,0.108858006027
MATERIALS,0.023382075706
REAL ESTATE,0.001330292994
TECHNOLOGY,0.31696265508
UTILITIES,0.023080446459
