SECTOR,WEIGHT
COMMUNICATION SERVICES,0.105381111536
CONSUMER DISCRETIONARY,0.108597490467
CONSUMER STAPLES,0.046984257802
ENERGY,0.03082293805
FINANCIALS,0.134385676614
HEALTH CARE,0.098312675875
INDUSTRIALS,0.096525356881
MATERIALS,0.019577701212
REAL ESTATE,0.001621575197
TECHNOLOGY,0.336234404509
UTILITIES,0.021556811856
