SECTOR,WEIGHT
COMMUNICATION SERVICES,0.100035682385
CONSUMER DISCRETIONARY,0.107857662299
CONSUMER STAPLES,0.051733902007
ENERGY,0.036978146055
FINANCIALS,0.130622581135
HEALTH CARE,0.098688800458
INDUSTRIALS,0.109724736751
MATERIALS,0.023253708107
REAL ESTATE,0.001422781018
TECHNOLOGY,0.316392668206
UTILITIES,0.023289331579
