SECTOR,WEIGHT
COMMUNICATION SERVICES,0.104991935258
CONSUMER DISCRETIONARY,0.108775551931
CONSUMER STAPLES,0.046398959828
ENERGY,0.030146926413
FINANCIALS,0.137580563063
HEALTH CARE,0.099142224024
INDUSTRIALS,0.096535094479
MATERIALS,0.020229040736
REAL ESTATE,0.001638820463
TECHNOLOGY,0.333398185625
UTILITIES,0.021162698182
