SECTOR,WEIGHT
COMMUNICATION SERVICES,0.102933794694
CONSUMER DISCRETIONARY,0.104427059698
CONSUMER STAPLES,0.051871326913
ENERGY,0.03995075902
FINANCIALS,0.124855128588
HEALTH CARE,0.10121374677
INDUSTRIALS,0.105729696897
MATERIALS,0.022627554282
REAL ESTATE,0.001324477928
TECHNOLOGY,0.320687298294
UTILITIES,0.024379156916
