SECTOR,WEIGHT
COMMUNICATION SERVICES,0.060849773984
CONSUMER DISCRETIONARY,0.053682343366
CONSUMER STAPLES,0.035162858722
ENERGY,0.103937238588
FINANCIALS,0.243103418757
HEALTH CARE,0.157622284609
INDUSTRIALS,0.151626196021
MATERIALS,0.060638147903
REAL ESTATE,0.00531191877
TECHNOLOGY,0.127335258669
UTILITIES,0.000730560611
