SECTOR,WEIGHT
COMMUNICATION SERVICES,0.060756242792
CONSUMER DISCRETIONARY,0.052544907095
CONSUMER STAPLES,0.034351080121
ENERGY,0.105520270274
FINANCIALS,0.24205919291
HEALTH CARE,0.15671223383
INDUSTRIALS,0.150590742233
MATERIALS,0.060822063221
REAL ESTATE,0.005306128029
TECHNOLOGY,0.130622046825
UTILITIES,0.00071509267
