SECTOR,WEIGHT
COMMUNICATION SERVICES,0.060581216403
CONSUMER DISCRETIONARY,0.054462923348
CONSUMER STAPLES,0.035018888309
ENERGY,0.105620060574
FINANCIALS,0.241232473823
HEALTH CARE,0.159844248246
INDUSTRIALS,0.150989592599
MATERIALS,0.059465455789
REAL ESTATE,0.005400887499
TECHNOLOGYQ,0.126632949921
UTILITIES,0.000751303488
