SECTOR,WEIGHT
COMMUNICATION SERVICES,0.057506732392
CONSUMER DISCRETIONARY,0.05165269655
CONSUMER STAPLES,0.035791733229
ENERGY,0.11622658772
FINANCIALS,0.230816916717
HEALTH CARE,0.147156487802
INDUSTRIALS,0.160614832043
MATERIALS,0.062782157231
REAL ESTATE,0.004802754107
TECHNOLOGY,0.131898450202
UTILITIES,0.000750652007
