SECTOR,WEIGHT
COMMUNICATION SERVICES,0.054773760554
CONSUMER DISCRETIONARY,0.068954319117
CONSUMER STAPLES,0.036263260446
ENERGY,0.135527170383
FINANCIALS,0.203399004113
HEALTH CARE,0.141805585625
INDUSTRIALS,0.146568521325
MATERIALS,0.051851050011
REAL ESTATE,0.004221693007
TECHNOLOGY,0.155877895648
UTILITIES,0.000757739771
