SECTOR,WEIGHT
COMMUNICATION SERVICES,0.06015363044
CONSUMER DISCRETIONARY,0.052840691667
CONSUMER STAPLES,0.034261004819
ENERGY,0.103550752472
FINANCIALS,0.244048746814
HEALTH CARE,0.156132194215
INDUSTRIALS,0.151729640012
MATERIALS,0.060916398526
REAL ESTATE,0.005322598516
TECHNOLOGY,0.130319867103
UTILITIES,0.000724475416
