SECTOR,WEIGHT
COMMUNICATION SERVICES,0.059457351099
CONSUMER DISCRETIONARY,0.056979418041
CONSUMER STAPLES,0.035332069858
ENERGY,0.131383868747
FINANCIALS,0.21822938526
HEALTH CARE,0.148164754225
INDUSTRIALS,0.155686981208
MATERIALS,0.064001694831
REAL ESTATE,0.003969311168
TECHNOLOGY,0.126055972644
UTILITIES,0.000739192919
