SECTOR,WEIGHT
COMMUNICATION SERVICES,0.058359846905
CONSUMER DISCRETIONARY,0.058104439372
CONSUMER STAPLES,0.035409908701
ENERGY,0.133463644428
FINANCIALS,0.21750774083
HEALTH CARE,0.147038136121
INDUSTRIALS,0.148975999912
MATERIALS,0.066320845803
REAL ESTATE,0.004065080365
TECHNOLOGY,0.130033369526
UTILITIES,0.000720988037
