SECTOR,WEIGHT
COMMUNICATION SERVICES,0.056272351399
CONSUMER DISCRETIONARY,0.052734221173
CONSUMER STAPLES,0.034938634482
ENERGY,0.108015098074
FINANCIALS,0.231645554049
HEALTH CARE,0.156114290326
INDUSTRIALS,0.157259348719
MATERIALS,0.062818248479
REAL ESTATE,0.005200156541
TECHNOLOGY,0.134287886734
UTILITIES,0.000714210024
