SECTOR,WEIGHT
COMMUNICATION SERVICES,0.057909080262
CONSUMER DISCRETIONARY,0.053732514429
CONSUMER STAPLES,0.033587940444
ENERGY,0.106363193533
FINANCIALS,0.240350838338
HEALTH CARE,0.156562582618
INDUSTRIALS,0.153041591381
MATERIALS,0.061908036673
REAL ESTATE,0.005202882427
TECHNOLOGY,0.130632957062
UTILITIES,0.000708382833
