SECTOR,WEIGHT
COMMUNICATION SERVICES,0.057209524621
CONSUMER DISCRETIONARY,0.057946613847
CONSUMER STAPLES,0.035526176558
ENERGY,0.119901147627
FINANCIALS,0.226786521793
HEALTH CARE,0.149213957667
INDUSTRIALS,0.158041657765
MATERIALS,0.064357983862
REAL ESTATE,0.004238372955
TECHNOLOGY,0.126091894764
UTILITIES,0.00068614854
