SECTOR,WEIGHT
COMMUNICATION SERVICES,0.055100820281
CONSUMER DISCRETIONARY,0.051453057222
CONSUMER STAPLES,0.034278107722
ENERGY,0.109887080262
FINANCIALS,0.228325897845
HEALTH CARE,0.154699119772
INDUSTRIALS,0.157470942502
MATERIALS,0.063421045668
REAL ESTATE,0.005139044359
TECHNOLOGY,0.139485559771
UTILITIES,0.000739324596
