SECTOR,WEIGHT
COMMUNICATION SERVICES,0.051080032103
CONSUMER DISCRETIONARY,0.069744865848
CONSUMER STAPLES,0.033172917055
ENERGY,0.131189181935
FINANCIALS,0.222771715642
HEALTH CARE,0.137819879922
INDUSTRIALS,0.144162704131
MATERIALS,0.061958190651
REAL ESTATE,0.004079968565
TECHNOLOGY,0.143301282321
UTILITIES,0.000719261826
