SECTOR,WEIGHT
COMMUNICATION SERVICES,0.041863488798
CONSUMER DISCRETIONARY,0.152710157733
CONSUMER STAPLES,0.091425431667
ENERGY,0.069484334401
FINANCIALS,0.14935101529
HEALTH CARE,0.095220316673
INDUSTRIALS,0.171490360328
MATERIALS,0.060750362783
REAL ESTATE,0.013492924467
TECHNOLOGY,0.098779719555
UTILITIES,0.055431888305
