SECTOR,WEIGHT
COMMUNICATION SERVICES,0.043731449219
CONSUMER DISCRETIONARY,0.159471181765
CONSUMER STAPLES,0.089659754484
ENERGY,0.053202429346
FINANCIALS,0.149519292812
HEALTH CARE,0.09612933927
INDUSTRIALS,0.181004202155
MATERIALS,0.063604981288
REAL ESTATE,0.012887751645
TECHNOLOGY,0.101277180927
UTILITIES,0.049512437089
