SECTOR,WEIGHT
COMMUNICATION SERVICES,0.042124061718
CONSUMER DISCRETIONARY,0.154474657726
CONSUMER STAPLES,0.09103983068
ENERGY,0.056995870505
FINANCIALS,0.15163154737
HEALTH CARE,0.098625478249
INDUSTRIALS,0.177467772555
MATERIALS,0.061918300526
REAL ESTATE,0.013606529204
TECHNOLOGY,0.098251622804
UTILITIES,0.053864328663
