SECTOR,WEIGHT
COMMUNICATION SERVICES,0.043826692941
CONSUMER DISCRETIONARY,0.158514418952
CONSUMER STAPLES,0.090338110312
ENERGY,0.0496819874
FINANCIALS,0.153159052571
HEALTH CARE,0.097474910551
INDUSTRIALS,0.180538413488
MATERIALS,0.065643473826
REAL ESTATE,0.012994106482
TECHNOLOGY,0.098085486696
UTILITIES,0.049743346782
