SECTOR,WEIGHT
COMMUNICATION SERVICES,0.038648570476
CONSUMER DISCRETIONARY,0.154031872542
CONSUMER STAPLES,0.093573870461
ENERGY,0.056152557557
FINANCIALS,0.145566607346
HEALTH CARE,0.090953645417
INDUSTRIALS,0.190871694339
MATERIALS,0.07369470813
REAL ESTATE,0.012803851701
TECHNOLOGY,0.095591514046
UTILITIES,0.048111107987
