SECTOR,WEIGHT
COMMUNICATION SERVICES,0.040276336848
CONSUMER DISCRETIONARY,0.157129386124
CONSUMER STAPLES,0.091750709742
ENERGY,0.053890108653
FINANCIALS,0.142479150079
HEALTH CARE,0.092160872118
INDUSTRIALS,0.184113647148
MATERIALS,0.070763062867
REAL ESTATE,0.012867839249
TECHNOLOGY,0.100753170716
UTILITIES,0.04948991081
