SECTOR,WEIGHT
COMMUNICATION SERVICES,0.145545886139
CONSUMER DISCRETIONARY,0.103565949163
CONSUMER STAPLES,0.080710741655
ENERGY,0.078891021846
FINANCIALS,0.125061892709
HEALTH CARE,0.113095547814
INDUSTRIALS,0.15841925468
MATERIALS,0.034382926634
REAL ESTATE,0.001568914874
TECHNOLOGY,0.153119000939
UTILITIES,0.005638863546
