SECTOR,WEIGHT
COMMUNICATION SERVICES,0.149930752712
CONSUMER DISCRETIONARY,0.107015055211
CONSUMER STAPLES,0.073915949895
ENERGY,0.067138578665
FINANCIALS,0.139140821557
HEALTH CARE,0.111425649328
INDUSTRIALS,0.143617396832
MATERIALS,0.031386646548
REAL ESTATE,0.001794985139
TECHNOLOGY,0.169275067473
UTILITIES,0.00535909664
