SECTOR,WEIGHT
COMMUNICATION SERVICES,0.150555445261
CONSUMER DISCRETIONARY,0.106849877567
CONSUMER STAPLES,0.074139866847
ENERGY,0.068355094544
FINANCIALS,0.138128080858
HEALTH CARE,0.111471142363
INDUSTRIALS,0.143080009072
MATERIALS,0.031326163314
REAL ESTATE,0.001784633883
TECHNOLOGY,0.168916066276
UTILITIES,0.005393620014
