SECTOR,WEIGHT
COMMUNICATION SERVICES,0.148622795438
CONSUMER DISCRETIONARY,0.111057115522
CONSUMER STAPLES,0.073342959132
ENERGY,0.069487398625
FINANCIALS,0.137099676125
HEALTH CARE,0.111228175218
INDUSTRIALS,0.143956492984
MATERIALS,0.031705575136
REAL ESTATE,0.001777746519
TECHNOLOGY,0.16690424398
UTILITIES,0.00481782132
