SECTOR,WEIGHT
COMMUNICATION SERVICES,0.151888856309
CONSUMER DISCRETIONARY,0.106282211574
CONSUMER STAPLES,0.080920391481
ENERGY,0.076509547779
FINANCIALS,0.129943526779
HEALTH CARE,0.11266414949
INDUSTRIALS,0.153288562229
MATERIALS,0.033633287671
REAL ESTATE,0.001754588169
TECHNOLOGY,0.148518222357
UTILITIES,0.004596656162
