SECTOR,WEIGHT
COMMUNICATION SERVICES,0.150835674353
CONSUMER DISCRETIONARY,0.103377529371
CONSUMER STAPLES,0.07443072607
ENERGY,0.068264717617
FINANCIALS,0.137734185629
HEALTH CARE,0.109644931821
INDUSTRIALS,0.143872633554
MATERIALS,0.030719239531
REAL ESTATE,0.001736519943
TECHNOLOGY,0.173625780864
UTILITIES,0.005758061248
