SECTOR,WEIGHT
COMMUNICATION SERVICES,0.144785424474
CONSUMER DISCRETIONARY,0.114842572599
CONSUMER STAPLES,0.077108333867
ENERGY,0.079396907365
FINANCIALS,0.126919057775
HEALTH CARE,0.103203044032
INDUSTRIALS,0.148873378771
MATERIALS,0.031985100909
REAL ESTATE,0.001492431976
TECHNOLOGY,0.166905563326
UTILITIES,0.004488184908
