SECTOR,WEIGHT
COMMUNICATION SERVICES,0.142162441102
CONSUMER DISCRETIONARY,0.112757233067
CONSUMER STAPLES,0.080090934729
ENERGY,0.078478589447
FINANCIALS,0.128596998477
HEALTH CARE,0.109464613708
INDUSTRIALS,0.153235695168
MATERIALS,0.0330649905
REAL ESTATE,0.001527482216
TECHNOLOGY,0.155834664354
UTILITIES,0.004786357232
