SECTOR,WEIGHT
ENERGY,0.205617270592
INDUSTRIALS,0.660812754975
MATERIALS,0.129079604383
TECHNOLOGY,0.00449037005
