SECTOR,WEIGHT
ENERGY,0.226062826931
INDUSTRIALS,0.640156164757
MATERIALS,0.129632192484
TECHNOLOGY,0.004148815827
