SECTOR,WEIGHT
ENERGY,0.184247724042
INDUSTRIALS,0.66811203881
MATERIALS,0.126807763157
TECHNOLOGY,0.020832473991
