SECTOR,WEIGHT
ENERGY,0.186315967608
INDUSTRIALS,0.677542649949
MATERIALS,0.132135987175
TECHNOLOGY,0.004005395267
