SECTOR,WEIGHT
ENERGY,0.222961740459
INDUSTRIALS,0.643243167366
MATERIALS,0.129332247786
TECHNOLOGY,0.004462844389
