SECTOR,WEIGHT
ENERGY,0.211619404959
INDUSTRIALS,0.657876750768
MATERIALS,0.12605026016
TECHNOLOGY,0.004453584113
