SECTOR,WEIGHT
ENERGY,0.19808300915
INDUSTRIALS,0.655959286363
MATERIALS,0.124717252414
TECHNOLOGY,0.021240452074
