SECTOR,WEIGHT
ENERGY,0.180385706525
INDUSTRIALS,0.672673588057
MATERIALS,0.127448139876
TECHNOLOGY,0.019492565542
