SECTOR,WEIGHT
ENERGY,0.180603677405
INDUSTRIALS,0.677700015317
MATERIALS,0.136915100544
TECHNOLOGY,0.004781206734
