SECTOR,WEIGHT
COMMUNICATION SERVICES,0.001301516593
CONSUMER DISCRETIONARY,0.059088672385
CONSUMER STAPLES,0.116079403174
ENERGY,0.055016576331
FINANCIALS,0.211477923426
HEALTH CARE,0.169685656341
INDUSTRIALS,0.118464678767
MATERIALS,0.026361624098
TECHNOLOGY,0.171495896479
UTILITIES,0.071028052407
