SECTOR,WEIGHT
COMMUNICATION SERVICES,0.001343202712
CONSUMER DISCRETIONARY,0.058498164692
CONSUMER STAPLES,0.112994629863
ENERGY,0.054069803336
FINANCIALS,0.21319787612
HEALTH CARE,0.165456789658
INDUSTRIALS,0.116163680346
MATERIALS,0.026108275601
TECHNOLOGY,0.183089350409
UTILITIES,0.069078227263
