SECTOR,WEIGHT
COMMUNICATION SERVICES,0.001445926914
CONSUMER DISCRETIONARY,0.059233448591
CONSUMER STAPLES,0.130407772225
ENERGY,0.071147574704
FINANCIALS,0.186923128155
HEALTH CARE,0.17099271004
INDUSTRIALS,0.128488643609
MATERIALS,0.027623640007
TECHNOLOGY,0.147868211446
UTILITIES,0.075868944308
