SECTOR,WEIGHT
COMMUNICATION SERVICES,0.001520621536
CONSUMER DISCRETIONARY,0.060104227523
CONSUMER STAPLES,0.12260812808
ENERGY,0.054063025449
FINANCIALS,0.210039674378
HEALTH CARE,0.173421668679
INDUSTRIALS,0.118673485839
MATERIALS,0.026466206335
TECHNOLOGY,0.164721181089
UTILITIES,0.068381781093
