SECTOR,WEIGHT
COMMUNICATION SERVICES,0.010493895953
CONSUMER DISCRETIONARY,0.051355777376
CONSUMER STAPLES,0.11135601713
ENERGY,0.051754663233
FINANCIALS,0.20113656616
HEALTH CARE,0.181653792405
INDUSTRIALS,0.110440251076
MATERIALS,0.026209852994
TECHNOLOGY,0.186522140403
UTILITIES,0.06907704327
