SECTOR,WEIGHT
COMMUNICATION SERVICES,0.001503910166
CONSUMER DISCRETIONARY,0.055744936836
CONSUMER STAPLES,0.116001604171
ENERGY,0.052135552436
FINANCIALS,0.210848205334
HEALTH CARE,0.16262281933
INDUSTRIALS,0.115099258071
MATERIALS,0.026067776218
TECHNOLOGY,0.192901544014
UTILITIES,0.067074393423
