SECTOR,WEIGHT
COMMUNICATION SERVICES,0.010688943515
CONSUMER DISCRETIONARY,0.051537129929
CONSUMER STAPLES,0.108421471549
ENERGY,0.052160922183
FINANCIALS,0.2053519976
HEALTH CARE,0.179257385938
INDUSTRIALS,0.111707797508
MATERIALS,0.026234601184
TECHNOLOGY,0.187661120653
UTILITIES,0.066978629941
