SECTOR,WEIGHT
COMMUNICATION SERVICES,0.02619242652
CONSUMER DISCRETIONARY,0.134033651687
CONSUMER STAPLES,0.075855819634
ENERGY,0.108643360728
FINANCIALS,0.250667362784
HEALTH CARE,0.011826998763
INDUSTRIALS,0.227931520427
MATERIALS,0.096613327652
REAL ESTATE,0.014735490298
TECHNOLOGY,0.051647728466
UTILITIES,0.001852313041
