SECTOR,WEIGHT
COMMUNICATION SERVICES,0.027226885712
CONSUMER DISCRETIONARY,0.137375061281
CONSUMER STAPLES,0.072750102552
ENERGY,0.112325285896
FINANCIALS,0.247956457793
HEALTH CARE,0.012814535413
INDUSTRIALS,0.227388968374
MATERIALS,0.095676795166
REAL ESTATE,0.015737025883
TECHNOLOGY,0.048738856817
UTILITIES,0.002010025113
