SECTOR,WEIGHT
COMMUNICATION SERVICES,0.01928649945
CONSUMER DISCRETIONARY,0.125811931648
CONSUMER STAPLES,0.071749775157
ENERGY,0.115219346457
FINANCIALS,0.253222744079
HEALTH CARE,0.013290696512
INDUSTRIALS,0.221844708704
MATERIALS,0.098231238133
REAL ESTATE,0.016088737883
TECHNOLOGY,0.063555511142
UTILITIES,0.001698810832
