SECTOR,WEIGHT
COMMUNICATION SERVICES,0.020189905047
CONSUMER DISCRETIONARY,0.131534232884
CONSUMER STAPLES,0.073463268366
ENERGY,0.11684157921
FINANCIALS,0.250774612694
HEALTH CARE,0.013193403298
INDUSTRIALS,0.219990004998
MATERIALS,0.093253373313
REAL ESTATE,0.016591704148
TECHNOLOGY,0.062468765617
UTILITIES,0.001699150425
