SECTOR,WEIGHT
COMMUNICATION SERVICES,0.026524514111
CONSUMER DISCRETIONARY,0.136208073235
CONSUMER STAPLES,0.072763789125
ENERGY,0.116723472984
FINANCIALS,0.243328843533
HEALTH CARE,0.012727884063
INDUSTRIALS,0.228984831412
MATERIALS,0.09759812349
REAL ESTATE,0.015485809095
TECHNOLOGY,0.047577208892
UTILITIES,0.00207745006
