SECTOR,WEIGHT
COMMUNICATION SERVICES,0.019665945042
CONSUMER DISCRETIONARY,0.127175378853
CONSUMER STAPLES,0.07140284675
ENERGY,0.122490486156
FINANCIALS,0.249645856926
HEALTH CARE,0.012818178544
INDUSTRIALS,0.220103921984
MATERIALS,0.095411546265
REAL ESTATE,0.016657729723
TECHNOLOGY,0.06292542187
UTILITIES,0.001702687886
