SECTOR,WEIGHT
COMMUNICATION SERVICES,0.025999061167
CONSUMER DISCRETIONARY,0.136480057811
CONSUMER STAPLES,0.0724652767
ENERGY,0.117744439318
FINANCIALS,0.248627532621
HEALTH CARE,0.012803356577
INDUSTRIALS,0.227414716854
MATERIALS,0.094791079688
REAL ESTATE,0.01478811706
TECHNOLOGY,0.04687457775
UTILITIES,0.002011784453
