SECTOR,WEIGHT
COMMUNICATION SERVICES,0.02583132154
CONSUMER DISCRETIONARY,0.219078500445
CONSUMER STAPLES,0.041061586377
ENERGY,0.075367950512
FINANCIALS,0.242858843668
HEALTH CARE,0.016679956339
INDUSTRIALS,0.232020673861
MATERIALS,0.084869482743
REAL ESTATE,0.018848990969
TECHNOLOGY,0.033923181358
UTILITIES,0.009459512187
