SECTOR,WEIGHT
COMMUNICATION SERVICES,0.019468863164
CONSUMER DISCRETIONARY,0.128756583522
CONSUMER STAPLES,0.074722787189
ENERGY,0.136455629394
FINANCIALS,0.245902889475
HEALTH CARE,0.014074614421
INDUSTRIALS,0.215208048829
MATERIALS,0.092936403854
REAL ESTATE,0.015687069356
TECHNOLOGY,0.054884674855
UTILITIES,0.001902435941
