SECTOR,WEIGHT
COMMUNICATION SERVICES,0.119766097314
CONSUMER DISCRETIONARY,0.082732172222
CONSUMER STAPLES,0.065018424938
ENERGY,0.068066241753
FINANCIALS,0.123182012779
HEALTH CARE,0.139249318817
INDUSTRIALS,0.096857957933
MATERIALS,0.032525716892
TECHNOLOGY,0.269948346157
UTILITIES,0.002653711195
