SECTOR,WEIGHT
COMMUNICATION SERVICES,0.133514160638
CONSUMER DISCRETIONARY,0.076867607009
CONSUMER STAPLES,0.069003419516
ENERGY,0.053357056916
FINANCIALS,0.090366645363
HEALTH CARE,0.128680430745
INDUSTRIALS,0.104441770707
MATERIALS,0.034537215119
TECHNOLOGY,0.306978353731
UTILITIES,0.002253340254
