SECTOR,WEIGHT
COMMUNICATION SERVICES,0.119480784648
CONSUMER DISCRETIONARY,0.08481137958
CONSUMER STAPLES,0.070638950359
ENERGY,0.08014829005
FINANCIALS,0.114501417743
HEALTH CARE,0.134874284748
INDUSTRIALS,0.105412446716
MATERIALS,0.036407929754
TECHNOLOGY,0.251500565996
UTILITIES,0.002223950405
