SECTOR,WEIGHT
COMMUNICATION SERVICES,0.128566504615
CONSUMER DISCRETIONARY,0.08296394118
CONSUMER STAPLES,0.0720535131
ENERGY,0.061266327066
FINANCIALS,0.091817329235
HEALTH CARE,0.137603252788
INDUSTRIALS,0.103231747151
MATERIALS,0.034451663066
TECHNOLOGY,0.285652020568
UTILITIES,0.002393701229
