SECTOR,WEIGHT
COMMUNICATION SERVICES,0.127635930016
CONSUMER DISCRETIONARY,0.082522997375
CONSUMER STAPLES,0.073554522316
ENERGY,0.063638094475
FINANCIALS,0.090685812774
HEALTH CARE,0.137727719101
INDUSTRIALS,0.103254704692
MATERIALS,0.034983065114
TECHNOLOGY,0.283530071948
UTILITIES,0.002467082189
