SECTOR,WEIGHT
COMMUNICATION SERVICES,0.122480328097
CONSUMER DISCRETIONARY,0.082418083421
CONSUMER STAPLES,0.072290798469
ENERGY,0.087669602213
FINANCIALS,0.106269858527
HEALTH CARE,0.138245906551
INDUSTRIALS,0.10077785805
MATERIALS,0.035186478516
TECHNOLOGY,0.252238233181
UTILITIES,0.002422852975
