SECTOR,WEIGHT
COMMUNICATION SERVICES,0.120851944558
CONSUMER DISCRETIONARY,0.084677027902
CONSUMER STAPLES,0.072516971535
ENERGY,0.083092717678
FINANCIALS,0.109279374042
HEALTH CARE,0.139526388323
INDUSTRIALS,0.105436195734
MATERIALS,0.036285007701
TECHNOLOGY,0.245839309109
UTILITIES,0.002495063417
