SECTOR,WEIGHT
COMMUNICATION SERVICES,0.042732309568
CONSUMER DISCRETIONARY,0.07668017631
CONSUMER STAPLES,0.115794654752
ENERGY,0.055453361656
FINANCIALS,0.233314520745
HEALTH CARE,0.138223403328
INDUSTRIALS,0.149253327372
MATERIALS,0.051150859247
REAL ESTATE,0.041670718223
TECHNOLOGY,0.095726668799
