SECTOR,WEIGHT
COMMUNICATION SERVICES,0.044186046512
CONSUMER DISCRETIONARY,0.049544994944
CONSUMER STAPLES,0.09646107179
ENERGY,0.060060667341
FINANCIALS,0.231951466127
HEALTH CARE,0.138321536906
INDUSTRIALS,0.147522750253
MATERIALS,0.04084934277
REAL ESTATE,0.050353892821
TECHNOLOGY,0.140748230536
