SECTOR,WEIGHT
COMMUNICATION SERVICES,0.04666851474
CONSUMER DISCRETIONARY,0.07732084116
CONSUMER STAPLES,0.111895152211
ENERGY,0.051715355385
FINANCIALS,0.230613496871
HEALTH CARE,0.144977327746
INDUSTRIALS,0.148875294099
MATERIALS,0.050459399603
REAL ESTATE,0.043336979441
TECHNOLOGY,0.094137638743
