SECTOR,WEIGHT
COMMUNICATION SERVICES,0.044505865635
CONSUMER DISCRETIONARY,0.073541408193
CONSUMER STAPLES,0.099878137508
ENERGY,0.047484281142
FINANCIALS,0.255846092483
HEALTH CARE,0.137208547211
INDUSTRIALS,0.144970265953
MATERIALS,0.046670528318
REAL ESTATE,0.042636839753
TECHNOLOGY,0.107258033805
