SECTOR,WEIGHT
COMMUNICATION SERVICES,0.035392675817
CONSUMER DISCRETIONARY,0.0822268847
CONSUMER STAPLES,0.101822637218
ENERGY,0.046616989926
FINANCIALS,0.260739825744
HEALTH CARE,0.137141238368
INDUSTRIALS,0.151442654195
MATERIALS,0.048523912103
REAL ESTATE,0.041863198104
TECHNOLOGY,0.094229983824
