SECTOR,WEIGHT
COMMUNICATION SERVICES,0.044319137855
CONSUMER DISCRETIONARY,0.077018148311
CONSUMER STAPLES,0.101018588999
ENERGY,0.049464164096
FINANCIALS,0.249137654741
HEALTH CARE,0.137165978927
INDUSTRIALS,0.143925523817
MATERIALS,0.047226673611
REAL ESTATE,0.03975201314
TECHNOLOGY,0.110972116502
