SECTOR,WEIGHT
COMMUNICATION SERVICES,0.04447162689
CONSUMER DISCRETIONARY,0.047598957084
CONSUMER STAPLES,0.095650168002
ENERGY,0.062410017169
FINANCIALS,0.230243741546
HEALTH CARE,0.140155182758
INDUSTRIALS,0.149560443674
MATERIALS,0.041212768734
REAL ESTATE,0.050516854296
TECHNOLOGY,0.138180239846
