SECTOR,WEIGHT
COMMUNICATION SERVICES,0.044319037774
CONSUMER DISCRETIONARY,0.073667403882
CONSUMER STAPLES,0.100286271776
ENERGY,0.046255228617
FINANCIALS,0.256426591022
HEALTH CARE,0.13649895027
INDUSTRIALS,0.145415644983
MATERIALS,0.047457209481
REAL ESTATE,0.042100381429
TECHNOLOGY,0.107573280767
