SECTOR,WEIGHT
COMMUNICATION SERVICES,0.044927974212
CONSUMER DISCRETIONARY,0.047547093785
CONSUMER STAPLES,0.092475067996
ENERGY,0.059736073335
FINANCIALS,0.229072227259
HEALTH CARE,0.138712601995
INDUSTRIALS,0.153621436486
MATERIALS,0.041100030221
REAL ESTATE,0.053792686612
TECHNOLOGY,0.139014808099
