SECTOR,WEIGHT
COMMUNICATION SERVICES,0.044450279305
CONSUMER DISCRETIONARY,0.062986428604
CONSUMER STAPLES,0.109235604319
ENERGY,0.060664399088
FINANCIALS,0.238392357847
HEALTH CARE,0.149368532241
INDUSTRIALS,0.152752862701
MATERIALS,0.046823419527
REAL ESTATE,0.047778488205
TECHNOLOGY,0.087547628163
