SECTOR,WEIGHT
COMMUNICATION SERVICES,0.094198263405
CONSUMER DISCRETIONARY,0.050909919798
CONSUMER STAPLES,0.173891432204
ENERGY,0.107864884215
FINANCIALS,0.216038045623
HEALTH CARE,0.153942784958
INDUSTRIALS,0.046357057288
MATERIALS,0.015103574108
REAL ESTATE,0.028800319725
TECHNOLOGY,0.025335966911
UTILITIES,0.087557751766
