SECTOR,WEIGHT
COMMUNICATION SERVICES,0.100514913986
CONSUMER DISCRETIONARY,0.045494804562
CONSUMER STAPLES,0.190256490775
ENERGY,0.099435969902
FINANCIALS,0.207699755627
HEALTH CARE,0.150868992838
INDUSTRIALS,0.042904130987
MATERIALS,0.015653747519
REAL ESTATE,0.02674412519
TECHNOLOGY,0.025738653977
UTILITIES,0.094688414637
