SECTOR,WEIGHT
COMMUNICATION SERVICES,0.090852107704
CONSUMER DISCRETIONARY,0.049433158427
CONSUMER STAPLES,0.174544480816
ENERGY,0.119558240665
FINANCIALS,0.208893956899
HEALTH CARE,0.147137109068
INDUSTRIALS,0.047924790192
MATERIALS,0.016224987564
REAL ESTATE,0.028880638329
TECHNOLOGY,0.029212599689
UTILITIES,0.087337930647
