SECTOR,WEIGHT
COMMUNICATION SERVICES,0.097563747011
CONSUMER DISCRETIONARY,0.048949298024
CONSUMER STAPLES,0.178113542984
ENERGY,0.119460661774
FINANCIALS,0.199564997919
HEALTH CARE,0.151144620595
INDUSTRIALS,0.044737037923
MATERIALS,0.01684501819
REAL ESTATE,0.026951827994
TECHNOLOGY,0.028627078729
UTILITIES,0.088042168856
