SECTOR,WEIGHT
COMMUNICATION SERVICES,0.038042830605
CONSUMER DISCRETIONARY,0.036775036677
CONSUMER STAPLES,0.181438735811
ENERGY,0.123436662878
FINANCIALS,0.197983146152
HEALTH CARE,0.222349624719
INDUSTRIALS,0.012005988474
MATERIALS,0.011080679161
REAL ESTATE,0.045145881422
TECHNOLOGY,0.035224843153
UTILITIES,0.096516570948
