SECTOR,WEIGHT
COMMUNICATION SERVICES,0.089068858447
CONSUMER DISCRETIONARY,0.051471806983
CONSUMER STAPLES,0.176294379478
ENERGY,0.113122653763
FINANCIALS,0.21105861813
HEALTH CARE,0.150612219067
INDUSTRIALS,0.048714334937
MATERIALS,0.016613141238
REAL ESTATE,0.029947452327
TECHNOLOGY,0.025914209972
UTILITIES,0.087182325659
