SECTOR,WEIGHT
COMMUNICATION SERVICES,0.10226690361
CONSUMER DISCRETIONARY,0.044064417718
CONSUMER STAPLES,0.189925544072
ENERGY,0.106085853374
FINANCIALS,0.206523326
HEALTH CARE,0.150504679296
INDUSTRIALS,0.0415885945
MATERIALS,0.015736932456
REAL ESTATE,0.025062298317
TECHNOLOGY,0.025508329096
UTILITIES,0.092733121561
