SECTOR,WEIGHT
COMMUNICATION SERVICES,0.019317385647
CONSUMER DISCRETIONARY,0.114503052747
CONSUMER STAPLES,0.043939545591
ENERGY,0.022620358322
FINANCIALS,0.269642678411
HEALTH CARE,0.128315483936
INDUSTRIALS,0.18466619958
MATERIALS,0.039735762186
TECHNOLOGY,0.17725953358
