SECTOR,WEIGHT
COMMUNICATION SERVICES,0.018911516078
CONSUMER DISCRETIONARY,0.122431645918
CONSUMER STAPLES,0.046562638492
ENERGY,0.022717735228
FINANCIALS,0.270480528799
HEALTH CARE,0.126023640679
INDUSTRIALS,0.175775971319
MATERIALS,0.046406952686
TECHNOLOGY,0.170689370802
