SECTOR,WEIGHT
COMMUNICATION SERVICES,0.018820099457
CONSUMER DISCRETIONARY,0.1155406631
CONSUMER STAPLES,0.044363270667
ENERGY,0.023969652917
FINANCIALS,0.272174810629
HEALTH CARE,0.130909957844
INDUSTRIALS,0.18351277013
MATERIALS,0.039878331898
TECHNOLOGY,0.170830443358
