SECTOR,WEIGHT
COMMUNICATION SERVICES,0.019023198721
CONSUMER DISCRETIONARY,0.123345101222
CONSUMER STAPLES,0.04162889638
ENERGY,0.020690550313
FINANCIALS,0.279125665251
HEALTH CARE,0.124463308451
INDUSTRIALS,0.159517448857
MATERIALS,0.044345965971
TECHNOLOGY,0.187859864833
