SECTOR,WEIGHT
COMMUNICATION SERVICES,0.018803760752
CONSUMER DISCRETIONARY,0.117723544709
CONSUMER STAPLES,0.044108821764
ENERGY,0.023404680936
FINANCIALS,0.272054410882
HEALTH CARE,0.130926185237
INDUSTRIALS,0.178435687137
MATERIALS,0.042108421684
TECHNOLOGY,0.172434486897
