SECTOR,WEIGHT
COMMUNICATION SERVICES,0.019337476553
CONSUMER DISCRETIONARY,0.122466913427
CONSUMER STAPLES,0.040485718865
ENERGY,0.019901076883
FINANCIALS,0.285427038517
HEALTH CARE,0.124180212814
INDUSTRIALS,0.150709563302
MATERIALS,0.042617664486
TECHNOLOGY,0.194874335153
