SECTOR,WEIGHT
COMMUNICATION SERVICES,0.01979239525
CONSUMER DISCRETIONARY,0.120684050458
CONSUMER STAPLES,0.041501778543
ENERGY,0.019387606102
FINANCIALS,0.2835050652
HEALTH CARE,0.123957966213
INDUSTRIALS,0.14681933246
MATERIALS,0.041517049643
TECHNOLOGY,0.202834756131
