SECTOR,WEIGHT
COMMUNICATION SERVICES,0.01914267552
CONSUMER DISCRETIONARY,0.124777975191
CONSUMER STAPLES,0.045828125242
ENERGY,0.022561592751
FINANCIALS,0.275002741566
HEALTH CARE,0.125111554441
INDUSTRIALS,0.16543115073
MATERIALS,0.045447962132
TECHNOLOGY,0.176696222427
