SECTOR,WEIGHT
COMMUNICATION SERVICES,0.063313965137
CONSUMER DISCRETIONARY,0.018533360048
CONSUMER STAPLES,0.150871568824
ENERGY,0.237126828291
FINANCIALS,0.058004407934
HEALTH CARE,0.036565818473
INDUSTRIALS,0.075736325386
MATERIALS,0.063714686436
REAL ESTATE,0.180024043278
UTILITIES,0.116108996193
