SECTOR,WEIGHT
COMMUNICATION SERVICES,0.062732801216
CONSUMER DISCRETIONARY,0.01858508872
CONSUMER STAPLES,0.150631138851
ENERGY,0.233359339055
FINANCIALS,0.058287823321
HEALTH CARE,0.035559823161
INDUSTRIALS,0.074530396687
MATERIALS,0.063557982756
REAL ESTATE,0.18201504331
UTILITIES,0.120740562924
