SECTOR,WEIGHT
COMMUNICATION SERVICES,0.043665409009
CONSUMER DISCRETIONARY,0.013268842145
CONSUMER STAPLES,0.113133286783
ENERGY,0.197531234173
FINANCIALS,0.05722294312
HEALTH CARE,0.021191388788
INDUSTRIALS,0.078433311656
MATERIALS,0.084664662805
REAL ESTATE,0.193030036951
UTILITIES,0.19785888457
