SECTOR,WEIGHT
COMMUNICATION SERVICES,0.065909909549
CONSUMER DISCRETIONARY,0.019768070119
CONSUMER STAPLES,0.147656687745
ENERGY,0.237662090771
FINANCIALS,0.057964460098
HEALTH CARE,0.034391259105
INDUSTRIALS,0.075405226927
MATERIALS,0.06664532138
REAL ESTATE,0.175099055471
UTILITIES,0.119497918835
