SECTOR,WEIGHT
COMMUNICATION SERVICES,0.041505949692
CONSUMER DISCRETIONARY,0.012253128735
CONSUMER STAPLES,0.114448139547
ENERGY,0.204851687378
FINANCIALS,0.058933332267
HEALTH CARE,0.021185661581
INDUSTRIALS,0.074388142984
MATERIALS,0.075314472322
REAL ESTATE,0.196410798582
UTILITIES,0.200708686911
