SECTOR,WEIGHT
COMMUNICATION SERVICES,0.041770838768
CONSUMER DISCRETIONARY,0.012137471056
CONSUMER STAPLES,0.111909931096
ENERGY,0.211299144819
FINANCIALS,0.057539117209
HEALTH CARE,0.021339395715
INDUSTRIALS,0.073942460883
MATERIALS,0.074294606059
REAL ESTATE,0.19475534438
UTILITIES,0.201011690016
