SECTOR,WEIGHT
COMMUNICATION SERVICES,0.038028919147
CONSUMER DISCRETIONARY,0.050047520364
CONSUMER STAPLES,0.091287623624
ENERGY,0.082881657292
FINANCIALS,0.205933036964
HEALTH CARE,0.097305977632
INDUSTRIALS,0.10108541229
MATERIALS,0.020685460956
REAL ESTATE,0.028339589406
TECHNOLOGY,0.259154863864
UTILITIES,0.025249938459
