SECTOR,WEIGHT
COMMUNICATION SERVICES,0.059539000049
CONSUMER DISCRETIONARY,0.053203713954
CONSUMER STAPLES,0.102949787523
ENERGY,0.092572391367
FINANCIALS,0.180831230449
HEALTH CARE,0.096712942993
INDUSTRIALS,0.108321696818
MATERIALS,0.023538741989
REAL ESTATE,0.031658407214
TECHNOLOGY,0.223632651849
UTILITIES,0.027039435794
