SECTOR,WEIGHT
COMMUNICATION SERVICES,0.061649278812
CONSUMER DISCRETIONARY,0.050429114173
CONSUMER STAPLES,0.101920767999
ENERGY,0.102079829186
FINANCIALS,0.173299306262
HEALTH CARE,0.096743103074
INDUSTRIALS,0.106436858908
MATERIALS,0.021608403952
REAL ESTATE,0.03222046419
TECHNOLOGY,0.224739757825
UTILITIES,0.02887311562
