SECTOR,WEIGHT
COMMUNICATION SERVICES,0.053459369486
CONSUMER DISCRETIONARY,0.052726978463
CONSUMER STAPLES,0.096721670491
ENERGY,0.094772732777
FINANCIALS,0.188421918926
HEALTH CARE,0.10442618386
INDUSTRIALS,0.094917999445
MATERIALS,0.02200086346
REAL ESTATE,0.032881956692
TECHNOLOGY,0.235349246602
UTILITIES,0.024321079799
