SECTOR,WEIGHT
COMMUNICATION SERVICES,0.062833130845
CONSUMER DISCRETIONARY,0.051017544841
CONSUMER STAPLES,0.10360995879
ENERGY,0.099280843053
FINANCIALS,0.172035565899
HEALTH CARE,0.097772192223
INDUSTRIALS,0.106550859771
MATERIALS,0.022020584132
REAL ESTATE,0.032274704213
TECHNOLOGY,0.223838134029
UTILITIES,0.028766482203
