SECTOR,WEIGHT
COMMUNICATION SERVICES,0.053189864313
CONSUMER DISCRETIONARY,0.0528074415
CONSUMER STAPLES,0.09819646025
ENERGY,0.087514024339
FINANCIALS,0.188755682254
HEALTH CARE,0.094051418743
INDUSTRIALS,0.106691849754
MATERIALS,0.022690285356
REAL ESTATE,0.0311206342
TECHNOLOGY,0.238883952491
UTILITIES,0.0260983868
