SECTOR,WEIGHT
COMMUNICATION SERVICES,0.024984840872
CONSUMER DISCRETIONARY,0.038929241085
CONSUMER STAPLES,0.143364896953
ENERGY,0.106737246103
FINANCIALS,0.237041817217
HEALTH CARE,0.102554625307
INDUSTRIALS,0.053293202017
MATERIALS,0.031352174274
REAL ESTATE,0.104331764642
TECHNOLOGY,0.032826630518
UTILITIES,0.124583561012
