SECTOR,WEIGHT
COMMUNICATION SERVICES,0.023263807016
CONSUMER DISCRETIONARY,0.040003277155
CONSUMER STAPLES,0.141891837885
ENERGY,0.113202740022
FINANCIALS,0.235195850002
HEALTH CARE,0.100064144323
INDUSTRIALS,0.053446608344
MATERIALS,0.03484375562
REAL ESTATE,0.100789514701
TECHNOLOGY,0.032736584645
UTILITIES,0.124561880288
