SECTOR,WEIGHT
COMMUNICATION SERVICES,0.036255589032
CONSUMER DISCRETIONARY,0.040680740076
CONSUMER STAPLES,0.147145787593
ENERGY,0.10563771054
FINANCIALS,0.219296382955
HEALTH CARE,0.100945127326
INDUSTRIALS,0.051793698617
MATERIALS,0.034539816343
REAL ESTATE,0.10379272905
TECHNOLOGY,0.032006722864
UTILITIES,0.127905695604
