SECTOR,WEIGHT
COMMUNICATION SERVICES,0.031341328227
CONSUMER DISCRETIONARY,0.024186234002
CONSUMER STAPLES,0.145722059861
ENERGY,0.076085861131
FINANCIALS,0.276730827371
HEALTH CARE,0.052907386879
INDUSTRIALS,0.078907588431
MATERIALS,0.006953542276
REAL ESTATE,0.118210218684
TECHNOLOGY,0.056333770029
UTILITIES,0.13262118311
