SECTOR,WEIGHT
COMMUNICATION SERVICES,0.023713449561
CONSUMER DISCRETIONARY,0.040147077216
CONSUMER STAPLES,0.13719702844
ENERGY,0.106692013307
FINANCIALS,0.243140648841
HEALTH CARE,0.104312764201
INDUSTRIALS,0.054246479402
MATERIALS,0.033990845194
REAL ESTATE,0.101525300783
TECHNOLOGY,0.033097376122
UTILITIES,0.121937016934
