SECTOR,WEIGHT
COMMUNICATION SERVICES,0.023612842971
CONSUMER DISCRETIONARY,0.040971992372
CONSUMER STAPLES,0.14254101549
ENERGY,0.10815470042
FINANCIALS,0.234298519373
HEALTH CARE,0.102744965497
INDUSTRIALS,0.054021352954
MATERIALS,0.036493211833
REAL ESTATE,0.101544024343
TECHNOLOGY,0.032910387391
UTILITIES,0.122706987358
