SECTOR,WEIGHT
COMMUNICATION SERVICES,0.024277938469
CONSUMER DISCRETIONARY,0.039081973898
CONSUMER STAPLES,0.144471274454
ENERGY,0.121098848819
FINANCIALS,0.217496986621
HEALTH CARE,0.101385454625
INDUSTRIALS,0.054057916841
MATERIALS,0.038995020679
REAL ESTATE,0.102589806684
TECHNOLOGY,0.029973874056
UTILITIES,0.126570904853
