SECTOR,WEIGHT
COMMUNICATION SERVICES,0.022883739553
CONSUMER DISCRETIONARY,0.037255392623
CONSUMER STAPLES,0.134163455283
ENERGY,0.130733196537
FINANCIALS,0.208866423102
HEALTH CARE,0.101592512887
INDUSTRIALS,0.052455833041
MATERIALS,0.052141534458
REAL ESTATE,0.100937890996
TECHNOLOGY,0.029476002202
UTILITIES,0.129494019318
