SECTOR,WEIGHT
CONSUMER DISCRETIONARY,0.089707037895
CONSUMER STAPLES,0.082341087652
ENERGY,0.147513690732
FINANCIALS,0.167709841773
HEALTH CARE,0.137659976096
INDUSTRIALS,0.181124100205
MATERIALS,0.061537797661
REAL ESTATE,0.022895661415
TECHNOLOGY,0.067035164886
UTILITIES,0.042475641686
