SECTOR,WEIGHT
CONSUMER DISCRETIONARY,0.085134567834
CONSUMER STAPLES,0.082477156912
ENERGY,0.162019712646
FINANCIALS,0.158597015585
HEALTH CARE,0.138775903731
INDUSTRIALS,0.18025300641
MATERIALS,0.063989772081
REAL ESTATE,0.023306076292
TECHNOLOGY,0.063382163008
UTILITIES,0.042064625502
