SECTOR,WEIGHT
CONSUMER DISCRETIONARY,0.07686279553
CONSUMER STAPLES,0.041474603449
ENERGY,0.10234976872
FINANCIALS,0.221713960769
HEALTH CARE,0.166955347562
INDUSTRIALS,0.192183110761
MATERIALS,0.035681561529
REAL ESTATE,0.018514425337
TECHNOLOGY,0.104319965599
UTILITIES,0.039944460743
