SECTOR,WEIGHT
CONSUMER DISCRETIONARY,0.083147516132
CONSUMER STAPLES,0.070038379941
ENERGY,0.14039960056
FINANCIALS,0.170405736538
HEALTH CARE,0.132676489579
INDUSTRIALS,0.188284292297
MATERIALS,0.050440346663
REAL ESTATE,0.017698085815
TECHNOLOGY,0.105888734264
UTILITIES,0.041020818211
