SECTOR,WEIGHT
CONSUMER DISCRETIONARY,0.076481042237
CONSUMER STAPLES,0.0411313275
ENERGY,0.091940200744
FINANCIALS,0.208604205156
HEALTH CARE,0.176455223393
INDUSTRIALS,0.187116296312
MATERIALS,0.036563300874
REAL ESTATE,0.018588563156
TECHNOLOGY,0.12105421254
UTILITIES,0.042065628086
