SECTOR,WEIGHT
CONSUMER DISCRETIONARY,0.096845237081
CONSUMER STAPLES,0.067437806432
ENERGY,0.124865297808
FINANCIALS,0.181738442677
HEALTH CARE,0.125991032217
INDUSTRIALS,0.185543685612
MATERIALS,0.051205377863
REAL ESTATE,0.017459408904
TECHNOLOGY,0.107525178659
UTILITIES,0.041388532746
