SECTOR,WEIGHT
CONSUMER DISCRETIONARY,0.078105466872
CONSUMER STAPLES,0.103534594673
ENERGY,0.169966262782
FINANCIALS,0.139052833606
HEALTH CARE,0.115193367952
INDUSTRIALS,0.169940218611
MATERIALS,0.061912002757
REAL ESTATE,0.023757292368
TECHNOLOGY,0.079015009456
UTILITIES,0.059522950925
