SECTOR,WEIGHT
CONSUMER DISCRETIONARY,0.084388575933
CONSUMER STAPLES,0.081403567332
ENERGY,0.167057931688
FINANCIALS,0.155173193839
HEALTH CARE,0.138596291914
INDUSTRIALS,0.179071359702
MATERIALS,0.065881321527
REAL ESTATE,0.022845520527
TECHNOLOGY,0.062758574234
UTILITIES,0.042823663306
