SECTOR,WEIGHT
CONSUMER DISCRETIONARY,0.080854515139
CONSUMER STAPLES,0.096976171787
ENERGY,0.18574729371
FINANCIALS,0.135011462346
HEALTH CARE,0.134940105347
INDUSTRIALS,0.166669849256
MATERIALS,0.062569032871
REAL ESTATE,0.022312630088
TECHNOLOGY,0.062049433315
UTILITIES,0.052869506139
