SECTOR,WEIGHT
CONSUMER DISCRETIONARY,0.086021170891
CONSUMER STAPLES,0.083423226168
ENERGY,0.157961862693
FINANCIALS,0.159144936015
HEALTH CARE,0.137206401641
INDUSTRIALS,0.178984242748
MATERIALS,0.064494053025
REAL ESTATE,0.023017248386
TECHNOLOGY,0.066776912911
UTILITIES,0.042969945522
