SECTOR,WEIGHT
CONSUMER DISCRETIONARY,0.083408272024
CONSUMER STAPLES,0.081610749327
ENERGY,0.172894122191
FINANCIALS,0.156319091964
HEALTH CARE,0.136014227287
INDUSTRIALS,0.176018411783
MATERIALS,0.065500439573
REAL ESTATE,0.02279041509
TECHNOLOGY,0.061932553166
UTILITIES,0.043511717595
