SECTOR,WEIGHT
COMMUNICATION SERVICES,0.076325448013
CONSUMER DISCRETIONARY,0.08592415911
CONSUMER STAPLES,0.118381394612
ENERGY,0.14986646729
FINANCIALS,0.069990644076
HEALTH CARE,0.198570097816
INDUSTRIALS,0.076649502287
MATERIALS,0.005598316949
TECHNOLOGY,0.215352858535
UTILITIES,0.003341111313
