SECTOR,WEIGHT
COMMUNICATION SERVICES,0.080048673555
CONSUMER DISCRETIONARY,0.085246155735
CONSUMER STAPLES,0.115432616918
ENERGY,0.144041918036
FINANCIALS,0.081300739363
HEALTH CARE,0.191931422222
INDUSTRIALS,0.07703727412
MATERIALS,0.005101866222
TECHNOLOGY,0.216587255097
UTILITIES,0.003272078731
