SECTOR,WEIGHT
COMMUNICATION SERVICES,0.079948284584
CONSUMER DISCRETIONARY,0.084587757998
CONSUMER STAPLES,0.116207522719
ENERGY,0.141406191742
FINANCIALS,0.081918347686
HEALTH CARE,0.198316326633
INDUSTRIALS,0.077356467551
MATERIALS,0.005162472263
TECHNOLOGY,0.211799418353
UTILITIES,0.003297210471
