SECTOR,WEIGHT
COMMUNICATION SERVICES,0.075192521375
CONSUMER DISCRETIONARY,0.086114084785
CONSUMER STAPLES,0.117949431526
ENERGY,0.15090303748
FINANCIALS,0.069772874546
HEALTH CARE,0.199091782572
INDUSTRIALS,0.077287860844
MATERIALS,0.005674581491
TECHNOLOGY,0.214669204502
UTILITIES,0.003344620879
