SECTOR,WEIGHT
COMMUNICATION SERVICES,0.07978124238
CONSUMER DISCRETIONARY,0.083308648543
CONSUMER STAPLES,0.12064111942
ENERGY,0.157235061672
FINANCIALS,0.071954652529
HEALTH CARE,0.203787553626
INDUSTRIALS,0.075732936765
MATERIALS,0.005731909071
TECHNOLOGY,0.198600725028
UTILITIES,0.003226150966
