SECTOR,WEIGHT
COMMUNICATION SERVICES,0.081584470887
CONSUMER DISCRETIONARY,0.086513900043
CONSUMER STAPLES,0.118811132932
ENERGY,0.141168895423
FINANCIALS,0.081775924595
HEALTH CARE,0.195257590888
INDUSTRIALS,0.078191709651
MATERIALS,0.005230716833
TECHNOLOGY,0.208168624365
UTILITIES,0.003297034382
