SECTOR,WEIGHT
COMMUNICATION SERVICES,0.082143784587
CONSUMER DISCRETIONARY,0.08302248383
CONSUMER STAPLES,0.123181958181
ENERGY,0.157206642282
FINANCIALS,0.070214410668
HEALTH CARE,0.204857707088
INDUSTRIALS,0.073941585121
MATERIALS,0.005596297586
TECHNOLOGY,0.19625591587
UTILITIES,0.003579214787
