SECTOR,WEIGHT
COMMUNICATION SERVICES,0.086326060578
CONSUMER DISCRETIONARY,0.085398158471
CONSUMER STAPLES,0.137037971604
ENERGY,0.089339983131
FINANCIALS,0.132059671243
HEALTH CARE,0.202176096317
INDUSTRIALS,0.077257149521
MATERIALS,0.006912518837
TECHNOLOGY,0.179227860789
UTILITIES,0.004264529509
