SECTOR,WEIGHT
COMMUNICATION SERVICES,0.074200594789
CONSUMER DISCRETIONARY,0.083820346702
CONSUMER STAPLES,0.117840953838
ENERGY,0.152327845012
FINANCIALS,0.068639427488
HEALTH CARE,0.197343893039
INDUSTRIALS,0.075021375548
MATERIALS,0.005562174394
TECHNOLOGY,0.214480586773
UTILITIES,0.003329449312
