SECTOR,WEIGHT
COMMUNICATION SERVICES,0.079610839027
CONSUMER DISCRETIONARY,0.036636726157
CONSUMER STAPLES,0.061913523674
ENERGY,0.124371728201
FINANCIALS,0.234817136791
HEALTH CARE,0.133297642033
INDUSTRIALS,0.052550005293
MATERIALS,0.123577999665
TECHNOLOGY,0.08377476487
UTILITIES,0.069449634287
