SECTOR,WEIGHT
COMMUNICATION SERVICES,0.083067162867
CONSUMER DISCRETIONARY,0.044983451573
CONSUMER STAPLES,0.041711719678
ENERGY,0.128133856408
FINANCIALS,0.236938435698
HEALTH CARE,0.135219863497
INDUSTRIALS,0.060879443707
MATERIALS,0.136605158836
TECHNOLOGY,0.051874149227
UTILITIES,0.080586758511
