SECTOR,WEIGHT
COMMUNICATION SERVICES,0.081777513336
CONSUMER DISCRETIONARY,0.043830366977
CONSUMER STAPLES,0.040135986306
ENERGY,0.12477533281
FINANCIALS,0.24661451445
HEALTH CARE,0.132508243162
INDUSTRIALS,0.06091910306
MATERIALS,0.130150059851
TECHNOLOGY,0.057209159824
UTILITIES,0.082079720224
