SECTOR,WEIGHT
COMMUNICATION SERVICES,0.085235107875
CONSUMER DISCRETIONARY,0.038385244094
CONSUMER STAPLES,0.043179890957
ENERGY,0.12926743489
FINANCIALS,0.223992689914
HEALTH CARE,0.131085985206
INDUSTRIALS,0.055486558146
MATERIALS,0.123024370597
TECHNOLOGY,0.075171880418
UTILITIES,0.095170837903
