SECTOR,WEIGHT
COMMUNICATION SERVICES,0.08218398726
CONSUMER DISCRETIONARY,0.043878568892
CONSUMER STAPLES,0.043911673018
ENERGY,0.155457423681
FINANCIALS,0.239205303578
HEALTH CARE,0.136624250891
INDUSTRIALS,0.034972213723
MATERIALS,0.126474995571
TECHNOLOGY,0.067984805867
UTILITIES,0.06930677752
