SECTOR,WEIGHT
COMMUNICATION SERVICES,0.083256412735
CONSUMER DISCRETIONARY,0.043502698555
CONSUMER STAPLES,0.041733916739
ENERGY,0.122312633095
FINANCIALS,0.242395648443
HEALTH CARE,0.133391191478
INDUSTRIALS,0.061030853895
MATERIALS,0.132806440814
TECHNOLOGY,0.058046068814
UTILITIES,0.081524135434
