SECTOR,WEIGHT
COMMUNICATION SERVICES,0.07571026219
CONSUMER DISCRETIONARY,0.037236885595
CONSUMER STAPLES,0.060737614881
ENERGY,0.12577651615
FINANCIALS,0.254085033889
HEALTH CARE,0.127915812778
INDUSTRIALS,0.057055691063
MATERIALS,0.112497874219
TECHNOLOGY,0.081095530548
UTILITIES,0.067888778688
