SECTOR,WEIGHT
COMMUNICATION SERVICES,0.086171142288
CONSUMER DISCRETIONARY,0.042863061832
CONSUMER STAPLES,0.042330974438
ENERGY,0.123795882295
FINANCIALS,0.247186044012
HEALTH CARE,0.13437350214
INDUSTRIALS,0.057275564797
MATERIALS,0.1238921798
TECHNOLOGY,0.061505041009
UTILITIES,0.08060660739
