SECTOR,WEIGHT
COMMUNICATION SERVICES,0.057373579368
CONSUMER DISCRETIONARY,0.055960506529
CONSUMER STAPLES,0.142375655638
ENERGY,0.169381271645
FINANCIALS,0.167626521422
HEALTH CARE,0.148784878306
INDUSTRIALS,0.048280324624
MATERIALS,0.029954725227
TECHNOLOGY,0.02649360388
UTILITIES,0.153768933362
