SECTOR,WEIGHT
COMMUNICATION SERVICES,0.052756086753
CONSUMER DISCRETIONARY,0.033467890355
CONSUMER STAPLES,0.171973404962
ENERGY,0.150406763746
FINANCIALS,0.156223034094
HEALTH CARE,0.149676687971
INDUSTRIALS,0.026782627036
MATERIALS,0.031047486359
TECHNOLOGYQ,0.031727876423
UTILITIES,0.195938142302
