SECTOR,WEIGHT
COMMUNICATION SERVICES,0.049342101958
CONSUMER DISCRETIONARY,0.054865531569
CONSUMER STAPLES,0.140344548665
ENERGY,0.167424124435
FINANCIALS,0.170670659104
HEALTH CARE,0.155142356174
INDUSTRIALS,0.045743884487
MATERIALS,0.030826504826
TECHNOLOGY,0.032126726386
UTILITIES,0.153513562396
