SECTOR,WEIGHT
COMMUNICATION SERVICES,0.049142873233
CONSUMER DISCRETIONARY,0.058405493817
CONSUMER STAPLES,0.139964019481
ENERGY,0.164233272025
FINANCIALS,0.170911489732
HEALTH CARE,0.15565949034
INDUSTRIALS,0.047222169149
MATERIALS,0.030770483907
TECHNOLOGY,0.035649675642
UTILITIES,0.148041032675
