SECTOR,WEIGHT
COMMUNICATION SERVICES,0.058939480329
CONSUMER DISCRETIONARY,0.067345442698
CONSUMER STAPLES,0.197109432272
ENERGY,0.202544391952
FINANCIALS,0.08876557791
HEALTH CARE,0.160969699438
INDUSTRIALS,0.04695059868
UTILITIES,0.177375376721
