SECTOR,WEIGHT
COMMUNICATION SERVICES,0.062351061089
CONSUMER DISCRETIONARY,0.04767152127
CONSUMER STAPLES,0.202264072714
ENERGY,0.217873474383
FINANCIALS,0.120061870029
HEALTH CARE,0.128830145236
INDUSTRIALS,0.041979639648
UTILITIES,0.178968215631
