SECTOR,WEIGHT
COMMUNICATION SERVICES,0.049116239588
CONSUMER DISCRETIONARY,0.058001114381
CONSUMER STAPLES,0.13831700316
ENERGY,0.166023651428
FINANCIALS,0.16851592217
HEALTH CARE,0.157307744143
INDUSTRIALS,0.047279723698
MATERIALS,0.030455387549
TECHNOLOGY,0.034864634899
UTILITIES,0.150118578983
