SECTOR,WEIGHT
COMMUNICATION SERVICES,0.127636290687
CONSUMER DISCRETIONARY,0.092565324239
CONSUMER STAPLES,0.108900145444
ENERGY,0.084573950549
FINANCIALS,0.104926024374
HEALTH CARE,0.255290636441
INDUSTRIALS,0.101660063193
MATERIALS,0.01131952455
TECHNOLOGY,0.113128040524
