SECTOR,WEIGHT
COMMUNICATION SERVICES,0.10752479448
CONSUMER DISCRETIONARY,0.101516285511
CONSUMER STAPLES,0.108607426737
ENERGY,0.073735061276
FINANCIALS,0.115021172365
HEALTH CARE,0.250200116868
INDUSTRIALS,0.103123223963
MATERIALS,0.012993588256
TECHNOLOGY,0.127278330545
