SECTOR,WEIGHT
COMMUNICATION SERVICES,0.121536460938
CONSUMER DISCRETIONARY,0.120736220866
CONSUMER STAPLES,0.104531359408
ENERGY,0.068320496149
FINANCIALS,0.147344203261
HEALTH CARE,0.197959387816
INDUSTRIALS,0.082924877463
MATERIALS,0.016905071521
TECHNOLOGY,0.139741922577
