SECTOR,WEIGHT
COMMUNICATION SERVICES,0.1128457631
CONSUMER DISCRETIONARY,0.100153000703
CONSUMER STAPLES,0.106573833582
ENERGY,0.067294325982
FINANCIALS,0.119758276878
HEALTH CARE,0.251710639795
INDUSTRIALS,0.09679617928
MATERIALS,0.012250049718
TECHNOLOGY,0.132617930963
