SECTOR,WEIGHT
COMMUNICATION SERVICES,0.111890335671
CONSUMER DISCRETIONARY,0.103074309223
CONSUMER STAPLES,0.109369328108
ENERGY,0.066076198229
FINANCIALS,0.114940344821
HEALTH CARE,0.253753761261
INDUSTRIALS,0.097505292516
MATERIALS,0.012898038694
TECHNOLOGY,0.130492391477
