SECTOR,WEIGHT
COMMUNICATION SERVICES,0.130764081938
CONSUMER DISCRETIONARY,0.127958046147
CONSUMER STAPLES,0.105200211458
ENERGY,0.077388095252
FINANCIALS,0.138099775075
HEALTH CARE,0.189835557458
INDUSTRIALS,0.082383080167
MATERIALS,0.016373902259
TECHNOLOGY,0.131997250246
