SECTOR,WEIGHT
COMMUNICATION SERVICES,0.117220373422
CONSUMER DISCRETIONARY,0.097854302993
CONSUMER STAPLES,0.109142761147
ENERGY,0.074358430795
FINANCIALS,0.110861678639
HEALTH CARE,0.250287986177
INDUSTRIALS,0.10587791786
MATERIALS,0.012497400125
TECHNOLOGY,0.121899148841
