SECTOR,WEIGHT
COMMUNICATION SERVICES,0.106887101406
CONSUMER DISCRETIONARY,0.103251989406
CONSUMER STAPLES,0.107367380448
ENERGY,0.072159924916
FINANCIALS,0.114328424815
HEALTH CARE,0.258473172913
INDUSTRIALS,0.101140762783
MATERIALS,0.013115620175
TECHNOLOGY,0.123275623137
