SECTOR,WEIGHT
COMMUNICATION SERVICES,0.111156299177
CONSUMER DISCRETIONARY,0.103990095132
CONSUMER STAPLES,0.106580506603
ENERGY,0.067468899536
FINANCIALS,0.117436995203
HEALTH CARE,0.243819224139
INDUSTRIALS,0.099912150392
MATERIALS,0.01235604234
TECHNOLOGY,0.137279787478
