SECTOR,WEIGHT
COMMUNICATION SERVICES,0.111581096849
CONSUMER DISCRETIONARY,0.100072425864
CONSUMER STAPLES,0.106388564761
ENERGY,0.066312919969
FINANCIALS,0.121546694564
HEALTH CARE,0.252026918279
INDUSTRIALS,0.096808232407
MATERIALS,0.012185651632
TECHNOLOGY,0.133077495675
