SECTOR,WEIGHT
COMMUNICATION SERVICES,0.06537077178
CONSUMER DISCRETIONARY,0.041342818096
CONSUMER STAPLES,0.113051226728
ENERGY,0.075372824253
FINANCIALS,0.199883860051
HEALTH CARE,0.13063141085
INDUSTRIALS,0.088601765127
MATERIALS,0.009327239323
REAL ESTATE,0.043275146552
TECHNOLOGY,0.173818451234
UTILITIES,0.059324486006
