SECTOR,WEIGHT
COMMUNICATION SERVICES,0.074630799045
CONSUMER DISCRETIONARY,0.051346438656
CONSUMER STAPLES,0.097627574487
ENERGY,0.097727778301
FINANCIALS,0.168553838508
HEALTH CARE,0.1352290559
INDUSTRIALS,0.087239445031
MATERIALS,0.010777922294
REAL ESTATE,0.039623594391
TECHNOLOGY,0.176208407902
UTILITIES,0.061035145486
