SECTOR,WEIGHT
COMMUNICATION SERVICES,0.07651984696
CONSUMER DISCRETIONARY,0.048678902642
CONSUMER STAPLES,0.092497815004
ENERGY,0.08582982834
FINANCIALS,0.180069639861
HEALTH CARE,0.124961750077
INDUSTRIALS,0.083702832594
MATERIALS,0.010465979068
REAL ESTATE,0.03973992052
TECHNOLOGY,0.199406601187
UTILITIES,0.058126883746
