SECTOR,WEIGHT
COMMUNICATION SERVICES,0.039327974022
CONSUMER DISCRETIONARY,0.102972045297
CONSUMER STAPLES,0.046596176811
ENERGY,0.075912229019
FINANCIALS,0.23120612527
HEALTH CARE,0.022131932745
INDUSTRIALS,0.169915386148
MATERIALS,0.087718929459
REAL ESTATE,0.099653756873
TECHNOLOGY,0.044636234508
UTILITIES,0.079929209847
