SECTOR,WEIGHT
COMMUNICATION SERVICES,0.018746633615
CONSUMER DISCRETIONARY,0.12141511304
CONSUMER STAPLES,0.060142404335
ENERGY,0.055659230752
FINANCIALS,0.253891991358
HEALTH CARE,0.029150639838
INDUSTRIALS,0.161873802368
MATERIALS,0.065289343903
REAL ESTATE,0.097467477469
TECHNOLOGY,0.041226575468
UTILITIES,0.095136787853
