SECTOR,WEIGHT
COMMUNICATION SERVICES,0.035892485922
CONSUMER DISCRETIONARY,0.111093403256
CONSUMER STAPLES,0.053574614553
ENERGY,0.059187670522
FINANCIALS,0.240039331485
HEALTH CARE,0.022603575918
INDUSTRIALS,0.174528954348
MATERIALS,0.090242904997
REAL ESTATE,0.096515495041
TECHNOLOGY,0.038845354294
UTILITIES,0.077476209664
