SECTOR,WEIGHT
COMMUNICATION SERVICES,0.038523431171
CONSUMER DISCRETIONARY,0.111816475537
CONSUMER STAPLES,0.05207340576
ENERGY,0.054752404003
FINANCIALS,0.251556123604
HEALTH CARE,0.02217067292
INDUSTRIALS,0.17275915685
MATERIALS,0.086724265464
REAL ESTATE,0.096438904851
TECHNOLOGY,0.037242302409
UTILITIES,0.07594285743
