SECTOR,WEIGHT
COMMUNICATION SERVICES,0.039271023537
CONSUMER DISCRETIONARY,0.104621064671
CONSUMER STAPLES,0.050972169272
ENERGY,0.082264181231
FINANCIALS,0.220188815539
HEALTH CARE,0.021734855629
INDUSTRIALS,0.16666231916
MATERIALS,0.091376888657
REAL ESTATE,0.098456969721
TECHNOLOGY,0.040501033369
UTILITIES,0.083950679214
