SECTOR,WEIGHT
COMMUNICATION SERVICES,0.039441267203
CONSUMER DISCRETIONARY,0.111882702821
CONSUMER STAPLES,0.051909992023
ENERGY,0.054812369088
FINANCIALS,0.259218173439
HEALTH CARE,0.021970530486
INDUSTRIALS,0.165612983448
MATERIALS,0.082617907808
REAL ESTATE,0.097986992752
TECHNOLOGY,0.037854943672
UTILITIES,0.076692137261
