SECTOR,WEIGHT
COMMUNICATION SERVICES,0.039669288971
CONSUMER DISCRETIONARY,0.106412787493
CONSUMER STAPLES,0.053790649897
ENERGY,0.065990880393
FINANCIALS,0.223141754773
HEALTH CARE,0.02314977201
INDUSTRIALS,0.175262815052
MATERIALS,0.090339229343
REAL ESTATE,0.101069298993
TECHNOLOGY,0.041004158942
UTILITIES,0.080169364133
