SECTOR,WEIGHT
COMMUNICATION SERVICES,0.03950160318
CONSUMER DISCRETIONARY,0.111097945137
CONSUMER STAPLES,0.052137255946
ENERGY,0.055869809496
FINANCIALS,0.25750904017
HEALTH CARE,0.022334066053
INDUSTRIALS,0.164780640931
MATERIALS,0.082710655301
REAL ESTATE,0.098919196291
TECHNOLOGY,0.037829636094
UTILITIES,0.077310151401
