SECTOR,WEIGHT
COMMUNICATION SERVICES,0.039315726291
CONSUMER DISCRETIONARY,0.102741096439
CONSUMER STAPLES,0.046718687475
ENERGY,0.072028811525
FINANCIALS,0.231092436975
HEALTH CARE,0.024509803922
INDUSTRIALS,0.170568227291
MATERIALS,0.089335734294
REAL ESTATE,0.100740296118
TECHNOLOGY,0.045918367347
UTILITIES,0.077030812325
