SECTOR,WEIGHT
ENERGY,0.102019080309
INDUSTRIALS,0.734850335672
MATERIALS,0.14202311847
TECHNOLOGY,0.021107465549
