SECTOR,WEIGHT
ENERGY,0.07439563733
INDUSTRIALS,0.769923009319
MATERIALS,0.155681353351
