SECTOR,WEIGHT
ENERGY,0.080424525701
INDUSTRIALS,0.743611615918
MATERIALS,0.175963858381
