SECTOR,WEIGHT
ENERGY,0.077559661083
INDUSTRIALS,0.765549120781
MATERIALS,0.156891218135
