SECTOR,WEIGHT
ENERGY,0.105080974661
INDUSTRIALS,0.732880947026
MATERIALS,0.140567210936
TECHNOLOGY,0.021470867377
