SECTOR,WEIGHT
ENERGY,0.077378842715
INDUSTRIALS,0.767817903066
MATERIALS,0.154803254219
