SECTOR,WEIGHT
ENERGY,0.078117696101
INDUSTRIALS,0.769631362423
MATERIALS,0.152250941476
