SECTOR,WEIGHT
CONSUMER DISCRETIONARY,0.008064720658
ENERGY,0.990575226709
REAL ESTATE,0.001360052633
