SECTOR,WEIGHT
CONSUMER DISCRETIONARY,0.008307476729
ENERGY,0.990491442298
REAL ESTATE,0.001201080973
