SECTOR,WEIGHT
CONSUMER DISCRETIONARY,0.007720490013
ENERGY,0.991151270636
REAL ESTATE,0.001128239351
