SECTOR,WEIGHT
CONSUMER DISCRETIONARY,0.007280026445
ENERGY,0.991585576366
REAL ESTATE,0.001134397189
