SECTOR,WEIGHT
CONSUMER DISCRETIONARY,0.007221339486
ENERGY,0.991555879776
REAL ESTATE,0.001222780738
