SECTOR,WEIGHT
CONSUMER DISCRETIONARY,0.006793533499
ENERGY,0.991981365923
REAL ESTATE,0.001225100578
