SECTOR,WEIGHT
CONSUMER DISCRETIONARY,0.007414401714
ENERGY,0.991198430866
REAL ESTATE,0.00138716742
