SECTOR,WEIGHT
COMMUNICATION SERVICES,0.163760262972
CONSUMER DISCRETIONARY,0.011942822549
FINANCIALS,0.007263757761
HEALTH CARE,0.229255162131
INDUSTRIALS,0.008854799894
TECHNOLOGY,0.578923194693
