SECTOR,WEIGHT
COMMUNICATION SERVICES,0.162801403464
CONSUMER DISCRETIONARY,0.011398640169
FINANCIALS,0.007161428363
HEALTH CARE,0.24617259883
INDUSTRIALS,0.008732619325
TECHNOLOGYQ,0.563733309849
