SECTOR,WEIGHT
COMMUNICATION SERVICES,0.179126710268
CONSUMER DISCRETIONARY,0.027083416924
FINANCIALS,0.010557517153
HEALTH CARE,0.23222826305
INDUSTRIALS,0.016774665971
TECHNOLOGY,0.534229426634
