SECTOR,WEIGHT
COMMUNICATION SERVICES,0.189665444362
CONSUMER DISCRETIONARY,0.027248090317
FINANCIALS,0.00913017139
HEALTH CARE,0.235733543024
INDUSTRIALS,0.012769000546
TECHNOLOGY,0.525453750361
