SECTOR,WEIGHT
COMMUNICATION SERVICES,0.179162386852
CONSUMER DISCRETIONARY,0.027851559992
FINANCIALS,0.01069284843
HEALTH CARE,0.224377287026
INDUSTRIALS,0.0168698241
TECHNOLOGY,0.5410460936
