SECTOR,WEIGHT
COMMUNICATION SERVICES,0.164402203824
CONSUMER DISCRETIONARY,0.011342327143
FINANCIALS,0.007093582454
HEALTH CARE,0.238205880999
INDUSTRIALS,0.008688612844
TECHNOLOGY,0.570267392736
