SECTOR,WEIGHT
COMMUNICATION SERVICES,0.122297743713
CONSUMER DISCRETIONARY,0.091126091911
CONSUMER STAPLES,0.04245185394
ENERGY,0.012062536362
FINANCIALS,0.119109745707
HEALTH CARE,0.077867697656
INDUSTRIALS,0.081307234695
MATERIALS,0.02456122748
REAL ESTATE,0.025094709596
TECHNOLOGY,0.395068721524
UTILITIES,0.009052437418
