SECTOR,WEIGHT
COMMUNICATION SERVICES,0.120143271812
CONSUMER DISCRETIONARY,0.090752315512
CONSUMER STAPLES,0.047800889385
ENERGY,0.01489871506
FINANCIALS,0.112642908793
HEALTH CARE,0.081465486822
INDUSTRIALS,0.093203328127
MATERIALS,0.028140407012
REAL ESTATE,0.027101826792
TECHNOLOGY,0.374106825618
UTILITIES,0.009744025067
