SECTOR,WEIGHT
COMMUNICATION SERVICES,0.123574584182
CONSUMER DISCRETIONARY,0.091374020144
CONSUMER STAPLES,0.04381273308
ENERGY,0.012932082825
FINANCIALS,0.114962860104
HEALTH CARE,0.078043680835
INDUSTRIALS,0.082773901513
MATERIALS,0.023769223471
REAL ESTATE,0.025387533916
TECHNOLOGY,0.394292355103
UTILITIES,0.009077024827
