SECTOR,WEIGHT
COMMUNICATION SERVICES,0.13965137247
CONSUMER DISCRETIONARY,0.077639751553
CONSUMER STAPLES,0.042276096975
ENERGY,0.015327589661
FINANCIALS,0.102785013023
HEALTH CARE,0.06862352234
INDUSTRIALS,0.08785814466
MATERIALS,0.024443999199
REAL ESTATE,0.026848326989
TECHNOLOGY,0.405329593268
UTILITIES,0.009216589862
