SECTOR,WEIGHT
COMMUNICATION SERVICES,0.124916859846
CONSUMER DISCRETIONARY,0.089971811287
CONSUMER STAPLES,0.045075314008
ENERGY,0.012735266763
FINANCIALS,0.115388209744
HEALTH CARE,0.079940453807
INDUSTRIALS,0.08232534425
MATERIALS,0.024253631142
REAL ESTATE,0.025904632978
TECHNOLOGY,0.389993840621
UTILITIES,0.009494635554
