SECTOR,WEIGHT
COMMUNICATION SERVICES,0.122066979159
CONSUMER DISCRETIONARY,0.091347776623
CONSUMER STAPLES,0.042470308125
ENERGY,0.012681265694
FINANCIALS,0.11822018258
HEALTH CARE,0.077060870325
INDUSTRIALS,0.083982395595
MATERIALS,0.024023757388
REAL ESTATE,0.025086458832
TECHNOLOGY,0.394093971031
UTILITIES,0.008966034648
