SECTOR,WEIGHT
COMMUNICATION SERVICES,0.122249552568
CONSUMER DISCRETIONARY,0.084077106565
CONSUMER STAPLES,0.046652931339
ENERGY,0.017363153228
FINANCIALS,0.112282586249
HEALTH CARE,0.079990512721
INDUSTRIALS,0.090249855869
MATERIALS,0.027578189492
REAL ESTATE,0.027955859904
TECHNOLOGY,0.380833040841
UTILITIES,0.010767211224
