SECTOR,WEIGHT
COMMUNICATION SERVICES,0.127382491271
CONSUMER DISCRETIONARY,0.091680828616
CONSUMER STAPLES,0.043148086498
ENERGY,0.012896058223
FINANCIALS,0.113652470625
HEALTH CARE,0.078421244231
INDUSTRIALS,0.08521890283
MATERIALS,0.025749077689
REAL ESTATE,0.025319959069
TECHNOLOGY,0.387355509109
UTILITIES,0.009175371839
