SECTOR,WEIGHT
COMMUNICATION SERVICES,0.030904764489
CONSUMER DISCRETIONARY,0.205969126386
CONSUMER STAPLES,0.064049383312
ENERGY,0.141853421681
FINANCIALS,0.07602943866
HEALTH CARE,0.070489592566
INDUSTRIALS,0.19656053234
MATERIALS,0.067922150742
REAL ESTATE,0.004720877372
TECHNOLOGY,0.141500712453
