SECTOR,WEIGHT
COMMUNICATION SERVICES,0.051769656686
CONSUMER DISCRETIONARY,0.20026717975
CONSUMER STAPLES,0.039269899623
ENERGY,0.194426458569
FINANCIALS,0.07223979894
HEALTH CARE,0.049155141216
INDUSTRIALS,0.16911087039
MATERIALS,0.050505360473
REAL ESTATE,0.004664393798
TECHNOLOGY,0.168591240555
