SECTOR,WEIGHT
COMMUNICATION SERVICES,0.027019478594
CONSUMER DISCRETIONARY,0.205094448262
CONSUMER STAPLES,0.065094266115
ENERGY,0.146414791143
FINANCIALS,0.07065683208
HEALTH CARE,0.062627186649
INDUSTRIALS,0.200389996893
MATERIALS,0.07560819378
REAL ESTATE,0.003220965521
TECHNOLOGY,0.143873840963
