SECTOR,WEIGHT
COMMUNICATION SERVICES,0.04987183523
CONSUMER DISCRETIONARY,0.21004100455
CONSUMER STAPLES,0.040018274211
ENERGY,0.166362777844
FINANCIALS,0.075186932508
HEALTH CARE,0.050925566317
INDUSTRIALS,0.176532151574
MATERIALS,0.052004848594
REAL ESTATE,0.005254346768
TECHNOLOGY,0.173802262405
