SECTOR,WEIGHT
COMMUNICATION SERVICES,0.030581763391
CONSUMER DISCRETIONARY,0.202522019638
CONSUMER STAPLES,0.06430239966
ENERGY,0.138446136577
FINANCIALS,0.07398699552
HEALTH CARE,0.066610037517
INDUSTRIALS,0.205571903852
MATERIALS,0.073482389346
REAL ESTATE,0.004013590996
TECHNOLOGY,0.140482763503
