SECTOR,WEIGHT
COMMUNICATION SERVICES,0.054974772168
CONSUMER DISCRETIONARY,0.205021505609
CONSUMER STAPLES,0.038114745249
ENERGY,0.177531548928
FINANCIALS,0.073489234857
HEALTH CARE,0.050839196863
INDUSTRIALS,0.179325825136
MATERIALS,0.049700936828
REAL ESTATE,0.004738123074
TECHNOLOGY,0.166264111288
