SECTOR,WEIGHT
COMMUNICATION SERVICES,0.026973515641
CONSUMER DISCRETIONARY,0.205673816326
CONSUMER STAPLES,0.064649746357
ENERGY,0.148257112272
FINANCIALS,0.073673326156
HEALTH CARE,0.064405674221
INDUSTRIALS,0.19552406136
MATERIALS,0.073039346251
REAL ESTATE,0.003158759303
TECHNOLOGY,0.14464464211
