SECTOR,WEIGHT
COMMUNICATION SERVICES,0.051275396898
CONSUMER DISCRETIONARY,0.204804112946
CONSUMER STAPLES,0.040945846279
ENERGY,0.180672764555
FINANCIALS,0.074304037552
HEALTH CARE,0.049920348599
INDUSTRIALS,0.168520412402
MATERIALS,0.0518375214
REAL ESTATE,0.004765748974
TECHNOLOGY,0.172953810394
