SECTOR,WEIGHT
COMMUNICATION SERVICES,0.051356928188
CONSUMER DISCRETIONARY,0.201671265177
CONSUMER STAPLES,0.039016366866
ENERGY,0.191200206035
FINANCIALS,0.071918373964
HEALTH CARE,0.049141639929
INDUSTRIALS,0.170780358119
MATERIALS,0.051893563556
REAL ESTATE,0.004578330807
TECHNOLOGY,0.168442967358
