SECTOR,WEIGHT
COMMUNICATION SERVICES,0.074483174587
CONSUMER DISCRETIONARY,0.092288205876
CONSUMER STAPLES,0.064072780277
ENERGY,0.043642029605
FINANCIALS,0.145894297706
HEALTH CARE,0.105699278731
INDUSTRIALS,0.113786534644
MATERIALS,0.025133321605
REAL ESTATE,0.024353245709
TECHNOLOGY,0.281047473047
UTILITIES,0.029599658214
