SECTOR,WEIGHT
COMMUNICATION SERVICES,0.07208573847
CONSUMER DISCRETIONARY,0.098433167864
CONSUMER STAPLES,0.065541354275
ENERGY,0.040823486599
FINANCIALS,0.153448216932
HEALTH CARE,0.122651410511
INDUSTRIALS,0.113120334236
MATERIALS,0.025069716289
REAL ESTATE,0.024148878206
TECHNOLOGY,0.256498643875
UTILITIES,0.028179052743
