SECTOR,WEIGHT
COMMUNICATION SERVICES,0.079053493895
CONSUMER DISCRETIONARY,0.097419751129
CONSUMER STAPLES,0.063521616158
ENERGY,0.038446792153
FINANCIALS,0.15379419434
HEALTH CARE,0.131427286724
INDUSTRIALS,0.106839245316
MATERIALS,0.021436500465
REAL ESTATE,0.024745618455
TECHNOLOGYQ,0.253899780998
UTILITIES,0.029415720368
