SECTOR,WEIGHT
COMMUNICATION SERVICES,0.077950183994
CONSUMER DISCRETIONARY,0.098210646982
CONSUMER STAPLES,0.063291863493
ENERGY,0.039264183027
FINANCIALS,0.154703852339
HEALTH CARE,0.126486359521
INDUSTRIALS,0.106977733968
MATERIALS,0.021420842259
REAL ESTATE,0.024264574504
TECHNOLOGY,0.258803725259
UTILITIES,0.028626034655
