SECTOR,WEIGHT
COMMUNICATION SERVICES,0.070015084832
CONSUMER DISCRETIONARY,0.09382885937
CONSUMER STAPLES,0.070251788315
ENERGY,0.045133135679
FINANCIALS,0.149625687543
HEALTH CARE,0.121418856843
INDUSTRIALS,0.119856212664
MATERIALS,0.026864842311
REAL ESTATE,0.026068475509
TECHNOLOGY,0.246909815973
UTILITIES,0.03002724096
