SECTOR,WEIGHT
COMMUNICATION SERVICES,0.073426819179
CONSUMER DISCRETIONARY,0.093283357297
CONSUMER STAPLES,0.068600242584
ENERGY,0.048441478637
FINANCIALS,0.143868530761
HEALTH CARE,0.119689460452
INDUSTRIALS,0.118137164339
MATERIALS,0.026213321231
REAL ESTATE,0.025500429743
TECHNOLOGY,0.252519217948
UTILITIES,0.03031997783
