SECTOR,WEIGHT
COMMUNICATION SERVICES,0.071667427042
CONSUMER DISCRETIONARY,0.093830936063
CONSUMER STAPLES,0.069071456862
ENERGY,0.044905571459
FINANCIALS,0.15331264445
HEALTH CARE,0.119383544818
INDUSTRIALS,0.117624822649
MATERIALS,0.026333706001
REAL ESTATE,0.02452484922
TECHNOLOGY,0.251412041331
UTILITIES,0.027933000105
