SECTOR,WEIGHT
COMMUNICATION SERVICES,0.077024348214
CONSUMER DISCRETIONARY,0.097770440308
CONSUMER STAPLES,0.062006302458
ENERGY,0.039274875929
FINANCIALS,0.155172413793
HEALTH CARE,0.123441206184
INDUSTRIALS,0.107695104047
MATERIALS,0.021081500138
REAL ESTATE,0.023913388405
TECHNOLOGY,0.264861890215
UTILITIES,0.02775853031
