SECTOR,WEIGHT
COMMUNICATION SERVICES,0.070696595826
CONSUMER DISCRETIONARY,0.092510013753
CONSUMER STAPLES,0.068587433367
ENERGY,0.054545089496
FINANCIALS,0.148130264122
HEALTH CARE,0.118859988154
INDUSTRIALS,0.116710670294
MATERIALS,0.026934235491
REAL ESTATE,0.025164386174
TECHNOLOGY,0.246817182496
UTILITIES,0.031044140825
