SECTOR,WEIGHT
COMMUNICATION SERVICES,0.072979449787
CONSUMER DISCRETIONARY,0.092714799807
CONSUMER STAPLES,0.070163554731
ENERGY,0.047555108652
FINANCIALS,0.14716413477
HEALTH CARE,0.121514000197
INDUSTRIALS,0.120781425931
MATERIALS,0.026829278083
REAL ESTATE,0.025956210122
TECHNOLOGY,0.243795698083
UTILITIES,0.030546339838
