SECTOR,WEIGHT
COMMUNICATION SERVICES,0.073122835354
CONSUMER DISCRETIONARY,0.093014472489
CONSUMER STAPLES,0.06920537917
ENERGY,0.050082166132
FINANCIALS,0.144516967608
HEALTH CARE,0.118035968275
INDUSTRIALS,0.116672894418
MATERIALS,0.02625398777
REAL ESTATE,0.025800969118
TECHNOLOGY,0.252174690421
UTILITIES,0.031119669246
