SECTOR,WEIGHT
COMMUNICATION SERVICES,0.056845710721
CONSUMER DISCRETIONARY,0.089831596772
CONSUMER STAPLES,0.092729128857
ENERGY,0.059548791159
FINANCIALS,0.063700131255
HEALTH CARE,0.247220961887
INDUSTRIALS,0.201345564882
MATERIALS,0.020135873088
TECHNOLOGY,0.158094252333
UTILITIES,0.010547989046
