SECTOR,WEIGHT
COMMUNICATION SERVICES,0.042976004152
CONSUMER DISCRETIONARY,0.09672540608
CONSUMER STAPLES,0.073622610755
ENERGY,0.05567032673
FINANCIALS,0.056537023671
HEALTH CARE,0.249140398823
INDUSTRIALS,0.199179121423
MATERIALS,0.042259331944
TECHNOLOGY,0.183889776423
