SECTOR,WEIGHT
COMMUNICATION SERVICES,0.055264007099
CONSUMER DISCRETIONARY,0.093621677222
CONSUMER STAPLES,0.079525835989
ENERGY,0.045322899439
FINANCIALS,0.070790811181
HEALTH CARE,0.241165140575
INDUSTRIALS,0.197806663709
MATERIALS,0.019576660885
TECHNOLOGY,0.186720987455
UTILITIES,0.010205316445
