SECTOR,WEIGHT
COMMUNICATION SERVICES,0.071429217108
CONSUMER DISCRETIONARY,0.107708795144
CONSUMER STAPLES,0.034648448368
ENERGY,0.05866542658
FINANCIALS,0.085846233888
HEALTH CARE,0.216039307814
INDUSTRIALS,0.191292137935
MATERIALS,0.020552836448
TECHNOLOGY,0.204108156753
UTILITIES,0.009709439962
