SECTOR,WEIGHT
COMMUNICATION SERVICES,0.053139526438
CONSUMER DISCRETIONARY,0.094646805798
CONSUMER STAPLES,0.090690368972
ENERGY,0.053086061076
FINANCIALS,0.061083672284
HEALTH CARE,0.245433251017
INDUSTRIALS,0.20573673252
MATERIALS,0.020608375299
TECHNOLOGY,0.165781966234
UTILITIES,0.009793240364
