SECTOR,WEIGHT
COMMUNICATION SERVICES,0.070813301282
CONSUMER DISCRETIONARY,0.10687099359
CONSUMER STAPLES,0.035056089744
ENERGY,0.060196314103
FINANCIALS,0.083233173077
HEALTH CARE,0.205028044872
INDUSTRIALS,0.191005608974
MATERIALS,0.019130608974
TECHNOLOGY,0.218649839744
UTILITIES,0.010016025641
