SECTOR,WEIGHT
COMMUNICATION SERVICES,0.04373493109
CONSUMER DISCRETIONARY,0.096181579926
CONSUMER STAPLES,0.075183664617
ENERGY,0.05559547469
FINANCIALS,0.056971755833
HEALTH CARE,0.253228635972
INDUSTRIALS,0.198093272945
MATERIALS,0.041902592131
TECHNOLOGY,0.179108092797
