SECTOR,WEIGHT
COMMUNICATION SERVICES,0.070927669806
CONSUMER DISCRETIONARY,0.115207373272
CONSUMER STAPLES,0.033360048087
ENERGY,0.05179322781
FINANCIALS,0.088359046283
HEALTH CARE,0.209376878381
INDUSTRIALS,0.191845321579
MATERIALS,0.020837507514
TECHNOLOGY,0.20847525546
UTILITIES,0.009817671809
