SECTOR,WEIGHT
COMMUNICATION SERVICES,0.043660121716
CONSUMER DISCRETIONARY,0.094158563548
CONSUMER STAPLES,0.076083400768
ENERGY,0.054047238289
FINANCIALS,0.057530203762
HEALTH CARE,0.263090997664
INDUSTRIALS,0.195802616427
MATERIALS,0.041235515917
TECHNOLOGYQ,0.174391341909
