SECTOR,WEIGHT
COMMUNICATION SERVICES,0.069830647706
CONSUMER DISCRETIONARY,0.058893124227
CONSUMER STAPLES,0.093806444503
ENERGY,0.08601253237
FINANCIALS,0.18679643163
HEALTH CARE,0.122950466583
INDUSTRIALS,0.094042866517
MATERIALS,0.018932795039
REAL ESTATE,0.050998031486
TECHNOLOGY,0.157917883422
UTILITIES,0.059818776516
