SECTOR,WEIGHT
COMMUNICATION SERVICES,0.071113215707
CONSUMER DISCRETIONARY,0.059111677973
CONSUMER STAPLES,0.092377201483
ENERGY,0.084804659656
FINANCIALS,0.196210325247
HEALTH CARE,0.12061605491
INDUSTRIALS,0.09309901569
MATERIALS,0.018575953676
REAL ESTATE,0.048835085977
TECHNOLOGY,0.158646953764
UTILITIES,0.056609855917
