SECTOR,WEIGHT
COMMUNICATION SERVICES,0.061420793025
CONSUMER DISCRETIONARY,0.05058706858
CONSUMER STAPLES,0.109124805987
ENERGY,0.071257806816
FINANCIALS,0.208673784408
HEALTH CARE,0.122052023092
INDUSTRIALS,0.094770571417
MATERIALS,0.015253876014
REAL ESTATE,0.044441686923
TECHNOLOGY,0.156431535685
UTILITIES,0.065986048052
