SECTOR,WEIGHT
COMMUNICATION SERVICES,0.068029103532
CONSUMER DISCRETIONARY,0.060262068384
CONSUMER STAPLES,0.088386308805
ENERGY,0.080198429518
FINANCIALS,0.196520151303
HEALTH CARE,0.122441538823
INDUSTRIALS,0.093318923523
MATERIALS,0.018331327879
REAL ESTATE,0.049889616299
TECHNOLOGY,0.165113527477
UTILITIES,0.057509004458
