SECTOR,WEIGHT
COMMUNICATION SERVICES,0.06990404129
CONSUMER DISCRETIONARY,0.057723548718
CONSUMER STAPLES,0.093592563826
ENERGY,0.086091248465
FINANCIALS,0.185361160524
HEALTH CARE,0.122015383459
INDUSTRIALS,0.093836093503
MATERIALS,0.018744769874
REAL ESTATE,0.050899706862
TECHNOLOGY,0.161843008544
UTILITIES,0.059988474933
