SECTOR,WEIGHT
COMMUNICATION SERVICES,0.074577626712
CONSUMER DISCRETIONARY,0.052684194742
CONSUMER STAPLES,0.086973907828
ENERGY,0.07977606718
FINANCIALS,0.186544036789
HEALTH CARE,0.113066080176
INDUSTRIALS,0.09077276817
MATERIALS,0.017894631611
REAL ESTATE,0.052084374688
TECHNOLOGY,0.187943616915
UTILITIES,0.057682695191
