SECTOR,WEIGHT
COMMUNICATION SERVICES,0.070567663898
CONSUMER DISCRETIONARY,0.058257580386
CONSUMER STAPLES,0.088207576931
ENERGY,0.082441105985
FINANCIALS,0.194649940763
HEALTH CARE,0.118763463528
INDUSTRIALS,0.092405744038
MATERIALS,0.018434079663
REAL ESTATE,0.049060069242
TECHNOLOGY,0.167705359173
UTILITIES,0.057212044493
