SECTOR,WEIGHT
COMMUNICATION SERVICES,0.070416108377
CONSUMER DISCRETIONARY,0.057764644547
CONSUMER STAPLES,0.086115611344
ENERGY,0.075247340471
FINANCIALS,0.204157581422
HEALTH CARE,0.121788476491
INDUSTRIALS,0.087749704552
MATERIALS,0.016804242038
REAL ESTATE,0.049329001102
TECHNOLOGY,0.173511078912
UTILITIES,0.057116210745
