SECTOR,WEIGHT
COMMUNICATION SERVICES,0.112923552878
CONSUMER DISCRETIONARY,0.102903199544
CONSUMER STAPLES,0.048787212679
ENERGY,0.027347282151
FINANCIALS,0.125030258623
HEALTH CARE,0.101003555049
INDUSTRIALS,0.078388015957
MATERIALS,0.016419441505
REAL ESTATE,0.015598795083
TECHNOLOGYQ,0.349949252354
UTILITIES,0.021649434177
