SECTOR,WEIGHT
COMMUNICATION SERVICES,0.110801576415
CONSUMER DISCRETIONARY,0.106357982859
CONSUMER STAPLES,0.050658054326
ENERGY,0.030391569247
FINANCIALS,0.124741515565
HEALTH CARE,0.100077123815
INDUSTRIALS,0.084247705594
MATERIALS,0.018532558977
REAL ESTATE,0.015617300536
TECHNOLOGY,0.33770332024
UTILITIES,0.020871292428
