SECTOR,WEIGHT
COMMUNICATION SERVICES,0.11048980217
CONSUMER DISCRETIONARY,0.105595364948
CONSUMER STAPLES,0.046680722152
ENERGY,0.027707989142
FINANCIALS,0.13018377493
HEALTH CARE,0.100076360172
INDUSTRIALS,0.080004388266
MATERIALS,0.017327133278
REAL ESTATE,0.014926621459
TECHNOLOGY,0.346813130474
UTILITIES,0.020194713008
