SECTOR,WEIGHT
COMMUNICATION SERVICES,0.110488925126
CONSUMER DISCRETIONARY,0.10374018209
CONSUMER STAPLES,0.047509715994
ENERGY,0.028067944014
FINANCIALS,0.125697513249
HEALTH CARE,0.095280337002
INDUSTRIALS,0.079013996467
MATERIALS,0.016139149341
REAL ESTATE,0.015114010056
TECHNOLOGY,0.358466095937
UTILITIES,0.020482130724
