SECTOR,WEIGHT
COMMUNICATION SERVICES,0.062017477665
CONSUMER DISCRETIONARY,0.098652156197
CONSUMER STAPLES,0.087975685017
ENERGY,0.024312095484
FINANCIALS,0.098116204459
HEALTH CARE,0.143443246429
INDUSTRIALS,0.163748594655
MATERIALS,0.007040709403
TECHNOLOGY,0.304440605082
UTILITIES,0.01025322561
