SECTOR,WEIGHT
COMMUNICATION SERVICES,0.06226302311
CONSUMER DISCRETIONARY,0.096401647059
CONSUMER STAPLES,0.088964122648
ENERGY,0.02376611206
FINANCIALS,0.096238991683
HEALTH CARE,0.14282468817
INDUSTRIALS,0.162463040776
MATERIALS,0.006711292824
TECHNOLOGY,0.309211699094
UTILITIES,0.011155382576
