SECTOR,WEIGHT
COMMUNICATION SERVICES,0.067008902241
CONSUMER DISCRETIONARY,0.099298873339
CONSUMER STAPLES,0.083920359933
ENERGY,0.021176380733
FINANCIALS,0.09902950249
HEALTH CARE,0.141044447267
INDUSTRIALS,0.152998744803
MATERIALS,0.007275930613
TECHNOLOGY,0.318373319623
UTILITIES,0.009493566825
