SECTOR,WEIGHT
COMMUNICATION SERVICES,0.061399042867
CONSUMER DISCRETIONARY,0.090723958864
CONSUMER STAPLES,0.07697790449
ENERGY,0.021891864372
FINANCIALS,0.092658588738
HEALTH CARE,0.128398330109
INDUSTRIALS,0.167396395479
MATERIALS,0.006516647999
TECHNOLOGY,0.344262295082
UTILITIES,0.009774971999
