SECTOR,WEIGHT
COMMUNICATION SERVICES,0.063104654281
CONSUMER DISCRETIONARY,0.096145636045
CONSUMER STAPLES,0.089735809937
ENERGY,0.022918422164
FINANCIALS,0.096626380656
HEALTH CARE,0.143407038444
INDUSTRIALS,0.163765117715
MATERIALS,0.006773953312
TECHNOLOGY,0.307166807011
UTILITIES,0.010356180436
