SECTOR,WEIGHT
COMMUNICATION SERVICES,0.060307105765
CONSUMER DISCRETIONARY,0.10004695194
CONSUMER STAPLES,0.082793601822
ENERGY,0.021571489258
FINANCIALS,0.098842090876
HEALTH CARE,0.155182458849
INDUSTRIALS,0.154811083526
MATERIALS,0.007005077164
TECHNOLOGY,0.310217582475
UTILITIES,0.009222558325
