SECTOR,WEIGHT
COMMUNICATION SERVICES,0.059218276134
CONSUMER DISCRETIONARY,0.099468669648
CONSUMER STAPLES,0.089189631939
ENERGY,0.023270191429
FINANCIALS,0.096317404413
HEALTH CARE,0.14513600076
INDUSTRIALS,0.16667612738
MATERIALS,0.00751409552
TECHNOLOGY,0.302115299711
UTILITIES,0.011094303064
