SECTOR,WEIGHT
COMMUNICATION SERVICES,0.130908380449
CONSUMER DISCRETIONARY,0.152056389319
ENERGY,0.0124829549
FINANCIALS,0.085147952473
HEALTH CARE,0.145782181249
INDUSTRIALS,0.043613299307
TECHNOLOGY,0.430008842303
