SECTOR,WEIGHT
COMMUNICATION SERVICES,0.141901552698
CONSUMER DISCRETIONARY,0.149672069916
ENERGY,0.015512920405
FINANCIALS,0.08416135847
HEALTH CARE,0.116749536118
INDUSTRIALS,0.041960190533
TECHNOLOGY,0.45004237186
