SECTOR,WEIGHT
COMMUNICATION SERVICES,0.146408355194
CONSUMER DISCRETIONARY,0.139099865979
ENERGY,0.002552107193
FINANCIALS,0.089209478282
HEALTH CARE,0.046658654159
INDUSTRIALS,0.048158242675
TECHNOLOGY,0.527913296519
