SECTOR,WEIGHT
COMMUNICATION SERVICES,0.149012135433
CONSUMER DISCRETIONARY,0.13767557387
ENERGY,0.002290366328
FINANCIALS,0.085294845824
HEALTH CARE,0.045097663826
INDUSTRIALS,0.048519681614
TECHNOLOGY,0.532109733105
