SECTOR,WEIGHT
COMMUNICATION SERVICES,0.139902400732
CONSUMER DISCRETIONARY,0.136340553467
ENERGY,0.002240696305
FINANCIALS,0.074574217122
HEALTH CARE,0.048128942715
INDUSTRIALS,0.046774408922
TECHNOLOGY,0.552038780737
