SECTOR,WEIGHT
COMMUNICATION SERVICES,0.139505953979
CONSUMER DISCRETIONARY,0.15003925422
ENERGY,0.013408228698
FINANCIALS,0.061048163662
HEALTH CARE,0.13900957803
INDUSTRIALS,0.068655884841
TECHNOLOGY,0.42833293657
