SECTOR,WEIGHT
COMMUNICATION SERVICES,0.132519851972
CONSUMER DISCRETIONARY,0.1313140548
ENERGY,0.020449791804
FINANCIALS,0.047153069196
HEALTH CARE,0.172136434883
INDUSTRIALS,0.091752327026
TECHNOLOGY,0.404674470318
