SECTOR,WEIGHT
COMMUNICATION SERVICES,0.138553540232
CONSUMER DISCRETIONARY,0.142056565892
ENERGY,0.002115053282
FINANCIALS,0.078675168332
HEALTH CARE,0.0500602725
INDUSTRIALS,0.048349375914
TECHNOLOGY,0.540190023848
