SECTOR,WEIGHT
COMMUNICATION SERVICES,0.101660806068
CONSUMER DISCRETIONARY,0.075127138236
CONSUMER STAPLES,0.224692732223
ENERGY,0.163752021156
FINANCIALS,0.043702080749
HEALTH CARE,0.152817883039
INDUSTRIALS,0.07172736763
MATERIALS,0.013629887139
TECHNOLOGY,0.048142537539
UTILITIES,0.104747546221
