SECTOR,WEIGHT
COMMUNICATION SERVICES,0.097026506039
CONSUMER DISCRETIONARY,0.076534318887
CONSUMER STAPLES,0.230969415019
ENERGY,0.148626999467
FINANCIALS,0.049755173547
HEALTH CARE,0.159054733647
INDUSTRIALS,0.073436680781
MATERIALS,0.01234317061
TECHNOLOGY,0.054267373783
UTILITIES,0.097985628219
