SECTOR,WEIGHT
COMMUNICATION SERVICES,0.091079347887
CONSUMER DISCRETIONARY,0.071856866764
CONSUMER STAPLES,0.221372891522
ENERGY,0.14763968439
FINANCIALS,0.09044002358
HEALTH CARE,0.155909373365
INDUSTRIALS,0.060279078275
MATERIALS,0.020004048326
TECHNOLOGY,0.069041516238
UTILITIES,0.072377169653
