SECTOR,WEIGHT
COMMUNICATION SERVICES,0.045877173274
CONSUMER DISCRETIONARY,0.068788200712
CONSUMER STAPLES,0.227581611926
ENERGY,0.153104321555
FINANCIALS,0.048592192309
HEALTH CARE,0.21625428462
INDUSTRIALS,0.070290108049
MATERIALS,0.009558797338
TECHNOLOGY,0.057188799343
UTILITIES,0.102764510874
