SECTOR,WEIGHT
COMMUNICATION SERVICES,0.140000126091
CONSUMER DISCRETIONARY,0.131057106711
CONSUMER STAPLES,0.072164103512
ENERGY,0.071953951489
FINANCIALS,0.290544629985
HEALTH CARE,0.159223782484
INDUSTRIALS,0.024031934702
MATERIALS,0.011284112927
TECHNOLOGY,0.099740252098
