SECTOR,WEIGHT
COMMUNICATION SERVICES,0.151922038731
CONSUMER DISCRETIONARY,0.127998909633
CONSUMER STAPLES,0.053040410677
ENERGY,0.066150374867
FINANCIALS,0.319196535528
HEALTH CARE,0.15984743375
INDUSTRIALS,0.023331093679
MATERIALS,0.010196638815
TECHNOLOGY,0.08831656432
