SECTOR,WEIGHT
COMMUNICATION SERVICES,0.134012180403
CONSUMER DISCRETIONARY,0.126734245458
CONSUMER STAPLES,0.074877358259
ENERGY,0.100116425616
FINANCIALS,0.27938306162
HEALTH CARE,0.170018749753
INDUSTRIALS,0.025871884868
MATERIALS,0.015923950916
TECHNOLOGY,0.073062143106
