SECTOR,WEIGHT
COMMUNICATION SERVICES,0.137316637005
CONSUMER DISCRETIONARY,0.134147816232
CONSUMER STAPLES,0.072903211307
ENERGY,0.107976417381
FINANCIALS,0.265493885492
HEALTH CARE,0.161795001589
INDUSTRIALS,0.023770971633
MATERIALS,0.030445721771
TECHNOLOGY,0.06615033759
