SECTOR,WEIGHT
COMMUNICATION SERVICES,0.132870150283
CONSUMER DISCRETIONARY,0.1362685391
CONSUMER STAPLES,0.075269922439
ENERGY,0.112411292844
FINANCIALS,0.263762725221
HEALTH CARE,0.160377398894
INDUSTRIALS,0.023433250676
MATERIALS,0.030693639638
TECHNOLOGY,0.064913080906
