SECTOR,WEIGHT
COMMUNICATION SERVICES,0.138099106418
CONSUMER DISCRETIONARY,0.131397238018
CONSUMER STAPLES,0.074735987002
ENERGY,0.089764419171
FINANCIALS,0.262794476036
HEALTH CARE,0.174248578392
INDUSTRIALS,0.024167343623
MATERIALS,0.031173842405
TECHNOLOGY,0.073619008936
