SECTOR,WEIGHT
COMMUNICATION SERVICES,0.138335285958
CONSUMER DISCRETIONARY,0.129676194828
CONSUMER STAPLES,0.077247413536
ENERGY,0.083746582009
FINANCIALS,0.291164903197
HEALTH CARE,0.161136265899
INDUSTRIALS,0.026958076591
MATERIALS,0.011852629469
TECHNOLOGY,0.079882648514
