SECTOR,WEIGHT
COMMUNICATION SERVICES,0.130765465567
CONSUMER DISCRETIONARY,0.122275472936
CONSUMER STAPLES,0.076957501627
ENERGY,0.08773888862
FINANCIALS,0.283908064525
HEALTH CARE,0.172576420154
INDUSTRIALS,0.027903374159
MATERIALS,0.012299301286
TECHNOLOGY,0.085575511126
