SECTOR,WEIGHT
COMMUNICATION SERVICES,0.134107512095
CONSUMER DISCRETIONARY,0.092319047932
CONSUMER STAPLES,0.115330053943
ENERGY,0.042355700932
FINANCIALS,0.272526428077
HEALTH CARE,0.074599218406
INDUSTRIALS,0.162821219306
MATERIALS,0.031565057811
TECHNOLOGY,0.073042097866
UTILITIES,0.001333663632
