SECTOR,WEIGHT
COMMUNICATION SERVICES,0.134673451101
CONSUMER DISCRETIONARY,0.092080819224
CONSUMER STAPLES,0.115246491358
ENERGY,0.046343466547
FINANCIALS,0.268268019513
HEALTH CARE,0.074874256627
INDUSTRIALS,0.160605022866
MATERIALS,0.032055342237
TECHNOLOGY,0.074383304391
UTILITIES,0.001469826136
