SECTOR,WEIGHT
COMMUNICATION SERVICES,0.132753347723
CONSUMER DISCRETIONARY,0.09081644517
CONSUMER STAPLES,0.112358141957
ENERGY,0.042392870322
FINANCIALS,0.276396338104
HEALTH CARE,0.075086062653
INDUSTRIALS,0.16318489948
MATERIALS,0.031434478645
TECHNOLOGY,0.07420749061
UTILITIES,0.001369925337
