SECTOR,WEIGHT
COMMUNICATION SERVICES,0.10479671515
CONSUMER DISCRETIONARY,0.100260819058
CONSUMER STAPLES,0.080913299557
ENERGY,0.07389000905
FINANCIALS,0.317897260846
HEALTH CARE,0.091803074061
INDUSTRIALS,0.151794477401
MATERIALS,0.03250725532
TECHNOLOGY,0.039049374427
UTILITIES,0.00708771513
