SECTOR,WEIGHT
COMMUNICATION SERVICES,0.106223314138
CONSUMER DISCRETIONARY,0.100483715839
CONSUMER STAPLES,0.084654296097
ENERGY,0.069389278571
FINANCIALS,0.311573163027
HEALTH CARE,0.092676654876
INDUSTRIALS,0.156903816204
MATERIALS,0.033045196444
TECHNOLOGY,0.037758608894
UTILITIES,0.00729195591
