SECTOR,WEIGHT
COMMUNICATION SERVICES,0.113322137265
CONSUMER DISCRETIONARY,0.095570111572
CONSUMER STAPLES,0.0841886825
ENERGY,0.065225046044
FINANCIALS,0.307240744217
HEALTH CARE,0.091337591898
INDUSTRIALS,0.155506283836
MATERIALS,0.029910752792
TECHNOLOGY,0.050319392368
UTILITIES,0.007379257508
