SECTOR,WEIGHT
COMMUNICATION SERVICES,0.134311425161
CONSUMER DISCRETIONARY,0.090855514091
CONSUMER STAPLES,0.083077565634
ENERGY,0.051459758379
FINANCIALS,0.311683187403
HEALTH CARE,0.081471173801
INDUSTRIALS,0.142628518877
MATERIALS,0.027299625209
TECHNOLOGY,0.073088820416
UTILITIES,0.004124411031
