SECTOR,WEIGHT
COMMUNICATION SERVICES,0.136481287374
CONSUMER DISCRETIONARY,0.088065204034
CONSUMER STAPLES,0.082670690715
ENERGY,0.05442303908
FINANCIALS,0.303480279354
HEALTH CARE,0.085236924856
INDUSTRIALS,0.14626530604
MATERIALS,0.026978590619
TECHNOLOGY,0.071551346771
UTILITIES,0.004847331157
