SECTOR,WEIGHT
COMMUNICATION SERVICES,0.134789105818
CONSUMER DISCRETIONARY,0.091068302964
CONSUMER STAPLES,0.112857261928
ENERGY,0.043087743252
FINANCIALS,0.273680199721
HEALTH CARE,0.075016570682
INDUSTRIALS,0.163012847736
MATERIALS,0.031480327524
TECHNOLOGY,0.073632372961
UTILITIES,0.001375267413
