SECTOR,WEIGHT
CONSUMER DISCRETIONARY,0.078830296203
CONSUMER STAPLES,0.031498921079
FINANCIALS,0.302621752349
HEALTH CARE,0.201739061204
INDUSTRIALS,0.174094735001
MATERIALS,0.070873447171
REAL ESTATE,0.036731241296
TECHNOLOGY,0.066714707
UTILITIES,0.036895838698
