SECTOR,WEIGHT
COMMUNICATION SERVICES,0.045032235422
CONSUMER DISCRETIONARY,0.15261576775
CONSUMER STAPLES,0.041656760791
ENERGY,0.028936990549
FINANCIALS,0.337067327741
HEALTH CARE,0.035163820654
INDUSTRIALS,0.183644307532
MATERIALS,0.031086832206
REAL ESTATE,0.04420497555
TECHNOLOGY,0.07516148629
UTILITIES,0.025429495514
