SECTOR,WEIGHT
CONSUMER DISCRETIONARY,0.082688844771
CONSUMER STAPLES,0.034940930452
FINANCIALS,0.292259814912
HEALTH CARE,0.220562762428
INDUSTRIALS,0.171355758722
MATERIALS,0.069169371127
REAL ESTATE,0.036097236242
TECHNOLOGY,0.056850466827
UTILITIES,0.036074814518
