SECTOR,WEIGHT
CONSUMER DISCRETIONARY,0.08433918191
CONSUMER STAPLES,0.032812584483
FINANCIALS,0.302790261298
HEALTH CARE,0.207705685542
INDUSTRIALS,0.176320453756
MATERIALS,0.064412685372
REAL ESTATE,0.036988500344
TECHNOLOGY,0.05947706518
UTILITIES,0.035153582114
