SECTOR,WEIGHT
COMMUNICATION SERVICES,0.044805905326
CONSUMER DISCRETIONARY,0.14785885832
CONSUMER STAPLES,0.043722211782
ENERGY,0.028874068041
FINANCIALS,0.333997091053
HEALTH CARE,0.035004505843
INDUSTRIALS,0.184334571106
MATERIALS,0.030579709351
REAL ESTATE,0.043628672646
TECHNOLOGY,0.079937582364
UTILITIES,0.027256824169
