SECTOR,WEIGHT
CONSUMER DISCRETIONARY,0.083569738055
CONSUMER STAPLES,0.032842418444
FINANCIALS,0.297225814371
HEALTH CARE,0.212418597061
INDUSTRIALS,0.176876308011
MATERIALS,0.064006933413
REAL ESTATE,0.036948875165
TECHNOLOGY,0.058708358504
UTILITIES,0.037402956977
