SECTOR,WEIGHT
COMMUNICATION SERVICES,0.04002771731
CONSUMER DISCRETIONARY,0.148901941907
CONSUMER STAPLES,0.04686476335
ENERGY,0.031268931544
FINANCIALS,0.323452193992
HEALTH CARE,0.039211053516
INDUSTRIALS,0.184802186884
MATERIALS,0.029274846469
REAL ESTATE,0.044035847397
TECHNOLOGY,0.081780145886
UTILITIES,0.030380371745
