SECTOR,WEIGHT
CONSUMER DISCRETIONARY,0.08267700854
CONSUMER STAPLES,0.035222278551
FINANCIALS,0.297434025026
HEALTH CARE,0.214925039354
INDUSTRIALS,0.174476709425
MATERIALS,0.067260370999
REAL ESTATE,0.036605706834
TECHNOLOGY,0.055618025995
UTILITIES,0.035780835275
