SECTOR,WEIGHT
COMMUNICATION SERVICES,0.046730340618
CONSUMER DISCRETIONARY,0.145952629295
CONSUMER STAPLES,0.042993931856
ENERGY,0.029707546202
FINANCIALS,0.334206119206
HEALTH CARE,0.035460826345
INDUSTRIALS,0.182766376068
MATERIALS,0.030850423556
REAL ESTATE,0.044017473121
TECHNOLOGY,0.079362814834
UTILITIES,0.027951518899
