SECTOR,WEIGHT
CONSUMER DISCRETIONARY,0.076902415594
CONSUMER STAPLES,0.032685901115
FINANCIALS,0.300820597007
HEALTH CARE,0.205405229028
INDUSTRIALS,0.174701783012
MATERIALS,0.070735943508
REAL ESTATE,0.03676975573
TECHNOLOGY,0.064925112176
UTILITIES,0.03705326283
