SECTOR,WEIGHT
COMMUNICATION SERVICES,0.025420336269
CONSUMER DISCRETIONARY,0.050440352282
CONSUMER STAPLES,0.065352281825
ENERGY,0.176941553243
FINANCIALS,0.296236989592
HEALTH CARE,0.095176140913
INDUSTRIALS,0.138510808647
MATERIALS,0.052341873499
TECHNOLOGY,0.063050440352
UTILITIES,0.036529223379
