SECTOR,WEIGHT
COMMUNICATION SERVICES,0.069233265975
CONSUMER DISCRETIONARY,0.079450104179
CONSUMER STAPLES,0.106903014376
ENERGY,0.048230009737
FINANCIALS,0.138166036709
HEALTH CARE,0.132187542535
INDUSTRIALS,0.108588719388
MATERIALS,0.04673905077
REAL ESTATE,0.026165073449
TECHNOLOGY,0.211020950905
UTILITIES,0.033316231978
