SECTOR,WEIGHT
COMMUNICATION SERVICES,0.063579857935
CONSUMER DISCRETIONARY,0.080880613482
CONSUMER STAPLES,0.100779413273
ENERGY,0.044813646327
FINANCIALS,0.148100036218
HEALTH CARE,0.133663200514
INDUSTRIALS,0.099414445628
MATERIALS,0.044208622325
REAL ESTATE,0.026607448285
TECHNOLOGY,0.226350156071
UTILITIES,0.031602559942
