SECTOR,WEIGHT
COMMUNICATION SERVICES,0.059640528007
CONSUMER DISCRETIONARY,0.082283913785
CONSUMER STAPLES,0.096848077547
ENERGY,0.043268536256
FINANCIALS,0.156489652357
HEALTH CARE,0.128520135247
INDUSTRIALS,0.103051429409
MATERIALS,0.043034052487
REAL ESTATE,0.024789330988
TECHNOLOGY,0.231800814412
UTILITIES,0.030273529504
