SECTOR,WEIGHT
COMMUNICATION SERVICES,0.09349092777
CONSUMER DISCRETIONARY,0.076900965595
CONSUMER STAPLES,0.08449081881
ENERGY,0.049147257058
FINANCIALS,0.144864085176
HEALTH CARE,0.118440728269
INDUSTRIALS,0.093748281283
MATERIALS,0.045191484504
REAL ESTATE,0.024253493211
TECHNOLOGY,0.23625882707
UTILITIES,0.033213131255
