SECTOR,WEIGHT
COMMUNICATION SERVICES,0.062919441029
CONSUMER DISCRETIONARY,0.082656110153
CONSUMER STAPLES,0.090338960412
ENERGY,0.039573252112
FINANCIALS,0.155828817051
HEALTH CARE,0.125197329881
INDUSTRIALS,0.098661259398
MATERIALS,0.03795254407
REAL ESTATE,0.024476793165
TECHNOLOGY,0.252518092297
UTILITIES,0.029877400431
