SECTOR,WEIGHT
COMMUNICATION SERVICES,0.063285789085
CONSUMER DISCRETIONARY,0.082699865631
CONSUMER STAPLES,0.09483931474
ENERGY,0.041162258152
FINANCIALS,0.162054180677
HEALTH CARE,0.128233839477
INDUSTRIALS,0.096688725011
MATERIALS,0.041315762359
REAL ESTATE,0.024101211842
TECHNOLOGY,0.23500337499
UTILITIES,0.030615678036
