SECTOR,WEIGHT
COMMUNICATION SERVICES,0.030144603074
CONSUMER DISCRETIONARY,0.048468315838
CONSUMER STAPLES,0.104382567122
ENERGY,0.078571749193
FINANCIALS,0.28282260528
HEALTH CARE,0.035817611893
INDUSTRIALS,0.28211094894
MATERIALS,0.026355266915
REAL ESTATE,0.069421719157
TECHNOLOGY,0.023168760168
UTILITIES,0.01873585242
