SECTOR,WEIGHT
COMMUNICATION SERVICES,0.011027018538
CONSUMER DISCRETIONARY,0.06364201305
CONSUMER STAPLES,0.064891910923
FINANCIALS,0.246805535784
HEALTH CARE,0.148618877865
INDUSTRIALS,0.305098926557
MATERIALS,0.03940045277
REAL ESTATE,0.059827407624
TECHNOLOGY,0.02834405453
UTILITIES,0.032343802359
