SECTOR,WEIGHT
COMMUNICATION SERVICES,0.009942221754
CONSUMER DISCRETIONARY,0.069148923413
CONSUMER STAPLES,0.071979409388
FINANCIALS,0.239322367845
HEALTH CARE,0.147676527208
INDUSTRIALS,0.3017685021
MATERIALS,0.036483268247
REAL ESTATE,0.05960539186
TECHNOLOGY,0.027556856902
UTILITIES,0.036516531284
