SECTOR,WEIGHT
COMMUNICATION SERVICES,0.010798111705
CONSUMER DISCRETIONARY,0.067862105523
CONSUMER STAPLES,0.071949290811
FINANCIALS,0.234125442676
HEALTH CARE,0.15087280957
INDUSTRIALS,0.303659790478
MATERIALS,0.035061366569
REAL ESTATE,0.060865904498
TECHNOLOGY,0.028142704518
UTILITIES,0.036662473652
