SECTOR,WEIGHT
COMMUNICATION SERVICES,0.032018054271
CONSUMER DISCRETIONARY,0.049381221146
CONSUMER STAPLES,0.097815424863
ENERGY,0.078896527909
FINANCIALS,0.290645808112
HEALTH CARE,0.034743128571
INDUSTRIALS,0.275532229399
MATERIALS,0.026195483522
REAL ESTATE,0.071010996579
TECHNOLOGY,0.02522465785
UTILITIES,0.018536467777
