SECTOR,WEIGHT
COMMUNICATION SERVICES,0.010267343593
CONSUMER DISCRETIONARY,0.065321774881
CONSUMER STAPLES,0.067370156701
FINANCIALS,0.237773895138
HEALTH CARE,0.148906471975
INDUSTRIALS,0.310654061949
MATERIALS,0.041129299033
REAL ESTATE,0.057635568654
TECHNOLOGY,0.026968002142
UTILITIES,0.033973425932
