SECTOR,WEIGHT
COMMUNICATION SERVICES,0.031491576751
CONSUMER DISCRETIONARY,0.048088678758
CONSUMER STAPLES,0.099875043437
ENERGY,0.079803917865
FINANCIALS,0.289222743689
HEALTH CARE,0.0355205112
INDUSTRIALS,0.275192418912
MATERIALS,0.02666000635
REAL ESTATE,0.07045118923
TECHNOLOGY,0.025040651367
UTILITIES,0.018653262441
