SECTOR,WEIGHT
COMMUNICATION SERVICES,0.010149907258
CONSUMER DISCRETIONARY,0.06696762457
CONSUMER STAPLES,0.069236155216
FINANCIALS,0.234390188046
HEALTH CARE,0.151530391431
INDUSTRIALS,0.305996282173
MATERIALS,0.038573286462
REAL ESTATE,0.059393867322
TECHNOLOGY,0.028069459096
UTILITIES,0.035692838425
