SECTOR,WEIGHT
COMMUNICATION SERVICES,0.061400322602
CONSUMER DISCRETIONARY,0.062256962561
CONSUMER STAPLES,0.131146493412
ENERGY,0.086741076689
FINANCIALS,0.245218294473
HEALTH CARE,0.050997391176
INDUSTRIALS,0.021391469275
MATERIALS,0.06166203887
TECHNOLOGY,0.033019367354
UTILITIES,0.246166583589
