SECTOR,WEIGHT
COMMUNICATION SERVICES,0.042482472407
CONSUMER DISCRETIONARY,0.068609845923
CONSUMER STAPLES,0.105268200868
ENERGY,0.060957604381
FINANCIALS,0.274611679114
HEALTH CARE,0.055754469049
INDUSTRIALS,0.022922589672
MATERIALS,0.064959285544
TECHNOLOGY,0.055100719849
UTILITIES,0.249333133193
