SECTOR,WEIGHT
COMMUNICATION SERVICES,0.044784278965
CONSUMER DISCRETIONARY,0.071155704147
CONSUMER STAPLES,0.104116381002
ENERGY,0.060363510126
FINANCIALS,0.274680017959
HEALTH CARE,0.055795246712
INDUSTRIALS,0.020335984508
MATERIALS,0.057013813998
TECHNOLOGY,0.05451177019
UTILITIES,0.257243292394
