SECTOR,WEIGHT
COMMUNICATION SERVICES,0.043908716836
CONSUMER DISCRETIONARY,0.071703207731
CONSUMER STAPLES,0.100366574747
ENERGY,0.060475949845
FINANCIALS,0.284159287285
HEALTH CARE,0.055596390343
INDUSTRIALS,0.021516381166
MATERIALS,0.062591593003
TECHNOLOGY,0.051766466345
UTILITIES,0.247915432699
