SECTOR,WEIGHT
COMMUNICATION SERVICES,0.044689959736
CONSUMER DISCRETIONARY,0.069329194949
CONSUMER STAPLES,0.102580774997
ENERGY,0.057276542794
FINANCIALS,0.283151721056
HEALTH CARE,0.055753106601
INDUSTRIALS,0.021078732078
MATERIALS,0.059261620122
TECHNOLOGY,0.053892612559
UTILITIES,0.252985735109
