SECTOR,WEIGHT
COMMUNICATION SERVICES,0.045607989537
CONSUMER DISCRETIONARY,0.06752219748
CONSUMER STAPLES,0.108103971679
ENERGY,0.064483703422
FINANCIALS,0.262930662307
HEALTH CARE,0.056479530321
INDUSTRIALS,0.023676547915
MATERIALS,0.063655864087
TECHNOLOGY,0.059236360023
UTILITIES,0.248303173229
