SECTOR,WEIGHT
COMMUNICATION SERVICES,0.047990982506
CONSUMER DISCRETIONARY,0.063427421007
CONSUMER STAPLES,0.108361820816
ENERGY,0.064032298045
FINANCIALS,0.252466000136
HEALTH CARE,0.055658516166
INDUSTRIALS,0.023097171048
MATERIALS,0.066473407285
TECHNOLOGY,0.056767368728
UTILITIES,0.261725014265
