SECTOR,WEIGHT
COMMUNICATION SERVICES,0.017380006269
CONSUMER DISCRETIONARY,0.063439196773
CONSUMER STAPLES,0.008848242182
ENERGY,0.037330259552
FINANCIALS,0.114105014105
HEALTH CARE,0.411756200645
INDUSTRIALS,0.189029433474
MATERIALS,0.046550590995
REAL ESTATE,0.007791630014
TECHNOLOGY,0.100199189088
UTILITIES,0.003570236904
