SECTOR,WEIGHT
COMMUNICATION SERVICES,0.015697443303
CONSUMER DISCRETIONARY,0.063221508255
CONSUMER STAPLES,0.00829857145
ENERGY,0.02881051461
FINANCIALS,0.121183698731
HEALTH CARE,0.421585745699
INDUSTRIALS,0.183390780595
MATERIALS,0.055856853165
REAL ESTATE,0.007515611398
TECHNOLOGY,0.090655301334
UTILITIES,0.003783971459
