SECTOR,WEIGHT
COMMUNICATION SERVICES,0.016574060786
CONSUMER DISCRETIONARY,0.064001139972
CONSUMER STAPLES,0.008697339459
ENERGY,0.034761060659
FINANCIALS,0.115381739023
HEALTH CARE,0.411510685216
INDUSTRIALS,0.186848280643
MATERIALS,0.049055177474
REAL ESTATE,0.008713509274
TECHNOLOGY,0.100958263685
UTILITIES,0.003498743807
