SECTOR,WEIGHT
COMMUNICATION SERVICES,0.015184691113
CONSUMER DISCRETIONARY,0.063136719868
CONSUMER STAPLES,0.008930386474
ENERGY,0.031286693724
FINANCIALS,0.118428251981
HEALTH CARE,0.423801957808
INDUSTRIALS,0.182920206036
MATERIALS,0.055078133296
REAL ESTATE,0.007773380571
TECHNOLOGY,0.089547604624
UTILITIES,0.003911974505
