SECTOR,WEIGHT
COMMUNICATION SERVICES,0.006865445337
CONSUMER DISCRETIONARY,0.124446026107
CONSUMER STAPLES,0.015786491707
ENERGY,0.016427669862
FINANCIALS,0.132093789444
HEALTH CARE,0.289000971849
INDUSTRIALS,0.167737649255
MATERIALS,0.045943035958
REAL ESTATE,0.029179654893
TECHNOLOGY,0.16885063775
UTILITIES,0.003668627838
