SECTOR,WEIGHT
COMMUNICATION SERVICES,0.080600598675
CONSUMER DISCRETIONARY,0.113689043975
CONSUMER STAPLES,0.056534361656
ENERGY,0.055227579517
FINANCIALS,0.180820967841
HEALTH CARE,0.097641879562
INDUSTRIALS,0.15307088792
MATERIALS,0.042334129361
REAL ESTATE,0.003909322949
TECHNOLOGY,0.211825977506
UTILITIES,0.004345251039
