SECTOR,WEIGHT
COMMUNICATION SERVICES,0.079108453297
CONSUMER DISCRETIONARY,0.110357233306
CONSUMER STAPLES,0.056014967222
ENERGY,0.059667682033
FINANCIALS,0.167165006812
HEALTH CARE,0.095041657366
INDUSTRIALS,0.159158864565
MATERIALS,0.04566744379
REAL ESTATE,0.003730794218
TECHNOLOGY,0.215836505726
UTILITIES,0.004438513969
