SECTOR,WEIGHT
COMMUNICATION SERVICES,0.082183675002
CONSUMER DISCRETIONARY,0.107850116393
CONSUMER STAPLES,0.056258917174
ENERGY,0.056450151436
FINANCIALS,0.17321418738
HEALTH CARE,0.104011413982
INDUSTRIALS,0.153613176141
MATERIALS,0.040903106305
REAL ESTATE,0.003926810343
TECHNOLOGY,0.216953768366
UTILITIES,0.00463467748
