SECTOR,WEIGHT
COMMUNICATION SERVICES,0.080797391288
CONSUMER DISCRETIONARY,0.108368283362
CONSUMER STAPLES,0.056021834048
ENERGY,0.058078287397
FINANCIALS,0.172897266439
HEALTH CARE,0.100149478328
INDUSTRIALS,0.153557193732
MATERIALS,0.041435432471
REAL ESTATE,0.00388263198
TECHNOLOGY,0.220241748406
UTILITIES,0.00457045255
