SECTOR,WEIGHT
COMMUNICATION SERVICES,0.078530763234
CONSUMER DISCRETIONARY,0.107036577619
CONSUMER STAPLES,0.055589844916
ENERGY,0.075144132211
FINANCIALS,0.168035012555
HEALTH CARE,0.087009364335
INDUSTRIALS,0.162401983083
MATERIALS,0.044530190112
REAL ESTATE,0.003249362251
TECHNOLOGY,0.213870758946
UTILITIES,0.004602010737
