SECTOR,WEIGHT
COMMUNICATION SERVICES,0.079591955628
CONSUMER DISCRETIONARY,0.113851451117
CONSUMER STAPLES,0.056288909558
ENERGY,0.057889989534
FINANCIALS,0.170910767414
HEALTH CARE,0.097754269379
INDUSTRIALS,0.159404888417
MATERIALS,0.045316389072
REAL ESTATE,0.003710407422
TECHNOLOGY,0.210906629114
UTILITIES,0.004374343346
