SECTOR,WEIGHT
COMMUNICATION SERVICES,0.07466641573
CONSUMER DISCRETIONARY,0.107958271058
CONSUMER STAPLES,0.060743420664
ENERGY,0.064465429267
FINANCIALS,0.16758148526
HEALTH CARE,0.095661026926
INDUSTRIALS,0.167089955882
MATERIALS,0.047619285971
REAL ESTATE,0.003286539603
TECHNOLOGY,0.206302187456
UTILITIES,0.004625982183
