SECTOR,WEIGHT
COMMUNICATION SERVICES,0.076595194522
CONSUMER DISCRETIONARY,0.10570988737
CONSUMER STAPLES,0.057372481654
ENERGY,0.079767242814
FINANCIALS,0.168587601651
HEALTH CARE,0.086943187763
INDUSTRIALS,0.161017781511
MATERIALS,0.045343753821
REAL ESTATE,0.003483740872
TECHNOLOGY,0.210404518841
UTILITIES,0.004774609182
