SECTOR,WEIGHT
COMMUNICATION SERVICES,0.076851416854
CONSUMER DISCRETIONARY,0.105414889067
CONSUMER STAPLES,0.059912671804
ENERGY,0.068037459569
FINANCIALS,0.165925575702
HEALTH CARE,0.096553851887
INDUSTRIALS,0.164852755125
MATERIALS,0.046372694463
REAL ESTATE,0.003372723512
TECHNOLOGY,0.208238380532
UTILITIES,0.004467581486
