SECTOR,WEIGHT
COMMUNICATION SERVICES,0.078515927465
CONSUMER DISCRETIONARY,0.103884877097
CONSUMER STAPLES,0.058925761314
ENERGY,0.070246928049
FINANCIALS,0.16234985831
HEALTH CARE,0.095572804758
INDUSTRIALS,0.160569844747
MATERIALS,0.045488011203
REAL ESTATE,0.003321623509
TECHNOLOGY,0.216678837272
UTILITIES,0.004445526276
