SECTOR,WEIGHT
COMMUNICATION SERVICES,0.079771298388
CONSUMER DISCRETIONARY,0.110572144408
CONSUMER STAPLES,0.058649831687
ENERGY,0.061246347711
FINANCIALS,0.17163631559
HEALTH CARE,0.094902960969
INDUSTRIALS,0.163105048792
MATERIALS,0.046214782124
REAL ESTATE,0.003577466565
TECHNOLOGY,0.205994608776
UTILITIES,0.00432919499
