SECTOR,WEIGHT
COMMUNICATION SERVICES,0.079554574639
CONSUMER DISCRETIONARY,0.105838683788
CONSUMER STAPLES,0.052267255217
ENERGY,0.070425361156
FINANCIALS,0.165630016051
HEALTH CARE,0.082263242376
INDUSTRIALS,0.158507223114
MATERIALS,0.043338683788
REAL ESTATE,0.003511235955
TECHNOLOGY,0.234349919743
UTILITIES,0.004313804173
