SECTOR,WEIGHT
COMMUNICATION SERVICES,0.076709232297
CONSUMER DISCRETIONARY,0.10748822738
CONSUMER STAPLES,0.058913154902
ENERGY,0.062749267214
FINANCIALS,0.170577859465
HEALTH CARE,0.094595406276
INDUSTRIALS,0.16604800346
MATERIALS,0.046881256707
REAL ESTATE,0.00365091378
TECHNOLOGY,0.20816715519
UTILITIES,0.004219523329
