SECTOR,WEIGHT
COMMUNICATION SERVICES,0.11508235799
CONSUMER DISCRETIONARY,0.073984557663
CONSUMER STAPLES,0.025809107548
ENERGY,0.020356116462
FINANCIALS,0.170134224476
HEALTH CARE,0.071631627168
INDUSTRIALS,0.090638843314
MATERIALS,0.007721201027
REAL ESTATE,0.019517601105
TECHNOLOGY,0.376254179261
UTILITIES,0.028870183986
