SECTOR,WEIGHT
COMMUNICATION SERVICES,0.123264660066
CONSUMER DISCRETIONARY,0.092751522539
CONSUMER STAPLES,0.024600314301
ENERGY,0.017106766346
FINANCIALS,0.178744852678
HEALTH CARE,0.056758441088
INDUSTRIALS,0.067502751696
MATERIALS,0.005755447576
REAL ESTATE,0.017382353781
TECHNOLOGY,0.393330491591
UTILITIES,0.022802398338
