SECTOR,WEIGHT
COMMUNICATION SERVICES,0.116394574771
CONSUMER DISCRETIONARY,0.073014593023
CONSUMER STAPLES,0.02571741494
ENERGY,0.021388444705
FINANCIALS,0.166506134488
HEALTH CARE,0.0754352543
INDUSTRIALS,0.087933037787
MATERIALS,0.007102976062
REAL ESTATE,0.020094869056
TECHNOLOGY,0.377214146213
UTILITIES,0.029198554655
