SECTOR,WEIGHT
COMMUNICATION SERVICES,0.113565305093
CONSUMER DISCRETIONARY,0.077054967221
CONSUMER STAPLES,0.025012607161
ENERGY,0.018860312658
FINANCIALS,0.165506807867
HEALTH CARE,0.066969238527
INDUSTRIALS,0.086737266768
MATERIALS,0.006959152799
REAL ESTATE,0.019162884518
TECHNOLOGY,0.393645990923
UTILITIES,0.026525466465
