SECTOR,WEIGHT
COMMUNICATION SERVICES,0.123768779514
CONSUMER DISCRETIONARY,0.092043407927
CONSUMER STAPLES,0.025563001964
ENERGY,0.017919164366
FINANCIALS,0.178508959427
HEALTH CARE,0.058339647719
INDUSTRIALS,0.069861857641
MATERIALS,0.005634690154
REAL ESTATE,0.022016498663
TECHNOLOGY,0.383453931623
UTILITIES,0.022890061003
