SECTOR,WEIGHT
COMMUNICATION SERVICES,0.126395263353
CONSUMER DISCRETIONARY,0.090983872356
CONSUMER STAPLES,0.026159447341
ENERGY,0.020176346593
FINANCIALS,0.167673638749
HEALTH CARE,0.057924459395
INDUSTRIALS,0.072520115625
MATERIALS,0.006678858098
REAL ESTATE,0.017989013447
TECHNOLOGY,0.389692799219
UTILITIES,0.023806063103
