SECTOR,WEIGHT
COMMUNICATION SERVICES,0.111805532704
CONSUMER DISCRETIONARY,0.076780185913
CONSUMER STAPLES,0.02454012883
ENERGY,0.019541389176
FINANCIALS,0.162017560486
HEALTH CARE,0.064752663625
INDUSTRIALS,0.084896277662
MATERIALS,0.006776578862
REAL ESTATE,0.018989900234
TECHNOLOGY,0.403214026569
UTILITIES,0.02668575594
