SECTOR,WEIGHT
COMMUNICATION SERVICES,0.127639954816
CONSUMER DISCRETIONARY,0.091772885966
CONSUMER STAPLES,0.025889348605
ENERGY,0.017661420738
FINANCIALS,0.176594877786
HEALTH CARE,0.05872861713
INDUSTRIALS,0.068770086785
MATERIALS,0.005225366276
REAL ESTATE,0.022767501832
TECHNOLOGY,0.381251300531
UTILITIES,0.023698639534
