SECTOR,WEIGHT
COMMUNICATION SERVICES,0.116769517204
CONSUMER DISCRETIONARY,0.076785237022
CONSUMER STAPLES,0.02426502933
ENERGY,0.019381988272
FINANCIALS,0.165298522379
HEALTH CARE,0.068444234257
INDUSTRIALS,0.0863124447
MATERIALS,0.007205694749
REAL ESTATE,0.019514558033
TECHNOLOGY,0.388878253859
UTILITIES,0.027144520195
