SECTOR,WEIGHT
COMMUNICATION SERVICES,0.121375839038
CONSUMER DISCRETIONARY,0.092450745149
CONSUMER STAPLES,0.02656705932
ENERGY,0.018776343323
FINANCIALS,0.17165292965
HEALTH CARE,0.058092563127
INDUSTRIALS,0.071791169102
MATERIALS,0.006196893035
REAL ESTATE,0.018338301829
TECHNOLOGY,0.391317054707
UTILITIES,0.02344110172
