SECTOR,WEIGHT
CONSUMER DISCRETIONARY,0.076873567643
CONSUMER STAPLES,0.073991310119
ENERGY,0.129498076156
FINANCIALS,0.149275876657
HEALTH CARE,0.060103340211
INDUSTRIALS,0.223991009362
MATERIALS,0.09392550442
REAL ESTATE,0.06691048059
TECHNOLOGY,0.01384686641
UTILITIES,0.111583968433
