SECTOR,WEIGHT
CONSUMER DISCRETIONARY,0.074514744635
CONSUMER STAPLES,0.077576609361
ENERGY,0.120012046681
FINANCIALS,0.166415861463
HEALTH CARE,0.056906512737
INDUSTRIALS,0.220490400301
MATERIALS,0.100687162756
REAL ESTATE,0.064884427155
TECHNOLOGY,0.01762630192
UTILITIES,0.10088593299
