SECTOR,WEIGHT
CONSUMER DISCRETIONARY,0.074380513739
CONSUMER STAPLES,0.074462830824
ENERGY,0.139507382437
FINANCIALS,0.147174917783
HEALTH CARE,0.058664977493
INDUSTRIALS,0.215997020523
MATERIALS,0.093338540056
REAL ESTATE,0.066637688376
TECHNOLOGY,0.014079233206
UTILITIES,0.115756895562
