SECTOR,WEIGHT
CONSUMER DISCRETIONARY,0.075926951079
CONSUMER STAPLES,0.078721894155
ENERGY,0.12027565026
FINANCIALS,0.161944527588
HEALTH CARE,0.05575971498
INDUSTRIALS,0.223938807564
MATERIALS,0.103003462646
REAL ESTATE,0.064759191429
TECHNOLOGY,0.016882777565
UTILITIES,0.098787022735
