SECTOR,WEIGHT
CONSUMER DISCRETIONARY,0.075054584879
CONSUMER STAPLES,0.076807324161
ENERGY,0.119934146794
FINANCIALS,0.167207914431
HEALTH CARE,0.057058389508
INDUSTRIALS,0.221369164437
MATERIALS,0.100374941651
REAL ESTATE,0.064223941053
TECHNOLOGY,0.017650867586
UTILITIES,0.1003187255
