SECTOR,WEIGHT
CONSUMER DISCRETIONARY,0.078811732921
CONSUMER STAPLES,0.073805731926
ENERGY,0.121217095879
FINANCIALS,0.163541377836
HEALTH CARE,0.058400341942
INDUSTRIALS,0.223777553776
MATERIALS,0.097969871902
REAL ESTATE,0.066253186934
TECHNOLOGY,0.012869856987
UTILITIES,0.103353249897
