SECTOR,WEIGHT
CONSUMER DISCRETIONARY,0.073317219585
CONSUMER STAPLES,0.072794041595
ENERGY,0.150515596428
FINANCIALS,0.147019040265
HEALTH CARE,0.058121961727
INDUSTRIALS,0.211396041722
MATERIALS,0.095587932563
REAL ESTATE,0.064044617744
TECHNOLOGY,0.01387877735
UTILITIES,0.113324771022
