SECTOR,WEIGHT
CONSUMER DISCRETIONARY,0.075742221598
CONSUMER STAPLES,0.074390721101
ENERGY,0.136011919693
FINANCIALS,0.14791455547
HEALTH CARE,0.059816187906
INDUSTRIALS,0.218629034686
MATERIALS,0.093897679272
REAL ESTATE,0.066426199243
TECHNOLOGY,0.013943431627
UTILITIES,0.113228049405
