SECTOR,WEIGHT
CONSUMER DISCRETIONARY,0.069318866787
CONSUMER STAPLES,0.071930882057
ENERGY,0.141450673096
FINANCIALS,0.152099658429
HEALTH CARE,0.053445850914
INDUSTRIALS,0.217801888688
MATERIALS,0.099557966647
REAL ESTATE,0.068615631907
TECHNOLOGY,0.013361462729
UTILITIES,0.112417118746
