SECTOR,WEIGHT
COMMUNICATION SERVICES,0.105762129033
INDUSTRIALS,0.329592059359
MATERIALS,0.040005444279
TECHNOLOGY,0.524640367329
