SECTOR,WEIGHT
COMMUNICATION SERVICES,0.084263652246
INDUSTRIALS,0.333716680825
MATERIALS,0.036229343314
TECHNOLOGY,0.545790323615
