SECTOR,WEIGHT
COMMUNICATION SERVICES,0.099209920992
INDUSTRIALS,0.30103010301
MATERIALS,0.048804880488
TECHNOLOGY,0.55095509551
