SECTOR,WEIGHT
COMMUNICATION SERVICES,0.084271940281
INDUSTRIALS,0.343620725723
MATERIALS,0.037698418656
TECHNOLOGY,0.53440891534
