SECTOR,WEIGHT
COMMUNICATION SERVICES,0.106253126563
INDUSTRIALS,0.31615807904
MATERIALS,0.03931965983
TECHNOLOGY,0.538269134567
