SECTOR,WEIGHT
COMMUNICATION SERVICES,0.097341873499
INDUSTRIALS,0.337670136109
MATERIALS,0.039238390713
TECHNOLOGY,0.52574959968
