SECTOR,WEIGHT
COMMUNICATION SERVICES,0.083791094528
INDUSTRIALS,0.336544426638
MATERIALS,0.03845795362
TECHNOLOGYQ,0.541206525214
