SECTOR,WEIGHT
COMMUNICATION SERVICES,0.159482447704
CONSUMER DISCRETIONARY,0.084561593332
CONSUMER STAPLES,0.058989540755
FINANCIALS,0.295663019957
HEALTH CARE,0.085482287409
INDUSTRIALS,0.089212150357
TECHNOLOGY,0.226608960487
