SECTOR,WEIGHT
COMMUNICATION SERVICES,0.160700819466
CONSUMER DISCRETIONARY,0.095054044543
CONSUMER STAPLES,0.070988889447
FINANCIALS,0.268769795385
HEALTH CARE,0.082950077925
INDUSTRIALS,0.085767432507
TECHNOLOGY,0.235768940727
