SECTOR,WEIGHT
COMMUNICATION SERVICES,0.149264503195
CONSUMER DISCRETIONARY,0.095169026438
CONSUMER STAPLES,0.072890114021
FINANCIALS,0.280228542789
HEALTH CARE,0.083115399073
INDUSTRIALS,0.084054629746
TECHNOLOGY,0.235277784739
