SECTOR,WEIGHT
COMMUNICATION SERVICES,0.153832868421
CONSUMER DISCRETIONARY,0.093095996931
CONSUMER STAPLES,0.070891648241
FINANCIALS,0.275077669532
HEALTH CARE,0.082510447983
INDUSTRIALS,0.088970022673
TECHNOLOGY,0.235621346218
