SECTOR,WEIGHT
COMMUNICATION SERVICES,0.159529553679
CONSUMER DISCRETIONARY,0.104744672296
CONSUMER STAPLES,0.068154402895
FINANCIALS,0.275432247688
HEALTH CARE,0.072577402493
INDUSTRIALS,0.084338560515
TECHNOLOGY,0.235223160434
