SECTOR,WEIGHT
COMMUNICATION SERVICES,0.158964447434
CONSUMER DISCRETIONARY,0.09421580538
CONSUMER STAPLES,0.071524814506
FINANCIALS,0.287021958052
HEALTH CARE,0.084561089971
INDUSTRIALS,0.075061998614
TECHNOLOGY,0.228649886043
