SECTOR,WEIGHT
COMMUNICATION SERVICES,0.158909498249
CONSUMER DISCRETIONARY,0.105129525238
CONSUMER STAPLES,0.06774207172
FINANCIALS,0.274716987203
HEALTH CARE,0.071416361146
INDUSTRIALS,0.083887225258
TECHNOLOGY,0.238198331185
