SECTOR,WEIGHT
COMMUNICATION SERVICES,0.073121536061
CONSUMER DISCRETIONARY,0.167235518807
CONSUMER STAPLES,0.132613655256
FINANCIALS,0.125453929987
HEALTH CARE,0.122405363234
INDUSTRIALS,0.089826560187
REAL ESTATE,0.081518114135
TECHNOLOGY,0.207825322333
