SECTOR,WEIGHT
COMMUNICATION SERVICES,0.082406096636
CONSUMER DISCRETIONARY,0.166877576724
CONSUMER STAPLES,0.123304293154
FINANCIALS,0.12531961884
HEALTH CARE,0.121896668756
INDUSTRIALS,0.083322153765
REAL ESTATE,0.081993620638
TECHNOLOGY,0.214879971487
