SECTOR,WEIGHT
COMMUNICATION SERVICES,0.077866604201
CONSUMER DISCRETIONARY,0.170341517911
CONSUMER STAPLES,0.122425301716
FINANCIALS,0.126840929294
HEALTH CARE,0.119105822902
INDUSTRIALS,0.082563526576
REAL ESTATE,0.082224170931
TECHNOLOGY,0.218632126469
