SECTOR,WEIGHT
COMMUNICATION SERVICES,0.080132622246
CONSUMER DISCRETIONARY,0.155235782348
CONSUMER STAPLES,0.14158567375
FINANCIALS,0.116790164786
HEALTH CARE,0.12227967538
INDUSTRIALS,0.092685229638
REAL ESTATE,0.089129125277
TECHNOLOGY,0.202161726575
