SECTOR,WEIGHT
COMMUNICATION SERVICES,0.077917202273
CONSUMER DISCRETIONARY,0.165419254596
CONSUMER STAPLES,0.122604788621
FINANCIALS,0.132096533276
HEALTH CARE,0.121943039521
INDUSTRIALS,0.084478629809
REAL ESTATE,0.081138849177
TECHNOLOGY,0.214401702727
