SECTOR,WEIGHT
COMMUNICATION SERVICES,0.078459359512
CONSUMER DISCRETIONARY,0.166267012833
CONSUMER STAPLES,0.132739161268
FINANCIALS,0.122323120625
HEALTH CARE,0.119542571647
INDUSTRIALS,0.087475109279
REAL ESTATE,0.082862563153
TECHNOLOGY,0.210331101682
