SECTOR,WEIGHT
COMMUNICATION SERVICES,0.020769300353
CONSUMER DISCRETIONARY,0.106828621109
CONSUMER STAPLES,0.07936035701
ENERGY,0.123421748264
FINANCIALS,0.21480807695
HEALTH CARE,0.099913561758
INDUSTRIALS,0.080672007076
MATERIALS,0.04577608475
REAL ESTATE,0.050398520499
TECHNOLOGY,0.161682731448
UTILITIES,0.016368990783
