SECTOR,WEIGHT
COMMUNICATION SERVICES,0.022705182144
CONSUMER DISCRETIONARY,0.073146705372
CONSUMER STAPLES,0.060954076951
ENERGY,0.17298020876
FINANCIALS,0.225047415777
HEALTH CARE,0.157801116625
INDUSTRIALS,0.070599397873
MATERIALS,0.044167431329
REAL ESTATE,0.045789086162
TECHNOLOGY,0.103601584588
UTILITIES,0.023207794418
