SECTOR,WEIGHT
COMMUNICATION SERVICES,0.022480318767
CONSUMER DISCRETIONARY,0.074065493985
CONSUMER STAPLES,0.061395574644
ENERGY,0.170457200873
FINANCIALS,0.224387202566
HEALTH CARE,0.157994770473
INDUSTRIALS,0.070545232589
MATERIALS,0.043635125662
REAL ESTATE,0.045424969582
TECHNOLOGY,0.106339089305
UTILITIES,0.023275021555
