SECTOR,WEIGHT
COMMUNICATION SERVICES,0.02147709818
CONSUMER DISCRETIONARY,0.079325197416
CONSUMER STAPLES,0.062381941632
ENERGY,0.145618355144
FINANCIALS,0.243271424962
HEALTH CARE,0.156774494981
INDUSTRIALS,0.077664860616
MATERIALS,0.037399687985
REAL ESTATE,0.046381147557
TECHNOLOGY,0.109580223544
UTILITIES,0.020125567984
