SECTOR,WEIGHT
COMMUNICATION SERVICES,0.021825770539
CONSUMER DISCRETIONARY,0.105518107825
CONSUMER STAPLES,0.076278488216
ENERGY,0.119608428545
FINANCIALS,0.220456813327
HEALTH CARE,0.09883762869
INDUSTRIALS,0.080057547499
MATERIALS,0.048024710159
REAL ESTATE,0.048428464371
TECHNOLOGY,0.164379060084
UTILITIES,0.016584980744
