SECTOR,WEIGHT
COMMUNICATION SERVICES,0.021960436277
CONSUMER DISCRETIONARY,0.105943995567
CONSUMER STAPLES,0.073753292961
ENERGY,0.117730386802
FINANCIALS,0.217680791596
HEALTH CARE,0.100973431426
INDUSTRIALS,0.07984125518
MATERIALS,0.047759983294
REAL ESTATE,0.047390529123
TECHNOLOGY,0.170916728242
UTILITIES,0.016049169531
