SECTOR,WEIGHT
COMMUNICATION SERVICES,0.024393917789
CONSUMER DISCRETIONARY,0.078007917078
CONSUMER STAPLES,0.0629098373
ENERGY,0.153441076819
FINANCIALS,0.22822753464
HEALTH CARE,0.162534067333
INDUSTRIALS,0.07308635479
MATERIALS,0.042463412136
REAL ESTATE,0.048382140583
TECHNOLOGY,0.103087700412
UTILITIES,0.02346604112
