SECTOR,WEIGHT
COMMUNICATION SERVICES,0.022180090778
CONSUMER DISCRETIONARY,0.092533337092
CONSUMER STAPLES,0.060768958143
ENERGY,0.134789183921
FINANCIALS,0.241236301687
HEALTH CARE,0.142658791689
INDUSTRIALS,0.082114363041
MATERIALS,0.036368743883
REAL ESTATE,0.047424052647
TECHNOLOGY,0.119530239995
UTILITIES,0.020395937124
