SECTOR,WEIGHT
COMMUNICATION SERVICES,0.020492882573
CONSUMER DISCRETIONARY,0.108439995899
CONSUMER STAPLES,0.077469488844
ENERGY,0.124102154828
FINANCIALS,0.212811167556
HEALTH CARE,0.097845774675
INDUSTRIALS,0.079663718913
MATERIALS,0.046098934346
REAL ESTATE,0.049215886909
TECHNOLOGY,0.168032992857
UTILITIES,0.015827002599
