SECTOR,WEIGHT
COMMUNICATION SERVICES,0.022016242316
CONSUMER DISCRETIONARY,0.092934643057
CONSUMER STAPLES,0.060661474093
ENERGY,0.135345917016
FINANCIALS,0.239383335767
HEALTH CARE,0.141284985676
INDUSTRIALS,0.08290831097
MATERIALS,0.038239425628
REAL ESTATE,0.047744150803
TECHNOLOGY,0.119619166537
UTILITIES,0.019862348137
