SECTOR,WEIGHT
COMMUNICATION SERVICES,0.026556587116
CONSUMER DISCRETIONARY,0.116456976406
CONSUMER STAPLES,0.047473373412
ENERGY,0.054418122588
FINANCIALS,0.164125726393
HEALTH CARE,0.100910433945
INDUSTRIALS,0.182648888443
MATERIALS,0.049591171904
REAL ESTATE,0.071650963405
TECHNOLOGY,0.124358757363
UTILITIES,0.061808999024
