SECTOR,WEIGHT
COMMUNICATION SERVICES,0.023128618423
CONSUMER DISCRETIONARY,0.114516576103
CONSUMER STAPLES,0.048889958109
ENERGY,0.061564047717
FINANCIALS,0.155380761366
HEALTH CARE,0.093753955096
INDUSTRIALS,0.188477529823
MATERIALS,0.053627182821
REAL ESTATE,0.071258152074
TECHNOLOGY,0.126453252723
UTILITIES,0.062949965744
