SECTOR,WEIGHT
COMMUNICATION SERVICES,0.022761531977
CONSUMER DISCRETIONARY,0.114108514499
CONSUMER STAPLES,0.048948419103
ENERGY,0.061852783898
FINANCIALS,0.153679253463
HEALTH CARE,0.091662462014
INDUSTRIALS,0.19105939476
MATERIALS,0.055297705043
REAL ESTATE,0.071396560856
TECHNOLOGY,0.127822470706
UTILITIES,0.061410903682
