SECTOR,WEIGHT
COMMUNICATION SERVICES,0.026153227192
CONSUMER DISCRETIONARY,0.114230993282
CONSUMER STAPLES,0.048710673769
ENERGY,0.058498489185
FINANCIALS,0.158210156194
HEALTH CARE,0.107418707279
INDUSTRIALS,0.179068198296
MATERIALS,0.048514749825
REAL ESTATE,0.073781604523
TECHNOLOGY,0.118052034047
UTILITIES,0.067361166408
