SECTOR,WEIGHT
COMMUNICATION SERVICES,0.024932360948
CONSUMER DISCRETIONARY,0.115609462358
CONSUMER STAPLES,0.047135115018
ENERGY,0.057684507207
FINANCIALS,0.156100896139
HEALTH CARE,0.098529294923
INDUSTRIALS,0.188413963544
MATERIALS,0.052752188076
REAL ESTATE,0.071935752309
TECHNOLOGY,0.124549944174
UTILITIES,0.062356515303
