SECTOR,WEIGHT
COMMUNICATION SERVICES,0.02671156028
CONSUMER DISCRETIONARY,0.117735531413
CONSUMER STAPLES,0.049009678086
ENERGY,0.056121565413
FINANCIALS,0.163604895615
HEALTH CARE,0.101210049424
INDUSTRIALS,0.179137484243
MATERIALS,0.049210145985
REAL ESTATE,0.072588271473
TECHNOLOGY,0.122070256127
UTILITIES,0.06260056194
