SECTOR,WEIGHT
COMMUNICATION SERVICES,0.022242510448
CONSUMER DISCRETIONARY,0.110770217677
CONSUMER STAPLES,0.047733349825
ENERGY,0.074708420813
FINANCIALS,0.143948454397
HEALTH CARE,0.091871421099
INDUSTRIALS,0.189907225042
MATERIALS,0.053640927058
REAL ESTATE,0.069408791557
TECHNOLOGY,0.130327275167
UTILITIES,0.065441406917
