SECTOR,WEIGHT
COMMUNICATION SERVICES,0.02296693851
CONSUMER DISCRETIONARY,0.110933143252
CONSUMER STAPLES,0.048229522632
ENERGY,0.070507767458
FINANCIALS,0.143972619971
HEALTH CARE,0.092082643242
INDUSTRIALS,0.188748191786
MATERIALS,0.053677225938
REAL ESTATE,0.072362104027
TECHNOLOGY,0.128202897335
UTILITIES,0.068316945848
