SECTOR,WEIGHT
COMMUNICATION SERVICES,0.028607637512
CONSUMER DISCRETIONARY,0.108307206266
CONSUMER STAPLES,0.016455047429
ENERGY,0.033240437093
FINANCIALS,0.049336112212
HEALTH CARE,0.147092387714
INDUSTRIALS,0.274156025643
MATERIALS,0.020537276619
TECHNOLOGY,0.322267869513
