SECTOR,WEIGHT
COMMUNICATION SERVICES,0.026952089147
CONSUMER DISCRETIONARY,0.084824479685
CONSUMER STAPLES,0.016445894993
ENERGY,0.04238963344
FINANCIALS,0.047987609588
HEALTH CARE,0.148825833966
INDUSTRIALS,0.297786254887
MATERIALS,0.019588710678
TECHNOLOGY,0.315199493617
