SECTOR,WEIGHT
COMMUNICATION SERVICES,0.027648275186
CONSUMER DISCRETIONARY,0.110099667508
CONSUMER STAPLES,0.016141171949
ENERGY,0.033800676994
FINANCIALS,0.048694753994
HEALTH CARE,0.153751994251
INDUSTRIALS,0.269364502033
MATERIALS,0.020554046453
TECHNOLOGY,0.319944911632
