SECTOR,WEIGHT
COMMUNICATION SERVICES,0.033397246401
CONSUMER DISCRETIONARY,0.111335829812
CONSUMER STAPLES,0.017932018646
ENERGY,0.045837277864
FINANCIALS,0.050033324193
HEALTH CARE,0.147438040017
INDUSTRIALS,0.258636770295
MATERIALS,0.020555923601
TECHNOLOGY,0.314833569171
