SECTOR,WEIGHT
COMMUNICATION SERVICES,0.030641722092
CONSUMER DISCRETIONARY,0.121571280052
CONSUMER STAPLES,0.014251707793
ENERGY,0.041330252784
FINANCIALS,0.049355156
HEALTH CARE,0.13594306121
INDUSTRIALS,0.264952886213
MATERIALS,0.022482736952
TECHNOLOGY,0.319471196901
