SECTOR,WEIGHT
COMMUNICATION SERVICES,0.026412400571
CONSUMER DISCRETIONARY,0.083316336937
CONSUMER STAPLES,0.015194778707
ENERGY,0.039567611666
FINANCIALS,0.045584336121
HEALTH CARE,0.140832143586
INDUSTRIALS,0.270752600449
MATERIALS,0.018764022027
TECHNOLOGY,0.359575769937
