SECTOR,WEIGHT
COMMUNICATION SERVICES,0.064873714659
CONSUMER DISCRETIONARY,0.039802154045
CONSUMER STAPLES,0.088335026629
ENERGY,0.101936396796
FINANCIALS,0.176642011419
HEALTH CARE,0.087638294797
INDUSTRIALS,0.154041368183
MATERIALS,0.025374628176
REAL ESTATE,0.019945296844
TECHNOLOGY,0.073006926334
UTILITIES,0.168404182117
