SECTOR,WEIGHT
COMMUNICATION SERVICES,0.065232716434
CONSUMER DISCRETIONARY,0.03911587943
CONSUMER STAPLES,0.08796403753
ENERGY,0.099299470257
FINANCIALS,0.17644626627
HEALTH CARE,0.088557798292
INDUSTRIALS,0.153616704757
MATERIALS,0.025719557076
REAL ESTATE,0.020643442344
TECHNOLOGY,0.072314662976
UTILITIES,0.171089464633
