SECTOR,WEIGHT
COMMUNICATION SERVICES,0.062550038199
CONSUMER DISCRETIONARY,0.031896220102
CONSUMER STAPLES,0.085397089137
ENERGY,0.091338636978
FINANCIALS,0.172446044948
HEALTH CARE,0.103014845249
INDUSTRIALS,0.143924675742
MATERIALS,0.030303618051
REAL ESTATE,0.024079755097
TECHNOLOGY,0.078763761515
UTILITIES,0.176285314981
