SECTOR,WEIGHT
COMMUNICATION SERVICES,0.069714145381
CONSUMER DISCRETIONARY,0.040662509861
CONSUMER STAPLES,0.085128300976
ENERGY,0.110774369796
FINANCIALS,0.16332811016
HEALTH CARE,0.085490156021
INDUSTRIALS,0.147730310413
MATERIALS,0.024142142747
REAL ESTATE,0.021663490021
TECHNOLOGY,0.066899717253
UTILITIES,0.184466747369
