SECTOR,WEIGHT
COMMUNICATION SERVICES,0.066642488665
CONSUMER DISCRETIONARY,0.032678815577
CONSUMER STAPLES,0.088525719616
ENERGY,0.087366031406
FINANCIALS,0.162430167299
HEALTH CARE,0.107312882595
INDUSTRIALS,0.138447943479
MATERIALS,0.030272783487
REAL ESTATE,0.031085849022
TECHNOLOGY,0.074377309481
UTILITIES,0.180860009372
