SECTOR,WEIGHT
COMMUNICATION SERVICES,0.059572869273
CONSUMER DISCRETIONARY,0.039748451099
CONSUMER STAPLES,0.086821834687
ENERGY,0.096950056196
FINANCIALS,0.182176972101
HEALTH CARE,0.08811357814
INDUSTRIALS,0.153620021699
MATERIALS,0.024001741093
REAL ESTATE,0.022707832102
TECHNOLOGY,0.07275125114
UTILITIES,0.173535392471
