SECTOR,WEIGHT
COMMUNICATION SERVICES,0.062431675705
CONSUMER DISCRETIONARY,0.031800977553
CONSUMER STAPLES,0.086516090003
ENERGY,0.090693976755
FINANCIALS,0.176670431976
HEALTH CARE,0.102437457506
INDUSTRIALS,0.144021456907
MATERIALS,0.030518274239
REAL ESTATE,0.023140053428
TECHNOLOGY,0.076275877576
UTILITIES,0.175493728352
