SECTOR,WEIGHT
COMMUNICATION SERVICES,0.062117626141
CONSUMER DISCRETIONARY,0.039845483828
CONSUMER STAPLES,0.083346795134
ENERGY,0.092066789323
FINANCIALS,0.191837703811
HEALTH CARE,0.088869566537
INDUSTRIALS,0.148844869103
MATERIALS,0.024440486013
REAL ESTATE,0.022451030668
TECHNOLOGY,0.073745369231
UTILITIES,0.172434280213
