SECTOR,WEIGHT
COMMUNICATION SERVICES,0.05913388271
CONSUMER DISCRETIONARY,0.040217919168
CONSUMER STAPLES,0.087255276276
ENERGY,0.099402636705
FINANCIALS,0.179205743686
HEALTH CARE,0.087904231513
INDUSTRIALS,0.152031824765
MATERIALS,0.025721340785
REAL ESTATE,0.02142958349
TECHNOLOGY,0.072477483957
UTILITIES,0.175220076944
