SECTOR,WEIGHT
COMMUNICATION SERVICES,0.073192183195
CONSUMER DISCRETIONARY,0.09796808861
CONSUMER STAPLES,0.141799061855
ENERGY,0.03609810363
FINANCIALS,0.187435241484
HEALTH CARE,0.135156544927
INDUSTRIALS,0.207273435555
MATERIALS,0.030257789094
TECHNOLOGY,0.09081955165
