SECTOR,WEIGHT
COMMUNICATION SERVICES,0.062849987408
CONSUMER DISCRETIONARY,0.099484971048
CONSUMER STAPLES,0.164231324557
ENERGY,0.062268033789
FINANCIALS,0.132960347888
HEALTH CARE,0.134229608797
INDUSTRIALS,0.208123671164
MATERIALS,0.033763343544
TECHNOLOGY,0.102088711806
