SECTOR,WEIGHT
COMMUNICATION SERVICES,0.065897590361
CONSUMER DISCRETIONARY,0.098729919679
CONSUMER STAPLES,0.167942771084
ENERGY,0.068210843373
FINANCIALS,0.10100502008
HEALTH CARE,0.128951807229
INDUSTRIALS,0.236440763052
MATERIALS,0.03206124498
TECHNOLOGY,0.100760040161
