SECTOR,WEIGHT
COMMUNICATION SERVICES,0.031460500375
CONSUMER DISCRETIONARY,0.033893981378
CONSUMER STAPLES,0.093477608058
ENERGY,0.080208457828
FINANCIALS,0.266302966878
HEALTH CARE,0.139127220941
INDUSTRIALS,0.195838476318
MATERIALS,0.029099330818
TECHNOLOGY,0.130591457407
