SECTOR,WEIGHT
COMMUNICATION SERVICES,0.096530772936
CONSUMER DISCRETIONARY,0.095795677721
CONSUMER STAPLES,0.134860306769
ENERGY,0.068339720583
FINANCIALS,0.099191596383
HEALTH CARE,0.142804564227
INDUSTRIALS,0.234361628633
MATERIALS,0.032250668474
TECHNOLOGY,0.095865064273
