SECTOR,WEIGHT
COMMUNICATION SERVICES,0.033210827266
CONSUMER DISCRETIONARY,0.032915410729
CONSUMER STAPLES,0.096197638671
ENERGY,0.073471594949
FINANCIALS,0.263485514576
HEALTH CARE,0.138472245867
INDUSTRIALS,0.199318038434
MATERIALS,0.030753362241
TECHNOLOGY,0.132175367268
