SECTOR,WEIGHT
COMMUNICATION SERVICES,0.06917589807
CONSUMER DISCRETIONARY,0.098883412736
CONSUMER STAPLES,0.132111454289
ENERGY,0.065875842551
FINANCIALS,0.134261050125
HEALTH CARE,0.131732644394
INDUSTRIALS,0.235267000848
MATERIALS,0.030713665818
TECHNOLOGY,0.101979031169
