SECTOR,WEIGHT
COMMUNICATION SERVICES,0.031432275439
CONSUMER DISCRETIONARY,0.033180516678
CONSUMER STAPLES,0.095458980951
ENERGY,0.075125282273
FINANCIALS,0.266992003174
HEALTH CARE,0.139500634176
INDUSTRIALS,0.198308664264
MATERIALS,0.030037689877
TECHNOLOGY,0.129963953169
