SECTOR,WEIGHT
COMMUNICATION SERVICES,0.013765370335
CONSUMER DISCRETIONARY,0.115416567214
CONSUMER STAPLES,0.044752626703
ENERGY,0.041234218612
FINANCIALS,0.16349430172
HEALTH CARE,0.094085915656
INDUSTRIALS,0.232542425254
MATERIALS,0.055588615361
REAL ESTATE,0.06638654897
TECHNOLOGY,0.1371396476
UTILITIES,0.035593762574
