SECTOR,WEIGHT
COMMUNICATION SERVICES,0.010385131047
CONSUMER DISCRETIONARY,0.108389690853
CONSUMER STAPLES,0.045599790879
ENERGY,0.05350102585
FINANCIALS,0.148930224714
HEALTH CARE,0.088351228399
INDUSTRIALS,0.248776298028
MATERIALS,0.06622523444
REAL ESTATE,0.068862806018
TECHNOLOGY,0.126341570044
UTILITIES,0.034636999729
