SECTOR,WEIGHT
COMMUNICATION SERVICES,0.014546719354
CONSUMER DISCRETIONARY,0.113810765594
CONSUMER STAPLES,0.04278532497
ENERGY,0.041682100524
FINANCIALS,0.157583132606
HEALTH CARE,0.082330086055
INDUSTRIALS,0.245554271452
MATERIALS,0.063224347475
REAL ESTATE,0.065168945532
TECHNOLOGY,0.141760893354
UTILITIES,0.031553413085
