SECTOR,WEIGHT
COMMUNICATION SERVICES,0.015769966151
CONSUMER DISCRETIONARY,0.108812915526
CONSUMER STAPLES,0.04432464732
ENERGY,0.047761187565
FINANCIALS,0.147972986517
HEALTH CARE,0.086061602208
INDUSTRIALS,0.24541461715
MATERIALS,0.062370691683
REAL ESTATE,0.066633394911
TECHNOLOGY,0.142238317841
UTILITIES,0.032639673129
