SECTOR,WEIGHT
COMMUNICATION SERVICES,0.01514064758
CONSUMER DISCRETIONARY,0.114416154432
CONSUMER STAPLES,0.043148104209
ENERGY,0.041043145976
FINANCIALS,0.165708066521
HEALTH CARE,0.088243731934
INDUSTRIALS,0.234401607351
MATERIALS,0.055874228418
REAL ESTATE,0.063135677838
TECHNOLOGY,0.145542113267
UTILITIES,0.033346522474
