SECTOR,WEIGHT
COMMUNICATION SERVICES,0.010213368389
CONSUMER DISCRETIONARY,0.110122358176
CONSUMER STAPLES,0.035392860754
ENERGY,0.050055617353
FINANCIALS,0.150773586814
HEALTH CARE,0.084740620892
INDUSTRIALS,0.252705025786
MATERIALS,0.064718373951
REAL ESTATE,0.068358782486
TECHNOLOGY,0.139953483669
UTILITIES,0.032965921731
