SECTOR,WEIGHT
COMMUNICATION SERVICES,0.0150850539
CONSUMER DISCRETIONARY,0.094566983598
CONSUMER STAPLES,0.015009644745
ENERGY,0.033448274074
FINANCIALS,0.072540413912
HEALTH CARE,0.142390300449
INDUSTRIALS,0.313905490169
MATERIALS,0.051806159356
REAL ESTATE,0.05545192274
TECHNOLOGY,0.183479061308
UTILITIES,0.022316695749
