SECTOR,WEIGHT
COMMUNICATION SERVICES,0.023193830731
CONSUMER DISCRETIONARY,0.098784995931
CONSUMER STAPLES,0.028317786592
ENERGY,0.026134761162
FINANCIALS,0.075319376728
HEALTH CARE,0.131441949796
INDUSTRIALS,0.28889970638
MATERIALS,0.045331484751
REAL ESTATE,0.048207147916
TECHNOLOGY,0.212872738798
UTILITIES,0.021496221214
