SECTOR,WEIGHT
COMMUNICATION SERVICES,0.026533610999
CONSUMER DISCRETIONARY,0.098545494335
CONSUMER STAPLES,0.028593503638
ENERGY,0.024681414414
FINANCIALS,0.076325718355
HEALTH CARE,0.135378778624
INDUSTRIALS,0.28803714854
MATERIALS,0.04977981167
REAL ESTATE,0.043225380442
TECHNOLOGY,0.206254966734
UTILITIES,0.02264417225
