SECTOR,WEIGHT
COMMUNICATION SERVICES,0.024439447289
CONSUMER DISCRETIONARY,0.09095316654
CONSUMER STAPLES,0.030968018278
ENERGY,0.030450826842
FINANCIALS,0.069341286663
HEALTH CARE,0.13755436493
INDUSTRIALS,0.289027827536
MATERIALS,0.04632253438
REAL ESTATE,0.050772510667
TECHNOLOGY,0.208445093956
UTILITIES,0.021724922919
