SECTOR,WEIGHT
COMMUNICATION SERVICES,0.029531970131
CONSUMER DISCRETIONARY,0.102727319326
CONSUMER STAPLES,0.028315968266
ENERGY,0.023989241374
FINANCIALS,0.079093081378
HEALTH CARE,0.140209253796
INDUSTRIALS,0.278900342349
MATERIALS,0.044534769312
REAL ESTATE,0.044578789336
TECHNOLOGY,0.205898743332
UTILITIES,0.022220521401
