SECTOR,WEIGHT
COMMUNICATION SERVICES,0.023236931086
CONSUMER DISCRETIONARY,0.096248294179
CONSUMER STAPLES,0.028438279625
ENERGY,0.028531043982
FINANCIALS,0.071453452262
HEALTH CARE,0.133959867337
INDUSTRIALS,0.296131827378
MATERIALS,0.046398670005
REAL ESTATE,0.047813491566
TECHNOLOGY,0.205308496876
UTILITIES,0.022479645704
