SECTOR,WEIGHT
COMMUNICATION SERVICES,0.007924700699
CONSUMER DISCRETIONARY,0.11739984571
CONSUMER STAPLES,0.036781874613
ENERGY,0.042497705258
FINANCIALS,0.127205125022
HEALTH CARE,0.111325853468
INDUSTRIALS,0.290163776447
MATERIALS,0.041448536027
REAL ESTATE,0.041505863905
TECHNOLOGY,0.180270399192
UTILITIES,0.003476319658
