SECTOR,WEIGHT
COMMUNICATION SERVICES,0.006472866067
CONSUMER DISCRETIONARY,0.128364455479
CONSUMER STAPLES,0.057189260324
ENERGY,0.055232656418
FINANCIALS,0.252382217799
HEALTH CARE,0.033895935854
INDUSTRIALS,0.194210011715
MATERIALS,0.08145719372
REAL ESTATE,0.080722081119
TECHNOLOGY,0.068548792187
UTILITIES,0.041524529318
