SECTOR,WEIGHT
COMMUNICATION SERVICES,0.005084381394
CONSUMER DISCRETIONARY,0.12457666813
CONSUMER STAPLES,0.05766552239
ENERGY,0.069215998235
FINANCIALS,0.232155289597
HEALTH CARE,0.031708546063
INDUSTRIALS,0.193193105708
MATERIALS,0.082248631634
REAL ESTATE,0.083926457553
TECHNOLOGY,0.0753273705
UTILITIES,0.044898028795
