SECTOR,WEIGHT
COMMUNICATION SERVICES,0.009781077409
CONSUMER DISCRETIONARY,0.129339094194
CONSUMER STAPLES,0.0579356612
ENERGY,0.053540895539
FINANCIALS,0.251044893477
HEALTH CARE,0.033226295469
INDUSTRIALS,0.19195558902
MATERIALS,0.081398891169
REAL ESTATE,0.081657475704
TECHNOLOGY,0.068586496557
UTILITIES,0.041533630262
