SECTOR,WEIGHT
COMMUNICATION SERVICES,0.005760755302
CONSUMER DISCRETIONARY,0.12436596629
CONSUMER STAPLES,0.061335276382
ENERGY,0.072966718825
FINANCIALS,0.228837890385
HEALTH CARE,0.031899940905
INDUSTRIALS,0.192221020103
MATERIALS,0.07890779203
REAL ESTATE,0.086287878118
TECHNOLOGY,0.070941158755
UTILITIES,0.046475602905
