SECTOR,WEIGHT
COMMUNICATION SERVICES,0.009926667872
CONSUMER DISCRETIONARY,0.128003570807
CONSUMER STAPLES,0.05842621518
ENERGY,0.054625506155
FINANCIALS,0.2610278558
HEALTH CARE,0.033307429
INDUSTRIALS,0.185795723469
MATERIALS,0.07781926687
REAL ESTATE,0.082700840087
TECHNOLOGY,0.066082243882
UTILITIES,0.042284680879
