SECTOR,WEIGHT
COMMUNICATION SERVICES,0.022181835772
CONSUMER DISCRETIONARY,0.111712875968
CONSUMER STAPLES,0.052097268245
ENERGY,0.03841966606
FINANCIALS,0.216096113271
HEALTH CARE,0.066584530203
INDUSTRIALS,0.169853019704
MATERIALS,0.073293239972
REAL ESTATE,0.08953519903
TECHNOLOGY,0.09454461939
UTILITIES,0.065681632385
