SECTOR,WEIGHT
COMMUNICATION SERVICES,0.00494769772
CONSUMER DISCRETIONARY,0.124912563318
CONSUMER STAPLES,0.057911476909
ENERGY,0.072069106737
FINANCIALS,0.231431560145
HEALTH CARE,0.030313776628
INDUSTRIALS,0.19444344885
MATERIALS,0.080297530823
REAL ESTATE,0.082726194863
TECHNOLOGY,0.077506937577
UTILITIES,0.043439706431
