SECTOR,WEIGHT
COMMUNICATION SERVICES,0.010024574892
CONSUMER DISCRETIONARY,0.127306408444
CONSUMER STAPLES,0.058143129807
ENERGY,0.056077673252
FINANCIALS,0.25956236848
HEALTH CARE,0.033301806859
INDUSTRIALS,0.185292580834
MATERIALS,0.078237999529
REAL ESTATE,0.083322585823
TECHNOLOGY,0.066234887085
UTILITIES,0.042495984996
