SECTOR,WEIGHT
COMMUNICATION SERVICES,0.021847186282
CONSUMER DISCRETIONARY,0.111978820448
CONSUMER STAPLES,0.051796965193
ENERGY,0.04079644287
FINANCIALS,0.20738363041
HEALTH CARE,0.066335057607
INDUSTRIALS,0.172793963783
MATERIALS,0.071760198094
REAL ESTATE,0.088266016342
TECHNOLOGY,0.100276046312
UTILITIES,0.06676567266
