SECTOR,WEIGHT
COMMUNICATION SERVICES,0.005049088772
CONSUMER DISCRETIONARY,0.124428222044
CONSUMER STAPLES,0.060569211153
ENERGY,0.078350349776
FINANCIALS,0.229538631066
HEALTH CARE,0.031807113498
INDUSTRIALS,0.190966385851
MATERIALS,0.080996399139
REAL ESTATE,0.082555513397
TECHNOLOGY,0.069399742063
UTILITIES,0.04633934324
