SECTOR,WEIGHT
COMMUNICATION SERVICES,0.020417098752
CONSUMER DISCRETIONARY,0.111972224466
CONSUMER STAPLES,0.052697162576
ENERGY,0.042482268072
FINANCIALS,0.20550712019
HEALTH CARE,0.068013960483
INDUSTRIALS,0.17225372278
MATERIALS,0.071364067757
REAL ESTATE,0.090978164798
TECHNOLOGY,0.095999199122
UTILITIES,0.068315011005
