SECTOR,WEIGHT
COMMUNICATION SERVICES,0.131582553739
CONSUMER DISCRETIONARY,0.098634013035
CONSUMER STAPLES,0.020039379441
FINANCIALS,0.075818524057
HEALTH CARE,0.070629063398
INDUSTRIALS,0.087984030568
MATERIALS,0.007539329058
TECHNOLOGY,0.505189460659
UTILITIES,0.002583646045
