SECTOR,WEIGHT
COMMUNICATION SERVICES,0.121817906836
CONSUMER DISCRETIONARY,0.093477515628
CONSUMER STAPLES,0.021041540633
FINANCIALS,0.07901189756
HEALTH CARE,0.071246218996
INDUSTRIALS,0.100839887074
MATERIALS,0.007698124622
TECHNOLOGY,0.502052833233
UTILITIES,0.002814075418
