SECTOR,WEIGHT
COMMUNICATION SERVICES,0.141083839271
CONSUMER DISCRETIONARY,0.096955384247
CONSUMER STAPLES,0.016816783831
FINANCIALS,0.074981027321
HEALTH CARE,0.069631730308
INDUSTRIALS,0.074108284071
MATERIALS,0.00751817383
TECHNOLOGY,0.508470802045
UTILITIES,0.010433975076
