SECTOR,WEIGHT
COMMUNICATION SERVICES,0.123189107347
CONSUMER DISCRETIONARY,0.09697152376
CONSUMER STAPLES,0.020148254906
FINANCIALS,0.079426263296
HEALTH CARE,0.069767836451
INDUSTRIALS,0.102444000188
MATERIALS,0.006943647366
TECHNOLOGY,0.497947447059
UTILITIES,0.003161919629
