SECTOR,WEIGHT
COMMUNICATION SERVICES,0.117198766846
CONSUMER DISCRETIONARY,0.101257825052
CONSUMER STAPLES,0.019457075291
FINANCIALS,0.080547136848
HEALTH CARE,0.069159317152
INDUSTRIALS,0.103090105685
MATERIALS,0.006695295843
TECHNOLOGY,0.499597840978
UTILITIES,0.002996636306
