SECTOR,WEIGHT
COMMUNICATION SERVICES,0.15903526745
CONSUMER DISCRETIONARY,0.094644139166
CONSUMER STAPLES,0.015735034324
FINANCIALS,0.067603676785
HEALTH CARE,0.06219195431
INDUSTRIALS,0.068517226359
MATERIALS,0.007006905063
TECHNOLOGY,0.514834593077
UTILITIES,0.010431203465
