SECTOR,WEIGHT
COMMUNICATION SERVICES,0.120588584026
CONSUMER DISCRETIONARY,0.094545629932
CONSUMER STAPLES,0.020939467565
FINANCIALS,0.076961260126
HEALTH CARE,0.068220321101
INDUSTRIALS,0.101578373034
MATERIALS,0.007118152898
TECHNOLOGY,0.506972453833
UTILITIES,0.003075757484
