SECTOR,WEIGHT
COMMUNICATION SERVICES,0.13985590579
CONSUMER DISCRETIONARY,0.095286664581
CONSUMER STAPLES,0.015823543515
FINANCIALS,0.070996671936
HEALTH CARE,0.067579209148
INDUSTRIALS,0.075934925982
MATERIALS,0.007228076021
TECHNOLOGY,0.51707207555
UTILITIES,0.010222927477
