SECTOR,WEIGHT
COMMUNICATION SERVICES,0.142154835931
CONSUMER DISCRETIONARY,0.101111112234
CONSUMER STAPLES,0.01661967531
FINANCIALS,0.075192910556
HEALTH CARE,0.070453674677
INDUSTRIALS,0.074117281935
MATERIALS,0.007203881159
TECHNOLOGY,0.504036134652
UTILITIES,0.009110493546
