SECTOR,WEIGHT
COMMUNICATION SERVICES,0.129361788207
CONSUMER DISCRETIONARY,0.105896631941
CONSUMER STAPLES,0.01658743805
ENERGY,0.006169717811
FINANCIALS,0.06574289471
HEALTH CARE,0.061798321028
INDUSTRIALS,0.098816627895
MATERIALS,0.006372003641
TECHNOLOGY,0.506523718014
UTILITIES,0.002730858703
