SECTOR,WEIGHT
COMMUNICATION SERVICES,0.123738145762
CONSUMER DISCRETIONARY,0.098072549289
CONSUMER STAPLES,0.019870915231
FINANCIALS,0.076303151741
HEALTH CARE,0.066085026748
INDUSTRIALS,0.099346557222
MATERIALS,0.006213670476
TECHNOLOGY,0.50742402813
UTILITIES,0.002945955401
