SECTOR,WEIGHT
COMMUNICATION SERVICES,0.116572061888
CONSUMER DISCRETIONARY,0.099685008327
CONSUMER STAPLES,0.019939415395
FINANCIALS,0.080129778178
HEALTH CARE,0.069099035313
INDUSTRIALS,0.104049835464
MATERIALS,0.006744361931
TECHNOLOGY,0.50065371835
UTILITIES,0.003126785154
