SECTOR,WEIGHT
CONSUMER DISCRETIONARY,0.033777465869
CONSUMER STAPLES,0.040994197002
ENERGY,0.064399893716
FINANCIALS,0.285992888741
HEALTH CARE,0.159215327542
INDUSTRIALS,0.178952823511
MATERIALS,0.010258183728
REAL ESTATE,0.030084925389
TECHNOLOGY,0.099468379643
UTILITIES,0.09685591486
