SECTOR,WEIGHT
CONSUMER DISCRETIONARY,0.03179570001
CONSUMER STAPLES,0.045321489856
ENERGY,0.078227515898
FINANCIALS,0.265771676592
HEALTH CARE,0.140506712426
INDUSTRIALS,0.181185020692
MATERIALS,0.01059856667
REAL ESTATE,0.030786312708
TECHNOLOGY,0.114868274957
UTILITIES,0.100938730191
