SECTOR,WEIGHT
CONSUMER DISCRETIONARY,0.033814474614
CONSUMER STAPLES,0.044816796205
ENERGY,0.076208741294
FINANCIALS,0.266478247704
HEALTH CARE,0.14282830322
INDUSTRIALS,0.183102856566
MATERIALS,0.011002321591
REAL ESTATE,0.030685373978
TECHNOLOGY,0.111436358131
UTILITIES,0.099626526698
