SECTOR,WEIGHT
CONSUMER DISCRETIONARY,0.033197708345
CONSUMER STAPLES,0.042509309596
ENERGY,0.0632320591
FINANCIALS,0.289357482469
HEALTH CARE,0.15956757754
INDUSTRIALS,0.177515997265
MATERIALS,0.010509766804
REAL ESTATE,0.030732194458
TECHNOLOGY,0.094356289316
UTILITIES,0.099021615107
