SECTOR,WEIGHT
CONSUMER DISCRETIONARY,0.034695197143
CONSUMER STAPLES,0.047910460908
ENERGY,0.071332196278
FINANCIALS,0.262474576407
HEALTH CARE,0.154982824061
INDUSTRIALS,0.185579217514
MATERIALS,0.009684987669
REAL ESTATE,0.03084562474
TECHNOLOGY,0.100869606995
UTILITIES,0.101625308286
