SECTOR,WEIGHT
COMMUNICATION SERVICES,0.072317279976
CONSUMER DISCRETIONARY,0.096863361383
CONSUMER STAPLES,0.110910884024
ENERGY,0.047830331263
FINANCIALS,0.154120847181
HEALTH CARE,0.161006298133
INDUSTRIALS,0.113211045586
MATERIALS,0.030002325218
REAL ESTATE,0.013494281167
TECHNOLOGY,0.182749088956
UTILITIES,0.017494257113
