SECTOR,WEIGHT
COMMUNICATION SERVICES,0.073574376318
CONSUMER DISCRETIONARY,0.096230975165
CONSUMER STAPLES,0.113806608959
ENERGY,0.046773912573
FINANCIALS,0.154813751344
HEALTH CARE,0.159201903034
INDUSTRIALS,0.113011675707
MATERIALS,0.029654814753
REAL ESTATE,0.013698081548
TECHNOLOGY,0.181068574506
UTILITIES,0.018165326093
