SECTOR,WEIGHT
COMMUNICATION SERVICES,0.066987567196
CONSUMER DISCRETIONARY,0.118045886433
CONSUMER STAPLES,0.105537792813
ENERGY,0.048144114119
FINANCIALS,0.16670999995
HEALTH CARE,0.14182029905
INDUSTRIALS,0.118975460646
MATERIALS,0.025604449107
REAL ESTATE,0.01396369039
TECHNOLOGYQ,0.171225361515
UTILITIES,0.022985378781
