SECTOR,WEIGHT
COMMUNICATION SERVICES,0.069796780822
CONSUMER DISCRETIONARY,0.097810789837
CONSUMER STAPLES,0.116935467657
ENERGY,0.050594699574
FINANCIALS,0.143857786785
HEALTH CARE,0.157614486705
INDUSTRIALS,0.118201063945
MATERIALS,0.031528325633
REAL ESTATE,0.013360635633
TECHNOLOGY,0.182543416286
UTILITIES,0.017756547124
