SECTOR,WEIGHT
COMMUNICATION SERVICES,0.114164421323
CONSUMER DISCRETIONARY,0.104773101623
CONSUMER STAPLES,0.043961247013
ENERGY,0.021024638923
FINANCIALS,0.126027457723
HEALTH CARE,0.091624050285
INDUSTRIALS,0.064071029755
MATERIALS,0.009305050367
REAL ESTATE,0.009286993995
TECHNOLOGY,0.406230250843
UTILITIES,0.009531758149
