SECTOR,WEIGHT
COMMUNICATION SERVICES,0.162351996789
CONSUMER DISCRETIONARY,0.131045554887
CONSUMER STAPLES,0.004013646398
FINANCIALS,0.048665462573
HEALTH CARE,0.052177403171
INDUSTRIALS,0.029901665663
MATERIALS,0.008227975115
REAL ESTATE,0.013445715432
TECHNOLOGY,0.550170579972
