SECTOR,WEIGHT
COMMUNICATION SERVICES,0.15719895617
CONSUMER DISCRETIONARY,0.12319303309
CONSUMER STAPLES,0.011334302077
FINANCIALS,0.048162990301
HEALTH CARE,0.057525278681
INDUSTRIALS,0.025201751784
MATERIALS,0.007531060976
REAL ESTATE,0.014154050371
TECHNOLOGY,0.55569857655
