SECTOR,WEIGHT
COMMUNICATION SERVICES,0.039853938445
CONSUMER DISCRETIONARY,0.067605633803
CONSUMER STAPLES,0.037037037037
ENERGY,0.150339071466
FINANCIALS,0.128429838289
HEALTH CARE,0.066979655712
INDUSTRIALS,0.225665101721
MATERIALS,0.130099113198
REAL ESTATE,0.018153364632
TECHNOLOGY,0.135837245696
