SECTOR,WEIGHT
COMMUNICATION SERVICES,0.035997170929
CONSUMER DISCRETIONARY,0.077658607081
CONSUMER STAPLES,0.041641024385
ENERGY,0.134835027
FINANCIALS,0.109592815875
HEALTH CARE,0.078377101264
INDUSTRIALS,0.218038490468
MATERIALS,0.132518291494
REAL ESTATE,0.016604972102
TECHNOLOGY,0.154736499402
