SECTOR,WEIGHT
COMMUNICATION SERVICES,0.043668334386
CONSUMER DISCRETIONARY,0.062613361665
CONSUMER STAPLES,0.037920025961
ENERGY,0.17620601309
FINANCIALS,0.118074926441
HEALTH CARE,0.07207502359
INDUSTRIALS,0.211122697757
MATERIALS,0.140648560494
REAL ESTATE,0.016484271731
TECHNOLOGY,0.121186784885
