SECTOR,WEIGHT
COMMUNICATION SERVICES,0.040277536328
CONSUMER DISCRETIONARY,0.079080469173
CONSUMER STAPLES,0.040574093201
ENERGY,0.135583756864
FINANCIALS,0.118820112692
HEALTH CARE,0.082540981092
INDUSTRIALS,0.210620826473
MATERIALS,0.124278804364
REAL ESTATE,0.017261655196
TECHNOLOGY,0.150961764616
