SECTOR,WEIGHT
COMMUNICATION SERVICES,0.039560269017
CONSUMER DISCRETIONARY,0.076551662877
CONSUMER STAPLES,0.039238649115
ENERGY,0.126159746053
FINANCIALS,0.115707609731
HEALTH CARE,0.084818825893
INDUSTRIALS,0.219420328624
MATERIALS,0.132318511931
REAL ESTATE,0.016751802348
TECHNOLOGY,0.149472594411
