SECTOR,WEIGHT
COMMUNICATION SERVICES,0.036366942175
CONSUMER DISCRETIONARY,0.038450334106
CONSUMER STAPLES,0.106968212703
ENERGY,0.057856818538
FINANCIALS,0.273066985973
HEALTH CARE,0.180053681998
INDUSTRIALS,0.141122178782
MATERIALS,0.017530025354
REAL ESTATE,0.009283851603
TECHNOLOGY,0.113070722818
UTILITIES,0.026230245949
