SECTOR,WEIGHT
COMMUNICATION SERVICES,0.009209348572
CONSUMER DISCRETIONARY,0.121796034436
CONSUMER STAPLES,0.025956349523
ENERGY,0.041007821176
FINANCIALS,0.189065430609
HEALTH CARE,0.096000926509
INDUSTRIALS,0.210345310687
MATERIALS,0.065834001673
REAL ESTATE,0.073123390293
TECHNOLOGY,0.147021348523
UTILITIES,0.020640038001
