SECTOR,WEIGHT
COMMUNICATION SERVICES,0.009935352523
CONSUMER DISCRETIONARY,0.120077358299
CONSUMER STAPLES,0.028238831618
ENERGY,0.046794127862
FINANCIALS,0.171715073163
HEALTH CARE,0.098414933803
INDUSTRIALS,0.217788835985
MATERIALS,0.06953270172
REAL ESTATE,0.075350305887
TECHNOLOGY,0.141550668049
UTILITIES,0.02060181109
