SECTOR,WEIGHT
COMMUNICATION SERVICES,0.010620560529
CONSUMER DISCRETIONARY,0.118291921175
CONSUMER STAPLES,0.02825109915
ENERGY,0.048902330374
FINANCIALS,0.17550139734
HEALTH CARE,0.098286182531
INDUSTRIALS,0.213936573703
MATERIALS,0.067475182093
REAL ESTATE,0.076785304113
TECHNOLOGY,0.140825211
UTILITIES,0.021124237993
