SECTOR,WEIGHT
COMMUNICATION SERVICES,0.008747098468
CONSUMER DISCRETIONARY,0.124013459097
CONSUMER STAPLES,0.026911407382
ENERGY,0.041984070334
FINANCIALS,0.182922319134
HEALTH CARE,0.094999678045
INDUSTRIALS,0.216698119366
MATERIALS,0.066138693587
REAL ESTATE,0.074146098364
TECHNOLOGY,0.143363031921
UTILITIES,0.020076024303
