SECTOR,WEIGHT
COMMUNICATION SERVICES,0.009617696079
CONSUMER DISCRETIONARY,0.125567857569
CONSUMER STAPLES,0.025931326521
ENERGY,0.042934820138
FINANCIALS,0.187864310212
HEALTH CARE,0.100481676
INDUSTRIALS,0.216847006367
MATERIALS,0.059228579388
REAL ESTATE,0.074517415261
TECHNOLOGY,0.136927109823
UTILITIES,0.02008220264
