SECTOR,WEIGHT
COMMUNICATION SERVICES,0.00927082121
CONSUMER DISCRETIONARY,0.125054664525
CONSUMER STAPLES,0.025405274785
ENERGY,0.040393088099
FINANCIALS,0.188898114655
HEALTH CARE,0.098303499625
INDUSTRIALS,0.210724555419
MATERIALS,0.066611521
REAL ESTATE,0.073097495958
TECHNOLOGY,0.142143563152
UTILITIES,0.020097401571
