SECTOR,WEIGHT
COMMUNICATION SERVICES,0.010273777915
CONSUMER DISCRETIONARY,0.12689043287
CONSUMER STAPLES,0.025714940586
ENERGY,0.039563422832
FINANCIALS,0.193488648896
HEALTH CARE,0.098554335238
INDUSTRIALS,0.214499906139
MATERIALS,0.061788190223
REAL ESTATE,0.073808285771
TECHNOLOGY,0.135190253736
UTILITIES,0.020227805794
