SECTOR,WEIGHT
COMMUNICATION SERVICES,0.010049523324
CONSUMER DISCRETIONARY,0.121773590814
CONSUMER STAPLES,0.030383931111
ENERGY,0.05805097548
FINANCIALS,0.18219774408
HEALTH CARE,0.103170164986
INDUSTRIALS,0.219469178453
MATERIALS,0.067322500485
REAL ESTATE,0.078185212158
TECHNOLOGY,0.105846133862
UTILITIES,0.023551045247
