SECTOR,WEIGHT
COMMUNICATION SERVICES,0.010507524811
CONSUMER DISCRETIONARY,0.115564914785
CONSUMER STAPLES,0.029517785625
ENERGY,0.051227771287
FINANCIALS,0.173483336831
HEALTH CARE,0.099461056494
INDUSTRIALS,0.211298538796
MATERIALS,0.067688501691
REAL ESTATE,0.078203009366
TECHNOLOGY,0.140618359259
UTILITIES,0.022429201056
