SECTOR,WEIGHT
COMMUNICATION SERVICES,0.019587533981
CONSUMER DISCRETIONARY,0.12461462384
CONSUMER STAPLES,0.025247183704
ENERGY,0.039321608022
FINANCIALS,0.192892675715
HEALTH CARE,0.100477095992
INDUSTRIALS,0.200061647154
MATERIALS,0.062954773613
REAL ESTATE,0.073564020357
TECHNOLOGY,0.141178481591
UTILITIES,0.020100356031
