SECTOR,WEIGHT
COMMUNICATION SERVICES,0.012098820729
CONSUMER DISCRETIONARY,0.108020337429
CONSUMER STAPLES,0.034609129078
ENERGY,0.057910887692
FINANCIALS,0.16672600771
HEALTH CARE,0.081933661942
INDUSTRIALS,0.222442904745
MATERIALS,0.069727179316
REAL ESTATE,0.078315434729
TECHNOLOGY,0.146676422772
UTILITIES,0.021539213857
