SECTOR,WEIGHT
COMMUNICATION SERVICES,0.195803029191
CONSUMER DISCRETIONARY,0.499562333991
CONSUMER STAPLES,0.046008697042
FINANCIALS,0.06970898979
HEALTH CARE,0.004125416687
INDUSTRIALS,0.037263416649
REAL ESTATE,0.062774671851
TECHNOLOGY,0.084753444798
