SECTOR,WEIGHT
COMMUNICATION SERVICES,0.230654630706
CONSUMER DISCRETIONARY,0.465916923817
CONSUMER STAPLES,0.05172023404
FINANCIALS,0.054044603855
HEALTH CARE,0.00368392578
INDUSTRIALS,0.041056185629
REAL ESTATE,0.066587183906
TECHNOLOGY,0.086336312267
