SECTOR,WEIGHT
COMMUNICATION SERVICES,0.242872435163
CONSUMER DISCRETIONARY,0.445406972454
CONSUMER STAPLES,0.045324287142
FINANCIALS,0.05906844585
HEALTH CARE,0.005064222632
INDUSTRIALS,0.043063076359
REAL ESTATE,0.065636772928
TECHNOLOGY,0.093563787472
