SECTOR,WEIGHT
COMMUNICATION SERVICES,0.234739761273
CONSUMER DISCRETIONARY,0.462616283656
CONSUMER STAPLES,0.044004223532
FINANCIALS,0.056759774502
HEALTH CARE,0.004638198283
INDUSTRIALS,0.041033794321
REAL ESTATE,0.063905188997
TECHNOLOGY,0.092302775435
