SECTOR,WEIGHT
COMMUNICATION SERVICES,0.226071714202
CONSUMER DISCRETIONARY,0.478352245053
CONSUMER STAPLES,0.048733506114
FINANCIALS,0.054541318148
HEALTH CARE,0.002730022429
INDUSTRIALS,0.03909724853
REAL ESTATE,0.066893567209
TECHNOLOGY,0.083580378315
