SECTOR,WEIGHT
COMMUNICATION SERVICES,0.227970850772
CONSUMER DISCRETIONARY,0.476868963873
CONSUMER STAPLES,0.046993632195
FINANCIALS,0.055001384305
HEALTH CARE,0.00413371784
INDUSTRIALS,0.041334147076
REAL ESTATE,0.062826246431
TECHNOLOGY,0.084871057508
