SECTOR,WEIGHT
COMMUNICATION SERVICES,0.228269784959
CONSUMER DISCRETIONARY,0.479195787017
CONSUMER STAPLES,0.048346632601
FINANCIALS,0.053836466131
HEALTH CARE,0.003555607251
INDUSTRIALS,0.040277830699
REAL ESTATE,0.065036729242
TECHNOLOGY,0.0814811621
