SECTOR,WEIGHT
COMMUNICATION SERVICES,0.236059684353
CONSUMER DISCRETIONARY,0.460135796966
CONSUMER STAPLES,0.044381165525
FINANCIALS,0.057337170502
HEALTH CARE,0.005054226799
INDUSTRIALS,0.042467635259
REAL ESTATE,0.062364104477
TECHNOLOGY,0.092200216119
