SECTOR,WEIGHT
ENERGY,0.96674004867
UTILITIES,0.03325995133
