SECTOR,WEIGHT
ENERGY,0.966916835659
UTILITIES,0.033083164341
