SECTOR,WEIGHT
ENERGY,0.967293478228
UTILITIES,0.032706521772
