SECTOR,WEIGHT
ENERGY,0.967720314083
UTILITIES,0.032279685917
