SECTOR,WEIGHT
ENERGY,0.96778143721
UTILITIES,0.03221856279
