SECTOR,WEIGHT
ENERGY,0.966969521954
UTILITIES,0.033030478046
