SECTOR,WEIGHT
ENERGY,0.96949389878
UTILITIES,0.03050610122
