SECTOR,WEIGHT
ENERGY,0.957173873892
UTILITIES,0.042826126108
