SECTOR,WEIGHT
ENERGY,0.954650427177
UTILITIES,0.045349572823
