SECTOR,WEIGHT
ENERGY,0.953723580471
UTILITIES,0.046276419529
