SECTOR,WEIGHT
ENERGY,0.953382293878
UTILITIES,0.046617706122
