SECTOR,WEIGHT
ENERGY,0.954191273472
UTILITIES,0.045808726528
