SECTOR,WEIGHT
COMMUNICATION SERVICES,0.170488010097
CONSUMER DISCRETIONARY,0.125157761885
CONSUMER STAPLES,0.009886411443
ENERGY,0.001051745898
FINANCIALS,0.068153134203
HEALTH CARE,0.038178376104
INDUSTRIALS,0.055637358014
MATERIALS,0.024610854018
TECHNOLOGY,0.506836348338
