SECTOR,WEIGHT
COMMUNICATION SERVICES,0.190139509637
CONSUMER DISCRETIONARY,0.12943642953
CONSUMER STAPLES,0.010587472434
ENERGY,0.000994670803
FINANCIALS,0.073665789713
HEALTH CARE,0.03956053257
INDUSTRIALS,0.050867332565
MATERIALS,0.024045865211
TECHNOLOGY,0.480702397537
