SECTOR,WEIGHT
COMMUNICATION SERVICES,0.189646092224
CONSUMER DISCRETIONARY,0.1287738647
CONSUMER STAPLES,0.011204206023
FINANCIALS,0.079165302555
HEALTH CARE,0.040631493403
INDUSTRIALS,0.056510470621
MATERIALS,0.02347342511
TECHNOLOGY,0.470595145363
