SECTOR,WEIGHT
COMMUNICATION SERVICES,0.178632737115
CONSUMER DISCRETIONARY,0.109028241651
CONSUMER STAPLES,0.009652986868
ENERGY,0.000129863673
FINANCIALS,0.090074868045
HEALTH CARE,0.035551665204
INDUSTRIALS,0.03812182375
MATERIALS,0.004629941457
TECHNOLOGY,0.534177872237
