SECTOR,WEIGHT
COMMUNICATION SERVICES,0.175291122333
CONSUMER DISCRETIONARY,0.134101982279
CONSUMER STAPLES,0.011969979665
FINANCIALS,0.08189978392
HEALTH CARE,0.040972710863
INDUSTRIALS,0.062249459967
MATERIALS,0.024253455969
TECHNOLOGY,0.469261505004
