SECTOR,WEIGHT
COMMUNICATION SERVICES,0.171276272867
CONSUMER DISCRETIONARY,0.131423923533
CONSUMER STAPLES,0.009916959662
FINANCIALS,0.094229004749
HEALTH CARE,0.036186240021
INDUSTRIALS,0.049371841
MATERIALS,0.004809672405
TECHNOLOGY,0.502786085763
