SECTOR,WEIGHT
COMMUNICATION SERVICES,0.17135325272
CONSUMER DISCRETIONARY,0.130266921162
CONSUMER STAPLES,0.009482426249
FINANCIALS,0.093798497913
HEALTH CARE,0.034868369782
INDUSTRIALS,0.049464952218
MATERIALS,0.004741651164
TECHNOLOGY,0.506023928792
