SECTOR,WEIGHT
COMMUNICATION SERVICES,0.172732556197
CONSUMER DISCRETIONARY,0.139164412979
CONSUMER STAPLES,0.010204992882
FINANCIALS,0.081567935929
HEALTH CARE,0.036620362936
INDUSTRIALS,0.056702719301
MATERIALS,0.015337411608
TECHNOLOGY,0.487669608168
