SECTOR,WEIGHT
COMMUNICATION SERVICES,0.187976972382
CONSUMER DISCRETIONARY,0.132479402752
CONSUMER STAPLES,0.009689939092
ENERGY,0.000893952914
FINANCIALS,0.070398275616
HEALTH CARE,0.036508826751
INDUSTRIALS,0.04876565602
MATERIALS,0.02306342327
TECHNOLOGY,0.490223551204
