SECTOR,WEIGHT
COMMUNICATION SERVICES,0.182698313554
CONSUMER DISCRETIONARY,0.133145950448
CONSUMER STAPLES,0.009889652301
ENERGY,0.000936914428
FINANCIALS,0.068602956486
HEALTH CARE,0.036123256298
INDUSTRIALS,0.048407245472
MATERIALS,0.021965438268
TECHNOLOGY,0.498230272746
