SECTOR,WEIGHT
COMMUNICATION SERVICES,0.171781242061
CONSUMER DISCRETIONARY,0.135148087479
CONSUMER STAPLES,0.012345915901
FINANCIALS,0.084970003402
HEALTH CARE,0.041325731725
INDUSTRIALS,0.058962695145
MATERIALS,0.023267943153
TECHNOLOGY,0.472198381132
