SECTOR,WEIGHT
COMMUNICATION SERVICES,0.005302933641
CONSUMER DISCRETIONARY,0.115161384942
CONSUMER STAPLES,0.008103388645
ENERGY,0.057084838361
FINANCIALS,0.08064739216
HEALTH CARE,0.258105089941
INDUSTRIALS,0.234291781419
MATERIALS,0.026846370632
REAL ESTATE,0.003670999345
TECHNOLOGY,0.206126009545
UTILITIES,0.00465981137
