SECTOR,WEIGHT
COMMUNICATION SERVICES,0.00485819796
CONSUMER DISCRETIONARY,0.118345790355
CONSUMER STAPLES,0.007930707203
ENERGY,0.057981136997
FINANCIALS,0.079981731264
HEALTH CARE,0.251654687451
INDUSTRIALS,0.239068656408
MATERIALS,0.025953467949
REAL ESTATE,0.003567788084
TECHNOLOGY,0.20612991825
UTILITIES,0.004527918077
