SECTOR,WEIGHT
COMMUNICATION SERVICES,0.005345864507
CONSUMER DISCRETIONARY,0.114018247363
CONSUMER STAPLES,0.007980475748
ENERGY,0.055512411756
FINANCIALS,0.079996279067
HEALTH CARE,0.260131702604
INDUSTRIALS,0.233114709533
MATERIALS,0.027268419453
REAL ESTATE,0.003623357654
TECHNOLOGY,0.208160732211
UTILITIES,0.004847800104
