SECTOR,WEIGHT
COMMUNICATION SERVICES,0.005254879049
CONSUMER DISCRETIONARY,0.103891221416
CONSUMER STAPLES,0.005463198605
ENERGY,0.057762614731
FINANCIALS,0.082314012595
HEALTH CARE,0.261735610821
INDUSTRIALS,0.25322513328
MATERIALS,0.026751347062
REAL ESTATE,0.004048027823
TECHNOLOGY,0.195280939744
UTILITIES,0.004273014875
