SECTOR,WEIGHT
COMMUNICATION SERVICES,0.002365454102
CONSUMER DISCRETIONARY,0.092563651233
CONSUMER STAPLES,0.004682954005
ENERGY,0.067642303488
FINANCIALS,0.083543685668
HEALTH CARE,0.233838432051
INDUSTRIALS,0.270679728945
MATERIALS,0.027916058034
REAL ESTATE,0.001644241617
TECHNOLOGY,0.211042458145
UTILITIES,0.004081032711
