SECTOR,WEIGHT
CONSUMER DISCRETIONARY,0.102567359214
CONSUMER STAPLES,0.007054810972
ENERGY,0.058308843772
FINANCIALS,0.080704108494
HEALTH CARE,0.234518270021
INDUSTRIALS,0.272238047102
MATERIALS,0.029525257868
REAL ESTATE,0.004375071099
TECHNOLOGY,0.206774940805
UTILITIES,0.003933290652
