SECTOR,WEIGHT
COMMUNICATION SERVICES,0.002556769317
CONSUMER DISCRETIONARY,0.086365983304
CONSUMER STAPLES,0.005365695153
ENERGY,0.069930546077
FINANCIALS,0.081055489339
HEALTH CARE,0.229491712165
INDUSTRIALS,0.271706473579
MATERIALS,0.028624054572
TECHNOLOGY,0.220995193056
UTILITIES,0.003908083438
