SECTOR,WEIGHT
COMMUNICATION SERVICES,0.005424858058
CONSUMER DISCRETIONARY,0.106909943686
CONSUMER STAPLES,0.00600728597
ENERGY,0.05672057116
FINANCIALS,0.083397018937
HEALTH CARE,0.268643710114
INDUSTRIALS,0.234693053004
MATERIALS,0.027746420721
REAL ESTATE,0.003668576751
TECHNOLOGY,0.202129946593
UTILITIES,0.004658615005
