SECTOR,WEIGHT
COMMUNICATION SERVICES,0.002429235319
CONSUMER DISCRETIONARY,0.088297422898
CONSUMER STAPLES,0.004330376003
ENERGY,0.068018588931
FINANCIALS,0.081115335868
HEALTH CARE,0.237536966624
INDUSTRIALS,0.269222644698
MATERIALS,0.022708069286
TECHNOLOGY,0.222327841149
UTILITIES,0.004013519223
