SECTOR,WEIGHT
COMMUNICATION SERVICES,0.005340292163
CONSUMER DISCRETIONARY,0.107136946896
CONSUMER STAPLES,0.005824650553
ENERGY,0.055462030134
FINANCIALS,0.08275804897
HEALTH CARE,0.270014057979
INDUSTRIALS,0.234493503562
MATERIALS,0.028273177601
REAL ESTATE,0.003606772523
TECHNOLOGY,0.202404577233
UTILITIES,0.004685942387
