SECTOR,WEIGHT
COMMUNICATION SERVICES,0.103761423495
CONSUMER DISCRETIONARY,0.064949968768
CONSUMER STAPLES,0.032985474466
ENERGY,0.025471274741
FINANCIALS,0.113788426976
HEALTH CARE,0.087694190622
INDUSTRIALS,0.101081882509
MATERIALS,0.019849300264
REAL ESTATE,0.01438328898
TECHNOLOGY,0.413069339127
UTILITIES,0.022965430051
