SECTOR,WEIGHT
COMMUNICATION SERVICES,0.102876650903
CONSUMER DISCRETIONARY,0.064739053807
CONSUMER STAPLES,0.032683995835
ENERGY,0.025646787419
FINANCIALS,0.113671498758
HEALTH CARE,0.088066047205
INDUSTRIALS,0.101515670773
MATERIALS,0.019506314011
REAL ESTATE,0.014270954909
TECHNOLOGY,0.414430477914
UTILITIES,0.022592548466
