SECTOR,WEIGHT
COMMUNICATION SERVICES,0.106527340453
CONSUMER DISCRETIONARY,0.062644520212
CONSUMER STAPLES,0.031192662278
ENERGY,0.026629688674
FINANCIALS,0.111914416384
HEALTH CARE,0.083571213205
INDUSTRIALS,0.100049743285
MATERIALS,0.018866512314
REAL ESTATE,0.014132735265
TECHNOLOGY,0.421284277203
UTILITIES,0.023186890727
