SECTOR,WEIGHT
COMMUNICATION SERVICES,0.140594006459
CONSUMER DISCRETIONARY,0.105868527287
CONSUMER STAPLES,0.029212515358
ENERGY,0.016352434799
FINANCIALS,0.128385788096
HEALTH CARE,0.049791934957
INDUSTRIALS,0.087053240487
MATERIALS,0.010794967343
REAL ESTATE,0.01035116268
TECHNOLOGY,0.403954755498
UTILITIES,0.017640667036
