SECTOR,WEIGHT
COMMUNICATION SERVICES,0.143328408548
CONSUMER DISCRETIONARY,0.106812830167
CONSUMER STAPLES,0.03095102752
ENERGY,0.016706778488
FINANCIALS,0.125931608399
HEALTH CARE,0.050085667052
INDUSTRIALS,0.091680348332
MATERIALS,0.011985872441
REAL ESTATE,0.010549748452
TECHNOLOGY,0.394139028193
UTILITIES,0.017828682409
