SECTOR,WEIGHT
COMMUNICATION SERVICES,0.142692247175
CONSUMER DISCRETIONARY,0.107298807655
CONSUMER STAPLES,0.02935083805
ENERGY,0.016066546903
FINANCIALS,0.129056674808
HEALTH CARE,0.050327925693
INDUSTRIALS,0.086828724763
MATERIALS,0.01099380708
REAL ESTATE,0.010527567284
TECHNOLOGY,0.399258660309
UTILITIES,0.017598200281
