SECTOR,WEIGHT
COMMUNICATION SERVICES,0.144822260264
CONSUMER DISCRETIONARY,0.104965551977
CONSUMER STAPLES,0.029601233584
ENERGY,0.016514963532
FINANCIALS,0.125424660851
HEALTH CARE,0.052430109493
INDUSTRIALS,0.085570395417
MATERIALS,0.010558398408
REAL ESTATE,0.01086811004
TECHNOLOGY,0.400586701056
UTILITIES,0.018657615378
