SECTOR,WEIGHT
COMMUNICATION SERVICES,0.023723082093
CONSUMER DISCRETIONARY,0.07438261909
CONSUMER STAPLES,0.173065164656
FINANCIALS,0.062395049211
HEALTH CARE,0.183870451496
INDUSTRIALS,0.247651640748
TECHNOLOGY,0.234911992706
