SECTOR,WEIGHT
COMMUNICATION SERVICES,0.03023593081
CONSUMER DISCRETIONARY,0.046428207988
CONSUMER STAPLES,0.148879585899
FINANCIALS,0.072039029026
HEALTH CARE,0.24661074738
INDUSTRIALS,0.232489118446
MATERIALS,0.008914043223
TECHNOLOGY,0.21440333723
