SECTOR,WEIGHT
COMMUNICATION SERVICES,0.025470950854
CONSUMER DISCRETIONARY,0.074869920106
CONSUMER STAPLES,0.167024726247
FINANCIALS,0.063501410061
HEALTH CARE,0.185738810213
INDUSTRIALS,0.237131774654
TECHNOLOGY,0.246262407865
