SECTOR,WEIGHT
COMMUNICATION SERVICES,0.0300322766
CONSUMER DISCRETIONARY,0.046709376417
CONSUMER STAPLES,0.150029250401
FINANCIALS,0.073305041618
HEALTH CARE,0.246695537069
INDUSTRIALS,0.235379248775
MATERIALS,0.009281875937
TECHNOLOGY,0.208567393183
