SECTOR,WEIGHT
COMMUNICATION SERVICES,0.02456397582
CONSUMER DISCRETIONARY,0.076718300345
CONSUMER STAPLES,0.165712228199
FINANCIALS,0.062460919869
HEALTH CARE,0.187867213332
INDUSTRIALS,0.240464877386
TECHNOLOGY,0.242212485049
