SECTOR,WEIGHT
COMMUNICATION SERVICES,0.024210109946
CONSUMER DISCRETIONARY,0.076719091503
CONSUMER STAPLES,0.177671466712
FINANCIALS,0.077918085238
HEALTH CARE,0.167960768011
INDUSTRIALS,0.201469583916
TECHNOLOGY,0.274050894674
