SECTOR,WEIGHT
COMMUNICATION SERVICES,0.026262175077
CONSUMER DISCRETIONARY,0.075071047539
CONSUMER STAPLES,0.175187112006
FINANCIALS,0.062776432845
HEALTH CARE,0.178778355415
INDUSTRIALS,0.247682231664
TECHNOLOGY,0.234242645454
