SECTOR,WEIGHT
COMMUNICATION SERVICES,0.023687882407
CONSUMER DISCRETIONARY,0.072011301076
CONSUMER STAPLES,0.183325359657
FINANCIALS,0.059772918605
HEALTH CARE,0.185535696715
INDUSTRIALS,0.253346226211
TECHNOLOGY,0.222320615331
