SECTOR,WEIGHT
COMMUNICATION SERVICES,0.025363426306
CONSUMER DISCRETIONARY,0.07442299995
CONSUMER STAPLES,0.166842972062
FINANCIALS,0.064196096023
HEALTH CARE,0.185317694193
INDUSTRIALS,0.238007463017
TECHNOLOGY,0.245849348449
