SECTOR,WEIGHT
COMMUNICATION SERVICES,0.024602460246
CONSUMER DISCRETIONARY,0.076107610761
CONSUMER STAPLES,0.178417841784
FINANCIALS,0.076107610761
HEALTH CARE,0.165916591659
INDUSTRIALS,0.196219621962
TECHNOLOGY,0.282628262826
