SECTOR,WEIGHT
COMMUNICATION SERVICES,0.167392520277
CONSUMER DISCRETIONARY,0.049483902518
CONSUMER STAPLES,0.111422629562
FINANCIALS,0.192496979934
HEALTH CARE,0.164890107738
TECHNOLOGY,0.260760022453
UTILITIES,0.053553837518
