SECTOR,WEIGHT
COMMUNICATION SERVICES,0.167057711849
CONSUMER DISCRETIONARY,0.05054664405
CONSUMER STAPLES,0.099958772235
FINANCIALS,0.202402244556
HEALTH CARE,0.1659482737
TECHNOLOGY,0.266330357779
UTILITIES,0.047755995831
