SECTOR,WEIGHT
COMMUNICATION SERVICES,0.160003373311
CONSUMER DISCRETIONARY,0.049279456736
CONSUMER STAPLES,0.114112287085
FINANCIALS,0.198792434948
HEALTH CARE,0.170472685216
TECHNOLOGY,0.255914839958
UTILITIES,0.051424922745
