SECTOR,WEIGHT
COMMUNICATION SERVICES,0.164678977794
CONSUMER DISCRETIONARY,0.051561836775
CONSUMER STAPLES,0.098093323874
FINANCIALS,0.208884442442
HEALTH CARE,0.166202231496
TECHNOLOGY,0.263925278285
UTILITIES,0.046653909333
