SECTOR,WEIGHT
COMMUNICATION SERVICES,0.164423129982
CONSUMER DISCRETIONARY,0.052297798267
CONSUMER STAPLES,0.100626558244
FINANCIALS,0.208127699493
HEALTH CARE,0.166296283291
TECHNOLOGY,0.260514791089
UTILITIES,0.047713739635
