SECTOR,WEIGHT
COMMUNICATION SERVICES,0.163516351635
CONSUMER DISCRETIONARY,0.051605160516
CONSUMER STAPLES,0.046604660466
FINANCIALS,0.196119611961
HEALTH CARE,0.156215621562
INDUSTRIALS,0.048804880488
TECHNOLOGY,0.291729172917
UTILITIES,0.045404540454
