SECTOR,WEIGHT
COMMUNICATION SERVICES,0.158213720898
CONSUMER DISCRETIONARY,0.049896903089
CONSUMER STAPLES,0.1156637239
FINANCIALS,0.197549696715
HEALTH CARE,0.167672612256
TECHNOLOGY,0.255701359278
UTILITIES,0.055301983865
