SECTOR,WEIGHT
COMMUNICATION SERVICES,0.168170818648
CONSUMER DISCRETIONARY,0.05167233987
CONSUMER STAPLES,0.11128816861
FINANCIALS,0.203844724925
HEALTH CARE,0.166269040375
TECHNOLOGY,0.251481559579
UTILITIES,0.047273347993
