SECTOR,WEIGHT
COMMUNICATION SERVICES,0.15647511691
CONSUMER DISCRETIONARY,0.119444265581
CONSUMER STAPLES,0.034101061646
FINANCIALS,0.06840535733
HEALTH CARE,0.082354053815
INDUSTRIALS,0.044678286556
MATERIALS,0.008349699375
REAL ESTATE,0.001911607279
TECHNOLOGY,0.484280551509
