SECTOR,WEIGHT
COMMUNICATION SERVICES,0.160005196556
CONSUMER DISCRETIONARY,0.112654627979
CONSUMER STAPLES,0.035642079109
FINANCIALS,0.065852133633
HEALTH CARE,0.081748316194
INDUSTRIALS,0.042490977074
MATERIALS,0.008209948968
REAL ESTATE,0.001922319613
TECHNOLOGY,0.491474400874
