SECTOR,WEIGHT
COMMUNICATION SERVICES,0.15828725536
CONSUMER DISCRETIONARY,0.118345311095
CONSUMER STAPLES,0.033651233684
FINANCIALS,0.068516816577
HEALTH CARE,0.082823839011
INDUSTRIALS,0.045930323073
MATERIALS,0.008556692229
REAL ESTATE,0.001965658727
TECHNOLOGY,0.481922870243
