SECTOR,WEIGHT
COMMUNICATION SERVICES,0.156735480552
CONSUMER DISCRETIONARY,0.115723490375
CONSUMER STAPLES,0.032884555865
FINANCIALS,0.068182823057
HEALTH CARE,0.081946604927
INDUSTRIALS,0.044482830695
MATERIALS,0.008297258297
REAL ESTATE,0.00193639539
TECHNOLOGY,0.489810560841
