SECTOR,WEIGHT
COMMUNICATION SERVICES,0.106343659495
CONSUMER DISCRETIONARY,0.102915286939
CONSUMER STAPLES,0.041902670447
ENERGY,0.040045508109
FINANCIALS,0.145148684926
HEALTH CARE,0.096608058355
INDUSTRIALS,0.109678410717
MATERIALS,0.02801007854
REAL ESTATE,0.019809053183
TECHNOLOGY,0.288597939109
UTILITIES,0.02094065018
