SECTOR,WEIGHT
COMMUNICATION SERVICES,0.108046902981
CONSUMER DISCRETIONARY,0.10709013412
CONSUMER STAPLES,0.042605130432
ENERGY,0.033611706062
FINANCIALS,0.152004496712
HEALTH CARE,0.099340610729
INDUSTRIALS,0.109325300398
MATERIALS,0.028408831494
REAL ESTATE,0.019569626495
TECHNOLOGY,0.280851737352
UTILITIES,0.019145523225
