SECTOR,WEIGHT
COMMUNICATION SERVICES,0.112916328188
CONSUMER DISCRETIONARY,0.103168155971
CONSUMER STAPLES,0.039195775792
ENERGY,0.033204711617
FINANCIALS,0.138403736799
HEALTH CARE,0.084991876523
INDUSTRIALS,0.105706742486
MATERIALS,0.025893582453
REAL ESTATE,0.019902518278
TECHNOLOGY,0.3175264013
UTILITIES,0.019090170593
