SECTOR,WEIGHT
COMMUNICATION SERVICES,0.104330490978
CONSUMER DISCRETIONARY,0.107753491227
CONSUMER STAPLES,0.038298239296
ENERGY,0.029238549841
FINANCIALS,0.153226436438
HEALTH CARE,0.097165930292
INDUSTRIALS,0.10156997418
MATERIALS,0.024268402177
REAL ESTATE,0.019274920487
TECHNOLOGY,0.30634228988
UTILITIES,0.018531275205
