SECTOR,WEIGHT
COMMUNICATION SERVICES,0.105214522794
CONSUMER DISCRETIONARY,0.10931132109
CONSUMER STAPLES,0.039936159074
ENERGY,0.031205810744
FINANCIALS,0.144965665171
HEALTH CARE,0.098641347166
INDUSTRIALS,0.106566567889
MATERIALS,0.027172040114
REAL ESTATE,0.01895302914
TECHNOLOGY,0.295701411515
UTILITIES,0.018846288738
