SECTOR,WEIGHT
COMMUNICATION SERVICES,0.104942645417
CONSUMER DISCRETIONARY,0.100956248097
CONSUMER STAPLES,0.042921530809
ENERGY,0.034576185159
FINANCIALS,0.147906811491
HEALTH CARE,0.099289412242
INDUSTRIALS,0.111337935235
MATERIALS,0.028754441173
REAL ESTATE,0.019970561364
TECHNOLOGY,0.289746218658
UTILITIES,0.019598010354
