SECTOR,WEIGHT
COMMUNICATION SERVICES,0.105663682012
CONSUMER DISCRETIONARY,0.101642810373
CONSUMER STAPLES,0.043924500457
ENERGY,0.034660379768
FINANCIALS,0.14449595683
HEALTH CARE,0.099371377719
INDUSTRIALS,0.112491156515
MATERIALS,0.02918502091
REAL ESTATE,0.020591890144
TECHNOLOGY,0.287193822838
UTILITIES,0.020779402434
