SECTOR,WEIGHT
COMMUNICATION SERVICES,0.10908580644
CONSUMER DISCRETIONARY,0.10208084633
CONSUMER STAPLES,0.042793401976
ENERGY,0.037252680879
FINANCIALS,0.141931534624
HEALTH CARE,0.097564075709
INDUSTRIALS,0.108262171995
MATERIALS,0.02729077143
REAL ESTATE,0.020597978943
TECHNOLOGY,0.291793347067
UTILITIES,0.021347384605
