SECTOR,WEIGHT
COMMUNICATION SERVICES,0.01847260117
CONSUMER DISCRETIONARY,0.090462131323
CONSUMER STAPLES,0.029100076429
ENERGY,0.046980533925
FINANCIALS,0.127646887409
HEALTH CARE,0.128857100487
INDUSTRIALS,0.246508063421
MATERIALS,0.049081555088
REAL ESTATE,0.038369043434
TECHNOLOGY,0.186225555925
UTILITIES,0.03829645139
