SECTOR,WEIGHT
COMMUNICATION SERVICES,0.024338098869
CONSUMER DISCRETIONARY,0.090328753405
CONSUMER STAPLES,0.026001292325
ENERGY,0.039092837568
FINANCIALS,0.147356239209
HEALTH CARE,0.142220181466
INDUSTRIALS,0.226722044118
MATERIALS,0.044243439164
REAL ESTATE,0.041911228478
TECHNOLOGY,0.179465949724
UTILITIES,0.038319935675
