SECTOR,WEIGHT
COMMUNICATION SERVICES,0.018819400698
CONSUMER DISCRETIONARY,0.094087647845
CONSUMER STAPLES,0.02515525174
ENERGY,0.046666999312
FINANCIALS,0.13420881385
HEALTH CARE,0.126704546636
INDUSTRIALS,0.245295669584
MATERIALS,0.050339609932
REAL ESTATE,0.038030698991
TECHNOLOGY,0.182994347111
UTILITIES,0.037697014302
