SECTOR,WEIGHT
COMMUNICATION SERVICES,0.019704015601
CONSUMER DISCRETIONARY,0.087963542502
CONSUMER STAPLES,0.028677691508
ENERGY,0.046356060645
FINANCIALS,0.126853264777
HEALTH CARE,0.12946963858
INDUSTRIALS,0.2435669172
MATERIALS,0.048745868271
REAL ESTATE,0.038876273142
TECHNOLOGY,0.192020525447
UTILITIES,0.037766202327
