SECTOR,WEIGHT
COMMUNICATION SERVICES,0.020575273569
CONSUMER DISCRETIONARY,0.086326307883
CONSUMER STAPLES,0.030069798034
ENERGY,0.049785045294
FINANCIALS,0.1267153842
HEALTH CARE,0.127219573327
INDUSTRIALS,0.234378436474
MATERIALS,0.046056535577
REAL ESTATE,0.040956548442
TECHNOLOGY,0.197952328192
UTILITIES,0.039964769007
