SECTOR,WEIGHT
COMMUNICATION SERVICES,0.020190274841
CONSUMER DISCRETIONARY,0.079598308668
CONSUMER STAPLES,0.026955602537
ENERGY,0.045348837209
FINANCIALS,0.12156448203
HEALTH CARE,0.118287526427
INDUSTRIALS,0.240697674419
MATERIALS,0.043657505285
REAL ESTATE,0.041226215645
TECHNOLOGY,0.224312896406
UTILITIES,0.038160676533
