SECTOR,WEIGHT
COMMUNICATION SERVICES,0.060905460527
CONSUMER DISCRETIONARY,0.040275389197
CONSUMER STAPLES,0.036578743168
ENERGY,0.044640003766
FINANCIALS,0.112004646795
HEALTH CARE,0.085392755909
INDUSTRIALS,0.164493841412
MATERIALS,0.018075440482
REAL ESTATE,0.01953805096
TECHNOLOGY,0.400790216505
UTILITIES,0.017305451279
