SECTOR,WEIGHT
COMMUNICATION SERVICES,0.131222456075
CONSUMER DISCRETIONARY,0.043400626399
CONSUMER STAPLES,0.02395123703
ENERGY,0.000497176713
FINANCIALS,0.162106036373
HEALTH CARE,0.038539224344
INDUSTRIALS,0.131918777544
MATERIALS,0.005412284969
REAL ESTATE,0.018656956061
TECHNOLOGY,0.421536898689
UTILITIES,0.022758325803
