SECTOR,WEIGHT
COMMUNICATION SERVICES,0.129365063192
CONSUMER DISCRETIONARY,0.043602718062
CONSUMER STAPLES,0.025221642635
ENERGY,0.000503875119
FINANCIALS,0.154059583254
HEALTH CARE,0.038098254058
INDUSTRIALS,0.135208202759
MATERIALS,0.00627541974
REAL ESTATE,0.01835604999
TECHNOLOGY,0.426559725816
UTILITIES,0.022749465375
