SECTOR,WEIGHT
COMMUNICATION SERVICES,0.062068595706
CONSUMER DISCRETIONARY,0.036956064319
CONSUMER STAPLES,0.032926400502
ENERGY,0.03606802224
FINANCIALS,0.108618377987
HEALTH CARE,0.074936602485
INDUSTRIALS,0.156310668665
MATERIALS,0.018422103244
REAL ESTATE,0.01866018427
TECHNOLOGY,0.438410432951
UTILITIES,0.016622547631
