SECTOR,WEIGHT
COMMUNICATION SERVICES,0.134024819701
CONSUMER DISCRETIONARY,0.042837884918
CONSUMER STAPLES,0.024594705959
ENERGY,0.000508487665
FINANCIALS,0.151415178559
HEALTH CARE,0.037980588403
INDUSTRIALS,0.13544772683
MATERIALS,0.00641791292
REAL ESTATE,0.018249925418
TECHNOLOGY,0.425892360254
UTILITIES,0.022630409372
