SECTOR,WEIGHT
COMMUNICATION SERVICES,0.062385862082
CONSUMER DISCRETIONARY,0.040175173727
CONSUMER STAPLES,0.036029727217
ENERGY,0.039250245568
FINANCIALS,0.109989708784
HEALTH CARE,0.085001968758
INDUSTRIALS,0.165247337534
MATERIALS,0.020058642044
REAL ESTATE,0.019684970854
TECHNOLOGY,0.404787996231
UTILITIES,0.017388367202
