SECTOR,WEIGHT
COMMUNICATION SERVICES,0.135389489321
CONSUMER DISCRETIONARY,0.042229140181
CONSUMER STAPLES,0.025050201863
ENERGY,0.000563119556
FINANCIALS,0.157696229794
HEALTH CARE,0.039833086603
INDUSTRIALS,0.129775767725
MATERIALS,0.004775882368
REAL ESTATE,0.019807210157
TECHNOLOGY,0.420604414174
UTILITIES,0.024275458259
