SECTOR,WEIGHT
COMMUNICATION SERVICES,0.063335008485
CONSUMER DISCRETIONARY,0.0387607635
CONSUMER STAPLES,0.036975598934
ENERGY,0.040536840308
FINANCIALS,0.10643960623
HEALTH CARE,0.086556436384
INDUSTRIALS,0.164815281516
MATERIALS,0.0198036584
REAL ESTATE,0.019754402233
TECHNOLOGY,0.405658504616
UTILITIES,0.017363899393
