SECTOR,WEIGHT
COMMUNICATION SERVICES,0.063271990386
CONSUMER DISCRETIONARY,0.037992695065
CONSUMER STAPLES,0.035526665088
ENERGY,0.041154206082
FINANCIALS,0.1068082885
HEALTH CARE,0.083530405702
INDUSTRIALS,0.163353028967
MATERIALS,0.018302988122
REAL ESTATE,0.019836230905
TECHNOLOGY,0.412958073228
UTILITIES,0.017265427956
