SECTOR,WEIGHT
CONSUMER DISCRETIONARY,0.063854585095
CONSUMER STAPLES,0.309410156923
FINANCIALS,0.082976029432
HEALTH CARE,0.251767804543
INDUSTRIALS,0.168440053121
MATERIALS,0.040282161458
TECHNOLOGY,0.083269209428
