SECTOR,WEIGHT
CONSUMER DISCRETIONARY,0.054899530429
CONSUMER STAPLES,0.276782230217
FINANCIALS,0.04554167021
HEALTH CARE,0.262308810935
INDUSTRIALS,0.235874536745
MATERIALS,0.030944335468
TECHNOLOGY,0.093648885997
