SECTOR,WEIGHT
CONSUMER DISCRETIONARY,0.058865893026
CONSUMER STAPLES,0.270772119482
FINANCIALS,0.048283191982
HEALTH CARE,0.273329035618
INDUSTRIALS,0.216350032611
MATERIALS,0.02902299702
TECHNOLOGY,0.103376730262
