SECTOR,WEIGHT
CONSUMER DISCRETIONARY,0.051454708238
CONSUMER STAPLES,0.284919103286
FINANCIALS,0.045619007029
HEALTH CARE,0.259064727987
INDUSTRIALS,0.235496460513
MATERIALS,0.031665164095
TECHNOLOGY,0.091780828852
