SECTOR,WEIGHT
CONSUMER DISCRETIONARY,0.066349848514
CONSUMER STAPLES,0.301670286884
FINANCIALS,0.082405464658
HEALTH CARE,0.235374781476
INDUSTRIALS,0.174765948636
MATERIALS,0.039538103129
TECHNOLOGY,0.099895566704
