SECTOR,WEIGHT
COMMUNICATION SERVICES,0.035951798262
CONSUMER DISCRETIONARY,0.047615226812
CONSUMER STAPLES,0.22290374851
FINANCIALS,0.033109666568
HEALTH CARE,0.34764850282
INDUSTRIALS,0.216983939848
MATERIALS,0.016149020952
TECHNOLOGYQ,0.079638096227
