SECTOR,WEIGHT
COMMUNICATION SERVICES,0.035299445542
CONSUMER DISCRETIONARY,0.048190935928
CONSUMER STAPLES,0.222431442668
FINANCIALS,0.034223529014
HEALTH CARE,0.340099431488
INDUSTRIALS,0.217704074919
MATERIALS,0.015539574379
TECHNOLOGY,0.086511566062
