SECTOR,WEIGHT
CONSUMER DISCRETIONARY,0.066999796043
CONSUMER STAPLES,0.3077707526
FINANCIALS,0.081378747705
HEALTH CARE,0.232000815827
INDUSTRIALS,0.170099938813
MATERIALS,0.039159698144
TECHNOLOGY,0.102590250867
