SECTOR,WEIGHT
COMMUNICATION SERVICES,0.034289334879
CONSUMER DISCRETIONARY,0.049285903915
CONSUMER STAPLES,0.223270803778
FINANCIALS,0.035027489947
HEALTH CARE,0.33481345937
INDUSTRIALS,0.220464217858
MATERIALS,0.01493669685
TECHNOLOGY,0.087912093401
