SECTOR,WEIGHT
CONSUMER DISCRETIONARY,0.059576008315
CONSUMER STAPLES,0.27113211793
FINANCIALS,0.047796797006
HEALTH CARE,0.274016277599
INDUSTRIALS,0.214995727615
MATERIALS,0.029392906453
TECHNOLOGY,0.103090165081
