SECTOR,WEIGHT
CONSUMER DISCRETIONARY,0.056528835392
CONSUMER STAPLES,0.278658840161
FINANCIALS,0.045698661186
HEALTH CARE,0.261357479563
INDUSTRIALS,0.232243966137
MATERIALS,0.030635843251
TECHNOLOGY,0.094876374311
