SECTOR,WEIGHT
COMMUNICATION SERVICES,0.059511742315
CONSUMER DISCRETIONARY,0.167108859905
CONSUMER STAPLES,0.058331332497
ENERGY,0.121270784003
FINANCIALS,0.259718288918
HEALTH CARE,0.032238750192
INDUSTRIALS,0.232861202893
MATERIALS,0.029603673636
TECHNOLOGY,0.039355365641
