SECTOR,WEIGHT
COMMUNICATION SERVICES,0.05509289111
CONSUMER DISCRETIONARY,0.163414806158
CONSUMER STAPLES,0.059222616265
ENERGY,0.132595510599
FINANCIALS,0.250074554687
HEALTH CARE,0.028391230757
INDUSTRIALS,0.24204279842
MATERIALS,0.029338276779
TECHNOLOGY,0.039827315225
