SECTOR,WEIGHT
COMMUNICATION SERVICES,0.059341772152
CONSUMER DISCRETIONARY,0.183493670886
CONSUMER STAPLES,0.059139240506
ENERGY,0.156860759494
FINANCIALS,0.244151898734
HEALTH CARE,0.018025316456
INDUSTRIALS,0.206278481013
MATERIALS,0.027544303797
TECHNOLOGY,0.045164556962
