SECTOR,WEIGHT
COMMUNICATION SERVICES,0.057565787819
CONSUMER DISCRETIONARY,0.167886552158
CONSUMER STAPLES,0.058606805945
ENERGY,0.128676881049
FINANCIALS,0.249725664064
HEALTH CARE,0.02993706618
INDUSTRIALS,0.238554081143
MATERIALS,0.030475176998
TECHNOLOGY,0.038571984643
