SECTOR,WEIGHT
COMMUNICATION SERVICES,0.06724826513
CONSUMER DISCRETIONARY,0.219751240148
CONSUMER STAPLES,0.036148655251
ENERGY,0.13111781483
FINANCIALS,0.288014662699
HEALTH CARE,0.048697728907
INDUSTRIALS,0.153377224064
MATERIALS,0.027722951506
TECHNOLOGY,0.027921457466
