SECTOR,WEIGHT
COMMUNICATION SERVICES,0.057333637793
CONSUMER DISCRETIONARY,0.168129112343
CONSUMER STAPLES,0.059627144253
ENERGY,0.129380924263
FINANCIALS,0.247810355182
HEALTH CARE,0.030793341991
INDUSTRIALS,0.237401054812
MATERIALS,0.031461275451
TECHNOLOGY,0.038063153913
