SECTOR,WEIGHT
COMMUNICATION SERVICES,0.062384606537
CONSUMER DISCRETIONARY,0.068946522003
CONSUMER STAPLES,0.067991089355
FINANCIALS,0.144831280885
HEALTH CARE,0.229393628162
INDUSTRIALS,0.041876602897
MATERIALS,0.03624590637
REAL ESTATE,0.022047592047
TECHNOLOGY,0.321586320868
UTILITIES,0.004696450875
