SECTOR,WEIGHT
COMMUNICATION SERVICES,0.068196041304
CONSUMER DISCRETIONARY,0.067653465664
CONSUMER STAPLES,0.073730112246
FINANCIALS,0.137334820318
HEALTH CARE,0.231761034043
INDUSTRIALS,0.048626210515
MATERIALS,0.040464508934
REAL ESTATE,0.024857185266
TECHNOLOGY,0.29708573698
UTILITIES,0.005387645723
