SECTOR,WEIGHT
COMMUNICATION SERVICES,0.08111904542
CONSUMER DISCRETIONARY,0.063503809405
CONSUMER STAPLES,0.078891035347
FINANCIALS,0.134215768568
HEALTH CARE,0.238607930471
INDUSTRIALS,0.052160938837
MATERIALS,0.048253135681
REAL ESTATE,0.026065408512
TECHNOLOGY,0.27061536855
UTILITIES,0.006567559209
