SECTOR,WEIGHT
COMMUNICATION SERVICES,0.06364743779
CONSUMER DISCRETIONARY,0.067868164996
CONSUMER STAPLES,0.069420836427
FINANCIALS,0.1437102701
HEALTH CARE,0.232752601304
INDUSTRIALS,0.042515589688
MATERIALS,0.0366243049
REAL ESTATE,0.02230970203
TECHNOLOGY,0.316361086286
UTILITIES,0.004790006479
