SECTOR,WEIGHT
COMMUNICATION SERVICES,0.077987061832
CONSUMER DISCRETIONARY,0.062948698661
CONSUMER STAPLES,0.078124467178
FINANCIALS,0.1317667118
HEALTH CARE,0.236847700717
INDUSTRIALS,0.050384634672
MATERIALS,0.043433127727
REAL ESTATE,0.025504237501
TECHNOLOGY,0.286505190311
UTILITIES,0.0064981696
