SECTOR,WEIGHT
COMMUNICATION SERVICES,0.075014284795
CONSUMER DISCRETIONARY,0.065812663973
CONSUMER STAPLES,0.078967752579
FINANCIALS,0.133986342932
HEALTH CARE,0.237169840171
INDUSTRIALS,0.050929316422
MATERIALS,0.04229003364
REAL ESTATE,0.025042653189
TECHNOLOGY,0.284741223905
UTILITIES,0.006045888394
