SECTOR,WEIGHT
COMMUNICATION SERVICES,0.064193451275
CONSUMER DISCRETIONARY,0.067778828253
CONSUMER STAPLES,0.070559735643
FINANCIALS,0.141691359554
HEALTH CARE,0.238851954438
INDUSTRIALS,0.042944982939
MATERIALS,0.036683410508
REAL ESTATE,0.022733565512
TECHNOLOGY,0.309600977043
UTILITIES,0.004961734835
