SECTOR,WEIGHT
COMMUNICATION SERVICES,0.071906521522
CONSUMER DISCRETIONARY,0.0614201538
CONSUMER STAPLES,0.076400679117
FINANCIALS,0.136222910217
HEALTH CARE,0.231399181065
INDUSTRIALS,0.052631578947
MATERIALS,0.04584040747
REAL ESTATE,0.026565464896
TECHNOLOGY,0.291720763008
UTILITIES,0.005892339958
