SECTOR,WEIGHT
COMMUNICATION SERVICES,0.06887451852
CONSUMER DISCRETIONARY,0.066949604256
CONSUMER STAPLES,0.070087395533
FINANCIALS,0.147873442419
HEALTH CARE,0.237460400471
INDUSTRIALS,0.047506361067
MATERIALS,0.038808041596
REAL ESTATE,0.02451500005
TECHNOLOGY,0.292675469914
UTILITIES,0.005249766174
