SECTOR,WEIGHT
COMMUNICATION SERVICES,0.108262967431
CONSUMER DISCRETIONARY,0.102332127061
CONSUMER STAPLES,0.051668677121
ENERGY,0.036288701246
FINANCIALS,0.122637716124
HEALTH CARE,0.08675110575
INDUSTRIALS,0.08514274226
MATERIALS,0.021411338963
REAL ESTATE,0.018094089264
TECHNOLOGY,0.34318455971
UTILITIES,0.02422597507
