SECTOR,WEIGHT
COMMUNICATION SERVICES,0.108022023801
CONSUMER DISCRETIONARY,0.104414296398
CONSUMER STAPLES,0.050587485382
ENERGY,0.031030069414
FINANCIALS,0.137817395189
HEALTH CARE,0.096050472046
INDUSTRIALS,0.078365179508
MATERIALS,0.020078398306
REAL ESTATE,0.017546765443
TECHNOLOGY,0.332441941588
UTILITIES,0.023645972927
