SECTOR,WEIGHT
COMMUNICATION SERVICES,0.109211938067
CONSUMER DISCRETIONARY,0.10296824204
CONSUMER STAPLES,0.047564606933
ENERGY,0.030679000687
FINANCIALS,0.136099513363
HEALTH CARE,0.097386588762
INDUSTRIALS,0.078694680753
MATERIALS,0.020095358267
REAL ESTATE,0.01696396639
TECHNOLOGY,0.337655866362
UTILITIES,0.022680238376
