SECTOR,WEIGHT
COMMUNICATION SERVICES,0.110210693661
CONSUMER DISCRETIONARY,0.10379325012
CONSUMER STAPLES,0.050946376839
ENERGY,0.032684516585
FINANCIALS,0.130423328041
HEALTH CARE,0.096416508376
INDUSTRIALS,0.082113512932
MATERIALS,0.020817977691
REAL ESTATE,0.017461439531
TECHNOLOGY,0.331771373295
UTILITIES,0.02336102293
