SECTOR,WEIGHT
COMMUNICATION SERVICES,0.109091292287
CONSUMER DISCRETIONARY,0.103803276583
CONSUMER STAPLES,0.048356891381
ENERGY,0.030363186017
FINANCIALS,0.136544012268
HEALTH CARE,0.094663409621
INDUSTRIALS,0.07784493037
MATERIALS,0.019870454153
REAL ESTATE,0.017031244355
TECHNOLOGY,0.33926399332
UTILITIES,0.023167309645
