SECTOR,WEIGHT
COMMUNICATION SERVICES,0.109699021534
CONSUMER DISCRETIONARY,0.101744834754
CONSUMER STAPLES,0.050870406967
ENERGY,0.036816636544
FINANCIALS,0.122077115303
HEALTH CARE,0.084674444272
INDUSTRIALS,0.08327519898
MATERIALS,0.021308334556
REAL ESTATE,0.018039408055
TECHNOLOGY,0.347211863027
UTILITIES,0.024282736007
