SECTOR,WEIGHT
COMMUNICATION SERVICES,0.113271311828
CONSUMER DISCRETIONARY,0.102091796775
CONSUMER STAPLES,0.053201976371
ENERGY,0.035161119195
FINANCIALS,0.132103399483
HEALTH CARE,0.093428374588
INDUSTRIALS,0.084067987657
MATERIALS,0.021678110594
REAL ESTATE,0.017220544716
TECHNOLOGY,0.324514807242
UTILITIES,0.023260571551
