SECTOR,WEIGHT
COMMUNICATION SERVICES,0.108933161631
CONSUMER DISCRETIONARY,0.102615781006
CONSUMER STAPLES,0.048757451327
ENERGY,0.03046475004
FINANCIALS,0.136317511109
HEALTH CARE,0.095151154423
INDUSTRIALS,0.077768822412
MATERIALS,0.019814332846
REAL ESTATE,0.017195641068
TECHNOLOGY,0.339681159973
UTILITIES,0.023300234167
