SECTOR,WEIGHT
ENERGY,0.091917064815
INDUSTRIALS,0.431392629597
MATERIALS,0.052396624867
REAL ESTATE,0.051206548489
TECHNOLOGY,0.066470684323
UTILITIES,0.306616447909
