SECTOR,WEIGHT
ENERGY,0.083461017227
INDUSTRIALS,0.433995929881
MATERIALS,0.065514288077
REAL ESTATE,0.047705148262
TECHNOLOGY,0.07677198601
UTILITIES,0.292551630543
