SECTOR,WEIGHT
ENERGY,0.081687773519
INDUSTRIALS,0.431871117803
MATERIALS,0.062017653434
REAL ESTATE,0.047661342261
TECHNOLOGYQ,0.072794281719
UTILITIES,0.303967831264
