SECTOR,WEIGHT
ENERGY,0.084512511245
INDUSTRIALS,0.447121664646
MATERIALS,0.06218688048
REAL ESTATE,0.04799481545
TECHNOLOGY,0.064894159296
UTILITIES,0.293289968883
