SECTOR,WEIGHT
ENERGY,0.083564804177
INDUSTRIALS,0.436738539645
MATERIALS,0.06126450487
REAL ESTATE,0.050254114006
TECHNOLOGY,0.073402671892
UTILITIES,0.29477536541
