SECTOR,WEIGHT
ENERGY,0.09284512405
INDUSTRIALS,0.435896387702
MATERIALS,0.062258986995
REAL ESTATE,0.04997181237
TECHNOLOGY,0.072682224245
UTILITIES,0.286345464638
