SECTOR,WEIGHT
ENERGY,0.096903228897
INDUSTRIALS,0.428988614251
MATERIALS,0.054727231587
REAL ESTATE,0.049052815512
TECHNOLOGY,0.065613420822
UTILITIES,0.304714688931
