SECTOR,WEIGHT
ENERGY,0.088376705386
INDUSTRIALS,0.442163612495
MATERIALS,0.05715387741
REAL ESTATE,0.051830076659
TECHNOLOGY,0.060363408535
UTILITIES,0.300112319515
