SECTOR,WEIGHT
ENERGY,0.081831941785
INDUSTRIALS,0.43634148801
MATERIALS,0.066666257176
REAL ESTATE,0.047175957169
TECHNOLOGY,0.077230471214
UTILITIES,0.290753884647
