SECTOR,WEIGHT
ENERGY,0.083269199878
INDUSTRIALS,0.437849126352
MATERIALS,0.064896089013
REAL ESTATE,0.047582269936
TECHNOLOGY,0.07610961759
UTILITIES,0.29029369723
