SECTOR,WEIGHT
COMMUNICATION SERVICES,0.047535943738
CONSUMER DISCRETIONARY,0.109539392097
CONSUMER STAPLES,0.098700264828
ENERGY,0.221976085513
FINANCIALS,0.199424740173
HEALTH CARE,0.088605214942
MATERIALS,0.029418059478
REAL ESTATE,0.059339171274
TECHNOLOGY,0.038635018042
UTILITIES,0.106826109915
