SECTOR,WEIGHT
CONSUMER DISCRETIONARY,0.081085628611
CONSUMER STAPLES,0.163388127552
ENERGY,0.293567212806
FINANCIALS,0.167245055651
HEALTH CARE,0.08307769041
MATERIALS,0.017781329904
REAL ESTATE,0.078866217376
TECHNOLOGY,0.046442381941
UTILITIES,0.068546355749
