SECTOR,WEIGHT
CONSUMER DISCRETIONARY,0.094224832859
CONSUMER STAPLES,0.175367270721
ENERGY,0.252469130866
FINANCIALS,0.182963596814
HEALTH CARE,0.084650203128
MATERIALS,0.017222937526
REAL ESTATE,0.079450033588
TECHNOLOGY,0.046975464636
UTILITIES,0.066676529861
