SECTOR,WEIGHT
CONSUMER DISCRETIONARY,0.085620362355
CONSUMER STAPLES,0.158608819218
ENERGY,0.287374599092
FINANCIALS,0.17948853942
HEALTH CARE,0.076283780065
MATERIALS,0.01646861037
REAL ESTATE,0.080765939988
TECHNOLOGY,0.049992244532
UTILITIES,0.065397104959
