SECTOR,WEIGHT
CONSUMER DISCRETIONARY,0.081467794353
CONSUMER STAPLES,0.166713236288
ENERGY,0.284146799465
FINANCIALS,0.16860206008
HEALTH CARE,0.083378651083
MATERIALS,0.01757026755
REAL ESTATE,0.080217925799
TECHNOLOGY,0.048586637022
UTILITIES,0.069316628359
