SECTOR,WEIGHT
COMMUNICATION SERVICES,0.048484666657
CONSUMER DISCRETIONARY,0.098926440954
CONSUMER STAPLES,0.096958332708
ENERGY,0.240629234608
FINANCIALS,0.197024836366
HEALTH CARE,0.083998619924
MATERIALS,0.029874643105
REAL ESTATE,0.059132252274
TECHNOLOGY,0.0345509003
UTILITIES,0.110420073104
