SECTOR,WEIGHT
COMMUNICATION SERVICES,0.048913990901
CONSUMER DISCRETIONARY,0.109118848845
CONSUMER STAPLES,0.098512185168
ENERGY,0.218972284222
FINANCIALS,0.198321232977
HEALTH CARE,0.086871658966
MATERIALS,0.027860882008
REAL ESTATE,0.060031539861
TECHNOLOGY,0.042434716015
UTILITIES,0.108962661037
