SECTOR,WEIGHT
COMMUNICATION SERVICES,0.060683538973
CONSUMER DISCRETIONARY,0.119424463375
CONSUMER STAPLES,0.033064154115
ENERGY,0.024500533424
FINANCIALS,0.329609062827
HEALTH CARE,0.042138970382
INDUSTRIALS,0.165886725013
TECHNOLOGY,0.224692551892
