SECTOR,WEIGHT
COMMUNICATION SERVICES,0.065132471272
CONSUMER DISCRETIONARY,0.116076100267
CONSUMER STAPLES,0.028180011071
ENERGY,0.022377943686
FINANCIALS,0.328656825475
HEALTH CARE,0.040605697092
INDUSTRIALS,0.158996625836
TECHNOLOGY,0.239974325302
