SECTOR,WEIGHT
COMMUNICATION SERVICES,0.064029694915
CONSUMER DISCRETIONARY,0.115901019587
CONSUMER STAPLES,0.028238742841
ENERGY,0.018961743332
FINANCIALS,0.349381806219
HEALTH CARE,0.044018664727
INDUSTRIALS,0.159382328276
TECHNOLOGY,0.220086000102
