SECTOR,WEIGHT
COMMUNICATION SERVICES,0.051137692609
CONSUMER DISCRETIONARY,0.108399591655
CONSUMER STAPLES,0.040073924411
ENERGY,0.024285854607
FINANCIALS,0.351872395698
HEALTH CARE,0.044946084526
INDUSTRIALS,0.161417999162
TECHNOLOGY,0.217866457331
