SECTOR,WEIGHT
COMMUNICATION SERVICES,0.063073397522
CONSUMER DISCRETIONARY,0.11893297425
CONSUMER STAPLES,0.02887981581
ENERGY,0.021778455244
FINANCIALS,0.331751904574
HEALTH CARE,0.04169455744
INDUSTRIALS,0.161702761683
TECHNOLOGY,0.232186133476
