SECTOR,WEIGHT
COMMUNICATION SERVICES,0.055383694242
CONSUMER DISCRETIONARY,0.103682267239
CONSUMER STAPLES,0.036822672388
ENERGY,0.024448657819
FINANCIALS,0.340185610219
HEALTH CARE,0.03931743339
INDUSTRIALS,0.162658417324
TECHNOLOGY,0.237501247381
