SECTOR,WEIGHT
COMMUNICATION SERVICES,0.059110467462
CONSUMER DISCRETIONARY,0.11605053181
CONSUMER STAPLES,0.030889909793
ENERGY,0.025012723434
FINANCIALS,0.332682529633
HEALTH CARE,0.043116862871
INDUSTRIALS,0.163705543076
TECHNOLOGY,0.229431431921
