SECTOR,WEIGHT
COMMUNICATION SERVICES,0.049888479093
CONSUMER DISCRETIONARY,0.109305389292
CONSUMER STAPLES,0.038991952202
ENERGY,0.025474695934
FINANCIALS,0.353941796891
HEALTH CARE,0.045319428352
INDUSTRIALS,0.16239807143
TECHNOLOGY,0.214680186805
