SECTOR,WEIGHT
COMMUNICATION SERVICES,0.075470058543
CONSUMER DISCRETIONARY,0.121659281578
CONSUMER STAPLES,0.015274506654
ENERGY,0.029384935994
FINANCIALS,0.340915371718
HEALTH CARE,0.038650624573
INDUSTRIALS,0.13968183104
MATERIALS,0.003996070113
TECHNOLOGY,0.234967319786
