SECTOR,WEIGHT
COMMUNICATION SERVICES,0.063492366628
CONSUMER DISCRETIONARY,0.115665663076
CONSUMER STAPLES,0.028546786816
ENERGY,0.018467196881
FINANCIALS,0.349488020606
HEALTH CARE,0.04364742621
INDUSTRIALS,0.159312113316
TECHNOLOGY,0.221380426467
