SECTOR,WEIGHT
COMMUNICATION SERVICES,0.051996598966
CONSUMER DISCRETIONARY,0.106996916112
CONSUMER STAPLES,0.039431097794
ENERGY,0.024201103093
FINANCIALS,0.348744182628
HEALTH CARE,0.043113948276
INDUSTRIALS,0.162343184909
TECHNOLOGY,0.223172968223
