SECTOR,WEIGHT
COMMUNICATION SERVICES,0.065135156065
CONSUMER DISCRETIONARY,0.116058331142
CONSUMER STAPLES,0.028184469704
ENERGY,0.022378826123
FINANCIALS,0.328663128599
HEALTH CARE,0.040607818827
INDUSTRIALS,0.158998694852
TECHNOLOGY,0.239973574688
