SECTOR,WEIGHT
COMMUNICATION SERVICES,0.060655042286
CONSUMER DISCRETIONARY,0.115900302009
CONSUMER STAPLES,0.033525312028
ENERGY,0.025457435175
FINANCIALS,0.3305388406
HEALTH CARE,0.04300308555
INDUSTRIALS,0.166597861333
TECHNOLOGY,0.224322121019
