SECTOR,WEIGHT
COMMUNICATION SERVICES,0.049889528341
CONSUMER DISCRETIONARY,0.109304704836
CONSUMER STAPLES,0.038992340177
ENERGY,0.025474739435
FINANCIALS,0.353941356323
HEALTH CARE,0.04531819896
INDUSTRIALS,0.16239885958
TECHNOLOGY,0.214680272349
