SECTOR,WEIGHT
COMMUNICATION SERVICES,0.061561039101
CONSUMER DISCRETIONARY,0.116373546055
CONSUMER STAPLES,0.034293701929
ENERGY,0.02549605534
FINANCIALS,0.324498398928
HEALTH CARE,0.041671208108
INDUSTRIALS,0.161603901035
TECHNOLOGY,0.234502149504
