SECTOR,WEIGHT
COMMUNICATION SERVICES,0.060649413481
CONSUMER DISCRETIONARY,0.11676926566
CONSUMER STAPLES,0.030555190132
ENERGY,0.02490143112
FINANCIALS,0.33566423071
HEALTH CARE,0.042722875781
INDUSTRIALS,0.161838007601
TECHNOLOGY,0.226899585515
