SECTOR,WEIGHT
COMMUNICATION SERVICES,0.062492137113
CONSUMER DISCRETIONARY,0.116516335594
CONSUMER STAPLES,0.034981856545
ENERGY,0.023660126721
FINANCIALS,0.32967145045
HEALTH CARE,0.042640146141
INDUSTRIALS,0.163120197454
TECHNOLOGY,0.226917749983
