SECTOR,WEIGHT
COMMUNICATION SERVICES,0.051139758016
CONSUMER DISCRETIONARY,0.108397005801
CONSUMER STAPLES,0.040074769544
ENERGY,0.024285884732
FINANCIALS,0.351870315215
HEALTH CARE,0.044943119259
INDUSTRIALS,0.1614206461
TECHNOLOGY,0.217868501333
