SECTOR,WEIGHT
COMMUNICATION SERVICES,0.053542834267
CONSUMER DISCRETIONARY,0.108086469175
CONSUMER STAPLES,0.036329063251
ENERGY,0.023118494796
FINANCIALS,0.345576461169
HEALTH CARE,0.040132105685
INDUSTRIALS,0.162630104083
TECHNOLOGY,0.230584467574
