SECTOR,WEIGHT
INDUSTRIALS,0.04444017847
REAL ESTATE,0.834890889549
TECHNOLOGY,0.120668931981
