SECTOR,WEIGHT
INDUSTRIALS,0.044818007904
REAL ESTATE,0.838968609381
TECHNOLOGY,0.116213382715
