SECTOR,WEIGHT
REAL ESTATE,0.977054144102
TECHNOLOGY,0.022945855898
