SECTOR,WEIGHT
INDUSTRIALS,0.028968833198
REAL ESTATE,0.882803277256
TECHNOLOGY,0.088227889546
