SECTOR,WEIGHT
REAL ESTATE,0.904446377634
TECHNOLOGY,0.095553622366
