SECTOR,WEIGHT
INDUSTRIALS,0.04529974956
REAL ESTATE,0.837067570968
TECHNOLOGY,0.117632679472
