SECTOR,WEIGHT
INDUSTRIALS,0.044252261841
REAL ESTATE,0.844469979196
TECHNOLOGY,0.111277758963
