SECTOR,WEIGHT
COMMUNICATION SERVICES,0.083135789455
CONSUMER DISCRETIONARY,0.107758323418
CONSUMER STAPLES,0.053937991777
ENERGY,0.037455440974
FINANCIALS,0.133661147285
HEALTH CARE,0.105871372135
INDUSTRIALS,0.096280296517
MATERIALS,0.025433535151
REAL ESTATE,0.02311764165
TECHNOLOGY,0.307475397354
UTILITIES,0.025873064285
