SECTOR,WEIGHT
COMMUNICATION SERVICES,0.094097117663
CONSUMER DISCRETIONARY,0.106426902701
CONSUMER STAPLES,0.045154531724
ENERGY,0.029495287858
FINANCIALS,0.132441499398
HEALTH CARE,0.09717205602
INDUSTRIALS,0.092612801564
MATERIALS,0.024733840794
REAL ESTATE,0.020555102758
TECHNOLOGY,0.333275778332
UTILITIES,0.024035081185
