SECTOR,WEIGHT
COMMUNICATION SERVICES,0.086767604372
CONSUMER DISCRETIONARY,0.109839983788
CONSUMER STAPLES,0.048260114904
ENERGY,0.030138170618
FINANCIALS,0.138831585962
HEALTH CARE,0.10012614608
INDUSTRIALS,0.090551856867
MATERIALS,0.02139510474
REAL ESTATE,0.021736410993
TECHNOLOGY,0.32929988168
UTILITIES,0.023053139996
