SECTOR,WEIGHT
COMMUNICATION SERVICES,0.086712996577
CONSUMER DISCRETIONARY,0.108183798361
CONSUMER STAPLES,0.049994813816
ENERGY,0.037755419562
FINANCIALS,0.132247692148
HEALTH CARE,0.097189088269
INDUSTRIALS,0.092106627943
MATERIALS,0.024167617467
REAL ESTATE,0.023752722747
TECHNOLOGY,0.322373197801
UTILITIES,0.025516025309
