SECTOR,WEIGHT
COMMUNICATION SERVICES,0.083886661879
CONSUMER DISCRETIONARY,0.108181898318
CONSUMER STAPLES,0.052638982377
ENERGY,0.042524740873
FINANCIALS,0.131918230363
HEALTH CARE,0.105763048657
INDUSTRIALS,0.092734210809
MATERIALS,0.024932796464
REAL ESTATE,0.02313518302
TECHNOLOGY,0.306926922386
UTILITIES,0.027357324854
