SECTOR,WEIGHT
COMMUNICATION SERVICES,0.085033649294
CONSUMER DISCRETIONARY,0.111694298744
CONSUMER STAPLES,0.049766065316
ENERGY,0.03236219667
FINANCIALS,0.139261218256
HEALTH CARE,0.10216398403
INDUSTRIALS,0.094290243952
MATERIALS,0.022736207868
REAL ESTATE,0.022199574584
TECHNOLOGY,0.317125212925
UTILITIES,0.023367348361
