SECTOR,WEIGHT
CONSUMER DISCRETIONARY,0.006802154018
ENERGY,0.001157034294
FINANCIALS,0.001908542679
HEALTH CARE,0.004254897953
INDUSTRIALS,0.000992552405
MATERIALS,0.001496616626
REAL ESTATE,0.977455456282
TECHNOLOGY,0.004290525343
UTILITIES,0.001642220401
