SECTOR,WEIGHT
CONSUMER DISCRETIONARY,0.01283480053
ENERGY,0.001128524173
FINANCIALS,0.001687149077
HEALTH CARE,0.003949560071
INDUSTRIALS,0.000344810628
MATERIALS,0.001271568818
REAL ESTATE,0.97336002406
TECHNOLOGY,0.003869722846
UTILITIES,0.001553839797
