SECTOR,WEIGHT
CONSUMER DISCRETIONARY,0.006905890802
ENERGY,0.001128822039
FINANCIALS,0.00186388734
HEALTH CARE,0.004193960407
INDUSTRIALS,0.000551900005
MATERIALS,0.001512338361
REAL ESTATE,0.978039732645
TECHNOLOGY,0.004233546269
UTILITIES,0.001569922133
