SECTOR,WEIGHT
CONSUMER DISCRETIONARY,0.01292161847
ENERGY,0.001133306645
FINANCIALS,0.001680968274
HEALTH CARE,0.003948634182
INDUSTRIALS,0.000340044559
MATERIALS,0.001288898981
REAL ESTATE,0.973189251066
TECHNOLOGY,0.003936617774
UTILITIES,0.001560660049
