SECTOR,WEIGHT
CONSUMER DISCRETIONARY,0.007221303416
ENERGY,0.001136927861
FINANCIALS,0.001936538275
HEALTH CARE,0.004410536374
INDUSTRIALS,0.001001841141
MATERIALS,0.001635251756
REAL ESTATE,0.976749647568
TECHNOLOGY,0.004322158234
UTILITIES,0.001585795376
