SECTOR,WEIGHT
CONSUMER DISCRETIONARY,0.038801933238
CONSUMER STAPLES,0.055182855979
FINANCIALS,0.329962827867
HEALTH CARE,0.049029132674
INDUSTRIALS,0.178382218801
MATERIALS,0.116815297188
REAL ESTATE,0.03692029234
UTILITIES,0.194905441914
