SECTOR,WEIGHT
CONSUMER DISCRETIONARY,0.065223925458
CONSUMER STAPLES,0.037771766356
ENERGY,0.01663160004
FINANCIALS,0.301572988678
HEALTH CARE,0.028754633804
INDUSTRIALS,0.152189159403
MATERIALS,0.137962128043
REAL ESTATE,0.078148482116
TECHNOLOGY,0.020038072337
UTILITIES,0.161707243763
