SECTOR,WEIGHT
CONSUMER DISCRETIONARY,0.040034099412
CONSUMER STAPLES,0.055785656168
FINANCIALS,0.321828529841
HEALTH CARE,0.037205769915
INDUSTRIALS,0.188950196051
MATERIALS,0.126066628778
REAL ESTATE,0.037397936863
UTILITIES,0.192731182972
