SECTOR,WEIGHT
CONSUMER DISCRETIONARY,0.062196743426
CONSUMER STAPLES,0.057574233128
FINANCIALS,0.293975328244
HEALTH CARE,0.031673889552
INDUSTRIALS,0.148756054927
MATERIALS,0.139429400594
REAL ESTATE,0.081205158844
TECHNOLOGY,0.017515538471
UTILITIES,0.167673652814
