SECTOR,WEIGHT
CONSUMER DISCRETIONARY,0.073740502701
CONSUMER STAPLES,0.060270497701
FINANCIALS,0.300033334553
HEALTH CARE,0.028876056441
INDUSTRIALS,0.155762812461
MATERIALS,0.140768361444
REAL ESTATE,0.074964124704
TECHNOLOGY,0.016252627129
UTILITIES,0.149331682866
