SECTOR,WEIGHT
CONSUMER DISCRETIONARY,0.064988937771
CONSUMER STAPLES,0.058499641128
FINANCIALS,0.296433030887
HEALTH CARE,0.030834368769
INDUSTRIALS,0.147793833126
MATERIALS,0.140836931408
REAL ESTATE,0.07685262987
TECHNOLOGY,0.017661790846
UTILITIES,0.166098836194
