SECTOR,WEIGHT
CONSUMER DISCRETIONARY,0.066616680301
CONSUMER STAPLES,0.058261961836
FINANCIALS,0.292940818112
HEALTH CARE,0.032835133624
INDUSTRIALS,0.15407686015
MATERIALS,0.14405649546
REAL ESTATE,0.076583051566
TECHNOLOGY,0.018388326825
UTILITIES,0.156240672126
