SECTOR,WEIGHT
COMMUNICATION SERVICES,0.092779247281
CONSUMER DISCRETIONARY,0.081925810642
CONSUMER STAPLES,0.071770325294
ENERGY,0.060244000973
FINANCIALS,0.183994308607
HEALTH CARE,0.123313630499
INDUSTRIALS,0.14245831472
MATERIALS,0.048986603176
REAL ESTATE,0.040241308581
TECHNOLOGY,0.106331926923
UTILITIES,0.047954523303
