SECTOR,WEIGHT
COMMUNICATION SERVICES,0.082657300603
CONSUMER DISCRETIONARY,0.074903749216
CONSUMER STAPLES,0.074258603579
ENERGY,0.062591591648
FINANCIALS,0.218244518861
HEALTH CARE,0.124371082291
INDUSTRIALS,0.132546649689
MATERIALS,0.042997309689
REAL ESTATE,0.039650599885
TECHNOLOGY,0.10434307573
UTILITIES,0.043435518809
