SECTOR,WEIGHT
COMMUNICATION SERVICES,0.082270774297
CONSUMER DISCRETIONARY,0.075545519339
CONSUMER STAPLES,0.072875966321
ENERGY,0.057388830044
FINANCIALS,0.227094930892
HEALTH CARE,0.122167379089
INDUSTRIALS,0.129971126375
MATERIALS,0.040582555202
REAL ESTATE,0.039713990372
TECHNOLOGY,0.108962144257
UTILITIES,0.043426783812
