SECTOR,WEIGHT
COMMUNICATION SERVICES,0.079163381298
CONSUMER DISCRETIONARY,0.072665652279
CONSUMER STAPLES,0.076651382421
ENERGY,0.077434176315
FINANCIALS,0.200735336551
HEALTH CARE,0.124228415523
INDUSTRIALS,0.130192604234
MATERIALS,0.04222956073
REAL ESTATE,0.04161545073
TECHNOLOGY,0.105420716778
UTILITIES,0.049663323141
