SECTOR,WEIGHT
COMMUNICATION SERVICES,0.087689202825
CONSUMER DISCRETIONARY,0.070232088799
CONSUMER STAPLES,0.071644803229
ENERGY,0.069223007064
FINANCIALS,0.197981836529
HEALTH CARE,0.115539858729
INDUSTRIALS,0.128254288597
MATERIALS,0.04278506559
REAL ESTATE,0.041574167508
TECHNOLOGY,0.130474268416
UTILITIES,0.044601412714
