SECTOR,WEIGHT
COMMUNICATION SERVICES,0.075684943096
CONSUMER DISCRETIONARY,0.073570250531
CONSUMER STAPLES,0.075259751418
ENERGY,0.077768585612
FINANCIALS,0.202952281514
HEALTH CARE,0.124265354852
INDUSTRIALS,0.130571796918
MATERIALS,0.044223005971
REAL ESTATE,0.040954283679
TECHNOLOGY,0.105061515885
UTILITIES,0.049688230523
