SECTOR,WEIGHT
COMMUNICATION SERVICES,0.084668832049
CONSUMER DISCRETIONARY,0.074334982519
CONSUMER STAPLES,0.073340709105
ENERGY,0.064460212685
FINANCIALS,0.216954017012
HEALTH CARE,0.12092090952
INDUSTRIALS,0.13054019611
MATERIALS,0.043634158542
REAL ESTATE,0.03978477855
TECHNOLOGY,0.105125713177
UTILITIES,0.043603138063
