SECTOR,WEIGHT
COMMUNICATION SERVICES,0.082458039936
CONSUMER DISCRETIONARY,0.076796849256
CONSUMER STAPLES,0.0710488294
ENERGY,0.059736962235
FINANCIALS,0.226130325073
HEALTH CARE,0.123831652044
INDUSTRIALS,0.130867589846
MATERIALS,0.040721656811
REAL ESTATE,0.039559527515
TECHNOLOGY,0.105953606255
UTILITIES,0.042894961629
