SECTOR,WEIGHT
COMMUNICATION SERVICES,0.056319289109
CONSUMER DISCRETIONARY,0.10130457744
CONSUMER STAPLES,0.025381963065
ENERGY,0.066991621587
FINANCIALS,0.186919765837
HEALTH CARE,0.016688518373
INDUSTRIALS,0.06579674447
MATERIALS,0.030171666731
REAL ESTATE,0.056085819092
TECHNOLOGY,0.360192240639
UTILITIES,0.034147793657
