SECTOR,WEIGHT
COMMUNICATION SERVICES,0.057595191462
CONSUMER DISCRETIONARY,0.100917888028
CONSUMER STAPLES,0.029052276462
ENERGY,0.091213047953
FINANCIALS,0.17541537338
HEALTH CARE,0.016574476737
INDUSTRIALS,0.069930867927
MATERIALS,0.03316347702
REAL ESTATE,0.042592369745
TECHNOLOGY,0.344976720833
UTILITIES,0.038568310455
