SECTOR,WEIGHT
COMMUNICATION SERVICES,0.054569133927
CONSUMER DISCRETIONARY,0.104185142692
CONSUMER STAPLES,0.027973994026
ENERGY,0.098587036291
FINANCIALS,0.177339865836
HEALTH CARE,0.016856336631
INDUSTRIALS,0.072853938623
MATERIALS,0.032597393201
REAL ESTATE,0.041024527892
TECHNOLOGY,0.335190755269
UTILITIES,0.038821875614
