SECTOR,WEIGHT
COMMUNICATION SERVICES,0.057308922655
CONSUMER DISCRETIONARY,0.101441750583
CONSUMER STAPLES,0.024853723621
ENERGY,0.068323513571
FINANCIALS,0.18159794193
HEALTH CARE,0.016240350247
INDUSTRIALS,0.06489611725
MATERIALS,0.031364756573
REAL ESTATE,0.054444598587
TECHNOLOGY,0.365346167028
UTILITIES,0.034182157954
