SECTOR,WEIGHT
COMMUNICATION SERVICES,0.09064629362
CONSUMER DISCRETIONARY,0.048110675201
CONSUMER STAPLES,0.068242824695
ENERGY,0.105203386331
FINANCIALS,0.149803840595
HEALTH CARE,0.09973157134
INDUSTRIALS,0.090439810035
MATERIALS,0.049246334916
REAL ESTATE,0.036547594466
TECHNOLOGY,0.212265124923
UTILITIES,0.049762543878
