SECTOR,WEIGHT
COMMUNICATION SERVICES,0.058722782339
CONSUMER DISCRETIONARY,0.10112716436
CONSUMER STAPLES,0.028104891991
ENERGY,0.093251857242
FINANCIALS,0.173703096666
HEALTH CARE,0.0169007184
INDUSTRIALS,0.070908904069
MATERIALS,0.031787716514
REAL ESTATE,0.042808164079
TECHNOLOGY,0.342787092676
UTILITIES,0.039897611665
