SECTOR,WEIGHT
COMMUNICATION SERVICES,0.058490702879
CONSUMER DISCRETIONARY,0.100407677952
CONSUMER STAPLES,0.025014326443
ENERGY,0.069931427159
FINANCIALS,0.181141396116
HEALTH CARE,0.015132400846
INDUSTRIALS,0.063803489217
MATERIALS,0.030631517765
REAL ESTATE,0.055015582879
TECHNOLOGY,0.366802899815
UTILITIES,0.033628578929
