SECTOR,WEIGHT
COMMUNICATION SERVICES,0.057132426573
CONSUMER DISCRETIONARY,0.101057071242
CONSUMER STAPLES,0.024951205037
ENERGY,0.067077013442
FINANCIALS,0.183778045632
HEALTH CARE,0.016347587377
INDUSTRIALS,0.064681624337
MATERIALS,0.031919146185
REAL ESTATE,0.053913080721
TECHNOLOGY,0.365186195869
UTILITIES,0.033956603585
