SECTOR,WEIGHT
COMMUNICATION SERVICES,0.097755808987
CONSUMER DISCRETIONARY,0.10136015041
CONSUMER STAPLES,0.030803192357
ENERGY,0.037449606256
FINANCIALS,0.144612247486
HEALTH CARE,0.145657797506
INDUSTRIALS,0.087452048644
MATERIALS,0.020756142606
REAL ESTATE,0.023533189977
TECHNOLOGY,0.271674636474
UTILITIES,0.038945179297
