SECTOR,WEIGHT
COMMUNICATION SERVICES,0.079336761132
CONSUMER DISCRETIONARY,0.096332283561
CONSUMER STAPLES,0.033447475788
ENERGY,0.049409793973
FINANCIALS,0.118819545644
HEALTH CARE,0.14637976654
INDUSTRIALS,0.114325054304
MATERIALS,0.024913229879
REAL ESTATE,0.023518351273
TECHNOLOGY,0.284651470703
UTILITIES,0.028866267203
