SECTOR,WEIGHT
COMMUNICATION SERVICES,0.101576758959
CONSUMER DISCRETIONARY,0.101318720971
CONSUMER STAPLES,0.031832027759
ENERGY,0.028577182729
FINANCIALS,0.13788354305
HEALTH CARE,0.152038919681
INDUSTRIALS,0.098593588071
MATERIALS,0.02323390829
REAL ESTATE,0.022879368289
TECHNOLOGY,0.264141740477
UTILITIES,0.037924241725
