SECTOR,WEIGHT
COMMUNICATION SERVICES,0.098403674655
CONSUMER DISCRETIONARY,0.101582049947
CONSUMER STAPLES,0.034379566028
ENERGY,0.030114790991
FINANCIALS,0.137983264196
HEALTH CARE,0.15364106612
INDUSTRIALS,0.104619770586
MATERIALS,0.023418999714
REAL ESTATE,0.023643627295
TECHNOLOGY,0.254645802193
UTILITIES,0.037567388274
