SECTOR,WEIGHT
COMMUNICATION SERVICES,0.080459502825
CONSUMER DISCRETIONARY,0.09765597749
CONSUMER STAPLES,0.032775726006
ENERGY,0.048340179226
FINANCIALS,0.120076189188
HEALTH CARE,0.146413675156
INDUSTRIALS,0.113836666786
MATERIALS,0.024576509461
REAL ESTATE,0.023271103707
TECHNOLOGY,0.284312088163
UTILITIES,0.02828238199
