SECTOR,WEIGHT
COMMUNICATION SERVICES,0.098163758795
CONSUMER DISCRETIONARY,0.103948716226
CONSUMER STAPLES,0.031501360179
ENERGY,0.027111215597
FINANCIALS,0.147029436953
HEALTH CARE,0.15275247267
INDUSTRIALS,0.094797946298
MATERIALS,0.021457448238
REAL ESTATE,0.023326644389
TECHNOLOGY,0.262537572837
UTILITIES,0.037373427818
