SECTOR,WEIGHT
COMMUNICATION SERVICES,0.098045419208
CONSUMER DISCRETIONARY,0.101354916529
CONSUMER STAPLES,0.031323663634
ENERGY,0.038065463522
FINANCIALS,0.141515354298
HEALTH CARE,0.143304356152
INDUSTRIALS,0.085592134636
MATERIALS,0.019011917313
REAL ESTATE,0.023766978086
TECHNOLOGY,0.279481845118
UTILITIES,0.038537951504
