SECTOR,WEIGHT
COMMUNICATION SERVICES,0.097293502847
CONSUMER DISCRETIONARY,0.103454228739
CONSUMER STAPLES,0.031794711801
ENERGY,0.037146348439
FINANCIALS,0.144800977563
HEALTH CARE,0.146340119075
INDUSTRIALS,0.087777864441
MATERIALS,0.020242830772
REAL ESTATE,0.024075085147
TECHNOLOGY,0.267958297585
UTILITIES,0.039116033591
