SECTOR,WEIGHT
COMMUNICATION SERVICES,0.09802882809
CONSUMER DISCRETIONARY,0.102200356162
CONSUMER STAPLES,0.031977552017
ENERGY,0.038605369073
FINANCIALS,0.140754726014
HEALTH CARE,0.145290534232
INDUSTRIALS,0.085501754269
MATERIALS,0.018994607613
REAL ESTATE,0.025052066041
TECHNOLOGY,0.274120809868
UTILITIES,0.039473396621
