SECTOR,WEIGHT
CONSUMER DISCRETIONARY,0.148999507856
CONSUMER STAPLES,0.028943451488
ENERGY,0.068667050779
FINANCIALS,0.090141321266
HEALTH CARE,0.188503042889
INDUSTRIALS,0.307460778547
MATERIALS,0.055237129242
TECHNOLOGY,0.112047717934
