SECTOR,WEIGHT
CONSUMER DISCRETIONARY,0.14715239898
CONSUMER STAPLES,0.02886119971
ENERGY,0.071192026477
FINANCIALS,0.090792669994
HEALTH CARE,0.178883010441
INDUSTRIALS,0.311251135559
MATERIALS,0.053943540222
TECHNOLOGY,0.117924018617
