SECTOR,WEIGHT
COMMUNICATION SERVICES,0.025526037598
CONSUMER DISCRETIONARY,0.102366181576
CONSUMER STAPLES,0.034248075521
ENERGY,0.037345444108
FINANCIALS,0.037530466125
HEALTH CARE,0.207729719837
INDUSTRIALS,0.291739717026
MATERIALS,0.067557039288
REAL ESTATE,0.015589855193
TECHNOLOGY,0.151908077061
UTILITIES,0.028459386667
