SECTOR,WEIGHT
COMMUNICATION SERVICES,0.023648331077
CONSUMER DISCRETIONARY,0.089512253172
CONSUMER STAPLES,0.032158450218
ENERGY,0.052488734842
FINANCIALS,0.037481524741
HEALTH CARE,0.208088913245
INDUSTRIALS,0.286374009236
MATERIALS,0.06248287476
REAL ESTATE,0.016497230961
TECHNOLOGY,0.167438344137
UTILITIES,0.023829333611
