SECTOR,WEIGHT
COMMUNICATION SERVICES,0.025494543742
CONSUMER DISCRETIONARY,0.105813708105
CONSUMER STAPLES,0.034117742366
ENERGY,0.03730618556
FINANCIALS,0.038471347517
HEALTH CARE,0.214472811721
INDUSTRIALS,0.284408532786
MATERIALS,0.064999034866
REAL ESTATE,0.016526297155
TECHNOLOGY,0.152067137332
UTILITIES,0.02632265885
