SECTOR,WEIGHT
CONSUMER DISCRETIONARY,0.146418034534
CONSUMER STAPLES,0.029815446766
ENERGY,0.071794379265
FINANCIALS,0.090017597937
HEALTH CARE,0.183621813438
INDUSTRIALS,0.309720684028
MATERIALS,0.054339507118
TECHNOLOGY,0.114272536914
