SECTOR,WEIGHT
COMMUNICATION SERVICES,0.006973732242
CONSUMER DISCRETIONARY,0.08848029043
CONSUMER STAPLES,0.029110056556
ENERGY,0.058569149761
FINANCIALS,0.037963986219
HEALTH CARE,0.207456782962
INDUSTRIALS,0.30026552788
MATERIALS,0.062859600258
REAL ESTATE,0.022561368944
TECHNOLOGY,0.161670975452
UTILITIES,0.024088529296
