SECTOR,WEIGHT
CONSUMER DISCRETIONARY,0.21748884979
CONSUMER STAPLES,0.093405697585
ENERGY,0.101788734663
FINANCIALS,0.196906848364
HEALTH CARE,0.007378793047
INDUSTRIALS,0.144848198112
MATERIALS,0.112670378902
REAL ESTATE,0.03075547358
TECHNOLOGY,0.094757025957
