SECTOR,WEIGHT
CONSUMER DISCRETIONARY,0.201546424307
CONSUMER STAPLES,0.093870140858
ENERGY,0.132158828784
FINANCIALS,0.192439903882
HEALTH CARE,0.007072490268
INDUSTRIALS,0.134092611027
MATERIALS,0.115724185912
REAL ESTATE,0.030713955612
TECHNOLOGY,0.092381459349
