SECTOR,WEIGHT
CONSUMER DISCRETIONARY,0.219669711042
CONSUMER STAPLES,0.093867470098
ENERGY,0.106497171164
FINANCIALS,0.205043835391
HEALTH CARE,0.005900028359
INDUSTRIALS,0.141209490729
MATERIALS,0.107914103149
REAL ESTATE,0.032582396254
TECHNOLOGY,0.087315793814
