SECTOR,WEIGHT
CONSUMER DISCRETIONARY,0.213511180117
CONSUMER STAPLES,0.089650025461
ENERGY,0.13066496463
FINANCIALS,0.185161471688
HEALTH CARE,0.006780800471
INDUSTRIALS,0.12925138082
MATERIALS,0.111530061916
REAL ESTATE,0.031392965295
TECHNOLOGY,0.102057149603
