SECTOR,WEIGHT
CONSUMER DISCRETIONARY,0.21325875318
CONSUMER STAPLES,0.094577465282
ENERGY,0.104272818496
FINANCIALS,0.195142619036
HEALTH CARE,0.007711462447
INDUSTRIALS,0.144316798242
MATERIALS,0.116351241708
REAL ESTATE,0.030196558255
TECHNOLOGY,0.094172283355
