SECTOR,WEIGHT
CONSUMER DISCRETIONARY,0.203628149714
CONSUMER STAPLES,0.095121230486
ENERGY,0.125763168571
FINANCIALS,0.192576417027
HEALTH CARE,0.007125077006
INDUSTRIALS,0.134439875589
MATERIALS,0.118066122077
REAL ESTATE,0.03024326233
TECHNOLOGY,0.093036697202
