SECTOR,WEIGHT
CONSUMER DISCRETIONARY,0.219075416533
CONSUMER STAPLES,0.09431772669
ENERGY,0.107932153156
FINANCIALS,0.203934035566
HEALTH CARE,0.005906560397
INDUSTRIALS,0.140242510413
MATERIALS,0.108712151554
REAL ESTATE,0.032629766101
TECHNOLOGY,0.08724967959
