SECTOR,WEIGHT
CONSUMER DISCRETIONARY,0.221678004898
CONSUMER STAPLES,0.090213188081
ENERGY,0.111285998426
FINANCIALS,0.200184198342
HEALTH CARE,0.006172944444
INDUSTRIALS,0.143123711887
MATERIALS,0.109616013456
REAL ESTATE,0.032563706927
TECHNOLOGY,0.08516223354
