SECTOR,WEIGHT
CONSUMER DISCRETIONARY,0.216891554223
CONSUMER STAPLES,0.091254372814
ENERGY,0.122538730635
FINANCIALS,0.185407296352
HEALTH CARE,0.007196401799
INDUSTRIALS,0.133533233383
MATERIALS,0.112543728136
REAL ESTATE,0.031384307846
TECHNOLOGY,0.099250374813
