SECTOR,WEIGHT
CONSUMER DISCRETIONARY,0.218432513786
CONSUMER STAPLES,0.095681338032
ENERGY,0.100875045221
FINANCIALS,0.196649324328
HEALTH CARE,0.005950227556
INDUSTRIALS,0.141674178571
MATERIALS,0.115882530476
REAL ESTATE,0.030713527623
TECHNOLOGY,0.094141314407
