SECTOR,WEIGHT
CONSUMER DISCRETIONARY,0.28095712022
CONSUMER STAPLES,0.052373206327
ENERGY,0.127087837249
FINANCIALS,0.146094735819
HEALTH CARE,0.019561149514
INDUSTRIALS,0.134380296329
MATERIALS,0.068221977002
REAL ESTATE,0.008348843339
TECHNOLOGY,0.115183970221
UTILITIES,0.04779086398
