SECTOR,WEIGHT
CONSUMER DISCRETIONARY,0.212469975981
CONSUMER STAPLES,0.088971176942
ENERGY,0.134407526021
FINANCIALS,0.184147317854
HEALTH CARE,0.006805444355
INDUSTRIALS,0.127001601281
MATERIALS,0.112790232186
REAL ESTATE,0.030824659728
TECHNOLOGY,0.102582065653
