SECTOR,WEIGHT
FINANCIALS,0.404130256374
REAL ESTATE,0.595869743626
