SECTOR,WEIGHT
FINANCIALS,0.415798150654
REAL ESTATE,0.584201849346
