SECTOR,WEIGHT
FINANCIALS,0.407324512911
REAL ESTATE,0.592675487089
