SECTOR,WEIGHT
FINANCIALS,0.408244458637
REAL ESTATE,0.591755541363
