SECTOR,WEIGHT
COMMUNICATION SERVICES,0.089560359396
CONSUMER DISCRETIONARY,0.165231998768
CONSUMER STAPLES,0.030299253892
ENERGY,0.002508642456
FINANCIALS,0.047812131454
HEALTH CARE,0.138902398003
INDUSTRIALS,0.095687080289
MATERIALS,0.026917247221
REAL ESTATE,0.006805553867
TECHNOLOGY,0.396275334655
