SECTOR,WEIGHT
COMMUNICATION SERVICES,0.090277228806
CONSUMER DISCRETIONARY,0.164150182326
CONSUMER STAPLES,0.031018735292
ENERGY,0.002566145127
FINANCIALS,0.047747325919
HEALTH CARE,0.137636389803
INDUSTRIALS,0.097574323955
MATERIALS,0.02724755598
REAL ESTATE,0.00696568541
TECHNOLOGY,0.394816427383
