SECTOR,WEIGHT
COMMUNICATION SERVICES,0.093062307746
CONSUMER DISCRETIONARY,0.16409720725
CONSUMER STAPLES,0.029922536644
ENERGY,0.002314892135
FINANCIALS,0.047634953555
HEALTH CARE,0.142392689516
INDUSTRIALS,0.099858191348
MATERIALS,0.02686266829
REAL ESTATE,0.006502346776
TECHNOLOGY,0.387352206739
