SECTOR,WEIGHT
COMMUNICATION SERVICES,0.083443492766
CONSUMER DISCRETIONARY,0.167468991722
CONSUMER STAPLES,0.030151969408
ENERGY,0.002117490349
FINANCIALS,0.047441095913
HEALTH CARE,0.143216034625
INDUSTRIALS,0.097718333296
MATERIALS,0.026583006229
REAL ESTATE,0.006378787848
TECHNOLOGY,0.395480797844
