SECTOR,WEIGHT
COMMUNICATION SERVICES,0.085904503478
CONSUMER DISCRETIONARY,0.15852301671
CONSUMER STAPLES,0.024583772551
ENERGY,0.001614977631
FINANCIALS,0.046857552114
HEALTH CARE,0.133141338283
INDUSTRIALS,0.086587414069
MATERIALS,0.021049180659
REAL ESTATE,0.004632090745
TECHNOLOGY,0.437106153761
