SECTOR,WEIGHT
COMMUNICATION SERVICES,0.087192343583
CONSUMER DISCRETIONARY,0.167146069872
CONSUMER STAPLES,0.029690273816
ENERGY,0.002179074809
FINANCIALS,0.047910294585
HEALTH CARE,0.143477856025
INDUSTRIALS,0.099513781914
MATERIALS,0.026963647
REAL ESTATE,0.006301402583
TECHNOLOGY,0.389625255811
