SECTOR,WEIGHT
COMMUNICATION SERVICES,0.090429757598
CONSUMER DISCRETIONARY,0.158164870129
CONSUMER STAPLES,0.025711053848
ENERGY,0.001544498078
FINANCIALS,0.048057884401
HEALTH CARE,0.141601842106
INDUSTRIALS,0.08816946733
MATERIALS,0.022387156873
REAL ESTATE,0.004822019784
TECHNOLOGYQ,0.419111449852
