SECTOR,WEIGHT
COMMUNICATION SERVICES,0.036667802658
CONSUMER DISCRETIONARY,0.090787442616
CONSUMER STAPLES,0.075217007798
ENERGY,0.051696970912
FINANCIALS,0.155403644528
HEALTH CARE,0.11734057695
INDUSTRIALS,0.11239500431
MATERIALS,0.018299821583
REAL ESTATE,0.054518573462
TECHNOLOGY,0.257447426979
UTILITIES,0.030225728204
