SECTOR,WEIGHT
COMMUNICATION SERVICES,0.036105472597
CONSUMER DISCRETIONARY,0.0855306791
CONSUMER STAPLES,0.073279136604
ENERGY,0.054476757039
FINANCIALS,0.14959905139
HEALTH CARE,0.121261330064
INDUSTRIALS,0.111813413188
MATERIALS,0.019419378178
REAL ESTATE,0.058163675463
TECHNOLOGYQ,0.263638282051
UTILITIES,0.026712824326
