SECTOR,WEIGHT
COMMUNICATION SERVICES,0.041070495712
CONSUMER DISCRETIONARY,0.093887905293
CONSUMER STAPLES,0.078304289585
ENERGY,0.057053534949
FINANCIALS,0.141197742088
HEALTH CARE,0.102670141211
INDUSTRIALS,0.117035159434
MATERIALS,0.018705827112
REAL ESTATE,0.05683197177
TECHNOLOGY,0.261094928642
UTILITIES,0.032148004204
