SECTOR,WEIGHT
COMMUNICATION SERVICES,0.041759234853
CONSUMER DISCRETIONARY,0.091430060177
CONSUMER STAPLES,0.076531967446
ENERGY,0.058984804739
FINANCIALS,0.13932805419
HEALTH CARE,0.102467003661
INDUSTRIALS,0.116970229257
MATERIALS,0.019472648836
REAL ESTATE,0.057101044261
TECHNOLOGY,0.263498502456
UTILITIES,0.032456450124
