SECTOR,WEIGHT
COMMUNICATION SERVICES,0.039148145028
CONSUMER DISCRETIONARY,0.087702514611
CONSUMER STAPLES,0.08059670361
ENERGY,0.055329257971
FINANCIALS,0.149451671259
HEALTH CARE,0.116382474338
INDUSTRIALS,0.116214004645
MATERIALS,0.019658808759
REAL ESTATE,0.053362775418
TECHNOLOGY,0.250837334489
UTILITIES,0.031316309872
