SECTOR,WEIGHT
COMMUNICATION SERVICES,0.097710480635
CONSUMER DISCRETIONARY,0.077844059317
CONSUMER STAPLES,0.050748473587
ENERGY,0.025573181634
FINANCIALS,0.100952730305
HEALTH CARE,0.076426890527
INDUSTRIALS,0.075817527993
MATERIALS,0.05190205299
REAL ESTATE,0.024877626373
TECHNOLOGY,0.41814697664
