SECTOR,WEIGHT
COMMUNICATION SERVICES,0.167149306959
CONSUMER DISCRETIONARY,0.143470247077
HEALTH CARE,0.196170764606
INDUSTRIALS,0.077342189633
TECHNOLOGY,0.415867491725
