SECTOR,WEIGHT
COMMUNICATION SERVICES,0.138010450881
CONSUMER DISCRETIONARY,0.161024198301
CONSUMER STAPLES,0.011698463182
FINANCIALS,0.011534386559
HEALTH CARE,0.136978969179
INDUSTRIALS,0.082617582411
MATERIALS,0.00930034326
TECHNOLOGY,0.448835606228
