SECTOR,WEIGHT
COMMUNICATION SERVICES,0.171879801451
CONSUMER DISCRETIONARY,0.159384893804
HEALTH CARE,0.202202699172
INDUSTRIALS,0.068009813352
TECHNOLOGY,0.398522792221
