SECTOR,WEIGHT
COMMUNICATION SERVICES,0.141241241241
CONSUMER DISCRETIONARY,0.161061061061
CONSUMER STAPLES,0.011811811812
FINANCIALS,0.010610610611
HEALTH CARE,0.137237237237
INDUSTRIALS,0.081881881882
MATERIALS,0.009209209209
TECHNOLOGY,0.446946946947
