SECTOR,WEIGHT
COMMUNICATION SERVICES,0.172231222688
CONSUMER DISCRETIONARY,0.154103094971
HEALTH CARE,0.196358363745
INDUSTRIALS,0.076997511335
TECHNOLOGY,0.400309807261
