SECTOR,WEIGHT
COMMUNICATION SERVICES,0.134126825365
CONSUMER DISCRETIONARY,0.158531706341
CONSUMER STAPLES,0.01150230046
FINANCIALS,0.01150230046
HEALTH CARE,0.145529105821
INDUSTRIALS,0.085217043409
MATERIALS,0.009301860372
TECHNOLOGY,0.444288857772
