SECTOR,WEIGHT
COMMUNICATION SERVICES,0.164800222453
CONSUMER DISCRETIONARY,0.141401653594
HEALTH CARE,0.202574212663
INDUSTRIALS,0.079509923362
TECHNOLOGY,0.411713987929
