SECTOR,WEIGHT
COMMUNICATION SERVICES,0.170665644359
CONSUMER DISCRETIONARY,0.157593186307
HEALTH CARE,0.201484014266
INDUSTRIALS,0.06823202512
TECHNOLOGY,0.402025129949
