SECTOR,WEIGHT
COMMUNICATION SERVICES,0.170349459164
CONSUMER DISCRETIONARY,0.155655982716
HEALTH CARE,0.205626611774
INDUSTRIALS,0.070730430797
TECHNOLOGY,0.397637515549
