SECTOR,WEIGHT
COMMUNICATION SERVICES,0.168008285883
CONSUMER DISCRETIONARY,0.146173783386
HEALTH CARE,0.195663921384
INDUSTRIALS,0.076825546138
TECHNOLOGY,0.413328463209
