SECTOR,WEIGHT
COMMUNICATION SERVICES,0.10076886098
CONSUMER DISCRETIONARY,0.092166971595
CONSUMER STAPLES,0.055959952188
ENERGY,0.046074453362
FINANCIALS,0.118691220172
HEALTH CARE,0.097149865166
INDUSTRIALS,0.103887058427
MATERIALS,0.019772001257
REAL ESTATE,0.019994801332
TECHNOLOGY,0.316546719269
UTILITIES,0.028988096254
