SECTOR,WEIGHT
COMMUNICATION SERVICES,0.098205189048
CONSUMER DISCRETIONARY,0.098171867664
CONSUMER STAPLES,0.05478843445
ENERGY,0.032734726436
FINANCIALS,0.120646636812
HEALTH CARE,0.100628562485
INDUSTRIALS,0.099955066618
MATERIALS,0.022494963927
REAL ESTATE,0.019275916212
TECHNOLOGY,0.323207334744
UTILITIES,0.029891301604
