SECTOR,WEIGHT
COMMUNICATION SERVICES,0.099303290689
CONSUMER DISCRETIONARY,0.095295697568
CONSUMER STAPLES,0.055124852328
ENERGY,0.033623797167
FINANCIALS,0.119636095601
HEALTH CARE,0.103808677565
INDUSTRIALS,0.103661257914
MATERIALS,0.023243838161
REAL ESTATE,0.019770388845
TECHNOLOGY,0.316852287529
UTILITIES,0.029679816634
