SECTOR,WEIGHT
COMMUNICATION SERVICES,0.095412976526
CONSUMER DISCRETIONARY,0.090212096809
CONSUMER STAPLES,0.049715235288
ENERGY,0.029714011788
FINANCIALS,0.137593655448
HEALTH CARE,0.095117130109
INDUSTRIALS,0.090942185593
MATERIALS,0.023668716197
REAL ESTATE,0.019059529313
TECHNOLOGY,0.341193153612
UTILITIES,0.027371309316
