SECTOR,WEIGHT
COMMUNICATION SERVICES,0.092011056847
CONSUMER DISCRETIONARY,0.087120296854
CONSUMER STAPLES,0.047191121636
ENERGY,0.030314089459
FINANCIALS,0.131948252992
HEALTH CARE,0.091589958201
INDUSTRIALS,0.094972783993
MATERIALS,0.022124723403
REAL ESTATE,0.018330825123
TECHNOLOGY,0.356195313573
UTILITIES,0.028201577917
