SECTOR,WEIGHT
COMMUNICATION SERVICES,0.099440428069
CONSUMER DISCRETIONARY,0.091312786259
CONSUMER STAPLES,0.054807140363
ENERGY,0.043936833401
FINANCIALS,0.116562767192
HEALTH CARE,0.096125747133
INDUSTRIALS,0.106727106323
MATERIALS,0.020006502916
REAL ESTATE,0.019590035284
TECHNOLOGY,0.322809580963
UTILITIES,0.028681072098
