SECTOR,WEIGHT
COMMUNICATION SERVICES,0.096872771003
CONSUMER DISCRETIONARY,0.100212167712
CONSUMER STAPLES,0.053223526706
ENERGY,0.031974471271
FINANCIALS,0.121860740095
HEALTH CARE,0.100818505302
INDUSTRIALS,0.095185921668
MATERIALS,0.022225652418
REAL ESTATE,0.019749858
TECHNOLOGY,0.328426135269
UTILITIES,0.029450250556
