SECTOR,WEIGHT
COMMUNICATION SERVICES,0.097166291944
CONSUMER DISCRETIONARY,0.096134760119
CONSUMER STAPLES,0.046637256326
ENERGY,0.033920371752
FINANCIALS,0.119241072993
HEALTH CARE,0.088705728006
INDUSTRIALS,0.09565705072
MATERIALS,0.0181249155
REAL ESTATE,0.019339719483
TECHNOLOGY,0.365433668998
UTILITIES,0.019639164159
