SECTOR,WEIGHT
COMMUNICATION SERVICES,0.093616521849
CONSUMER DISCRETIONARY,0.08728681113
CONSUMER STAPLES,0.048122854569
ENERGY,0.029143753649
FINANCIALS,0.135374556369
HEALTH CARE,0.094580523751
INDUSTRIALS,0.092493023274
MATERIALS,0.023201248688
REAL ESTATE,0.018605938894
TECHNOLOGY,0.349636768898
UTILITIES,0.027937998929
