SECTOR,WEIGHT
COMMUNICATION SERVICES,0.097026099678
CONSUMER DISCRETIONARY,0.095376178082
CONSUMER STAPLES,0.056424691637
ENERGY,0.0340916439
FINANCIALS,0.116077490745
HEALTH CARE,0.103374205855
INDUSTRIALS,0.107280266412
MATERIALS,0.02393245122
REAL ESTATE,0.02035374804
TECHNOLOGY,0.314224688404
UTILITIES,0.031838536025
