SECTOR,WEIGHT
COMMUNICATION SERVICES,0.042013101372
ENERGY,0.073245702785
INDUSTRIALS,0.744829693269
TECHNOLOGY,0.139911502575
