SECTOR,WEIGHT
COMMUNICATION SERVICES,0.017100940711
ENERGY,0.060322682735
INDUSTRIALS,0.717335219744
TECHNOLOGY,0.20524115681
