SECTOR,WEIGHT
COMMUNICATION SERVICES,0.034356727149
ENERGY,0.06861577808
INDUSTRIALS,0.750302144235
TECHNOLOGY,0.146725350536
