SECTOR,WEIGHT
COMMUNICATION SERVICES,0.054594540546
ENERGY,0.07099290071
INDUSTRIALS,0.715128487151
TECHNOLOGY,0.159284071593
