SECTOR,WEIGHT
COMMUNICATION SERVICES,0.04205526574
ENERGY,0.076672656184
INDUSTRIALS,0.741049984327
TECHNOLOGY,0.140222093748
