SECTOR,WEIGHT
COMMUNICATION SERVICES,0.047787214141
ENERGY,0.072238472056
INDUSTRIALS,0.73376385849
TECHNOLOGY,0.146210455313
