SECTOR,WEIGHT
COMMUNICATION SERVICES,0.018249218815
ENERGY,0.067835005602
INDUSTRIALS,0.696268465174
TECHNOLOGY,0.217647310409
