SECTOR,WEIGHT
COMMUNICATION SERVICES,0.030363727018
ENERGY,0.065615563178
INDUSTRIALS,0.761777094799
TECHNOLOGY,0.142243615005
