SECTOR,WEIGHT
COMMUNICATION SERVICES,0.032459270224
ENERGY,0.074011044094
INDUSTRIALS,0.745316480066
TECHNOLOGY,0.148213205616
