SECTOR,WEIGHT
COMMUNICATION SERVICES,0.035068551362
ENERGY,0.070671190291
INDUSTRIALS,0.750349522091
TECHNOLOGY,0.143910736256
