SECTOR,WEIGHT
COMMUNICATION SERVICES,0.029848750323
ENERGY,0.059184760211
INDUSTRIALS,0.781526998364
TECHNOLOGY,0.129439491103
