SECTOR,WEIGHT
COMMUNICATION SERVICES,0.03683026816
CONSUMER DISCRETIONARY,0.128778045044
CONSUMER STAPLES,0.056502958118
ENERGY,0.038689618565
FINANCIALS,0.191443193356
HEALTH CARE,0.195659511232
INDUSTRIALS,0.150430385183
MATERIALS,0.029824298374
REAL ESTATE,0.05217224939
TECHNOLOGY,0.103382337379
UTILITIES,0.016287135198
