SECTOR,WEIGHT
COMMUNICATION SERVICES,0.034509509785
CONSUMER DISCRETIONARY,0.148231842033
CONSUMER STAPLES,0.044393805809
ENERGY,0.035952105717
FINANCIALS,0.175845832169
HEALTH CARE,0.187651302224
INDUSTRIALS,0.181809138569
MATERIALS,0.024264896337
REAL ESTATE,0.052432309104
TECHNOLOGY,0.099491256147
UTILITIES,0.015418002106
