SECTOR,WEIGHT
COMMUNICATION SERVICES,0.034179317871
CONSUMER DISCRETIONARY,0.143172483186
CONSUMER STAPLES,0.045373491156
ENERGY,0.044302621298
FINANCIALS,0.173963173924
HEALTH CARE,0.177370913114
INDUSTRIALS,0.180674686859
MATERIALS,0.022114425909
REAL ESTATE,0.055711550715
TECHNOLOGY,0.108487948568
UTILITIES,0.014649387399
