SECTOR,WEIGHT
COMMUNICATION SERVICES,0.032375702577
CONSUMER DISCRETIONARY,0.146995933234
CONSUMER STAPLES,0.045338919076
ENERGY,0.04124429891
FINANCIALS,0.174800143537
HEALTH CARE,0.178855957568
INDUSTRIALS,0.180367028977
MATERIALS,0.021932368074
REAL ESTATE,0.054862305895
TECHNOLOGY,0.109071350732
UTILITIES,0.01415599142
