SECTOR,WEIGHT
COMMUNICATION SERVICES,0.042740285644
CONSUMER DISCRETIONARY,0.127662196644
CONSUMER STAPLES,0.056233460664
ENERGY,0.037867409338
FINANCIALS,0.188641809671
HEALTH CARE,0.196278083234
INDUSTRIALS,0.150416745998
MATERIALS,0.028979136428
REAL ESTATE,0.053692769786
TECHNOLOGY,0.101173087919
UTILITIES,0.016315014673
