SECTOR,WEIGHT
COMMUNICATION SERVICES,0.042554371049
CONSUMER DISCRETIONARY,0.128727931086
CONSUMER STAPLES,0.056897334406
ENERGY,0.036665152882
FINANCIALS,0.189384298592
HEALTH CARE,0.19377474255
INDUSTRIALS,0.150874588713
MATERIALS,0.029791215908
REAL ESTATE,0.053450922797
TECHNOLOGY,0.101840364952
UTILITIES,0.016039077065
