SECTOR,WEIGHT
COMMUNICATION SERVICES,0.034665089815
CONSUMER DISCRETIONARY,0.146700204324
CONSUMER STAPLES,0.042657091392
ENERGY,0.033962284103
FINANCIALS,0.177564444751
HEALTH CARE,0.187665620202
INDUSTRIALS,0.178974533815
MATERIALS,0.025012065064
REAL ESTATE,0.052464489192
TECHNOLOGY,0.106046426598
UTILITIES,0.014287750743
