SECTOR,WEIGHT
COMMUNICATION SERVICES,0.033252131925
CONSUMER DISCRETIONARY,0.149811643354
CONSUMER STAPLES,0.043268027569
ENERGY,0.035640970992
FINANCIALS,0.171192218211
HEALTH CARE,0.180846175226
INDUSTRIALS,0.18433345106
MATERIALS,0.025975010284
REAL ESTATE,0.052500579421
TECHNOLOGY,0.108894112814
UTILITIES,0.014285679145
