SECTOR,WEIGHT
COMMUNICATION SERVICES,0.032186918318
CONSUMER DISCRETIONARY,0.148336836728
CONSUMER STAPLES,0.046650450515
ENERGY,0.039487407262
FINANCIALS,0.176805982281
HEALTH CARE,0.175487692391
INDUSTRIALS,0.182844479456
MATERIALS,0.024267313068
REAL ESTATE,0.053597033401
TECHNOLOGY,0.105924326255
UTILITIES,0.014411560326
