SECTOR,WEIGHT
COMMUNICATION SERVICES,0.035504881395
CONSUMER DISCRETIONARY,0.148605169944
CONSUMER STAPLES,0.044271524551
ENERGY,0.034413399315
FINANCIALS,0.175866446087
HEALTH CARE,0.19071453691
INDUSTRIALS,0.180971411367
MATERIALS,0.023863790905
REAL ESTATE,0.053643082503
TECHNOLOGY,0.096132496496
UTILITIES,0.016013260527
