SECTOR,WEIGHT
COMMUNICATION SERVICES,0.073594713918
CONSUMER DISCRETIONARY,0.08026835208
CONSUMER STAPLES,0.062556794572
ENERGY,0.02288087236
FINANCIALS,0.11620306629
HEALTH CARE,0.11230895046
INDUSTRIALS,0.116996155134
MATERIALS,0.0316468078
REAL ESTATE,0.012831641305
TECHNOLOGY,0.328485933779
UTILITIES,0.042226712302
