SECTOR,WEIGHT
COMMUNICATION SERVICES,0.070215335749
CONSUMER DISCRETIONARY,0.078709233251
CONSUMER STAPLES,0.066182360156
ENERGY,0.024973949123
FINANCIALS,0.114349558695
HEALTH CARE,0.110122406389
INDUSTRIALS,0.121615346299
MATERIALS,0.034027382136
REAL ESTATE,0.012871048957
TECHNOLOGY,0.323671310512
UTILITIES,0.043262068734
