SECTOR,WEIGHT
COMMUNICATION SERVICES,0.073237063634
CONSUMER DISCRETIONARY,0.082084353148
CONSUMER STAPLES,0.063467028596
ENERGY,0.02171041747
FINANCIALS,0.119663966632
HEALTH CARE,0.111764312452
INDUSTRIALS,0.116419868866
MATERIALS,0.032278122913
REAL ESTATE,0.012590230085
TECHNOLOGY,0.325172873866
UTILITIES,0.041611762338
