SECTOR,WEIGHT
COMMUNICATION SERVICES,0.087845131833
CONSUMER DISCRETIONARY,0.088683071711
CONSUMER STAPLES,0.065076815553
ENERGY,0.030552822071
FINANCIALS,0.10950392576
HEALTH CARE,0.113087435584
INDUSTRIALS,0.110939870955
MATERIALS,0.027165165607
REAL ESTATE,0.021473983556
TECHNOLOGY,0.303158663166
UTILITIES,0.042513114206
