SECTOR,WEIGHT
COMMUNICATION SERVICES,0.088253174043
CONSUMER DISCRETIONARY,0.087552353833
CONSUMER STAPLES,0.067149379827
ENERGY,0.026904860794
FINANCIALS,0.109069222398
HEALTH CARE,0.114620616412
INDUSTRIALS,0.112316373784
MATERIALS,0.027842575015
REAL ESTATE,0.02255476163
TECHNOLOGY,0.300702967865
UTILITIES,0.043033714399
