SECTOR,WEIGHT
COMMUNICATION SERVICES,0.070738574723
CONSUMER DISCRETIONARY,0.081929029335
CONSUMER STAPLES,0.062271451057
ENERGY,0.022728246123
FINANCIALS,0.1153116679
HEALTH CARE,0.111880649236
INDUSTRIALS,0.121008689921
MATERIALS,0.03372082868
REAL ESTATE,0.012122350395
TECHNOLOGY,0.327717223158
UTILITIES,0.040571289472
