SECTOR,WEIGHT
COMMUNICATION SERVICES,0.087223902253
CONSUMER DISCRETIONARY,0.08828545081
CONSUMER STAPLES,0.064093032331
ENERGY,0.029039169867
FINANCIALS,0.10878117966
HEALTH CARE,0.113846357129
INDUSTRIALS,0.111610687534
MATERIALS,0.027898512222
REAL ESTATE,0.021374849731
TECHNOLOGY,0.305009865955
UTILITIES,0.042836992507
