SECTOR,WEIGHT
COMMUNICATION SERVICES,0.070921498332
CONSUMER DISCRETIONARY,0.082320014486
CONSUMER STAPLES,0.062675095902
ENERGY,0.022459979597
FINANCIALS,0.115909057775
HEALTH CARE,0.112754151613
INDUSTRIALS,0.120114207828
MATERIALS,0.032946920449
REAL ESTATE,0.012324117497
TECHNOLOGY,0.326538174189
UTILITIES,0.041036782331
