SECTOR,WEIGHT
COMMUNICATION SERVICES,0.071645695365
CONSUMER DISCRETIONARY,0.080353374424
CONSUMER STAPLES,0.061710117753
ENERGY,0.022256002646
FINANCIALS,0.117498997882
HEALTH CARE,0.110266764499
INDUSTRIALS,0.116282131494
MATERIALS,0.031873134395
REAL ESTATE,0.012284436661
TECHNOLOGY,0.334917601989
UTILITIES,0.04091174289
