SECTOR,WEIGHT
COMMUNICATION SERVICES,0.062010309381
CONSUMER DISCRETIONARY,0.191405648357
CONSUMER STAPLES,0.013708836984
FINANCIALS,0.061439232857
HEALTH CARE,0.09601186559
INDUSTRIALS,0.180967249611
MATERIALS,0.020234711451
REAL ESTATE,0.01234365405
TECHNOLOGY,0.347024501283
UTILITIES,0.014853990435
