SECTOR,WEIGHT
COMMUNICATION SERVICES,0.061651965905
CONSUMER DISCRETIONARY,0.220694889188
CONSUMER STAPLES,0.004392182497
ENERGY,0.019189857377
FINANCIALS,0.107608972444
HEALTH CARE,0.041874612764
INDUSTRIALS,0.254156081383
REAL ESTATE,0.016525072835
TECHNOLOGY,0.223649411401
UTILITIES,0.050256954205
