SECTOR,WEIGHT
COMMUNICATION SERVICES,0.06635409408
CONSUMER DISCRETIONARY,0.210290666474
CONSUMER STAPLES,0.012890365315
FINANCIALS,0.071745520661
HEALTH CARE,0.107786481486
INDUSTRIALS,0.161534549183
MATERIALS,0.018474021033
REAL ESTATE,0.011606835348
TECHNOLOGY,0.325494990028
UTILITIES,0.013822476392
