SECTOR,WEIGHT
COMMUNICATION SERVICES,0.064441554544
CONSUMER DISCRETIONARY,0.200589206222
CONSUMER STAPLES,0.013589756415
FINANCIALS,0.069267243535
HEALTH CARE,0.101807632671
INDUSTRIALS,0.168902115741
MATERIALS,0.020009003151
REAL ESTATE,0.011440004001
TECHNOLOGY,0.335877557145
UTILITIES,0.014075926574
