SECTOR,WEIGHT
COMMUNICATION SERVICES,0.059631771928
CONSUMER DISCRETIONARY,0.222148027163
CONSUMER STAPLES,0.004258194794
ENERGY,0.018851560753
FINANCIALS,0.108766948307
HEALTH CARE,0.04031097756
INDUSTRIALS,0.255244036572
REAL ESTATE,0.016160485917
TECHNOLOGY,0.226365113884
UTILITIES,0.04826288312
