SECTOR,WEIGHT
COMMUNICATION SERVICES,0.07556847615
CONSUMER DISCRETIONARY,0.157871262078
CONSUMER STAPLES,0.017500805037
FINANCIALS,0.052747426382
HEALTH CARE,0.070291233397
INDUSTRIALS,0.18883868658
MATERIALS,0.015259701946
REAL ESTATE,0.010988505471
TECHNOLOGY,0.399536378673
UTILITIES,0.011397524286
