SECTOR,WEIGHT
COMMUNICATION SERVICES,0.061468546755
CONSUMER DISCRETIONARY,0.235468655052
CONSUMER STAPLES,0.004216561812
ENERGY,0.018875757327
FINANCIALS,0.110145017638
HEALTH CARE,0.040948280184
INDUSTRIALS,0.251450477209
REAL ESTATE,0.016021932138
TECHNOLOGY,0.214012823161
UTILITIES,0.047391948723
