SECTOR,WEIGHT
COMMUNICATION SERVICES,0.066619842177
CONSUMER DISCRETIONARY,0.20683917689
CONSUMER STAPLES,0.013115859595
FINANCIALS,0.071331306273
HEALTH CARE,0.103219984052
INDUSTRIALS,0.163738635306
MATERIALS,0.019369130055
REAL ESTATE,0.011627080963
TECHNOLOGY,0.328998065989
UTILITIES,0.0151409187
