SECTOR,WEIGHT
COMMUNICATION SERVICES,0.068126415705
CONSUMER DISCRETIONARY,0.082052072258
CONSUMER STAPLES,0.148939601728
ENERGY,0.084330554571
FINANCIALS,0.201450503619
HEALTH CARE,0.184655685163
INDUSTRIALS,0.058184507758
MATERIALS,0.094410116544
REAL ESTATE,0.016892408997
TECHNOLOGY,0.021366164846
UTILITIES,0.039591968812
