SECTOR,WEIGHT
COMMUNICATION SERVICES,0.068042221679
CONSUMER DISCRETIONARY,0.081068037109
CONSUMER STAPLES,0.149883279941
ENERGY,0.085321698479
FINANCIALS,0.198818790958
HEALTH CARE,0.186592582064
INDUSTRIALS,0.057127899213
MATERIALS,0.094926179547
REAL ESTATE,0.017102581747
TECHNOLOGY,0.021066871442
UTILITIES,0.040049857819
