SECTOR,WEIGHT
COMMUNICATION SERVICES,0.063799909998
CONSUMER DISCRETIONARY,0.082872074947
CONSUMER STAPLES,0.147166993945
ENERGY,0.087885575192
FINANCIALS,0.196458231059
HEALTH CARE,0.188904230077
INDUSTRIALS,0.058666748486
MATERIALS,0.098841228931
REAL ESTATE,0.017382588774
TECHNOLOGY,0.019521150385
UTILITIES,0.038501268205
