SECTOR,WEIGHT
COMMUNICATION SERVICES,0.075612318106
CONSUMER DISCRETIONARY,0.127433203267
CONSUMER STAPLES,0.160703672647
ENERGY,0.09406889203
FINANCIALS,0.194786429055
HEALTH CARE,0.182882640165
INDUSTRIALS,0.043673797639
MATERIALS,0.044491129927
REAL ESTATE,0.007138035315
TECHNOLOGY,0.032190783519
UTILITIES,0.037019098331
