SECTOR,WEIGHT
COMMUNICATION SERVICES,0.063471436735
CONSUMER DISCRETIONARY,0.072003505968
CONSUMER STAPLES,0.15958863855
ENERGY,0.107750547553
FINANCIALS,0.183391189934
HEALTH CARE,0.166595489829
INDUSTRIALS,0.052681028119
MATERIALS,0.116840846557
REAL ESTATE,0.016794683294
TECHNOLOGY,0.017867419921
UTILITIES,0.043015213541
