SECTOR,WEIGHT
COMMUNICATION SERVICES,0.075178549306
CONSUMER DISCRETIONARY,0.126843280493
CONSUMER STAPLES,0.158657337417
ENERGY,0.103557086929
FINANCIALS,0.188560758131
HEALTH CARE,0.182105688297
INDUSTRIALS,0.042087377614
MATERIALS,0.045167359444
REAL ESTATE,0.007069454698
TECHNOLOGY,0.033546420805
UTILITIES,0.037226686864
