SECTOR,WEIGHT
COMMUNICATION SERVICES,0.062801127037
CONSUMER DISCRETIONARY,0.081121105355
CONSUMER STAPLES,0.153551138543
ENERGY,0.089160705063
FINANCIALS,0.189707348753
HEALTH CARE,0.18644487285
INDUSTRIALS,0.059197062749
MATERIALS,0.102377311986
REAL ESTATE,0.017954867379
TECHNOLOGY,0.018935655589
UTILITIES,0.038748804696
