SECTOR,WEIGHT
CONSUMER DISCRETIONARY,0.064490675508
ENERGY,0.007644149744
INDUSTRIALS,0.782501450477
MATERIALS,0.076410553944
TECHNOLOGY,0.068953170327
