SECTOR,WEIGHT
CONSUMER DISCRETIONARY,0.060198344419
ENERGY,0.007693794581
INDUSTRIALS,0.795268379708
MATERIALS,0.073211462106
TECHNOLOGY,0.063628019186
