SECTOR,WEIGHT
CONSUMER DISCRETIONARY,0.052969329046
ENERGY,0.010083770788
INDUSTRIALS,0.733711048159
MATERIALS,0.138863075376
TECHNOLOGY,0.064372776631
