SECTOR,WEIGHT
CONSUMER DISCRETIONARY,0.056699576552
ENERGY,0.010327101701
INDUSTRIALS,0.739113377795
MATERIALS,0.122689835106
TECHNOLOGY,0.071170108847
