SECTOR,WEIGHT
CONSUMER DISCRETIONARY,0.054907203854
ENERGY,0.009057338384
INDUSTRIALS,0.763266450931
MATERIALS,0.106026289562
TECHNOLOGY,0.064390248229
