SECTOR,WEIGHT
CONSUMER DISCRETIONARY,0.040541323257
INDUSTRIALS,0.744498920511
MATERIALS,0.133249063894
TECHNOLOGY,0.081710692338
