SECTOR,WEIGHT
CONSUMER DISCRETIONARY,0.063287429765
ENERGY,0.007657966995
INDUSTRIALS,0.78978355323
MATERIALS,0.085362279896
TECHNOLOGY,0.053908770114
