SECTOR,WEIGHT
CONSUMER DISCRETIONARY,0.05382827915
CONSUMER STAPLES,0.047481116591
FINANCIALS,0.260403743396
HEALTH CARE,0.086157801542
INDUSTRIALS,0.30728488983
TECHNOLOGY,0.229977430688
UTILITIES,0.014866738802
