SECTOR,WEIGHT
CONSUMER DISCRETIONARY,0.056826197715
CONSUMER STAPLES,0.049084264881
FINANCIALS,0.25661118966
HEALTH CARE,0.07863606447
INDUSTRIALS,0.330140042735
TECHNOLOGY,0.213682480129
UTILITIES,0.015019760411
