SECTOR,WEIGHT
CONSUMER DISCRETIONARY,0.055173456433
CONSUMER STAPLES,0.04849345254
FINANCIALS,0.255445171365
HEALTH CARE,0.082029122373
INDUSTRIALS,0.307370267511
TECHNOLOGY,0.236274978824
UTILITIES,0.015213550954
