SECTOR,WEIGHT
CONSUMER DISCRETIONARY,0.094841063054
CONSUMER STAPLES,0.050234497134
FINANCIALS,0.227201667535
HEALTH CARE,0.050755601876
INDUSTRIALS,0.330067743616
REAL ESTATE,0.022824387702
TECHNOLOGY,0.204689942678
UTILITIES,0.019385096404
