SECTOR,WEIGHT
CONSUMER DISCRETIONARY,0.070953063635
CONSUMER STAPLES,0.051216741393
FINANCIALS,0.253930690946
HEALTH CARE,0.078931948069
INDUSTRIALS,0.329023538479
TECHNOLOGY,0.200260250173
UTILITIES,0.015683767306
