SECTOR,WEIGHT
CONSUMER DISCRETIONARY,0.091956307719
CONSUMER STAPLES,0.054390562201
FINANCIALS,0.229868394488
HEALTH CARE,0.057983020121
INDUSTRIALS,0.317155131325
REAL ESTATE,0.02105417618
TECHNOLOGY,0.207383271135
UTILITIES,0.020209136832
