SECTOR,WEIGHT
CONSUMER DISCRETIONARY,0.062378034482
CONSUMER STAPLES,0.045566419592
FINANCIALS,0.239710035583
HEALTH CARE,0.089674860574
INDUSTRIALS,0.30538228607
TECHNOLOGYQ,0.241424944689
UTILITIES,0.015863419011
