SECTOR,WEIGHT
CONSUMER DISCRETIONARY,0.088785046729
CONSUMER STAPLES,0.052553057929
FINANCIALS,0.250554429031
HEALTH CARE,0.056702499783
INDUSTRIALS,0.315223361595
REAL ESTATE,0.020727592601
TECHNOLOGY,0.198349308874
UTILITIES,0.017104703458
