SECTOR,WEIGHT
CONSUMER DISCRETIONARY,0.056937462829
CONSUMER STAPLES,0.050072500397
FINANCIALS,0.249417972833
HEALTH CARE,0.079551151443
INDUSTRIALS,0.321841561981
TECHNOLOGY,0.227473758178
UTILITIES,0.014705592339
