SECTOR,WEIGHT
CONSUMER DISCRETIONARY,0.056537330456
CONSUMER STAPLES,0.049829441037
FINANCIALS,0.25409331105
HEALTH CARE,0.079374957074
INDUSTRIALS,0.328013295066
TECHNOLOGY,0.217429898081
UTILITIES,0.014721767236
