SECTOR,WEIGHT
COMMUNICATION SERVICES,0.039703738334
CONSUMER DISCRETIONARY,0.096524839773
CONSUMER STAPLES,0.070408997069
ENERGY,0.043372248491
FINANCIALS,0.149066852326
HEALTH CARE,0.128627578209
INDUSTRIALS,0.159449713401
MATERIALS,0.0487143086
REAL ESTATE,0.055852840451
TECHNOLOGY,0.146526804507
UTILITIES,0.061752078839
