SECTOR,WEIGHT
COMMUNICATION SERVICES,0.037147964545
CONSUMER DISCRETIONARY,0.095723934145
CONSUMER STAPLES,0.075561595603
ENERGY,0.047333518683
FINANCIALS,0.142292632938
HEALTH CARE,0.117299483195
INDUSTRIALS,0.168198146566
MATERIALS,0.056927893142
REAL ESTATE,0.060622515214
TECHNOLOGY,0.137486914253
UTILITIES,0.061405401716
