SECTOR,WEIGHT
COMMUNICATION SERVICES,0.04052352367
CONSUMER DISCRETIONARY,0.097728801388
CONSUMER STAPLES,0.071493954091
ENERGY,0.041912236961
FINANCIALS,0.151678239277
HEALTH CARE,0.121389522446
INDUSTRIALS,0.163329068409
MATERIALS,0.051393517652
REAL ESTATE,0.060755447893
TECHNOLOGY,0.137173113782
UTILITIES,0.06262257443
