SECTOR,WEIGHT
COMMUNICATION SERVICES,0.038464356657
CONSUMER DISCRETIONARY,0.092375282679
CONSUMER STAPLES,0.075394997154
ENERGY,0.051198817995
FINANCIALS,0.137763444357
HEALTH CARE,0.117579217745
INDUSTRIALS,0.168324344833
MATERIALS,0.056298825723
REAL ESTATE,0.062114500744
TECHNOLOGY,0.134285481991
UTILITIES,0.066200730121
