SECTOR,WEIGHT
COMMUNICATION SERVICES,0.039129126116
CONSUMER DISCRETIONARY,0.095615531253
CONSUMER STAPLES,0.067021169861
ENERGY,0.04274104545
FINANCIALS,0.155111869168
HEALTH CARE,0.111768837163
INDUSTRIALS,0.156215511187
MATERIALS,0.052272499248
REAL ESTATE,0.0596970001
TECHNOLOGY,0.16173372128
UTILITIES,0.058693689174
