SECTOR,WEIGHT
COMMUNICATION SERVICES,0.03924098794
CONSUMER DISCRETIONARY,0.093921300611
CONSUMER STAPLES,0.071618376209
ENERGY,0.046364275059
FINANCIALS,0.144342940427
HEALTH CARE,0.129607187504
INDUSTRIALS,0.15978427824
MATERIALS,0.047668751548
REAL ESTATE,0.056120672127
TECHNOLOGY,0.148915653919
UTILITIES,0.062415576416
