SECTOR,WEIGHT
COMMUNICATION SERVICES,0.03877332771
CONSUMER DISCRETIONARY,0.091453158812
CONSUMER STAPLES,0.07415362524
ENERGY,0.054329653116
FINANCIALS,0.1357714148
HEALTH CARE,0.115956480045
INDUSTRIALS,0.163312296345
MATERIALS,0.057553985731
REAL ESTATE,0.06241408223
TECHNOLOGY,0.137933354421
UTILITIES,0.06834862155
