SECTOR,WEIGHT
COMMUNICATION SERVICES,0.038121216553
CONSUMER DISCRETIONARY,0.092515699771
CONSUMER STAPLES,0.067304908626
ENERGY,0.045654301522
FINANCIALS,0.154360123535
HEALTH CARE,0.109254775545
INDUSTRIALS,0.156941607572
MATERIALS,0.051726849538
REAL ESTATE,0.060682405338
TECHNOLOGY,0.163136367871
UTILITIES,0.06030174413
