SECTOR,WEIGHT
COMMUNICATION SERVICES,0.035643536606
CONSUMER DISCRETIONARY,0.115051706551
CONSUMER STAPLES,0.071615400554
FINANCIALS,0.14933088289
HEALTH CARE,0.132045649513
INDUSTRIALS,0.167377875742
MATERIALS,0.065727530348
REAL ESTATE,0.075154929465
TECHNOLOGY,0.152394937753
UTILITIES,0.035657550578
