SECTOR,WEIGHT
COMMUNICATION SERVICES,0.034508521363
CONSUMER DISCRETIONARY,0.118828012482
CONSUMER STAPLES,0.074774963994
FINANCIALS,0.14920287246
HEALTH CARE,0.131929108657
INDUSTRIALS,0.17187550008
MATERIALS,0.060088614178
REAL ESTATE,0.073903824612
TECHNOLOGY,0.15038706193
UTILITIES,0.034501520243
