SECTOR,WEIGHT
COMMUNICATION SERVICES,0.038180909545
CONSUMER DISCRETIONARY,0.097451274363
CONSUMER STAPLES,0.076261869065
FINANCIALS,0.15852073963
HEALTH CARE,0.130534732634
INDUSTRIALS,0.170014992504
MATERIALS,0.052673663168
REAL ESTATE,0.071664167916
TECHNOLOGY,0.178110944528
UTILITIES,0.026586706647
