SECTOR,WEIGHT
COMMUNICATION SERVICES,0.038648043642
CONSUMER DISCRETIONARY,0.117544505414
CONSUMER STAPLES,0.07136469934
FINANCIALS,0.162774089137
HEALTH CARE,0.133532246546
INDUSTRIALS,0.169532670645
MATERIALS,0.05142803416
REAL ESTATE,0.072386938544
TECHNOLOGY,0.14990307732
UTILITIES,0.032885695253
