SECTOR,WEIGHT
COMMUNICATION SERVICES,0.036150209369
CONSUMER DISCRETIONARY,0.118143459916
CONSUMER STAPLES,0.070589035941
FINANCIALS,0.156257255863
HEALTH CARE,0.135615577387
INDUSTRIALS,0.171971953338
MATERIALS,0.05587414631
REAL ESTATE,0.073056029272
TECHNOLOGY,0.150301443566
UTILITIES,0.032040889038
