SECTOR,WEIGHT
COMMUNICATION SERVICES,0.03744664921
CONSUMER DISCRETIONARY,0.11954981142
CONSUMER STAPLES,0.068449163604
FINANCIALS,0.161996220402
HEALTH CARE,0.137227640714
INDUSTRIALS,0.168293215141
MATERIALS,0.052914374485
REAL ESTATE,0.071393967057
TECHNOLOGY,0.151280018578
UTILITIES,0.03144893939
