SECTOR,WEIGHT
COMMUNICATION SERVICES,0.036875254674
CONSUMER DISCRETIONARY,0.121289272316
CONSUMER STAPLES,0.070910177638
FINANCIALS,0.157619888129
HEALTH CARE,0.134053244456
INDUSTRIALS,0.170994576638
MATERIALS,0.054692153897
REAL ESTATE,0.072083554009
TECHNOLOGY,0.149557430866
UTILITIES,0.031924447377
