SECTOR,WEIGHT
FINANCIALS,0.960853295359
TECHNOLOGY,0.01293723287
