SECTOR,WEIGHT
FINANCIALS,0.985697893491
TECHNOLOGY,0.014302106509
