SECTOR,WEIGHT
FINANCIALS,0.988172170836
TECHNOLOGY,0.011827829164
