SECTOR,WEIGHT
FINANCIALS,0.986257894284
TECHNOLOGY,0.013742105716
