SECTOR,WEIGHT
FINANCIALS,0.988040744278
TECHNOLOGY,0.011959255722
