SECTOR,WEIGHT
FINANCIALS,0.986737342168
TECHNOLOGY,0.013262657832
