SECTOR,WEIGHT
FINANCIALS,0.986374835742
TECHNOLOGY,0.013625164258
