SECTOR,WEIGHT
FINANCIALS,0.988115410854
TECHNOLOGY,0.011884589146
