SECTOR,WEIGHT
INDUSTRIALS,0.020798574018
REAL ESTATE,0.979201425982
