SECTOR,WEIGHT
INDUSTRIALS,0.029513619786
REAL ESTATE,0.970486380214
