SECTOR,WEIGHT
INDUSTRIALS,0.019943615433
REAL ESTATE,0.980056384567
