SECTOR,WEIGHT
INDUSTRIALS,0.025743482051
REAL ESTATE,0.974256517949
