SECTOR,WEIGHT
INDUSTRIALS,0.031609264155
REAL ESTATE,0.968390735845
