SECTOR,WEIGHT
INDUSTRIALS,0.023717451147
REAL ESTATE,0.976282548853
