SECTOR,WEIGHT
INDUSTRIALS,0.029860543225
REAL ESTATE,0.970139456775
