SECTOR,WEIGHT
COMMUNICATION SERVICES,0.027471735791
CONSUMER DISCRETIONARY,0.094170399037
CONSUMER STAPLES,0.019666734989
ENERGY,0.047318071032
FINANCIALS,0.181337402919
HEALTH CARE,0.181874174295
INDUSTRIALS,0.170709532613
MATERIALS,0.044715389408
REAL ESTATE,0.058350802925
TECHNOLOGY,0.143568585988
UTILITIES,0.030817171002
