SECTOR,WEIGHT
COMMUNICATION SERVICES,0.026305172764
CONSUMER DISCRETIONARY,0.091033733836
CONSUMER STAPLES,0.018122217537
ENERGY,0.047922815511
FINANCIALS,0.17201496046
HEALTH CARE,0.18624842898
INDUSTRIALS,0.175050328259
MATERIALS,0.046638699221
REAL ESTATE,0.055705369123
TECHNOLOGY,0.150518651536
UTILITIES,0.030439622773
