SECTOR,WEIGHT
COMMUNICATION SERVICES,0.025179790123
CONSUMER DISCRETIONARY,0.085816149311
CONSUMER STAPLES,0.018472313952
ENERGY,0.066842379916
FINANCIALS,0.166430208002
HEALTH CARE,0.173846040948
INDUSTRIALS,0.182688779629
MATERIALS,0.048865406097
REAL ESTATE,0.053306140587
TECHNOLOGY,0.148193333496
UTILITIES,0.030359457939
