SECTOR,WEIGHT
COMMUNICATION SERVICES,0.026033690658
CONSUMER DISCRETIONARY,0.080551301685
CONSUMER STAPLES,0.016947422154
ENERGY,0.06043899949
FINANCIALS,0.161204696274
HEALTH CARE,0.162429811128
INDUSTRIALS,0.18989280245
MATERIALS,0.047677386422
REAL ESTATE,0.052884124553
TECHNOLOGY,0.173353751914
UTILITIES,0.028483920368
