SECTOR,WEIGHT
COMMUNICATION SERVICES,0.026927190549
CONSUMER DISCRETIONARY,0.091540212869
CONSUMER STAPLES,0.018810289225
ENERGY,0.047533985255
FINANCIALS,0.174848311519
HEALTH CARE,0.18758494402
INDUSTRIALS,0.171334828042
MATERIALS,0.045373488595
REAL ESTATE,0.056732664283
TECHNOLOGY,0.149125248651
UTILITIES,0.030188836992
