SECTOR,WEIGHT
COMMUNICATION SERVICES,0.025934279992
CONSUMER DISCRETIONARY,0.090835182434
CONSUMER STAPLES,0.0185378755
ENERGY,0.050655182883
FINANCIALS,0.171943991084
HEALTH CARE,0.177977256566
INDUSTRIALS,0.183467507778
MATERIALS,0.049553872517
REAL ESTATE,0.053539373119
TECHNOLOGY,0.147650979361
UTILITIES,0.029904498766
