SECTOR,WEIGHT
COMMUNICATION SERVICES,0.024356404488
CONSUMER DISCRETIONARY,0.089333039095
CONSUMER STAPLES,0.019716019036
ENERGY,0.058305186566
FINANCIALS,0.168365689346
HEALTH CARE,0.171451106357
INDUSTRIALS,0.187854899581
MATERIALS,0.04993880249
REAL ESTATE,0.05504608714
TECHNOLOGY,0.14507181257
UTILITIES,0.030560953333
