SECTOR,WEIGHT
COMMUNICATION SERVICES,0.025149113855
CONSUMER DISCRETIONARY,0.092342845991
CONSUMER STAPLES,0.019526088318
ENERGY,0.057111521307
FINANCIALS,0.171649664773
HEALTH CARE,0.17017885531
INDUSTRIALS,0.187382345407
MATERIALS,0.050144743101
REAL ESTATE,0.05428882754
TECHNOLOGY,0.141287156489
UTILITIES,0.030938837908
