SECTOR,WEIGHT
COMMUNICATION SERVICES,0.02497255679
CONSUMER DISCRETIONARY,0.085853165321
CONSUMER STAPLES,0.018756172811
ENERGY,0.06880728802
FINANCIALS,0.169377352548
HEALTH CARE,0.176381614017
INDUSTRIALS,0.178923614615
MATERIALS,0.048127797194
REAL ESTATE,0.05415663983
TECHNOLOGY,0.143748401057
UTILITIES,0.030895397797
