SECTOR,WEIGHT
COMMUNICATION SERVICES,0.026128578688
CONSUMER DISCRETIONARY,0.083280444228
CONSUMER STAPLES,0.01767788596
ENERGY,0.062738383614
FINANCIALS,0.168863860381
HEALTH CARE,0.165867037809
INDUSTRIALS,0.184148981978
MATERIALS,0.04900830376
REAL ESTATE,0.053792812115
TECHNOLOGY,0.158829555589
UTILITIES,0.02966415588
