SECTOR,WEIGHT
COMMUNICATION SERVICES,0.026485302524
CONSUMER DISCRETIONARY,0.093520565338
CONSUMER STAPLES,0.018863152357
ENERGY,0.050383687344
FINANCIALS,0.174079226252
HEALTH CARE,0.181086262627
INDUSTRIALS,0.171732081523
MATERIALS,0.042830332799
REAL ESTATE,0.057204570862
TECHNOLOGY,0.151220869354
UTILITIES,0.03259394902
