SECTOR,WEIGHT
COMMUNICATION SERVICES,0.018281030694
CONSUMER DISCRETIONARY,0.089180125952
FINANCIALS,0.147223165657
HEALTH CARE,0.14235879515
INDUSTRIALS,0.482171135818
MATERIALS,0.021113720901
TECHNOLOGY,0.099672025829
