SECTOR,WEIGHT
COMMUNICATION SERVICES,0.020493000193
CONSUMER DISCRETIONARY,0.097916524268
FINANCIALS,0.13495574763
HEALTH CARE,0.149621270964
INDUSTRIALS,0.482696733009
MATERIALS,0.017636739098
TECHNOLOGY,0.096679984838
