SECTOR,WEIGHT
COMMUNICATION SERVICES,0.021234454023
CONSUMER DISCRETIONARY,0.101574946587
FINANCIALS,0.113082997169
HEALTH CARE,0.151557940913
INDUSTRIALS,0.500224811858
MATERIALS,0.018481956611
TECHNOLOGY,0.093842892839
