SECTOR,WEIGHT
COMMUNICATION SERVICES,0.018418326705
CONSUMER DISCRETIONARY,0.089496379631
FINANCIALS,0.147962193961
HEALTH CARE,0.142725671029
INDUSTRIALS,0.480087203803
MATERIALS,0.020812136544
TECHNOLOGY,0.100498088327
