SECTOR,WEIGHT
COMMUNICATION SERVICES,0.020452527129
CONSUMER DISCRETIONARY,0.098054485241
FINANCIALS,0.134329741171
HEALTH CARE,0.148987472372
INDUSTRIALS,0.484426616083
MATERIALS,0.017324003636
TECHNOLOGY,0.09642515437
