SECTOR,WEIGHT
COMMUNICATION SERVICES,0.022560391614
CONSUMER DISCRETIONARY,0.088219644567
FINANCIALS,0.136000851336
HEALTH CARE,0.141534532298
INDUSTRIALS,0.491327019261
MATERIALS,0.02160263914
TECHNOLOGY,0.098754921784
