SECTOR,WEIGHT
COMMUNICATION SERVICES,0.075457599447
CONSUMER DISCRETIONARY,0.078301047586
ENERGY,0.039976766821
FINANCIALS,0.079777714985
HEALTH CARE,0.043561165008
INDUSTRIALS,0.149438531496
TECHNOLOGY,0.533487174657
