SECTOR,WEIGHT
COMMUNICATION SERVICES,0.135390118864
CONSUMER DISCRETIONARY,0.198602054826
ENERGY,0.015922383498
FINANCIALS,0.173805794996
HEALTH CARE,0.042672071747
INDUSTRIALS,0.122678663649
TECHNOLOGY,0.31092891242
