SECTOR,WEIGHT
COMMUNICATION SERVICES,0.181030725102
CONSUMER DISCRETIONARY,0.139924572389
FINANCIALS,0.215576258697
HEALTH CARE,0.192900038907
INDUSTRIALS,0.082286997265
TECHNOLOGY,0.18828140764
