SECTOR,WEIGHT
COMMUNICATION SERVICES,0.158440764879
CONSUMER DISCRETIONARY,0.196172151673
FINANCIALS,0.202053185086
HEALTH CARE,0.152401388143
INDUSTRIALS,0.093060197868
TECHNOLOGY,0.19787231235
