SECTOR,WEIGHT
COMMUNICATION SERVICES,0.171148832111
CONSUMER DISCRETIONARY,0.15903089736
ENERGY,0.042739203361
FINANCIALS,0.202766521909
HEALTH CARE,0.188010146889
INDUSTRIALS,0.06685467197
TECHNOLOGY,0.169449726399
