SECTOR,WEIGHT
COMMUNICATION SERVICES,0.112913929995
CONSUMER DISCRETIONARY,0.100110744428
CONSUMER STAPLES,0.055321784175
ENERGY,0.03869297368
FINANCIALS,0.135679071118
HEALTH CARE,0.090577444446
INDUSTRIALS,0.085257072313
MATERIALS,0.023562944793
REAL ESTATE,0.01564744138
TECHNOLOGY,0.321341399455
UTILITIES,0.020895194216
