SECTOR,WEIGHT
COMMUNICATION SERVICES,0.11430124129
CONSUMER DISCRETIONARY,0.106087601325
CONSUMER STAPLES,0.050421550901
ENERGY,0.031758527518
FINANCIALS,0.140618206936
HEALTH CARE,0.091187046706
INDUSTRIALS,0.077463787254
MATERIALS,0.020542226195
REAL ESTATE,0.014911728257
TECHNOLOGY,0.332116083944
UTILITIES,0.020591999675
