SECTOR,WEIGHT
COMMUNICATION SERVICES,0.110758637674
CONSUMER DISCRETIONARY,0.100423304561
CONSUMER STAPLES,0.05619534587
ENERGY,0.039453922986
FINANCIALS,0.13086409037
HEALTH CARE,0.091416223243
INDUSTRIALS,0.086577591706
MATERIALS,0.024499987888
REAL ESTATE,0.016269065864
TECHNOLOGY,0.320785929413
UTILITIES,0.022755900426
