SECTOR,WEIGHT
COMMUNICATION SERVICES,0.113825041913
CONSUMER DISCRETIONARY,0.106328163931
CONSUMER STAPLES,0.051519852806
ENERGY,0.036118570106
FINANCIALS,0.130707139586
HEALTH CARE,0.089112176778
INDUSTRIALS,0.080464338384
MATERIALS,0.022921361462
REAL ESTATE,0.014896917928
TECHNOLOGY,0.331457432622
UTILITIES,0.020710226298
