SECTOR,WEIGHT
COMMUNICATION SERVICES,0.117696691029
CONSUMER DISCRETIONARY,0.105005998517
CONSUMER STAPLES,0.051453385486
ENERGY,0.032025896558
FINANCIALS,0.135617198251
HEALTH CARE,0.094642710458
INDUSTRIALS,0.076523435797
MATERIALS,0.019853419155
REAL ESTATE,0.015389264733
TECHNOLOGYQ,0.330140546834
UTILITIES,0.021651453183
