SECTOR,WEIGHT
COMMUNICATION SERVICES,0.109398237553
CONSUMER DISCRETIONARY,0.100169303073
CONSUMER STAPLES,0.056718547263
ENERGY,0.039367504707
FINANCIALS,0.133700997455
HEALTH CARE,0.092808957928
INDUSTRIALS,0.087461483046
MATERIALS,0.023992000985
REAL ESTATE,0.016744659083
TECHNOLOGY,0.317016472241
UTILITIES,0.022621836666
