SECTOR,WEIGHT
COMMUNICATION SERVICES,0.112339900782
CONSUMER DISCRETIONARY,0.100218174919
CONSUMER STAPLES,0.056597318931
ENERGY,0.041371494771
FINANCIALS,0.131123933849
HEALTH CARE,0.092496276293
INDUSTRIALS,0.088059111073
MATERIALS,0.024256570476
REAL ESTATE,0.016662831955
TECHNOLOGY,0.313871161756
UTILITIES,0.023003225194
