SECTOR,WEIGHT
COMMUNICATION SERVICES,0.115035186792
CONSUMER DISCRETIONARY,0.105419324069
CONSUMER STAPLES,0.050595917622
ENERGY,0.032402291327
FINANCIALS,0.136839328026
HEALTH CARE,0.088795530998
INDUSTRIALS,0.077015185879
MATERIALS,0.019814197503
REAL ESTATE,0.014860140747
TECHNOLOGY,0.338784622332
UTILITIES,0.020438274706
