SECTOR,WEIGHT
COMMUNICATION SERVICES,0.111048273853
CONSUMER DISCRETIONARY,0.103185410605
CONSUMER STAPLES,0.056312750141
ENERGY,0.042945275605
FINANCIALS,0.130521304191
HEALTH CARE,0.087619531304
INDUSTRIALS,0.083846935183
MATERIALS,0.0231272586
REAL ESTATE,0.016416711518
TECHNOLOGY,0.321424380137
UTILITIES,0.023552168863
