SECTOR,WEIGHT
COMMUNICATION SERVICES,0.027583127233
CONSUMER DISCRETIONARY,0.252033727753
CONSUMER STAPLES,0.070064093238
ENERGY,0.082132090264
FINANCIALS,0.113840259929
HEALTH CARE,0.069297277856
INDUSTRIALS,0.202550393612
MATERIALS,0.067963685887
REAL ESTATE,0.031308092074
TECHNOLOGY,0.073107107641
UTILITIES,0.010120144513
