SECTOR,WEIGHT
COMMUNICATION SERVICES,0.029884489493
CONSUMER DISCRETIONARY,0.251726731929
CONSUMER STAPLES,0.069325386901
ENERGY,0.080128195471
FINANCIALS,0.114899861098
HEALTH CARE,0.073122841271
INDUSTRIALS,0.195226918237
MATERIALS,0.06056643436
REAL ESTATE,0.032309999227
TECHNOLOGY,0.077405397588
UTILITIES,0.010227314956
