SECTOR,WEIGHT
COMMUNICATION SERVICES,0.031605162288
CONSUMER DISCRETIONARY,0.230246900425
CONSUMER STAPLES,0.064911196425
ENERGY,0.077413010452
FINANCIALS,0.126202458551
HEALTH CARE,0.114321726608
INDUSTRIALS,0.186585438873
MATERIALS,0.051195633752
REAL ESTATE,0.028652992712
TECHNOLOGY,0.080075950626
UTILITIES,0.008789529287
