SECTOR,WEIGHT
COMMUNICATION SERVICES,0.028504658248
CONSUMER DISCRETIONARY,0.253390919727
CONSUMER STAPLES,0.070047153832
ENERGY,0.085527120785
FINANCIALS,0.113948857862
HEALTH CARE,0.072122205582
INDUSTRIALS,0.194160933814
MATERIALS,0.066276263006
REAL ESTATE,0.030995327089
TECHNOLOGY,0.074304448114
UTILITIES,0.010722111942
