SECTOR,WEIGHT
COMMUNICATION SERVICES,0.029973473199
CONSUMER DISCRETIONARY,0.261001175391
CONSUMER STAPLES,0.067698689359
ENERGY,0.073931883685
FINANCIALS,0.121213188529
HEALTH CARE,0.076918664563
INDUSTRIALS,0.190698109714
MATERIALS,0.058179834801
REAL ESTATE,0.034475783728
TECHNOLOGY,0.076147817476
UTILITIES,0.009761379555
