SECTOR,WEIGHT
COMMUNICATION SERVICES,0.029558993295
CONSUMER DISCRETIONARY,0.266560879761
CONSUMER STAPLES,0.064748223142
ENERGY,0.07719527941
FINANCIALS,0.117578324545
HEALTH CARE,0.076645227723
INDUSTRIALS,0.190562239304
MATERIALS,0.059478989433
REAL ESTATE,0.033080530785
TECHNOLOGY,0.074848258136
UTILITIES,0.009743054466
