SECTOR,WEIGHT
COMMUNICATION SERVICES,0.035371838921
CONSUMER DISCRETIONARY,0.237313374545
CONSUMER STAPLES,0.068336285827
ENERGY,0.090829979441
FINANCIALS,0.121005496745
HEALTH CARE,0.066062081473
INDUSTRIALS,0.194860558527
MATERIALS,0.057852514192
REAL ESTATE,0.032991485002
TECHNOLOGY,0.087351077668
UTILITIES,0.008025307658
