SECTOR,WEIGHT
COMMUNICATION SERVICES,0.007330053218
CONSUMER DISCRETIONARY,0.203032432975
CONSUMER STAPLES,0.10814338789
ENERGY,0.0507079024
FINANCIALS,0.136057837132
HEALTH CARE,0.039361381665
INDUSTRIALS,0.222010241992
MATERIALS,0.065870067276
REAL ESTATE,0.024400040165
TECHNOLOGY,0.126619138468
UTILITIES,0.016467516819
