SECTOR,WEIGHT
COMMUNICATION SERVICES,0.007325923066
CONSUMER DISCRETIONARY,0.203597653304
CONSUMER STAPLES,0.126845982594
ENERGY,0.058801408978
FINANCIALS,0.134522949892
HEALTH CARE,0.041347209748
INDUSTRIALS,0.219146612473
MATERIALS,0.066013317678
REAL ESTATE,0.02445008071
TECHNOLOGY,0.099856581929
UTILITIES,0.018092279627
