SECTOR,WEIGHT
COMMUNICATION SERVICES,0.015031035498
CONSUMER DISCRETIONARY,0.186742764893
CONSUMER STAPLES,0.132694530181
ENERGY,0.06497625519
FINANCIALS,0.125485962421
HEALTH CARE,0.043498769196
INDUSTRIALS,0.216599534918
MATERIALS,0.071770215135
REAL ESTATE,0.023076830634
TECHNOLOGY,0.100942982412
UTILITIES,0.019181119521
