SECTOR,WEIGHT
COMMUNICATION SERVICES,0.017516942337
CONSUMER DISCRETIONARY,0.200770954046
CONSUMER STAPLES,0.125018301133
ENERGY,0.047889804113
FINANCIALS,0.141511382804
HEALTH CARE,0.04310543659
INDUSTRIALS,0.215460998028
MATERIALS,0.068483342459
REAL ESTATE,0.024243737001
TECHNOLOGY,0.09811312808
UTILITIES,0.01788597341
