SECTOR,WEIGHT
COMMUNICATION SERVICES,0.014062317131
CONSUMER DISCRETIONARY,0.197459620103
CONSUMER STAPLES,0.130683119718
ENERGY,0.055094914139
FINANCIALS,0.128273379928
HEALTH CARE,0.041495739192
INDUSTRIALS,0.22339358183
MATERIALS,0.071066817513
REAL ESTATE,0.021352555234
TECHNOLOGY,0.099030402334
UTILITIES,0.018087552879
