SECTOR,WEIGHT
COMMUNICATION SERVICES,0.074056463715
CONSUMER DISCRETIONARY,0.115811405093
CONSUMER STAPLES,0.115170410317
ENERGY,0.073349262906
FINANCIALS,0.157440956256
HEALTH CARE,0.190452688767
INDUSTRIALS,0.092617224804
MATERIALS,0.02672215936
REAL ESTATE,0.00920765422
TECHNOLOGY,0.11971154232
UTILITIES,0.025460232243
