SECTOR,WEIGHT
COMMUNICATION SERVICES,0.07441111448
CONSUMER DISCRETIONARY,0.117834330957
CONSUMER STAPLES,0.115567340071
ENERGY,0.064936538311
FINANCIALS,0.156732601498
HEALTH CARE,0.203413738888
INDUSTRIALS,0.094854191724
MATERIALS,0.021528381561
REAL ESTATE,0.008552920884
TECHNOLOGY,0.117604419126
UTILITIES,0.0245644225
