SECTOR,WEIGHT
COMMUNICATION SERVICES,0.07642217354
CONSUMER DISCRETIONARY,0.11785038989
CONSUMER STAPLES,0.115514775953
ENERGY,0.064032652305
FINANCIALS,0.158864012124
HEALTH CARE,0.198194100487
INDUSTRIALS,0.0950597891
MATERIALS,0.025330492894
REAL ESTATE,0.009376669823
TECHNOLOGY,0.113703442439
UTILITIES,0.025651501445
