SECTOR,WEIGHT
COMMUNICATION SERVICES,0.075057706616
CONSUMER DISCRETIONARY,0.110787677757
CONSUMER STAPLES,0.126073162563
ENERGY,0.075050687566
FINANCIALS,0.150154519366
HEALTH CARE,0.190607308235
INDUSTRIALS,0.102348774574
MATERIALS,0.028314846493
REAL ESTATE,0.009440621848
TECHNOLOGY,0.107201946082
UTILITIES,0.024962748901
