SECTOR,WEIGHT
COMMUNICATION SERVICES,0.073002165037
CONSUMER DISCRETIONARY,0.117353266955
CONSUMER STAPLES,0.121298379137
ENERGY,0.069578712275
FINANCIALS,0.14780249713
HEALTH CARE,0.200915266026
INDUSTRIALS,0.099395719377
MATERIALS,0.027103171971
REAL ESTATE,0.009530586932
TECHNOLOGY,0.10869713801
UTILITIES,0.025323097149
