SECTOR,WEIGHT
COMMUNICATION SERVICES,0.076143815074
CONSUMER DISCRETIONARY,0.108239956245
CONSUMER STAPLES,0.127003191483
ENERGY,0.078503869648
FINANCIALS,0.143182988374
HEALTH CARE,0.19543275347
INDUSTRIALS,0.102526139908
MATERIALS,0.028100276275
REAL ESTATE,0.009430201085
TECHNOLOGY,0.104249099954
UTILITIES,0.027187708483
