SECTOR,WEIGHT
COMMUNICATION SERVICES,0.075118810363
CONSUMER DISCRETIONARY,0.111099087292
CONSUMER STAPLES,0.126169942656
ENERGY,0.0752360426
FINANCIALS,0.145444124811
HEALTH CARE,0.193419163363
INDUSTRIALS,0.102209476974
MATERIALS,0.028387235113
REAL ESTATE,0.009421664317
TECHNOLOGY,0.106075134842
UTILITIES,0.027419317668
