SECTOR,WEIGHT
COMMUNICATION SERVICES,0.074996818475
CONSUMER DISCRETIONARY,0.115395676533
CONSUMER STAPLES,0.114607059078
ENERGY,0.066613624544
FINANCIALS,0.151616966398
HEALTH CARE,0.21018909784
INDUSTRIALS,0.092685097134
MATERIALS,0.021502100809
REAL ESTATE,0.008760968747
TECHNOLOGY,0.117986991319
UTILITIES,0.025645599124
