SECTOR,WEIGHT
COMMUNICATION SERVICES,0.074874874875
CONSUMER DISCRETIONARY,0.119419419419
CONSUMER STAPLES,0.10980980981
ENERGY,0.062862862863
FINANCIALS,0.154954954955
HEALTH CARE,0.190890890891
INDUSTRIALS,0.091691691692
MATERIALS,0.026226226226
REAL ESTATE,0.009409409409
TECHNOLOGY,0.136836836837
UTILITIES,0.023023023023
