SECTOR,WEIGHT
COMMUNICATION SERVICES,0.074776743131
CONSUMER DISCRETIONARY,0.120046629409
CONSUMER STAPLES,0.115178856515
ENERGY,0.067210007049
FINANCIALS,0.156348085925
HEALTH CARE,0.200675142429
INDUSTRIALS,0.095813193191
MATERIALS,0.025992581868
REAL ESTATE,0.009261620703
TECHNOLOGY,0.10996869283
UTILITIES,0.024728446952
