SECTOR,WEIGHT
CONSUMER DISCRETIONARY,0.010987042532
ENERGY,0.004131496487
FINANCIALS,0.001554589109
HEALTH CARE,0.002828968329
MATERIALS,0.001312764136
REAL ESTATE,0.975182872139
TECHNOLOGY,0.004002267269
