SECTOR,WEIGHT
CONSUMER DISCRETIONARY,0.011712895477
ENERGY,0.004545034595
FINANCIALS,0.001615527542
HEALTH CARE,0.00309760404
MATERIALS,0.001333227257
REAL ESTATE,0.973381649455
TECHNOLOGY,0.004314061634
