SECTOR,WEIGHT
CONSUMER DISCRETIONARY,0.011952207752
ENERGY,0.004991487386
FINANCIALS,0.001853151878
HEALTH CARE,0.003423010591
MATERIALS,0.001509054326
REAL ESTATE,0.971264399584
TECHNOLOGY,0.005006688483
