SECTOR,WEIGHT
CONSUMER DISCRETIONARY,0.012158566892
ENERGY,0.004808627582
FINANCIALS,0.001754943571
HEALTH CARE,0.003293430401
MATERIALS,0.001438478337
REAL ESTATE,0.971979811984
TECHNOLOGY,0.004566141234
