SECTOR,WEIGHT
CONSUMER DISCRETIONARY,0.012720741472
ENERGY,0.004928978831
FINANCIALS,0.001813919052
HEALTH CARE,0.003418065153
MATERIALS,0.001615114621
REAL ESTATE,0.97071816387
TECHNOLOGY,0.004785017001
