SECTOR,WEIGHT
CONSUMER DISCRETIONARY,0.0125778558
ENERGY,0.004664554279
FINANCIALS,0.001741904627
HEALTH CARE,0.003262334641
MATERIALS,0.001623694251
REAL ESTATE,0.971139004533
TECHNOLOGY,0.004990651869
