SECTOR,WEIGHT
CONSUMER DISCRETIONARY,0.012468353226
ENERGY,0.004659656107
FINANCIALS,0.00174312201
HEALTH CARE,0.003188472008
MATERIALS,0.001631627467
REAL ESTATE,0.971702140967
TECHNOLOGY,0.004606628215
