SECTOR,WEIGHT
CONSUMER DISCRETIONARY,0.012108124783
ENERGY,0.004913761286
FINANCIALS,0.001793082173
HEALTH CARE,0.003307974946
MATERIALS,0.001462560114
REAL ESTATE,0.971674259493
TECHNOLOGY,0.004740237205
