SECTOR,WEIGHT
COMMUNICATION SERVICES,0.018664206769
CONSUMER DISCRETIONARY,0.082434168629
CONSUMER STAPLES,0.041109093717
ENERGY,0.031074042189
FINANCIALS,0.192504846961
HEALTH CARE,0.221997381985
INDUSTRIALS,0.222978380686
MATERIALS,0.003822059754
REAL ESTATE,0.030834848061
TECHNOLOGY,0.150559078426
UTILITIES,0.004021892823
