SECTOR,WEIGHT
COMMUNICATION SERVICES,0.006764504017
CONSUMER DISCRETIONARY,0.074559933788
CONSUMER STAPLES,0.037557026929
ENERGY,0.030203076426
FINANCIALS,0.20163813638
HEALTH CARE,0.231441519641
INDUSTRIALS,0.214694779765
MATERIALS,0.004151358553
REAL ESTATE,0.038048568775
TECHNOLOGY,0.156918930922
UTILITIES,0.004022164803
