SECTOR,WEIGHT
COMMUNICATION SERVICES,0.018688564378
CONSUMER DISCRETIONARY,0.08326018365
CONSUMER STAPLES,0.041423283848
ENERGY,0.030293070669
FINANCIALS,0.194315561668
HEALTH CARE,0.22466526435
INDUSTRIALS,0.216009667894
MATERIALS,0.003786254601
REAL ESTATE,0.030227337082
TECHNOLOGY,0.153377695077
UTILITIES,0.003953116783
