SECTOR,WEIGHT
COMMUNICATION SERVICES,0.00686850876
CONSUMER DISCRETIONARY,0.07540531162
CONSUMER STAPLES,0.036169371434
ENERGY,0.031963935537
FINANCIALS,0.202091924433
HEALTH CARE,0.230925740617
INDUSTRIALS,0.218180314243
MATERIALS,0.004190304801
REAL ESTATE,0.03705302743
TECHNOLOGY,0.153445451391
UTILITIES,0.003706109735
