SECTOR,WEIGHT
COMMUNICATION SERVICES,0.027394630076
CONSUMER DISCRETIONARY,0.104514403831
CONSUMER STAPLES,0.044760029481
ENERGY,0.040608934005
FINANCIALS,0.164050773168
HEALTH CARE,0.241770560723
INDUSTRIALS,0.195884505344
MATERIALS,0.032945757752
REAL ESTATE,0.038777891892
TECHNOLOGY,0.109292513728
