SECTOR,WEIGHT
COMMUNICATION SERVICES,0.007337436029
CONSUMER DISCRETIONARY,0.078877187226
CONSUMER STAPLES,0.037635494984
ENERGY,0.025320406375
FINANCIALS,0.201792995274
HEALTH CARE,0.254798593133
INDUSTRIALS,0.211482212094
MATERIALS,0.004082355342
REAL ESTATE,0.035202687292
TECHNOLOGY,0.139764401781
UTILITIES,0.003706230469
