SECTOR,WEIGHT
COMMUNICATION SERVICES,0.008881838352
CONSUMER DISCRETIONARY,0.079920201356
CONSUMER STAPLES,0.038472303374
ENERGY,0.021380765789
FINANCIALS,0.194396321009
HEALTH CARE,0.272050861932
INDUSTRIALS,0.187696381072
MATERIALS,0.004293314157
REAL ESTATE,0.033615127829
TECHNOLOGY,0.155790202704
UTILITIES,0.003502682428
