SECTOR,WEIGHT
COMMUNICATION SERVICES,0.044139715291
CONSUMER DISCRETIONARY,0.302307045167
CONSUMER STAPLES,0.069414388653
ENERGY,0.073639900735
FINANCIALS,0.07567626788
HEALTH CARE,0.060583430243
INDUSTRIALS,0.19883225501
MATERIALS,0.074119341568
REAL ESTATE,0.03416392856
TECHNOLOGY,0.062780616117
UTILITIES,0.004343110777
