SECTOR,WEIGHT
COMMUNICATION SERVICES,0.043681352095
CONSUMER DISCRETIONARY,0.298167244816
CONSUMER STAPLES,0.069012033079
ENERGY,0.075214029177
FINANCIALS,0.075537698989
HEALTH CARE,0.062278293717
INDUSTRIALS,0.199747497339
MATERIALS,0.073939453641
REAL ESTATE,0.034351217933
TECHNOLOGY,0.063608154469
UTILITIES,0.004463024745
