SECTOR,WEIGHT
COMMUNICATION SERVICES,0.041659548554
CONSUMER DISCRETIONARY,0.288861376686
CONSUMER STAPLES,0.071618930092
ENERGY,0.077481574975
FINANCIALS,0.07494116252
HEALTH CARE,0.057990340805
INDUSTRIALS,0.211595857359
MATERIALS,0.078207119988
REAL ESTATE,0.031886798899
TECHNOLOGY,0.060868403017
UTILITIES,0.004888887102
