SECTOR,WEIGHT
COMMUNICATION SERVICES,0.044006166831
CONSUMER DISCRETIONARY,0.277985447659
CONSUMER STAPLES,0.067512389992
ENERGY,0.086485850086
FINANCIALS,0.08089043522
HEALTH CARE,0.064990241264
INDUSTRIALS,0.201515116146
MATERIALS,0.071718339421
REAL ESTATE,0.033830286287
TECHNOLOGY,0.066025489434
UTILITIES,0.005040237661
