SECTOR,WEIGHT
COMMUNICATION SERVICES,0.046550093567
CONSUMER DISCRETIONARY,0.293318510172
CONSUMER STAPLES,0.072441998511
ENERGY,0.072147212105
FINANCIALS,0.083987967081
HEALTH CARE,0.062209992555
INDUSTRIALS,0.194717991026
MATERIALS,0.0721160231
REAL ESTATE,0.036092721895
TECHNOLOGY,0.062480632634
UTILITIES,0.003936857356
