SECTOR,WEIGHT
COMMUNICATION SERVICES,0.045864868626
CONSUMER DISCRETIONARY,0.271598480008
CONSUMER STAPLES,0.068013639702
ENERGY,0.09663588558
FINANCIALS,0.082043395542
HEALTH CARE,0.067568734325
INDUSTRIALS,0.189019775942
MATERIALS,0.073779125812
REAL ESTATE,0.033446117185
TECHNOLOGY,0.067092340212
UTILITIES,0.004937637065
