SECTOR,WEIGHT
FINANCIALS,0.924548994851
REAL ESTATE,0.052910297574
TECHNOLOGY,0.022540707575
