SECTOR,WEIGHT
FINANCIALS,0.962473257812
REAL ESTATE,0.02203606375
TECHNOLOGYQ,0.015490678437
