SECTOR,WEIGHT
COMMUNICATION SERVICES,0.117688301282
CONSUMER DISCRETIONARY,0.070012019231
ENERGY,0.026241987179
FINANCIALS,0.077524038462
HEALTH CARE,0.055088141026
INDUSTRIALS,0.098958333333
MATERIALS,0.010016025641
REAL ESTATE,0.00390625
TECHNOLOGY,0.532051282051
UTILITIES,0.008513621795
