SECTOR,WEIGHT
COMMUNICATION SERVICES,0.114586456543
CONSUMER DISCRETIONARY,0.077110520207
ENERGY,0.039812380027
FINANCIALS,0.089064030859
HEALTH CARE,0.066157039963
INDUSTRIALS,0.09566949655
MATERIALS,0.010544891334
REAL ESTATE,0.004231560721
TECHNOLOGY,0.492749943158
UTILITIES,0.010073680637
