SECTOR,WEIGHT
COMMUNICATION SERVICES,0.113571611584
CONSUMER DISCRETIONARY,0.089483360132
ENERGY,0.025219950555
FINANCIALS,0.083931130609
HEALTH CARE,0.078129728963
INDUSTRIALS,0.082910709898
MATERIALS,0.005929281684
REAL ESTATE,0.005100508855
TECHNOLOGY,0.506754255233
UTILITIES,0.008969462486
