SECTOR,WEIGHT
COMMUNICATION SERVICES,0.121922750971
CONSUMER DISCRETIONARY,0.089218759344
ENERGY,0.02792327386
FINANCIALS,0.0831692389
HEALTH CARE,0.080969048402
INDUSTRIALS,0.086349542937
MATERIALS,0.006890825091
REAL ESTATE,0.004551293891
TECHNOLOGY,0.491612370687
UTILITIES,0.007392895917
