SECTOR,WEIGHT
COMMUNICATION SERVICES,0.121319774548
CONSUMER DISCRETIONARY,0.078531439984
ENERGY,0.034286014916
FINANCIALS,0.086819159258
HEALTH CARE,0.06684260605
INDUSTRIALS,0.094661949645
MATERIALS,0.011431499421
REAL ESTATE,0.004359691142
TECHNOLOGY,0.491254795105
UTILITIES,0.01049306993
