SECTOR,WEIGHT
COMMUNICATION SERVICES,0.119126340046
CONSUMER DISCRETIONARY,0.075343151989
ENERGY,0.030658250676
FINANCIALS,0.082356477307
HEALTH CARE,0.057709648332
INDUSTRIALS,0.097785793007
MATERIALS,0.010720368701
REAL ESTATE,0.004207995191
TECHNOLOGY,0.512874461477
UTILITIES,0.009217513275
