SECTOR,WEIGHT
COMMUNICATION SERVICES,0.121208418326
CONSUMER DISCRETIONARY,0.074789574053
ENERGY,0.033639207748
FINANCIALS,0.085718353191
HEALTH CARE,0.063055117718
INDUSTRIALS,0.096383446103
MATERIALS,0.011478448695
REAL ESTATE,0.00411946206
TECHNOLOGY,0.499818947453
UTILITIES,0.009789024654
