SECTOR,WEIGHT
COMMUNICATION SERVICES,0.117632123079
CONSUMER DISCRETIONARY,0.087444752415
ENERGY,0.02648446345
FINANCIALS,0.081708669731
HEALTH CARE,0.080782512207
INDUSTRIALS,0.085118490255
MATERIALS,0.005571386237
REAL ESTATE,0.00530294389
TECHNOLOGY,0.500809239151
UTILITIES,0.009145419585
