SECTOR,WEIGHT
COMMUNICATION SERVICES,0.117143408423
CONSUMER DISCRETIONARY,0.087017318725
ENERGY,0.026144898908
FINANCIALS,0.082654286386
HEALTH CARE,0.08515339889
INDUSTRIALS,0.083497185686
MATERIALS,0.005572579542
REAL ESTATE,0.005380600785
TECHNOLOGY,0.498192072237
UTILITIES,0.009244250418
