SECTOR,WEIGHT
COMMUNICATION SERVICES,0.114964691807
CONSUMER DISCRETIONARY,0.089604377891
ENERGY,0.025519491385
FINANCIALS,0.079572362208
HEALTH CARE,0.080820700771
INDUSTRIALS,0.084884063076
MATERIALS,0.007047504031
REAL ESTATE,0.004790351862
TECHNOLOGY,0.504839710696
UTILITIES,0.007956746273
