SECTOR,WEIGHT
COMMUNICATION SERVICES,0.11362307529
CONSUMER DISCRETIONARY,0.0909612395
ENERGY,0.024248625007
FINANCIALS,0.079801411114
HEALTH CARE,0.078588173721
INDUSTRIALS,0.08550744602
MATERIALS,0.00674514005
REAL ESTATE,0.004869858627
TECHNOLOGY,0.506633524027
UTILITIES,0.009021506644
