SECTOR,WEIGHT
COMMUNICATION SERVICES,0.015454696269
INDUSTRIALS,0.957139792831
MATERIALS,0.020193812416
TECHNOLOGY,0.007211698484
