SECTOR,WEIGHT
CONSUMER DISCRETIONARY,0.089004998551
CONSUMER STAPLES,0.061998937506
ENERGY,0.06420341125
FINANCIALS,0.220684825654
HEALTH CARE,0.164180471039
INDUSTRIALS,0.165030667439
MATERIALS,0.016476705625
TECHNOLOGY,0.184553994011
UTILITIES,0.033865988924
