SECTOR,WEIGHT
CONSUMER DISCRETIONARY,0.087394341767
CONSUMER STAPLES,0.066192065843
ENERGY,0.060900065851
FINANCIALS,0.196998464853
HEALTH CARE,0.186192190483
INDUSTRIALS,0.176836931616
MATERIALS,0.016785870827
TECHNOLOGY,0.172615795607
UTILITIES,0.036084273152
