SECTOR,WEIGHT
CONSUMER DISCRETIONARY,0.071404134133
CONSUMER STAPLES,0.074750025895
ENERGY,0.030683229424
FINANCIALS,0.217830317881
HEALTH CARE,0.148158765598
INDUSTRIALS,0.17123997828
MATERIALS,0.014326233863
REAL ESTATE,0.017123893203
TECHNOLOGYQ,0.228189190405
UTILITIES,0.026294231319
