SECTOR,WEIGHT
CONSUMER DISCRETIONARY,0.103390468263
CONSUMER STAPLES,0.069668667861
ENERGY,0.037191307419
FINANCIALS,0.189403972118
HEALTH CARE,0.177302213926
INDUSTRIALS,0.190379343978
MATERIALS,0.016336427616
TECHNOLOGY,0.177914974481
UTILITIES,0.038412624339
