SECTOR,WEIGHT
CONSUMER DISCRETIONARY,0.066694070496
CONSUMER STAPLES,0.086938649676
ENERGY,0.047066077484
FINANCIALS,0.181584626452
HEALTH CARE,0.143664577125
INDUSTRIALS,0.180043161032
MATERIALS,0.014900832391
REAL ESTATE,0.010173671771
TECHNOLOGY,0.229575583188
UTILITIES,0.039358750385
