SECTOR,WEIGHT
CONSUMER DISCRETIONARY,0.104760729959
CONSUMER STAPLES,0.080321699396
ENERGY,0.037778304751
FINANCIALS,0.198394055176
HEALTH CARE,0.175949960707
INDUSTRIALS,0.1722344454
MATERIALS,0.015474578921
TECHNOLOGY,0.176030779014
UTILITIES,0.039055446675
