SECTOR,WEIGHT
COMMUNICATION SERVICES,0.05821545823
CONSUMER DISCRETIONARY,0.036532281237
CONSUMER STAPLES,0.073414061051
ENERGY,0.130558606734
FINANCIALS,0.197856952169
HEALTH CARE,0.204706309112
INDUSTRIALS,0.090324493635
MATERIALS,0.050881082855
TECHNOLOGY,0.09978031518
UTILITIES,0.057730439798
