SECTOR,WEIGHT
COMMUNICATION SERVICES,0.05824933687
CONSUMER DISCRETIONARY,0.030450928382
CONSUMER STAPLES,0.082334217507
ENERGY,0.120424403183
FINANCIALS,0.17899204244
HEALTH CARE,0.201273209549
INDUSTRIALS,0.087320954907
MATERIALS,0.050397877984
TECHNOLOGY,0.128806366048
UTILITIES,0.06175066313
