SECTOR,WEIGHT
COMMUNICATION SERVICES,0.060798897821
CONSUMER DISCRETIONARY,0.035335281569
CONSUMER STAPLES,0.076278567288
ENERGY,0.134717531183
FINANCIALS,0.191601750782
HEALTH CARE,0.200875593145
INDUSTRIALS,0.090397709053
MATERIALS,0.051470432041
TECHNOLOGY,0.103763249972
UTILITIES,0.054760987146
