SECTOR,WEIGHT
COMMUNICATION SERVICES,0.062628700542
CONSUMER DISCRETIONARY,0.033886050273
CONSUMER STAPLES,0.0733920456
ENERGY,0.128006778442
FINANCIALS,0.199562482348
HEALTH CARE,0.207806506278
INDUSTRIALS,0.083402572727
MATERIALS,0.051935193982
TECHNOLOGY,0.100286029733
UTILITIES,0.059093640075
