SECTOR,WEIGHT
COMMUNICATION SERVICES,0.059835320345
CONSUMER DISCRETIONARY,0.035618267833
CONSUMER STAPLES,0.069699662525
ENERGY,0.12949697197
FINANCIALS,0.201333463461
HEALTH CARE,0.20663957962
INDUSTRIALS,0.08770450121
MATERIALS,0.052515653813
TECHNOLOGY,0.098875596489
UTILITIES,0.058280982736
