SECTOR,WEIGHT
COMMUNICATION SERVICES,0.062314400632
CONSUMER DISCRETIONARY,0.030427854837
CONSUMER STAPLES,0.073956780146
ENERGY,0.130518905554
FINANCIALS,0.195642095503
HEALTH CARE,0.20758936962
INDUSTRIALS,0.084496527125
MATERIALS,0.053246918685
TECHNOLOGY,0.101301231691
UTILITIES,0.060505916208
