SECTOR,WEIGHT
COMMUNICATION SERVICES,0.060278577798
CONSUMER DISCRETIONARY,0.030418071684
CONSUMER STAPLES,0.084567527955
ENERGY,0.133605624853
FINANCIALS,0.186684022262
HEALTH CARE,0.210706488874
INDUSTRIALS,0.081740752509
MATERIALS,0.053614439308
TECHNOLOGYQ,0.094499164677
UTILITIES,0.063885330081
