SECTOR,WEIGHT
COMMUNICATION SERVICES,0.062261292896
CONSUMER DISCRETIONARY,0.030826883432
CONSUMER STAPLES,0.073910604569
ENERGY,0.168034612783
FINANCIALS,0.167505052592
HEALTH CARE,0.198691388926
INDUSTRIALS,0.086718265878
MATERIALS,0.049512359105
TECHNOLOGY,0.102813655565
UTILITIES,0.059725884254
