SECTOR,WEIGHT
COMMUNICATION SERVICES,0.060919832097
CONSUMER DISCRETIONARY,0.030052906072
CONSUMER STAPLES,0.069996311309
ENERGY,0.137493090235
FINANCIALS,0.192315609851
HEALTH CARE,0.20819161131
INDUSTRIALS,0.083009136042
MATERIALS,0.054251974181
TECHNOLOGY,0.101922821713
UTILITIES,0.06184670719
