SECTOR,WEIGHT
COMMUNICATION SERVICES,0.059693929981
CONSUMER DISCRETIONARY,0.034852830603
CONSUMER STAPLES,0.071965422899
ENERGY,0.13300849471
FINANCIALS,0.196276734833
HEALTH CARE,0.201973450598
INDUSTRIALS,0.090216483339
MATERIALS,0.05005051651
TECHNOLOGY,0.104991926516
UTILITIES,0.056970210012
