SECTOR,WEIGHT
COMMUNICATION SERVICES,0.062152339609
CONSUMER DISCRETIONARY,0.034728181313
CONSUMER STAPLES,0.075875018929
ENERGY,0.137040028267
FINANCIALS,0.181670788956
HEALTH CARE,0.204556054717
INDUSTRIALS,0.089296855282
MATERIALS,0.050471960022
TECHNOLOGY,0.106241986775
UTILITIES,0.057966786129
