SECTOR,WEIGHT
COMMUNICATION SERVICES,0.063228252051
CONSUMER DISCRETIONARY,0.034226884904
CONSUMER STAPLES,0.072931612895
ENERGY,0.130581535
FINANCIALS,0.196927662219
HEALTH CARE,0.207608435904
INDUSTRIALS,0.08324008767
MATERIALS,0.052071592157
TECHNOLOGY,0.099734057556
UTILITIES,0.059449879644
