SECTOR,WEIGHT
COMMUNICATION SERVICES,0.097876508749
CONSUMER DISCRETIONARY,0.032331852802
CONSUMER STAPLES,0.029581727378
FINANCIALS,0.329647717385
HEALTH CARE,0.125020181673
INDUSTRIALS,0.057292112515
TECHNOLOGY,0.328249899498
