SECTOR,WEIGHT
COMMUNICATION SERVICES,0.104387793323
CONSUMER DISCRETIONARY,0.035722805537
CONSUMER STAPLES,0.029668257393
FINANCIALS,0.327960268175
HEALTH CARE,0.125122650746
INDUSTRIALS,0.058576592895
TECHNOLOGY,0.318561631932
