SECTOR,WEIGHT
COMMUNICATION SERVICES,0.096479262513
CONSUMER DISCRETIONARY,0.031004816986
CONSUMER STAPLES,0.030893397819
FINANCIALS,0.31976868083
HEALTH CARE,0.131932192242
INDUSTRIALS,0.05566415018
TECHNOLOGY,0.334257499429
