SECTOR,WEIGHT
COMMUNICATION SERVICES,0.097185026483
CONSUMER DISCRETIONARY,0.034215751516
CONSUMER STAPLES,0.027171554863
FINANCIALS,0.329980036033
HEALTH CARE,0.13504731298
INDUSTRIALS,0.064110846007
TECHNOLOGY,0.312289472118
