SECTOR,WEIGHT
COMMUNICATION SERVICES,0.128175989541
CONSUMER DISCRETIONARY,0.034090072773
CONSUMER STAPLES,0.026264010286
FINANCIALS,0.370582620102
HEALTH CARE,0.074519137109
INDUSTRIALS,0.047854678321
TECHNOLOGY,0.318513491868
