SECTOR,WEIGHT
COMMUNICATION SERVICES,0.186030023836
CONSUMER DISCRETIONARY,0.034323567903
CONSUMER STAPLES,0.027033906267
FINANCIALS,0.348291359244
HEALTH CARE,0.080950966019
INDUSTRIALS,0.04839491985
TECHNOLOGY,0.274975256881
