SECTOR,WEIGHT
COMMUNICATION SERVICES,0.100833327932
CONSUMER DISCRETIONARY,0.031437226014
CONSUMER STAPLES,0.029459233477
FINANCIALS,0.32019388864
HEALTH CARE,0.125850450369
INDUSTRIALS,0.059489935032
TECHNOLOGY,0.332735938536
