SECTOR,WEIGHT
COMMUNICATION SERVICES,0.104899426964
CONSUMER DISCRETIONARY,0.067868318521
FINANCIALS,0.336802672314
HEALTH CARE,0.132011627455
INDUSTRIALS,0.057388046843
TECHNOLOGY,0.301029907903
