SECTOR,WEIGHT
COMMUNICATION SERVICES,0.099120033028
CONSUMER DISCRETIONARY,0.035137074688
CONSUMER STAPLES,0.028287122999
FINANCIALS,0.322437320456
HEALTH CARE,0.124603625784
INDUSTRIALS,0.065304746115
TECHNOLOGY,0.32511007693
