SECTOR,WEIGHT
COMMUNICATION SERVICES,0.098633119524
CONSUMER DISCRETIONARY,0.068490591159
FINANCIALS,0.347992306892
HEALTH CARE,0.131877057957
INDUSTRIALS,0.055696715213
TECHNOLOGY,0.297310209256
