SECTOR,WEIGHT
COMMUNICATION SERVICES,0.038028472066
CONSUMER DISCRETIONARY,0.123040356276
CONSUMER STAPLES,0.018940679026
HEALTH CARE,0.182663564262
INDUSTRIALS,0.209659486102
MATERIALS,0.010465110461
TECHNOLOGY,0.417202331807
