SECTOR,WEIGHT
COMMUNICATION SERVICES,0.054399959838
CONSUMER DISCRETIONARY,0.160390572053
CONSUMER STAPLES,0.017742413213
ENERGY,0.007009212079
HEALTH CARE,0.127454002359
INDUSTRIALS,0.162063304802
MATERIALS,0.049044403725
TECHNOLOGY,0.421896131931
