SECTOR,WEIGHT
COMMUNICATION SERVICES,0.054597043338
CONSUMER DISCRETIONARY,0.158920589405
CONSUMER STAPLES,0.017929934899
ENERGY,0.007117555633
HEALTH CARE,0.126622007494
INDUSTRIALS,0.163764021253
MATERIALS,0.051668293192
TECHNOLOGY,0.419380554786
