SECTOR,WEIGHT
COMMUNICATION SERVICES,0.101520455876
CONSUMER DISCRETIONARY,0.175554205465
CONSUMER STAPLES,0.019948589623
HEALTH CARE,0.097660667453
INDUSTRIALS,0.186768645284
TECHNOLOGY,0.418547436298
