SECTOR,WEIGHT
COMMUNICATION SERVICES,0.043459307132
CONSUMER DISCRETIONARY,0.127113913572
CONSUMER STAPLES,0.018524772687
HEALTH CARE,0.181994742713
INDUSTRIALS,0.191322769987
MATERIALS,0.011021663512
TECHNOLOGY,0.426562830397
