SECTOR,WEIGHT
COMMUNICATION SERVICES,0.035992096246
CONSUMER DISCRETIONARY,0.122052975163
CONSUMER STAPLES,0.022237562842
HEALTH CARE,0.185891298367
INDUSTRIALS,0.223773292314
MATERIALS,0.01021785348
TECHNOLOGY,0.399834921588
