SECTOR,WEIGHT
COMMUNICATION SERVICES,0.41520198756
CONSUMER DISCRETIONARY,0.014463174997
FINANCIALS,0.017049611916
HEALTH CARE,0.006671845075
INDUSTRIALS,0.002355187401
MATERIALS,0.002467847423
TECHNOLOGY,0.541790345629
