SECTOR,WEIGHT
COMMUNICATION SERVICES,0.382979389613
CONSUMER DISCRETIONARY,0.014366092697
FINANCIALS,0.015283769169
HEALTH CARE,0.006221412933
INDUSTRIALS,0.002022019418
MATERIALS,0.002706061723
TECHNOLOGY,0.576421254447
