SECTOR,WEIGHT
COMMUNICATION SERVICES,0.439620705477
CONSUMER DISCRETIONARY,0.010615778678
FINANCIALS,0.014416827553
HEALTH CARE,0.005849957675
INDUSTRIALS,0.00163387062
MATERIALS,0.002039053012
TECHNOLOGY,0.525823806984
