SECTOR,WEIGHT
COMMUNICATION SERVICES,0.387026831256
CONSUMER DISCRETIONARY,0.013662511695
FINANCIALS,0.015387679957
HEALTH CARE,0.006446744937
INDUSTRIALS,0.002064407087
MATERIALS,0.002724775903
TECHNOLOGY,0.572687049165
