SECTOR,WEIGHT
COMMUNICATION SERVICES,0.423405180054
CONSUMER DISCRETIONARY,0.015253163174
FINANCIALS,0.016313017635
HEALTH CARE,0.006540018308
INDUSTRIALS,0.002330951392
MATERIALS,0.002877268125
TECHNOLOGY,0.533280401312
