SECTOR,WEIGHT
COMMUNICATION SERVICES,0.38190877786
CONSUMER DISCRETIONARY,0.014353477115
FINANCIALS,0.015366072316
HEALTH CARE,0.006458585934
INDUSTRIALS,0.0020706734
MATERIALS,0.002781644498
TECHNOLOGY,0.577060768878
