SECTOR,WEIGHT
COMMUNICATION SERVICES,0.407807325151
CONSUMER DISCRETIONARY,0.01326222482
FINANCIALS,0.017350964348
HEALTH CARE,0.00682958309
INDUSTRIALS,0.002871127995
MATERIALS,0.002485145139
TECHNOLOGY,0.549393629456
