SECTOR,WEIGHT
COMMUNICATION SERVICES,0.157126177465
CONSUMER DISCRETIONARY,0.089689352685
CONSUMER STAPLES,0.007648845027
FINANCIALS,0.101224848832
HEALTH CARE,0.109452736318
INDUSTRIALS,0.187054973173
MATERIALS,0.015884115568
TECHNOLOGY,0.331918950931
