SECTOR,WEIGHT
COMMUNICATION SERVICES,0.156783202286
CONSUMER DISCRETIONARY,0.094415878617
CONSUMER STAPLES,0.00848264707
FINANCIALS,0.109604956561
HEALTH CARE,0.104727650449
INDUSTRIALS,0.16681747408
MATERIALS,0.01556807605
TECHNOLOGY,0.343600114887
