SECTOR,WEIGHT
COMMUNICATION SERVICES,0.105516549649
CONSUMER DISCRETIONARY,0.137211634905
CONSUMER STAPLES,0.033299899699
ENERGY,0.004613841525
FINANCIALS,0.068004012036
HEALTH CARE,0.087161484453
INDUSTRIALS,0.08294884654
MATERIALS,0.004012036108
REAL ESTATE,0.005315947844
TECHNOLOGY,0.468706118355
UTILITIES,0.003209628887
