SECTOR,WEIGHT
COMMUNICATION SERVICES,0.106015241151
CONSUMER DISCRETIONARY,0.140694876166
CONSUMER STAPLES,0.029461546175
ENERGY,0.003475383536
FINANCIALS,0.077049032387
HEALTH CARE,0.098811791838
INDUSTRIALS,0.072488719543
MATERIALS,0.004014840068
REAL ESTATE,0.004982452622
TECHNOLOGY,0.459616965808
UTILITIES,0.003389150707
