SECTOR,WEIGHT
COMMUNICATION SERVICES,0.107007894526
CONSUMER DISCRETIONARY,0.136488138174
CONSUMER STAPLES,0.034044642142
ENERGY,0.005023242767
FINANCIALS,0.071839184099
HEALTH CARE,0.087094253426
INDUSTRIALS,0.081917728621
MATERIALS,0.004137613208
REAL ESTATE,0.005300753386
TECHNOLOGY,0.463742285806
UTILITIES,0.003404263845
