SECTOR,WEIGHT
COMMUNICATION SERVICES,0.106673003955
CONSUMER DISCRETIONARY,0.138739481305
CONSUMER STAPLES,0.029587715287
ENERGY,0.003529628827
FINANCIALS,0.077067239429
HEALTH CARE,0.09914747431
INDUSTRIALS,0.072523845049
MATERIALS,0.004028991088
REAL ESTATE,0.005049775788
TECHNOLOGY,0.460227500622
UTILITIES,0.003425344339
