SECTOR,WEIGHT
COMMUNICATION SERVICES,0.102080599437
CONSUMER DISCRETIONARY,0.137850481333
CONSUMER STAPLES,0.03677361836
ENERGY,0.005890190029
FINANCIALS,0.071795205706
HEALTH CARE,0.098284031374
INDUSTRIALS,0.082945495708
MATERIALS,0.004521822753
REAL ESTATE,0.005485489898
TECHNOLOGY,0.450581506005
UTILITIES,0.003791559398
