SECTOR,WEIGHT
COMMUNICATION SERVICES,0.106638630219
CONSUMER DISCRETIONARY,0.137178331831
CONSUMER STAPLES,0.03334334635
ENERGY,0.004806248123
FINANCIALS,0.067287473716
HEALTH CARE,0.087814158406
INDUSTRIALS,0.081505957745
MATERIALS,0.004205467107
REAL ESTATE,0.005306898969
TECHNOLOGY,0.46850906178
UTILITIES,0.003404425753
