SECTOR,WEIGHT
COMMUNICATION SERVICES,0.107648756427
CONSUMER DISCRETIONARY,0.134693922526
CONSUMER STAPLES,0.034449805819
ENERGY,0.004311359491
FINANCIALS,0.073999316834
HEALTH CARE,0.100032755914
INDUSTRIALS,0.079275322976
MATERIALS,0.004633910085
REAL ESTATE,0.005222915517
TECHNOLOGY,0.452382216443
UTILITIES,0.003349717969
