SECTOR,WEIGHT
COMMUNICATION SERVICES,0.105359549639
CONSUMER DISCRETIONARY,0.133788473824
CONSUMER STAPLES,0.034984669549
ENERGY,0.004790390381
FINANCIALS,0.070328818644
HEALTH CARE,0.100663284822
INDUSTRIALS,0.083053793761
MATERIALS,0.004727306227
REAL ESTATE,0.005403207879
TECHNOLOGY,0.453005309082
UTILITIES,0.003895196192
