SECTOR,WEIGHT
COMMUNICATION SERVICES,0.106468147474
CONSUMER DISCRETIONARY,0.141259464732
CONSUMER STAPLES,0.031979340744
ENERGY,0.003716219942
FINANCIALS,0.07486072947
HEALTH CARE,0.097330476913
INDUSTRIALS,0.076560947711
MATERIALS,0.004426983346
REAL ESTATE,0.005254035261
TECHNOLOGY,0.454453499131
UTILITIES,0.003690155275
