SECTOR,WEIGHT
COMMUNICATION SERVICES,0.202237000178
CONSUMER DISCRETIONARY,0.043783819357
CONSUMER STAPLES,0.036070748914
FINANCIALS,0.06229601789
HEALTH CARE,0.086563762437
INDUSTRIALS,0.219388768634
TECHNOLOGY,0.349659882591
