SECTOR,WEIGHT
COMMUNICATION SERVICES,0.198555305107
CONSUMER DISCRETIONARY,0.058203858532
CONSUMER STAPLES,0.035350303231
FINANCIALS,0.087032051162
HEALTH CARE,0.086778366825
INDUSTRIALS,0.175882938151
TECHNOLOGY,0.358197176992
