SECTOR,WEIGHT
COMMUNICATION SERVICES,0.19676490219
CONSUMER DISCRETIONARY,0.045861973499
CONSUMER STAPLES,0.036906257879
FINANCIALS,0.061740286606
HEALTH CARE,0.088642810845
INDUSTRIALS,0.2252805582
TECHNOLOGY,0.344803210781
