SECTOR,WEIGHT
COMMUNICATION SERVICES,0.185690107788
CONSUMER DISCRETIONARY,0.041118924951
CONSUMER STAPLES,0.033769291174
FINANCIALS,0.07079861817
HEALTH CARE,0.077226116512
INDUSTRIALS,0.233229452243
TECHNOLOGY,0.358167489162
