SECTOR,WEIGHT
COMMUNICATION SERVICES,0.198512933604
CONSUMER DISCRETIONARY,0.057093100517
CONSUMER STAPLES,0.034125217099
FINANCIALS,0.085510538853
HEALTH CARE,0.089739317861
INDUSTRIALS,0.174702169136
TECHNOLOGY,0.36031672293
