SECTOR,WEIGHT
COMMUNICATION SERVICES,0.199824407091
CONSUMER DISCRETIONARY,0.046343771544
CONSUMER STAPLES,0.039772220829
FINANCIALS,0.072746339474
HEALTH CARE,0.08887021224
INDUSTRIALS,0.211909688322
TECHNOLOGY,0.3405333605
