SECTOR,WEIGHT
COMMUNICATION SERVICES,0.191332972913
CONSUMER DISCRETIONARY,0.059929825396
CONSUMER STAPLES,0.034837516365
FINANCIALS,0.091371153741
HEALTH CARE,0.090399031937
INDUSTRIALS,0.179896713495
TECHNOLOGY,0.352232786154
