SECTOR,WEIGHT
COMMUNICATION SERVICES,0.180137112509
CONSUMER DISCRETIONARY,0.044069273284
CONSUMER STAPLES,0.042984853698
FINANCIALS,0.0827917218
HEALTH CARE,0.085474088841
INDUSTRIALS,0.201189300968
TECHNOLOGY,0.3633536489
