SECTOR,WEIGHT
COMMUNICATION SERVICES,0.192525523456
CONSUMER DISCRETIONARY,0.048419995905
CONSUMER STAPLES,0.041432819214
FINANCIALS,0.087926124261
HEALTH CARE,0.089234123667
INDUSTRIALS,0.188883322509
TECHNOLOGY,0.351578090987
