SECTOR,WEIGHT
COMMUNICATION SERVICES,0.016334878019
CONSUMER DISCRETIONARY,0.081231715903
CONSUMER STAPLES,0.053275138035
ENERGY,0.033609186791
FINANCIALS,0.105390509746
HEALTH CARE,0.07971640809
INDUSTRIALS,0.253009333214
MATERIALS,0.021055066867
REAL ESTATE,0.027385708434
TECHNOLOGY,0.28722143825
UTILITIES,0.041770616649
