SECTOR,WEIGHT
COMMUNICATION SERVICES,0.018079621258
CONSUMER DISCRETIONARY,0.08533324785
CONSUMER STAPLES,0.056333527339
ENERGY,0.035961897358
FINANCIALS,0.110302919807
HEALTH CARE,0.079084318473
INDUSTRIALS,0.253952162332
MATERIALS,0.020842453451
REAL ESTATE,0.02853791281
TECHNOLOGY,0.27312369334
UTILITIES,0.038448245982
