SECTOR,WEIGHT
COMMUNICATION SERVICES,0.022178329628
CONSUMER DISCRETIONARY,0.090220972407
CONSUMER STAPLES,0.050987933763
ENERGY,0.021314381877
FINANCIALS,0.118194659542
HEALTH CARE,0.08513939792
INDUSTRIALS,0.231900394733
MATERIALS,0.013629952057
REAL ESTATE,0.028585358138
TECHNOLOGY,0.297487343616
UTILITIES,0.04036127632
