SECTOR,WEIGHT
COMMUNICATION SERVICES,0.016891546816
CONSUMER DISCRETIONARY,0.086889123438
CONSUMER STAPLES,0.055876892388
ENERGY,0.03720987056
FINANCIALS,0.105951696665
HEALTH CARE,0.081549680254
INDUSTRIALS,0.252435895639
MATERIALS,0.019149694674
REAL ESTATE,0.029040482433
TECHNOLOGY,0.276421331336
UTILITIES,0.038583785797
