SECTOR,WEIGHT
COMMUNICATION SERVICES,0.016909414851
CONSUMER DISCRETIONARY,0.097138999917
CONSUMER STAPLES,0.052722241529
ENERGY,0.023926962224
FINANCIALS,0.110146550265
HEALTH CARE,0.077295174647
INDUSTRIALS,0.245202539417
MATERIALS,0.021041625563
REAL ESTATE,0.027047652622
TECHNOLOGY,0.29259677295
UTILITIES,0.035972066015
