SECTOR,WEIGHT
COMMUNICATION SERVICES,0.014245424542
CONSUMER DISCRETIONARY,0.087079707971
CONSUMER STAPLES,0.054354435444
ENERGY,0.028441844184
FINANCIALS,0.106209620962
HEALTH CARE,0.080146014601
INDUSTRIALS,0.25099609961
MATERIALS,0.017850785079
REAL ESTATE,0.026505650565
TECHNOLOGY,0.300823082308
UTILITIES,0.033347334733
