SECTOR,WEIGHT
COMMUNICATION SERVICES,0.014201420142
CONSUMER DISCRETIONARY,0.086408640864
CONSUMER STAPLES,0.053505350535
ENERGY,0.027902790279
FINANCIALS,0.104110411041
HEALTH CARE,0.079107910791
INDUSTRIALS,0.253925392539
MATERIALS,0.018101810181
REAL ESTATE,0.025802580258
TECHNOLOGY,0.30303030303
UTILITIES,0.033903390339
