SECTOR,WEIGHT
COMMUNICATION SERVICES,0.021360068874
CONSUMER DISCRETIONARY,0.090033235895
CONSUMER STAPLES,0.051484603372
ENERGY,0.021226925079
FINANCIALS,0.117433828535
HEALTH CARE,0.086268169623
INDUSTRIALS,0.231605133544
MATERIALS,0.013704801185
REAL ESTATE,0.027803027269
TECHNOLOGY,0.299303247507
UTILITIES,0.039776959116
