SECTOR,WEIGHT
COMMUNICATION SERVICES,0.017245747902
CONSUMER DISCRETIONARY,0.096688355715
CONSUMER STAPLES,0.053313597201
ENERGY,0.022827080832
FINANCIALS,0.109922113716
HEALTH CARE,0.078360992962
INDUSTRIALS,0.241420440718
MATERIALS,0.020172116971
REAL ESTATE,0.026865109609
TECHNOLOGY,0.295416056172
UTILITIES,0.037768388204
