SECTOR,WEIGHT
COMMUNICATION SERVICES,0.130228496727
CONSUMER DISCRETIONARY,0.097004355924
CONSUMER STAPLES,0.086139278522
ENERGY,0.101997264298
FINANCIALS,0.247060129921
HEALTH CARE,0.184649784728
INDUSTRIALS,0.067059019488
MATERIALS,0.016324367432
REAL ESTATE,0.005553172051
TECHNOLOGY,0.06398413091
