SECTOR,WEIGHT
COMMUNICATION SERVICES,0.128352324292
CONSUMER DISCRETIONARY,0.10215488555
CONSUMER STAPLES,0.084043561561
ENERGY,0.098282746798
FINANCIALS,0.250234950086
HEALTH CARE,0.184349097509
INDUSTRIALS,0.064940002017
MATERIALS,0.016075426036
REAL ESTATE,0.005759806393
TECHNOLOGY,0.065807199758
