SECTOR,WEIGHT
COMMUNICATION SERVICES,0.150720826938
CONSUMER DISCRETIONARY,0.095063921061
CONSUMER STAPLES,0.081586171059
ENERGY,0.110438346003
FINANCIALS,0.235476163912
HEALTH CARE,0.180624364885
INDUSTRIALS,0.043708959402
MATERIALS,0.011814264564
REAL ESTATE,0.006840895407
TECHNOLOGY,0.081412284061
UTILITIES,0.002313802708
