SECTOR,WEIGHT
COMMUNICATION SERVICES,0.130836051599
CONSUMER DISCRETIONARY,0.094848261904
CONSUMER STAPLES,0.096037890995
ENERGY,0.111774811869
FINANCIALS,0.236951570421
HEALTH CARE,0.182193406315
INDUSTRIALS,0.055093313419
MATERIALS,0.011632599863
REAL ESTATE,0.002645968597
TECHNOLOGY,0.07798612502
