SECTOR,WEIGHT
COMMUNICATION SERVICES,0.122706858415
CONSUMER DISCRETIONARY,0.098699846078
CONSUMER STAPLES,0.072074252053
ENERGY,0.085407130213
FINANCIALS,0.257225448036
HEALTH CARE,0.187046856346
INDUSTRIALS,0.05736179903
MATERIALS,0.018813023428
REAL ESTATE,0.006437011965
TECHNOLOGYQ,0.093140380277
UTILITIES,0.00108739416
