SECTOR,WEIGHT
COMMUNICATION SERVICES,0.126961770624
CONSUMER DISCRETIONARY,0.098390342052
CONSUMER STAPLES,0.095975855131
ENERGY,0.108450704225
FINANCIALS,0.236317907445
HEALTH CARE,0.183501006036
INDUSTRIALS,0.057344064386
MATERIALS,0.012072434608
REAL ESTATE,0.002615694165
TECHNOLOGY,0.078370221328
