SECTOR,WEIGHT
COMMUNICATION SERVICES,0.129308346019
CONSUMER DISCRETIONARY,0.102363982782
CONSUMER STAPLES,0.0841436737
ENERGY,0.097700535298
FINANCIALS,0.249683962217
HEALTH CARE,0.183893666139
INDUSTRIALS,0.064004959827
MATERIALS,0.01564059397
REAL ESTATE,0.005705817716
TECHNOLOGY,0.067554462333
