SECTOR,WEIGHT
COMMUNICATION SERVICES,0.164986337605
CONSUMER DISCRETIONARY,0.09829097138
CONSUMER STAPLES,0.078182214101
ENERGY,0.087209529859
FINANCIALS,0.243908117259
HEALTH CARE,0.172941935575
INDUSTRIALS,0.046333731715
MATERIALS,0.015173637348
REAL ESTATE,0.006662110863
TECHNOLOGY,0.083540803046
UTILITIES,0.00277061125
