SECTOR,WEIGHT
COMMUNICATION SERVICES,0.121872848986
CONSUMER DISCRETIONARY,0.096458413983
CONSUMER STAPLES,0.073492028677
ENERGY,0.085686793166
FINANCIALS,0.267024406712
HEALTH CARE,0.182817359523
INDUSTRIALS,0.063283398645
MATERIALS,0.015208837237
REAL ESTATE,0.005188207718
TECHNOLOGY,0.088967705353
