SECTOR,WEIGHT
COMMUNICATION SERVICES,0.127328247342
CONSUMER DISCRETIONARY,0.098875490309
CONSUMER STAPLES,0.095845993903
ENERGY,0.107498907634
FINANCIALS,0.237434771909
HEALTH CARE,0.182812429373
INDUSTRIALS,0.057568467523
MATERIALS,0.012317876138
REAL ESTATE,0.002649804881
TECHNOLOGY,0.077668010989
