SECTOR,WEIGHT
COMMUNICATION SERVICES,0.045560953295
CONSUMER DISCRETIONARY,0.046726696467
CONSUMER STAPLES,0.051029195226
ENERGY,0.088403595886
FINANCIALS,0.164127363239
HEALTH CARE,0.06392193526
INDUSTRIALS,0.227129141366
MATERIALS,0.026291408389
REAL ESTATE,0.01525479288
TECHNOLOGY,0.23588591738
UTILITIES,0.035669000612
