SECTOR,WEIGHT
COMMUNICATION SERVICES,0.044400784604
CONSUMER DISCRETIONARY,0.051350408056
CONSUMER STAPLES,0.047617279537
ENERGY,0.07912344148
FINANCIALS,0.181161226809
HEALTH CARE,0.065595491815
INDUSTRIALS,0.201391622049
MATERIALS,0.022909039603
REAL ESTATE,0.014524087113
TECHNOLOGY,0.257601780529
UTILITIES,0.034324838406
