SECTOR,WEIGHT
COMMUNICATION SERVICES,0.039645486225
CONSUMER DISCRETIONARY,0.055774417089
CONSUMER STAPLES,0.04475217773
ENERGY,0.085652858134
FINANCIALS,0.155139066714
HEALTH CARE,0.05981765109
INDUSTRIALS,0.218567234612
MATERIALS,0.024435424555
REAL ESTATE,0.01431633827
TECHNOLOGY,0.268660797918
UTILITIES,0.033238547663
