SECTOR,WEIGHT
COMMUNICATION SERVICES,0.044633080665
CONSUMER DISCRETIONARY,0.052180294433
CONSUMER STAPLES,0.048088469823
ENERGY,0.078421343567
FINANCIALS,0.18737146863
HEALTH CARE,0.067575466843
INDUSTRIALS,0.199435150298
MATERIALS,0.024073356334
REAL ESTATE,0.01502135924
TECHNOLOGY,0.248937332817
UTILITIES,0.034262677349
