SECTOR,WEIGHT
COMMUNICATION SERVICES,0.046709735163
CONSUMER DISCRETIONARY,0.045981204546
CONSUMER STAPLES,0.050418136277
ENERGY,0.098432227565
FINANCIALS,0.165342515435
HEALTH CARE,0.064830741235
INDUSTRIALS,0.21993353086
MATERIALS,0.025509176092
REAL ESTATE,0.014429572192
TECHNOLOGY,0.230189163452
UTILITIES,0.038223997183
