SECTOR,WEIGHT
COMMUNICATION SERVICES,0.041623058402
CONSUMER DISCRETIONARY,0.049719206605
CONSUMER STAPLES,0.049937992993
ENERGY,0.082420408563
FINANCIALS,0.16503856636
HEALTH CARE,0.064301108974
INDUSTRIALS,0.212940162975
MATERIALS,0.024574549884
REAL ESTATE,0.014068595844
TECHNOLOGY,0.258787481632
UTILITIES,0.034017075857
