SECTOR,WEIGHT
COMMUNICATION SERVICES,0.045866958416
CONSUMER DISCRETIONARY,0.046438324712
CONSUMER STAPLES,0.050183948205
ENERGY,0.096386319798
FINANCIALS,0.162094501869
HEALTH CARE,0.064252256103
INDUSTRIALS,0.222637109394
MATERIALS,0.025312584978
REAL ESTATE,0.014824839197
TECHNOLOGY,0.234507773227
UTILITIES,0.037495384101
