SECTOR,WEIGHT
COMMUNICATION SERVICES,0.131846730708
CONSUMER DISCRETIONARY,0.107123839093
CONSUMER STAPLES,0.056310188904
ENERGY,0.022482558192
FINANCIALS,0.061927067821
HEALTH CARE,0.07325007797
INDUSTRIALS,0.068099517336
MATERIALS,0.018626657561
REAL ESTATE,0.006952655156
TECHNOLOGY,0.435151172364
UTILITIES,0.018229534895
