SECTOR,WEIGHT
COMMUNICATION SERVICES,0.126687650918
CONSUMER DISCRETIONARY,0.105291746362
CONSUMER STAPLES,0.054612268257
ENERGY,0.020452115243
FINANCIALS,0.063830278568
HEALTH CARE,0.07918191539
INDUSTRIALS,0.07029523537
MATERIALS,0.019535434771
REAL ESTATE,0.006865565244
TECHNOLOGY,0.433389057064
UTILITIES,0.019858732812
