SECTOR,WEIGHT
COMMUNICATION SERVICES,0.122877682556
CONSUMER DISCRETIONARY,0.105090354774
CONSUMER STAPLES,0.04302011748
ENERGY,0.014330685145
FINANCIALS,0.062830919162
HEALTH CARE,0.071131271241
INDUSTRIALS,0.064973656755
MATERIALS,0.019365817823
REAL ESTATE,0.009898886438
TECHNOLOGY,0.465891085189
UTILITIES,0.020589523436
