SECTOR,WEIGHT
COMMUNICATION SERVICES,0.127451747522
CONSUMER DISCRETIONARY,0.108243048032
CONSUMER STAPLES,0.057197744874
ENERGY,0.02502608242
FINANCIALS,0.063487620882
HEALTH CARE,0.074124232575
INDUSTRIALS,0.069583885077
MATERIALS,0.018418201517
REAL ESTATE,0.007110469082
TECHNOLOGY,0.431025039124
UTILITIES,0.018331928895
