SECTOR,WEIGHT
COMMUNICATION SERVICES,0.130068245684
CONSUMER DISCRETIONARY,0.104074668808
CONSUMER STAPLES,0.06031714171
ENERGY,0.020473705339
FINANCIALS,0.056101967081
HEALTH CARE,0.062224006423
INDUSTRIALS,0.065837013248
MATERIALS,0.01615816941
REAL ESTATE,0.006423123244
TECHNOLOGY,0.461160176636
UTILITIES,0.017161782417
