SECTOR,WEIGHT
COMMUNICATION SERVICES,0.131921920506
CONSUMER DISCRETIONARY,0.105543957086
CONSUMER STAPLES,0.053046863949
ENERGY,0.020348542656
FINANCIALS,0.064190758433
HEALTH CARE,0.076859564658
INDUSTRIALS,0.067592716139
MATERIALS,0.0188487117
REAL ESTATE,0.007644623332
TECHNOLOGY,0.436259190854
UTILITIES,0.017743150688
