SECTOR,WEIGHT
COMMUNICATION SERVICES,0.12271840225
CONSUMER DISCRETIONARY,0.107456992759
CONSUMER STAPLES,0.043142483901
ENERGY,0.013773737633
FINANCIALS,0.06338584097
HEALTH CARE,0.073645266899
INDUSTRIALS,0.063830639829
MATERIALS,0.021184046548
REAL ESTATE,0.009963895156
TECHNOLOGY,0.460356800814
UTILITIES,0.02054189324
