SECTOR,WEIGHT
COMMUNICATION SERVICES,0.12280929247
CONSUMER DISCRETIONARY,0.106713026486
CONSUMER STAPLES,0.042609418522
ENERGY,0.013774254217
FINANCIALS,0.062965721678
HEALTH CARE,0.073723370998
INDUSTRIALS,0.066160246958
MATERIALS,0.021407742251
REAL ESTATE,0.009912276205
TECHNOLOGY,0.460320236584
UTILITIES,0.019604413632
