SECTOR,WEIGHT
COMMUNICATION SERVICES,0.127579085619
CONSUMER DISCRETIONARY,0.105026382728
CONSUMER STAPLES,0.0563332062
ENERGY,0.020442485052
FINANCIALS,0.061554693983
HEALTH CARE,0.076303194658
INDUSTRIALS,0.070454047204
MATERIALS,0.020266299881
REAL ESTATE,0.007020378418
TECHNOLOGY,0.43511230303
UTILITIES,0.019907923227
