SECTOR,WEIGHT
COMMUNICATION SERVICES,0.127077467896
CONSUMER DISCRETIONARY,0.103806217966
CONSUMER STAPLES,0.044685612532
ENERGY,0.013915625927
FINANCIALS,0.063583351381
HEALTH CARE,0.078199821931
INDUSTRIALS,0.064194961138
MATERIALS,0.020141011141
REAL ESTATE,0.010243962108
TECHNOLOGY,0.453044412895
UTILITIES,0.021107555085
