SECTOR,WEIGHT
CONSUMER DISCRETIONARY,0.024363286006
FINANCIALS,0.00616891152
HEALTH CARE,0.009315064645
INDUSTRIALS,0.004193446464
REAL ESTATE,0.951800574062
UTILITIES,0.004158717303
