SECTOR,WEIGHT
CONSUMER DISCRETIONARY,0.0240183327
FINANCIALS,0.007523746349
HEALTH CARE,0.009337305099
INDUSTRIALS,0.004193257596
REAL ESTATE,0.950702488978
UTILITIES,0.004224869277
