SECTOR,WEIGHT
CONSUMER DISCRETIONARY,0.024134071047
FINANCIALS,0.006826085059
HEALTH CARE,0.009002798108
INDUSTRIALS,0.00356816828
REAL ESTATE,0.952263546989
UTILITIES,0.004205330517
