SECTOR,WEIGHT
CONSUMER DISCRETIONARY,0.023038374791
FINANCIALS,0.0058090075
HEALTH CARE,0.008168641923
INDUSTRIALS,0.003331309739
REAL ESTATE,0.955690395725
UTILITIES,0.003962270323
