SECTOR,WEIGHT
CONSUMER DISCRETIONARY,0.023247289239
FINANCIALS,0.006600618502
HEALTH CARE,0.008711174907
INDUSTRIALS,0.003493191699
REAL ESTATE,0.953827555799
UTILITIES,0.004120169854
