SECTOR,WEIGHT
CONSUMER DISCRETIONARY,0.024272736957
FINANCIALS,0.006447864238
HEALTH CARE,0.008896646024
INDUSTRIALS,0.003398452671
REAL ESTATE,0.952819664195
UTILITIES,0.004164635915
