SECTOR,WEIGHT
CONSUMER DISCRETIONARY,0.02292441902
FINANCIALS,0.006174139317
HEALTH CARE,0.008468424739
INDUSTRIALS,0.003195864855
REAL ESTATE,0.955318554787
UTILITIES,0.003918597283
