SECTOR,WEIGHT
CONSUMER DISCRETIONARY,0.025285645717
FINANCIALS,0.006987524787
HEALTH CARE,0.009473555889
INDUSTRIALS,0.004609145498
REAL ESTATE,0.949262892288
UTILITIES,0.004381235822
