SECTOR,WEIGHT
CONSUMER DISCRETIONARY,0.024299632932
FINANCIALS,0.007460730213
HEALTH CARE,0.009241093133
INDUSTRIALS,0.00380458208
REAL ESTATE,0.950778107632
UTILITIES,0.004415854009
