SECTOR,WEIGHT
CONSUMER DISCRETIONARY,0.023561623562
FINANCIALS,0.005993215008
HEALTH CARE,0.008794107931
INDUSTRIALS,0.003509381088
REAL ESTATE,0.954017602875
UTILITIES,0.004124069536
