SECTOR,WEIGHT
COMMUNICATION SERVICES,0.056675134801
CONSUMER DISCRETIONARY,0.058490163923
ENERGY,0.020781783271
FINANCIALS,0.093231862466
HEALTH CARE,0.03491479669
INDUSTRIALS,0.385155383102
MATERIALS,0.080886862851
TECHNOLOGY,0.252102942368
UTILITIES,0.017761070527
