SECTOR,WEIGHT
COMMUNICATION SERVICES,0.050189739747
CONSUMER DISCRETIONARY,0.08269211337
CONSUMER STAPLES,0.017902467867
ENERGY,0.068974624998
FINANCIALS,0.08220188149
HEALTH CARE,0.068955616006
INDUSTRIALS,0.350212650584
MATERIALS,0.071089625393
TECHNOLOGY,0.19035103604
UTILITIES,0.017430244506
