SECTOR,WEIGHT
COMMUNICATION SERVICES,0.054570074882
CONSUMER DISCRETIONARY,0.060324828308
ENERGY,0.019887427015
FINANCIALS,0.09550688869
HEALTH CARE,0.036080802743
INDUSTRIALS,0.382406868073
MATERIALS,0.078204596997
TECHNOLOGY,0.254335080777
UTILITIES,0.018683432515
