SECTOR,WEIGHT
COMMUNICATION SERVICES,0.034164913335
CONSUMER DISCRETIONARY,0.075543532712
CONSUMER STAPLES,0.012323414488
ENERGY,0.085863139966
FINANCIALS,0.082456667669
HEALTH CARE,0.06412183148
INDUSTRIALS,0.349564171927
MATERIALS,0.069131349564
TECHNOLOGY,0.21200280533
UTILITIES,0.01482817353
