SECTOR,WEIGHT
COMMUNICATION SERVICES,0.052728216142
CONSUMER DISCRETIONARY,0.081656162226
CONSUMER STAPLES,0.016588067009
ENERGY,0.072665950789
FINANCIALS,0.079740921639
HEALTH CARE,0.069050834011
INDUSTRIALS,0.348165095341
MATERIALS,0.074734450691
TECHNOLOGY,0.189492621516
UTILITIES,0.015177680636
