SECTOR,WEIGHT
COMMUNICATION SERVICES,0.056935291433
CONSUMER DISCRETIONARY,0.061546607625
ENERGY,0.019756492077
FINANCIALS,0.097446209652
HEALTH CARE,0.037162784366
INDUSTRIALS,0.377056925282
MATERIALS,0.076612709496
TECHNOLOGY,0.255003683448
UTILITIES,0.018479296622
