SECTOR,WEIGHT
COMMUNICATION SERVICES,0.053779215317
CONSUMER DISCRETIONARY,0.086520398149
CONSUMER STAPLES,0.016478740662
ENERGY,0.072174600949
FINANCIALS,0.081366285474
HEALTH CARE,0.067657367167
INDUSTRIALS,0.34875528229
MATERIALS,0.072597184114
TECHNOLOGY,0.184617772526
UTILITIES,0.016053153352
