SECTOR,WEIGHT
COMMUNICATION SERVICES,0.082878348664
CONSUMER DISCRETIONARY,0.075133663336
CONSUMER STAPLES,0.049004832716
ENERGY,0.081051666973
FINANCIALS,0.1417620297
HEALTH CARE,0.025296405908
INDUSTRIALS,0.202570503238
MATERIALS,0.071527838184
TECHNOLOGY,0.247102696732
UTILITIES,0.023672014549
