SECTOR,WEIGHT
COMMUNICATION SERVICES,0.081817676065
CONSUMER DISCRETIONARY,0.076304969023
CONSUMER STAPLES,0.048708054116
ENERGY,0.083874067518
FINANCIALS,0.138925275003
HEALTH CARE,0.024440005058
INDUSTRIALS,0.196654950057
MATERIALS,0.068897711468
TECHNOLOGY,0.256112277153
UTILITIES,0.02426501454
