SECTOR,WEIGHT
COMMUNICATION SERVICES,0.080329898574
CONSUMER DISCRETIONARY,0.075086290107
CONSUMER STAPLES,0.04516093168
ENERGY,0.072307824479
FINANCIALS,0.141735100743
HEALTH CARE,0.021384785652
INDUSTRIALS,0.195184936249
MATERIALS,0.066890372399
TECHNOLOGY,0.279781078336
UTILITIES,0.022138781781
