SECTOR,WEIGHT
COMMUNICATION SERVICES,0.082453258787
CONSUMER DISCRETIONARY,0.076327292661
CONSUMER STAPLES,0.04821581363
ENERGY,0.081895984999
FINANCIALS,0.139604669368
HEALTH CARE,0.025361519992
INDUSTRIALS,0.198478470622
MATERIALS,0.068341387339
TECHNOLOGY,0.256000048547
UTILITIES,0.023321554056
