SECTOR,WEIGHT
COMMUNICATION SERVICES,0.076308272048
CONSUMER DISCRETIONARY,0.100722259365
CONSUMER STAPLES,0.055104438907
FINANCIALS,0.199845013068
INDUSTRIALS,0.214155473166
TECHNOLOGY,0.330319698535
UTILITIES,0.023544844912
