SECTOR,WEIGHT
COMMUNICATION SERVICES,0.075488858572
CONSUMER DISCRETIONARY,0.104854302067
CONSUMER STAPLES,0.054092212395
FINANCIALS,0.207581700935
INDUSTRIALS,0.213923923711
TECHNOLOGY,0.319871048898
UTILITIES,0.024187953423
