SECTOR,WEIGHT
COMMUNICATION SERVICES,0.078937314873
CONSUMER DISCRETIONARY,0.100581564438
CONSUMER STAPLES,0.057691313825
FINANCIALS,0.199824486913
INDUSTRIALS,0.226889172403
TECHNOLOGY,0.313649587919
UTILITIES,0.022426559629
