SECTOR,WEIGHT
COMMUNICATION SERVICES,0.08012615422
CONSUMER DISCRETIONARY,0.103434310708
CONSUMER STAPLES,0.053078932448
FINANCIALS,0.207681637777
INDUSTRIALS,0.205213226956
TECHNOLOGY,0.325390814839
UTILITIES,0.025074923052
