SECTOR,WEIGHT
COMMUNICATION SERVICES,0.15765801143
CONSUMER DISCRETIONARY,0.134739154775
CONSUMER STAPLES,0.078634172275
ENERGY,0.00683880478
FINANCIALS,0.068523978106
HEALTH CARE,0.090403723081
INDUSTRIALS,0.079214141585
TECHNOLOGY,0.383988013968
