SECTOR,WEIGHT
COMMUNICATION SERVICES,0.157019766853
CONSUMER DISCRETIONARY,0.134718702484
CONSUMER STAPLES,0.078357830715
ENERGY,0.006183476939
FINANCIALS,0.058996452103
HEALTH CARE,0.075519513431
INDUSTRIALS,0.073390775469
TECHNOLOGY,0.415813482007
