SECTOR,WEIGHT
COMMUNICATION SERVICES,0.159997136228
CONSUMER DISCRETIONARY,0.119104688015
CONSUMER STAPLES,0.055386765541
ENERGY,0.005035802194
FINANCIALS,0.069376897627
HEALTH CARE,0.092556309929
INDUSTRIALS,0.090208823443
TECHNOLOGYQ,0.408333577023
