SECTOR,WEIGHT
COMMUNICATION SERVICES,0.155704128581
CONSUMER DISCRETIONARY,0.121941461424
CONSUMER STAPLES,0.059728768784
ENERGY,0.004802989957
FINANCIALS,0.073831143439
HEALTH CARE,0.089889696089
INDUSTRIALS,0.083102381692
TECHNOLOGY,0.410999430034
