SECTOR,WEIGHT
COMMUNICATION SERVICES,0.15041599759
CONSUMER DISCRETIONARY,0.137135227141
CONSUMER STAPLES,0.083410616623
ENERGY,0.007685631047
FINANCIALS,0.063103129896
HEALTH CARE,0.089490463157
INDUSTRIALS,0.075140877617
TECHNOLOGY,0.393618056929
