SECTOR,WEIGHT
COMMUNICATION SERVICES,0.15793972232
CONSUMER DISCRETIONARY,0.134205776082
CONSUMER STAPLES,0.078482597959
ENERGY,0.006200524915
FINANCIALS,0.072349524767
HEALTH CARE,0.092550812793
INDUSTRIALS,0.082402851899
TECHNOLOGY,0.375868189263
