SECTOR,WEIGHT
COMMUNICATION SERVICES,0.158674304501
CONSUMER DISCRETIONARY,0.139849339996
CONSUMER STAPLES,0.075809292609
ENERGY,0.005956465951
FINANCIALS,0.079002553202
HEALTH CARE,0.090693423873
INDUSTRIALS,0.077526499139
TECHNOLOGY,0.372488120729
