SECTOR,WEIGHT
COMMUNICATION SERVICES,0.154837801844
CONSUMER DISCRETIONARY,0.139967334221
CONSUMER STAPLES,0.072595421765
ENERGY,0.005341106114
FINANCIALS,0.07835666005
HEALTH CARE,0.089878131517
INDUSTRIALS,0.078793878936
TECHNOLOGY,0.380229665553
