SECTOR,WEIGHT
COMMUNICATION SERVICES,0.154252816213
CONSUMER DISCRETIONARY,0.134023138176
CONSUMER STAPLES,0.078378340006
ENERGY,0.006443722391
FINANCIALS,0.06198913674
HEALTH CARE,0.076584360638
INDUSTRIALS,0.07052397584
TECHNOLOGY,0.417804509997
