SECTOR,WEIGHT
CONSUMER DISCRETIONARY,0.150297821443
CONSUMER STAPLES,0.050488635182
ENERGY,0.117156435263
FINANCIALS,0.343534734501
HEALTH CARE,0.117083430007
INDUSTRIALS,0.062986535031
MATERIALS,0.037796721364
TECHNOLOGY,0.120655687209
