SECTOR,WEIGHT
CONSUMER DISCRETIONARY,0.139053783597
CONSUMER STAPLES,0.052224854542
ENERGY,0.157374998376
FINANCIALS,0.312766597356
HEALTH CARE,0.115416858595
INDUSTRIALS,0.063731568624
MATERIALS,0.041802265572
TECHNOLOGY,0.117629073338
