SECTOR,WEIGHT
CONSUMER DISCRETIONARY,0.151697096684
CONSUMER STAPLES,0.052329704397
ENERGY,0.110025861575
FINANCIALS,0.332362979422
HEALTH CARE,0.117221032471
INDUSTRIALS,0.06009823576
MATERIALS,0.034682272801
TECHNOLOGY,0.14158281689
