SECTOR,WEIGHT
CONSUMER DISCRETIONARY,0.149724479191
CONSUMER STAPLES,0.048683511662
ENERGY,0.118894555901
FINANCIALS,0.334599992198
HEALTH CARE,0.114174342806
INDUSTRIALS,0.064207501328
MATERIALS,0.035021000397
TECHNOLOGY,0.134694616516
