SECTOR,WEIGHT
CONSUMER DISCRETIONARY,0.143633418413
CONSUMER STAPLES,0.055289801203
ENERGY,0.135740163948
FINANCIALS,0.320487742893
HEALTH CARE,0.115176079907
INDUSTRIALS,0.066037594263
MATERIALS,0.043369376094
TECHNOLOGY,0.120265823279
