SECTOR,WEIGHT
CONSUMER DISCRETIONARY,0.145297349855
CONSUMER STAPLES,0.053544080562
ENERGY,0.135147111929
FINANCIALS,0.326641198542
HEALTH CARE,0.113937346013
INDUSTRIALS,0.066072076993
MATERIALS,0.042877677979
TECHNOLOGY,0.116483158127
