SECTOR,WEIGHT
COMMUNICATION SERVICES,0.017873663176
CONSUMER DISCRETIONARY,0.148162076149
CONSUMER STAPLES,0.035630308916
ENERGY,0.133868946473
FINANCIALS,0.158894675307
HEALTH CARE,0.147218935621
INDUSTRIALS,0.184539496385
MATERIALS,0.04187623956
REAL ESTATE,0.013779053079
TECHNOLOGY,0.118156605334
