SECTOR,WEIGHT
COMMUNICATION SERVICES,0.019029057045
CONSUMER DISCRETIONARY,0.103624243041
CONSUMER STAPLES,0.028511526131
ENERGY,0.134651671671
FINANCIALS,0.2902284871
HEALTH CARE,0.15511475243
INDUSTRIALS,0.168688616355
MATERIALS,0.019375095415
TECHNOLOGY,0.080776550812
