SECTOR,WEIGHT
COMMUNICATION SERVICES,0.018984579797
CONSUMER DISCRETIONARY,0.103093297364
CONSUMER STAPLES,0.025513167545
ENERGY,0.132736422257
FINANCIALS,0.287979077595
HEALTH CARE,0.154594679272
INDUSTRIALS,0.174734833342
MATERIALS,0.021442209588
TECHNOLOGY,0.080921733239
