SECTOR,WEIGHT
COMMUNICATION SERVICES,0.022895552802
CONSUMER DISCRETIONARY,0.125102837824
CONSUMER STAPLES,0.028268140992
ENERGY,0.103369277363
FINANCIALS,0.281235174839
HEALTH CARE,0.166932560407
INDUSTRIALS,0.158856663591
MATERIALS,0.035043927514
TECHNOLOGY,0.078295864668
