SECTOR,WEIGHT
COMMUNICATION SERVICES,0.017291285344
CONSUMER DISCRETIONARY,0.146444824517
CONSUMER STAPLES,0.035083665897
ENERGY,0.143830327762
FINANCIALS,0.151771836649
HEALTH CARE,0.145781698523
INDUSTRIALS,0.184951140717
MATERIALS,0.041150818656
REAL ESTATE,0.013172502776
TECHNOLOGY,0.120521899161
