SECTOR,WEIGHT
CONSUMER DISCRETIONARY,0.161243881371
CONSUMER STAPLES,0.460408868413
FINANCIALS,0.165131010654
HEALTH CARE,0.025770227469
INDUSTRIALS,0.009069968327
MATERIALS,0.119493233516
TECHNOLOGY,0.058882810251
