SECTOR,WEIGHT
COMMUNICATION SERVICES,0.007230142566
CONSUMER DISCRETIONARY,0.115071283096
CONSUMER STAPLES,0.013645621181
ENERGY,0.045621181263
FINANCIALS,0.173014256619
HEALTH CARE,0.14215885947
INDUSTRIALS,0.168533604888
MATERIALS,0.065784114053
REAL ESTATE,0.026883910387
TECHNOLOGY,0.208859470468
UTILITIES,0.033197556008
