SECTOR,WEIGHT
COMMUNICATION SERVICES,0.048682671644
CONSUMER DISCRETIONARY,0.08749908236
CONSUMER STAPLES,0.061878581937
ENERGY,0.046388823802
FINANCIALS,0.160907241459
HEALTH CARE,0.105779470816
INDUSTRIALS,0.159635116286
MATERIALS,0.039917578356
REAL ESTATE,0.050118714922
TECHNOLOGY,0.178547041982
UTILITIES,0.060645676434
