SECTOR,WEIGHT
COMMUNICATION SERVICES,0.045888193872
CONSUMER DISCRETIONARY,0.088925746876
CONSUMER STAPLES,0.060493589319
ENERGY,0.051524255031
FINANCIALS,0.152435536986
HEALTH CARE,0.114659779374
INDUSTRIALS,0.161907571406
MATERIALS,0.046781214066
REAL ESTATE,0.046306608951
TECHNOLOGY,0.171274249512
UTILITIES,0.059803254607
