SECTOR,WEIGHT
COMMUNICATION SERVICES,0.047088828565
CONSUMER DISCRETIONARY,0.087643436552
CONSUMER STAPLES,0.063890824065
ENERGY,0.051537063284
FINANCIALS,0.152264956238
HEALTH CARE,0.100999151192
INDUSTRIALS,0.162136353809
MATERIALS,0.042948887341
REAL ESTATE,0.050882440083
TECHNOLOGY,0.173200887245
UTILITIES,0.061545591403
