SECTOR,WEIGHT
COMMUNICATION SERVICES,0.045487399412
CONSUMER DISCRETIONARY,0.088068592493
CONSUMER STAPLES,0.059340818195
ENERGY,0.052669092019
FINANCIALS,0.152674713696
HEALTH CARE,0.114035721743
INDUSTRIALS,0.162191410077
MATERIALS,0.045314733613
REAL ESTATE,0.046032501325
TECHNOLOGY,0.17415855539
UTILITIES,0.060026462038
