SECTOR,WEIGHT
COMMUNICATION SERVICES,0.110718932758
CONSUMER DISCRETIONARY,0.102201166444
CONSUMER STAPLES,0.065106730208
ENERGY,0.028398234897
FINANCIALS,0.121877136459
HEALTH CARE,0.093771615198
INDUSTRIALS,0.091364747254
MATERIALS,0.013999129879
REAL ESTATE,0.011340648501
TECHNOLOGY,0.334589729761
UTILITIES,0.026631928642
