SECTOR,WEIGHT
COMMUNICATION SERVICES,0.11249010778
CONSUMER DISCRETIONARY,0.110977652621
CONSUMER STAPLES,0.059952878887
ENERGY,0.022114384192
FINANCIALS,0.133245692616
HEALTH CARE,0.09050527652
INDUSTRIALS,0.08055480792
MATERIALS,0.010675563304
REAL ESTATE,0.010723769046
TECHNOLOGY,0.343950982795
UTILITIES,0.024808884318
