SECTOR,WEIGHT
COMMUNICATION SERVICES,0.112600756621
CONSUMER DISCRETIONARY,0.107803944335
CONSUMER STAPLES,0.059651328699
ENERGY,0.023062600205
FINANCIALS,0.129648290584
HEALTH CARE,0.090629070247
INDUSTRIALS,0.080138048728
MATERIALS,0.010328587658
REAL ESTATE,0.010759739264
TECHNOLOGY,0.350199382551
UTILITIES,0.025178251109
