SECTOR,WEIGHT
COMMUNICATION SERVICES,0.112959617738
CONSUMER DISCRETIONARY,0.108976046328
CONSUMER STAPLES,0.058640381458
ENERGY,0.02237732308
FINANCIALS,0.13296186823
HEALTH CARE,0.090298973816
INDUSTRIALS,0.0803737022
MATERIALS,0.010631564353
REAL ESTATE,0.010688831332
TECHNOLOGY,0.347575396498
UTILITIES,0.024516294967
