SECTOR,WEIGHT
COMMUNICATION SERVICES,0.110340390091
CONSUMER DISCRETIONARY,0.102545985185
CONSUMER STAPLES,0.066233900299
ENERGY,0.027743952245
FINANCIALS,0.121366010301
HEALTH CARE,0.094618282625
INDUSTRIALS,0.090646413441
MATERIALS,0.014377104073
REAL ESTATE,0.011382416937
TECHNOLOGY,0.334453835414
UTILITIES,0.026291709387
