SECTOR,WEIGHT
COMMUNICATION SERVICES,0.111871692923
CONSUMER DISCRETIONARY,0.10751472207
CONSUMER STAPLES,0.060049203895
ENERGY,0.022527724811
FINANCIALS,0.128838415129
HEALTH CARE,0.094032774526
INDUSTRIALS,0.079616474282
MATERIALS,0.01050545273
REAL ESTATE,0.010962603836
TECHNOLOGY,0.347982219228
UTILITIES,0.026098716568
