SECTOR,WEIGHT
COMMUNICATION SERVICES,0.112382814227
CONSUMER DISCRETIONARY,0.109740734639
CONSUMER STAPLES,0.058393977264
ENERGY,0.021953370811
FINANCIALS,0.133672149066
HEALTH CARE,0.08997536738
INDUSTRIALS,0.080761240391
MATERIALS,0.010648685791
REAL ESTATE,0.010559277015
TECHNOLOGY,0.347578127198
UTILITIES,0.024334256219
