SECTOR,WEIGHT
COMMUNICATION SERVICES,0.117251350391
CONSUMER DISCRETIONARY,0.105346797744
CONSUMER STAPLES,0.058233276432
ENERGY,0.021920973054
FINANCIALS,0.130973756813
HEALTH CARE,0.094730730408
INDUSTRIALS,0.09212961377
MATERIALS,0.014504205597
REAL ESTATE,0.014987589369
TECHNOLOGY,0.341431993887
UTILITIES,0.008489712536
