SECTOR,WEIGHT
COMMUNICATION SERVICES,0.111794336744
CONSUMER DISCRETIONARY,0.106480915699
CONSUMER STAPLES,0.056120200055
ENERGY,0.021312147759
FINANCIALS,0.131773042564
HEALTH CARE,0.093898135245
INDUSTRIALS,0.091257242139
MATERIALS,0.013887962131
REAL ESTATE,0.014245200127
TECHNOLOGY,0.350374466749
UTILITIES,0.008856350789
