SECTOR,WEIGHT
COMMUNICATION SERVICES,0.117020154996
CONSUMER DISCRETIONARY,0.106267330168
CONSUMER STAPLES,0.058006469238
ENERGY,0.021196911937
FINANCIALS,0.130434884859
HEALTH CARE,0.095519738242
INDUSTRIALS,0.089290679442
MATERIALS,0.013872467676
REAL ESTATE,0.015181741282
TECHNOLOGY,0.344222756099
UTILITIES,0.008986866062
