SECTOR,WEIGHT
COMMUNICATION SERVICES,0.116758604127
CONSUMER DISCRETIONARY,0.103505931122
CONSUMER STAPLES,0.058138312456
ENERGY,0.021536914283
FINANCIALS,0.130062345764
HEALTH CARE,0.091678782864
INDUSTRIALS,0.09176004542
MATERIALS,0.014267608927
REAL ESTATE,0.015411903083
TECHNOLOGY,0.348065905809
UTILITIES,0.008813646144
