SECTOR,WEIGHT
COMMUNICATION SERVICES,0.138503023653
CONSUMER DISCRETIONARY,0.098161154602
CONSUMER STAPLES,0.057895154839
ENERGY,0.026410713007
FINANCIALS,0.120952589156
HEALTH CARE,0.087034539682
INDUSTRIALS,0.097911016004
MATERIALS,0.01917141447
REAL ESTATE,0.014787694526
TECHNOLOGY,0.330741850567
UTILITIES,0.008430849496
