SECTOR,WEIGHT
COMMUNICATION SERVICES,0.117759763424
CONSUMER DISCRETIONARY,0.099265306204
CONSUMER STAPLES,0.054826512839
ENERGY,0.039383709785
FINANCIALS,0.123695227136
HEALTH CARE,0.08963487609
INDUSTRIALS,0.100519026845
MATERIALS,0.015125930511
REAL ESTATE,0.022645715239
TECHNOLOGY,0.328752561165
UTILITIES,0.008391370762
