SECTOR,WEIGHT
COMMUNICATION SERVICES,0.115380193759
CONSUMER DISCRETIONARY,0.106207263002
CONSUMER STAPLES,0.057430569782
ENERGY,0.02150781913
FINANCIALS,0.131441247472
HEALTH CARE,0.090038527602
INDUSTRIALS,0.092215398805
MATERIALS,0.014367350926
REAL ESTATE,0.016353315872
TECHNOLOGYQ,0.34584839533
UTILITIES,0.00920991832
