SECTOR,WEIGHT
COMMUNICATION SERVICES,0.118184119867
CONSUMER DISCRETIONARY,0.100280225146
CONSUMER STAPLES,0.055233878739
ENERGY,0.038228307967
FINANCIALS,0.122570987109
HEALTH CARE,0.088932983945
INDUSTRIALS,0.098446985591
MATERIALS,0.015606172218
REAL ESTATE,0.021702122084
TECHNOLOGY,0.332529954935
UTILITIES,0.008284262398
