SECTOR,WEIGHT
COMMUNICATION SERVICES,0.115728113309
CONSUMER DISCRETIONARY,0.099596600789
CONSUMER STAPLES,0.055532575437
ENERGY,0.040293850476
FINANCIALS,0.124954823576
HEALTH CARE,0.093398210826
INDUSTRIALS,0.09806998228
MATERIALS,0.01544107201
REAL ESTATE,0.021053060499
TECHNOLOGY,0.327606594433
UTILITIES,0.008325116365
