SECTOR,WEIGHT
COMMUNICATION SERVICES,0.11233370011
CONSUMER DISCRETIONARY,0.101530459138
CONSUMER STAPLES,0.052015604681
ENERGY,0.031009302791
FINANCIALS,0.124637391217
HEALTH CARE,0.099129738922
INDUSTRIALS,0.092827848355
MATERIALS,0.01600480144
REAL ESTATE,0.019505851756
TECHNOLOGY,0.343102930879
UTILITIES,0.007902370711
