SECTOR,WEIGHT
COMMUNICATION SERVICES,0.032443348135
CONSUMER DISCRETIONARY,0.111349238387
CONSUMER STAPLES,0.02979104078
ENERGY,0.036927421105
FINANCIALS,0.185641229535
HEALTH CARE,0.192633583992
INDUSTRIALS,0.173486257701
MATERIALS,0.037590751511
REAL ESTATE,0.038373765384
TECHNOLOGY,0.138227305276
UTILITIES,0.023536058195
