SECTOR,WEIGHT
COMMUNICATION SERVICES,0.031576520732
CONSUMER DISCRETIONARY,0.104378028914
CONSUMER STAPLES,0.030562186863
ENERGY,0.052685935595
FINANCIALS,0.176539174804
HEALTH CARE,0.169930635957
INDUSTRIALS,0.192446798701
MATERIALS,0.037902275591
REAL ESTATE,0.036519093042
TECHNOLOGY,0.144668599707
UTILITIES,0.022790750095
