SECTOR,WEIGHT
COMMUNICATION SERVICES,0.030940777292
CONSUMER DISCRETIONARY,0.117571303119
CONSUMER STAPLES,0.031928464663
ENERGY,0.035281937084
FINANCIALS,0.193495460086
HEALTH CARE,0.177264531883
INDUSTRIALS,0.172922358038
MATERIALS,0.032558191417
REAL ESTATE,0.039003510651
TECHNOLOGYQ,0.14490002454
UTILITIES,0.024133441229
