SECTOR,WEIGHT
COMMUNICATION SERVICES,0.033558627368
CONSUMER DISCRETIONARY,0.109574302879
CONSUMER STAPLES,0.030352272716
ENERGY,0.036315341275
FINANCIALS,0.186368476022
HEALTH CARE,0.196928436072
INDUSTRIALS,0.168743167846
MATERIALS,0.036019979071
REAL ESTATE,0.038999990865
TECHNOLOGY,0.139594673736
UTILITIES,0.023544732149
