SECTOR,WEIGHT
COMMUNICATION SERVICES,0.032977236351
CONSUMER DISCRETIONARY,0.108811803809
CONSUMER STAPLES,0.030437017057
ENERGY,0.035619834795
FINANCIALS,0.18646284093
HEALTH CARE,0.197452887852
INDUSTRIALS,0.170676178805
MATERIALS,0.036348652701
REAL ESTATE,0.038456041333
TECHNOLOGY,0.139382623319
UTILITIES,0.02337488305
