SECTOR,WEIGHT
COMMUNICATION SERVICES,0.112353434717
CONSUMER DISCRETIONARY,0.105643283383
CONSUMER STAPLES,0.047265768705
ENERGY,0.028567762605
FINANCIALS,0.127190146683
HEALTH CARE,0.096403042122
INDUSTRIALS,0.079555490065
MATERIALS,0.015422121045
REAL ESTATE,0.016331309462
TECHNOLOGY,0.349556382212
UTILITIES,0.021711259
