SECTOR,WEIGHT
COMMUNICATION SERVICES,0.111374452722
CONSUMER DISCRETIONARY,0.105759060472
CONSUMER STAPLES,0.046710719574
ENERGY,0.028555186944
FINANCIALS,0.127323329694
HEALTH CARE,0.094616502095
INDUSTRIALS,0.079731351454
MATERIALS,0.015302219589
REAL ESTATE,0.016057154487
TECHNOLOGY,0.353480971731
UTILITIES,0.021089051238
