SECTOR,WEIGHT
COMMUNICATION SERVICES,0.111042297574
CONSUMER DISCRETIONARY,0.107162753162
CONSUMER STAPLES,0.049536713138
ENERGY,0.030876756962
FINANCIALS,0.125824716864
HEALTH CARE,0.099077441328
INDUSTRIALS,0.085485485084
MATERIALS,0.017249669009
REAL ESTATE,0.016604249331
TECHNOLOGY,0.335584104809
UTILITIES,0.021555812742
