SECTOR,WEIGHT
COMMUNICATION SERVICES,0.111120816015
CONSUMER DISCRETIONARY,0.106262674939
CONSUMER STAPLES,0.046621689456
ENERGY,0.02816998976
FINANCIALS,0.130808385037
HEALTH CARE,0.097183904584
INDUSTRIALS,0.08003232737
MATERIALS,0.015990000602
REAL ESTATE,0.016159669096
TECHNOLOGY,0.346285364335
UTILITIES,0.021365178804
