SECTOR,WEIGHT
COMMUNICATION SERVICES,0.111790789106
CONSUMER DISCRETIONARY,0.099983080356
CONSUMER STAPLES,0.053317902084
ENERGY,0.035447154146
FINANCIALS,0.122259943795
HEALTH CARE,0.09845931126
INDUSTRIALS,0.090835459969
MATERIALS,0.01915824272
REAL ESTATE,0.017491307408
TECHNOLOGY,0.327870657834
UTILITIES,0.023386151322
