SECTOR,WEIGHT
COMMUNICATION SERVICES,0.11156020611
CONSUMER DISCRETIONARY,0.108583157034
CONSUMER STAPLES,0.046622071032
ENERGY,0.029116381383
FINANCIALS,0.131977834407
HEALTH CARE,0.0984058964
INDUSTRIALS,0.081512244767
MATERIALS,0.016479949995
REAL ESTATE,0.015997131134
TECHNOLOGY,0.338900775716
UTILITIES,0.020844352021
