SECTOR,WEIGHT
COMMUNICATION SERVICES,0.107359303888
CONSUMER DISCRETIONARY,0.100965051099
CONSUMER STAPLES,0.052310600328
ENERGY,0.040926224555
FINANCIALS,0.123570438507
HEALTH CARE,0.096607337756
INDUSTRIALS,0.088225654985
MATERIALS,0.018450125329
REAL ESTATE,0.017006908399
TECHNOLOGY,0.330715164101
UTILITIES,0.023863191053
