SECTOR,WEIGHT
COMMUNICATION SERVICES,0.110639177866
CONSUMER DISCRETIONARY,0.107530174002
CONSUMER STAPLES,0.046460383541
ENERGY,0.027630682063
FINANCIALS,0.131476631273
HEALTH CARE,0.096774646912
INDUSTRIALS,0.080158491937
MATERIALS,0.015983713116
REAL ESTATE,0.015998771256
TECHNOLOGY,0.346136432767
UTILITIES,0.021210895267
