SECTOR,WEIGHT
COMMUNICATION SERVICES,0.081712493117
CONSUMER DISCRETIONARY,0.149662828663
CONSUMER STAPLES,0.036781034696
ENERGY,0.024672733516
FINANCIALS,0.081573317242
HEALTH CARE,0.215353841965
INDUSTRIALS,0.149009616342
MATERIALS,0.027000119874
REAL ESTATE,0.025099404083
TECHNOLOGY,0.146793977037
UTILITIES,0.062340633464
