SECTOR,WEIGHT
COMMUNICATION SERVICES,0.081840343299
CONSUMER DISCRETIONARY,0.150068235005
CONSUMER STAPLES,0.038768457239
ENERGY,0.029050938981
FINANCIALS,0.06356372682
HEALTH CARE,0.227132636046
INDUSTRIALS,0.153391071427
MATERIALS,0.029959384168
REAL ESTATE,0.030470511605
TECHNOLOGY,0.126856139474
UTILITIES,0.068898555938
