SECTOR,WEIGHT
COMMUNICATION SERVICES,0.080238032428
CONSUMER DISCRETIONARY,0.146179914365
CONSUMER STAPLES,0.037177093691
ENERGY,0.025258223584
FINANCIALS,0.080455163457
HEALTH CARE,0.22282818239
INDUSTRIALS,0.147366017979
MATERIALS,0.024791493334
REAL ESTATE,0.022933704012
TECHNOLOGY,0.153048966091
UTILITIES,0.059723208669
