SECTOR,WEIGHT
COMMUNICATION SERVICES,0.081390873409
CONSUMER DISCRETIONARY,0.153739444808
CONSUMER STAPLES,0.037988026871
ENERGY,0.02805611833
FINANCIALS,0.065545518709
HEALTH CARE,0.224239746929
INDUSTRIALS,0.151021879649
MATERIALS,0.028311017005
REAL ESTATE,0.027009104249
TECHNOLOGY,0.140942718885
UTILITIES,0.061755551155
