SECTOR,WEIGHT
COMMUNICATION SERVICES,0.079274260867
CONSUMER DISCRETIONARY,0.148206901378
CONSUMER STAPLES,0.03873949077
ENERGY,0.025567009054
FINANCIALS,0.080567470553
HEALTH CARE,0.222023310231
INDUSTRIALS,0.146582021444
MATERIALS,0.025515280667
REAL ESTATE,0.023485702172
TECHNOLOGY,0.149716153153
UTILITIES,0.06032239971
