SECTOR,WEIGHT
COMMUNICATION SERVICES,0.069872967605
CONSUMER DISCRETIONARY,0.123491928107
CONSUMER STAPLES,0.034801025159
ENERGY,0.023726379721
FINANCIALS,0.120299636579
HEALTH CARE,0.213578621639
INDUSTRIALS,0.1432297461
MATERIALS,0.022260542082
TECHNOLOGY,0.202788284836
UTILITIES,0.045950868171
