SECTOR,WEIGHT
COMMUNICATION SERVICES,0.072313282163
CONSUMER DISCRETIONARY,0.125568303256
CONSUMER STAPLES,0.035632691937
ENERGY,0.025791785722
FINANCIALS,0.125712518961
HEALTH CARE,0.216499936711
INDUSTRIALS,0.138056968316
MATERIALS,0.023760315573
TECHNOLOGY,0.188048979389
UTILITIES,0.048615217973
