SECTOR,WEIGHT
COMMUNICATION SERVICES,0.071605589243
CONSUMER DISCRETIONARY,0.126050567868
CONSUMER STAPLES,0.034615881681
ENERGY,0.02576572944
FINANCIALS,0.122082473907
HEALTH CARE,0.216738780933
INDUSTRIALS,0.13943435534
MATERIALS,0.022673345637
TECHNOLOGY,0.194054062437
UTILITIES,0.046979213515
