SECTOR,WEIGHT
COMMUNICATION SERVICES,0.102407706264
CONSUMER DISCRETIONARY,0.100891111935
CONSUMER STAPLES,0.051651413851
ENERGY,0.03443360765
FINANCIALS,0.12154205467
HEALTH CARE,0.098086464922
INDUSTRIALS,0.103235668534
MATERIALS,0.024141214679
REAL ESTATE,0.021444824233
TECHNOLOGY,0.318023716207
UTILITIES,0.024142217054
