SECTOR,WEIGHT
COMMUNICATION SERVICES,0.101762670352
CONSUMER DISCRETIONARY,0.101261598559
CONSUMER STAPLES,0.052781900485
ENERGY,0.034696215204
FINANCIALS,0.12327468455
HEALTH CARE,0.099521877296
INDUSTRIALS,0.103840114004
MATERIALS,0.024263900483
REAL ESTATE,0.02175854152
TECHNOLOGY,0.312723916457
UTILITIES,0.024114581089
