SECTOR,WEIGHT
COMMUNICATION SERVICES,0.104561791984
CONSUMER DISCRETIONARY,0.105967796284
CONSUMER STAPLES,0.045810468213
ENERGY,0.029405747569
FINANCIALS,0.127842094285
HEALTH CARE,0.096032500562
INDUSTRIALS,0.092509466962
MATERIALS,0.019930762812
REAL ESTATE,0.019891651423
TECHNOLOGY,0.336117261962
UTILITIES,0.021930457944
