SECTOR,WEIGHT
COMMUNICATION SERVICES,0.099735874827
CONSUMER DISCRETIONARY,0.099879486613
CONSUMER STAPLES,0.052315865587
ENERGY,0.04327736156
FINANCIALS,0.122275895314
HEALTH CARE,0.097279410288
INDUSTRIALS,0.101875991725
MATERIALS,0.023702974672
REAL ESTATE,0.021637174363
TECHNOLOGY,0.312598670336
UTILITIES,0.025421294715
