SECTOR,WEIGHT
COMMUNICATION SERVICES,0.105064522639
CONSUMER DISCRETIONARY,0.107480168312
CONSUMER STAPLES,0.047800868869
ENERGY,0.03071665159
FINANCIALS,0.126598507842
HEALTH CARE,0.099086653005
INDUSTRIALS,0.097491282692
MATERIALS,0.022138398626
REAL ESTATE,0.020253873718
TECHNOLOGY,0.321184489667
UTILITIES,0.02218458304
