SECTOR,WEIGHT
COMMUNICATION SERVICES,0.105369167236
CONSUMER DISCRETIONARY,0.105795474721
CONSUMER STAPLES,0.046321066712
ENERGY,0.029529567183
FINANCIALS,0.127673574854
HEALTH CARE,0.097940383155
INDUSTRIALS,0.092408416614
MATERIALS,0.019984291823
REAL ESTATE,0.020145787129
TECHNOLOGY,0.332252016936
UTILITIES,0.022580253638
