SECTOR,WEIGHT
COMMUNICATION SERVICES,0.108745858018
CONSUMER DISCRETIONARY,0.101516216488
CONSUMER STAPLES,0.046892258259
ENERGY,0.034039562205
FINANCIALS,0.114971382669
HEALTH CARE,0.08545034642
INDUSTRIALS,0.098202630786
MATERIALS,0.02219098303
REAL ESTATE,0.020584396024
TECHNOLOGY,0.345416206446
UTILITIES,0.021990159655
