SECTOR,WEIGHT
COMMUNICATION SERVICES,0.054170464876
CONSUMER DISCRETIONARY,0.153115947262
CONSUMER STAPLES,0.112711602289
ENERGY,0.082401146037
FINANCIALS,0.189033352921
HEALTH CARE,0.113281098053
INDUSTRIALS,0.131630792171
MATERIALS,0.060506284136
REAL ESTATE,0.009355291657
TECHNOLOGY,0.090050575191
UTILITIES,0.003743445408
