SECTOR,WEIGHT
COMMUNICATION SERVICES,0.053513893865
CONSUMER DISCRETIONARY,0.149496416032
CONSUMER STAPLES,0.103128323257
ENERGY,0.081955944536
FINANCIALS,0.185355583318
HEALTH CARE,0.113207125629
INDUSTRIALS,0.136026699925
MATERIALS,0.068907044031
REAL ESTATE,0.009542787584
TECHNOLOGY,0.095226321108
UTILITIES,0.003639860715
