SECTOR,WEIGHT
COMMUNICATION SERVICES,0.036779863296
CONSUMER DISCRETIONARY,0.157317999349
CONSUMER STAPLES,0.111316046436
ENERGY,0.093956818922
FINANCIALS,0.190951502658
HEALTH CARE,0.115004882283
INDUSTRIALS,0.131930129109
MATERIALS,0.051969187371
REAL ESTATE,0.005858739286
TECHNOLOGY,0.104806336118
UTILITIES,0.000108495172
