SECTOR,WEIGHT
COMMUNICATION SERVICES,0.054703557684
CONSUMER DISCRETIONARY,0.150255574438
CONSUMER STAPLES,0.112923787572
ENERGY,0.081829864541
FINANCIALS,0.182554269034
HEALTH CARE,0.118905064349
INDUSTRIALS,0.138200820578
MATERIALS,0.056330910915
REAL ESTATE,0.010220218046
TECHNOLOGY,0.090324412409
UTILITIES,0.003751520434
