SECTOR,WEIGHT
COMMUNICATION SERVICES,0.038911807822
CONSUMER DISCRETIONARY,0.149748054338
CONSUMER STAPLES,0.107109762579
ENERGY,0.102001613871
FINANCIALS,0.182055160462
HEALTH CARE,0.11147789314
INDUSTRIALS,0.131273188735
MATERIALS,0.064922040951
REAL ESTATE,0.007253060873
TECHNOLOGY,0.101897055279
UTILITIES,0.003350361951
