SECTOR,WEIGHT
COMMUNICATION SERVICES,0.057063371905
CONSUMER DISCRETIONARY,0.148383590609
CONSUMER STAPLES,0.116006278119
ENERGY,0.079311057839
FINANCIALS,0.141833180374
HEALTH CARE,0.141706633551
INDUSTRIALS,0.155698560811
MATERIALS,0.065899456959
REAL ESTATE,0.010179990519
TECHNOLOGY,0.080302225386
UTILITIES,0.003615653928
