SECTOR,WEIGHT
COMMUNICATION SERVICES,0.078710296404
CONSUMER DISCRETIONARY,0.069961572533
CONSUMER STAPLES,0.074769792967
ENERGY,0.077810329763
FINANCIALS,0.199726079582
HEALTH CARE,0.116572386847
INDUSTRIALS,0.13522981399
MATERIALS,0.042844660517
REAL ESTATE,0.03865019113
TECHNOLOGY,0.119755023638
UTILITIES,0.045969852629
