SECTOR,WEIGHT
COMMUNICATION SERVICES,0.084191154287
CONSUMER DISCRETIONARY,0.075113135823
CONSUMER STAPLES,0.073506104306
ENERGY,0.059233894487
FINANCIALS,0.219671554134
HEALTH CARE,0.122260101772
INDUSTRIALS,0.131126933366
MATERIALS,0.038771898067
REAL ESTATE,0.039080633158
TECHNOLOGY,0.113032241196
UTILITIES,0.044012349404
