SECTOR,WEIGHT
COMMUNICATION SERVICES,0.084212908937
CONSUMER DISCRETIONARY,0.075260552895
CONSUMER STAPLES,0.072674137862
ENERGY,0.059043901654
FINANCIALS,0.219523359221
HEALTH CARE,0.120802985795
INDUSTRIALS,0.131645607823
MATERIALS,0.03862017625
REAL ESTATE,0.038389803227
TECHNOLOGY,0.117004345902
UTILITIES,0.042822220434
