SECTOR,WEIGHT
COMMUNICATION SERVICES,0.111004069795
CONSUMER DISCRETIONARY,0.104861322523
CONSUMER STAPLES,0.047703930397
ENERGY,0.031678109628
FINANCIALS,0.121644221371
HEALTH CARE,0.094555647242
INDUSTRIALS,0.086038518851
MATERIALS,0.020272868565
REAL ESTATE,0.016364302767
TECHNOLOGY,0.341315032606
UTILITIES,0.021907195847
