SECTOR,WEIGHT
COMMUNICATION SERVICES,0.108232559582
CONSUMER DISCRETIONARY,0.098727105247
CONSUMER STAPLES,0.051451872136
ENERGY,0.034342254365
FINANCIALS,0.121126532359
HEALTH CARE,0.096930830417
INDUSTRIALS,0.092782195676
MATERIALS,0.021323262459
REAL ESTATE,0.017754716472
TECHNOLOGY,0.333338000714
UTILITIES,0.023990670573
