SECTOR,WEIGHT
COMMUNICATION SERVICES,0.114914914915
CONSUMER DISCRETIONARY,0.1
CONSUMER STAPLES,0.046446446446
ENERGY,0.033233233233
FINANCIALS,0.113813813814
HEALTH CARE,0.083783783784
INDUSTRIALS,0.087087087087
MATERIALS,0.018918918919
REAL ESTATE,0.017217217217
TECHNOLOGY,0.362762762763
UTILITIES,0.021821821822
