SECTOR,WEIGHT
COMMUNICATION SERVICES,0.111854132541
CONSUMER DISCRETIONARY,0.099725527906
CONSUMER STAPLES,0.047396717742
ENERGY,0.035174054132
FINANCIALS,0.117970967797
HEALTH CARE,0.085651703618
INDUSTRIALS,0.087962152269
MATERIALS,0.019663328907
REAL ESTATE,0.017573018282
TECHNOLOGY,0.354144048318
UTILITIES,0.022884348487
