SECTOR,WEIGHT
COMMUNICATION SERVICES,0.10915222642
CONSUMER DISCRETIONARY,0.10586997264
CONSUMER STAPLES,0.04530011325
ENERGY,0.028345643873
FINANCIALS,0.130310987282
HEALTH CARE,0.096643582317
INDUSTRIALS,0.083772136421
MATERIALS,0.018581064152
REAL ESTATE,0.016419286623
TECHNOLOGY,0.343850910512
UTILITIES,0.021754076509
