SECTOR,WEIGHT
COMMUNICATION SERVICES,0.110197340451
CONSUMER DISCRETIONARY,0.098239071348
CONSUMER STAPLES,0.051778484919
ENERGY,0.036081881232
FINANCIALS,0.121834494915
HEALTH CARE,0.098233069206
INDUSTRIALS,0.094152612483
MATERIALS,0.021148550032
REAL ESTATE,0.018217503649
TECHNOLOGY,0.32583532321
UTILITIES,0.024281668556
