SECTOR,WEIGHT
COMMUNICATION SERVICES,0.096116002071
CONSUMER DISCRETIONARY,0.212325220093
CONSUMER STAPLES,0.016675297773
FINANCIALS,0.190367685137
HEALTH CARE,0.102330398757
INDUSTRIALS,0.2108751942
MATERIALS,0.012635939927
REAL ESTATE,0.045468669083
TECHNOLOGY,0.113205592957
