SECTOR,WEIGHT
COMMUNICATION SERVICES,0.110897849117
CONSUMER DISCRETIONARY,0.079249170386
CONSUMER STAPLES,0.026716592083
ENERGY,0.023631317455
FINANCIALS,0.177284626689
HEALTH CARE,0.205173353674
INDUSTRIALS,0.080487632992
MATERIALS,0.037352861315
TECHNOLOGY,0.22916118254
UTILITIES,0.03004541375
