SECTOR,WEIGHT
COMMUNICATION SERVICES,0.106774605092
CONSUMER DISCRETIONARY,0.075465476755
CONSUMER STAPLES,0.026802791525
ENERGY,0.025494135702
FINANCIALS,0.172483713706
HEALTH CARE,0.189872195481
INDUSTRIALS,0.071925737377
MATERIALS,0.033646013736
TECHNOLOGY,0.26749068841
UTILITIES,0.030044642215
