SECTOR,WEIGHT
COMMUNICATION SERVICES,0.069603350601
CONSUMER DISCRETIONARY,0.074769011921
CONSUMER STAPLES,0.021193821593
ENERGY,0.090857198515
FINANCIALS,0.052308974728
HEALTH CARE,0.213965519975
INDUSTRIALS,0.176967787385
MATERIALS,0.157311998695
TECHNOLOGY,0.110567350665
UTILITIES,0.032454985922
