SECTOR,WEIGHT
COMMUNICATION SERVICES,0.114938384381
CONSUMER DISCRETIONARY,0.079189446873
CONSUMER STAPLES,0.028819479849
ENERGY,0.027591687594
FINANCIALS,0.170617922193
HEALTH CARE,0.205717223045
INDUSTRIALS,0.045615425612
MATERIALS,0.033788464429
TECHNOLOGYQ,0.263389820887
UTILITIES,0.030332145136
