SECTOR,WEIGHT
COMMUNICATION SERVICES,0.1106618242
CONSUMER DISCRETIONARY,0.07768737415
CONSUMER STAPLES,0.025212984528
ENERGY,0.022151619993
FINANCIALS,0.177923761883
HEALTH CARE,0.20762278745
INDUSTRIALS,0.0805510661
MATERIALS,0.038633211862
TECHNOLOGY,0.232061469004
UTILITIES,0.027493900828
