SECTOR,WEIGHT
COMMUNICATION SERVICES,0.115998554834
CONSUMER DISCRETIONARY,0.070249874277
ENERGY,0.025927618818
FINANCIALS,0.178586339845
HEALTH CARE,0.22927649012
INDUSTRIALS,0.087115008387
MATERIALS,0.043890163185
TECHNOLOGY,0.225209616812
UTILITIES,0.023746333723
