SECTOR,WEIGHT
COMMUNICATION SERVICES,0.117386904929
CONSUMER DISCRETIONARY,0.070075124034
ENERGY,0.025876056285
FINANCIALS,0.179180565499
HEALTH CARE,0.22903608017
INDUSTRIALS,0.08784166117
MATERIALS,0.043348724955
TECHNOLOGY,0.226065090823
UTILITIES,0.021189792135
