SECTOR,WEIGHT
COMMUNICATION SERVICES,0.091979785526
CONSUMER DISCRETIONARY,0.068179373459
ENERGY,0.025079848412
FINANCIALS,0.176402932464
HEALTH CARE,0.245018782994
INDUSTRIALS,0.14311069555
MATERIALS,0.07068549655
TECHNOLOGY,0.179543085045
