SECTOR,WEIGHT
COMMUNICATION SERVICES,0.065653767323
CONSUMER DISCRETIONARY,0.093022709825
CONSUMER STAPLES,0.093712949507
ENERGY,0.060746961419
FINANCIALS,0.062459647978
HEALTH CARE,0.095736713473
INDUSTRIALS,0.207161119315
MATERIALS,0.059209182536
TECHNOLOGY,0.158183448804
UTILITIES,0.10411349982
