SECTOR,WEIGHT
COMMUNICATION SERVICES,0.065757667592
CONSUMER DISCRETIONARY,0.086210146778
CONSUMER STAPLES,0.090257213013
ENERGY,0.105385986556
FINANCIALS,0.057953463511
HEALTH CARE,0.029101412894
INDUSTRIALS,0.221067413719
MATERIALS,0.027991810418
REAL ESTATE,0.029307822817
TECHNOLOGY,0.185640073592
UTILITIES,0.101326989112
