SECTOR,WEIGHT
COMMUNICATION SERVICES,0.096371663036
CONSUMER DISCRETIONARY,0.116092775687
CONSUMER STAPLES,0.095792056492
ENERGY,0.030120220057
FINANCIALS,0.113453150886
HEALTH CARE,0.126139289113
INDUSTRIALS,0.178887107135
MATERIALS,0.05972362428
TECHNOLOGY,0.11486714935
UTILITIES,0.068552963963
