SECTOR,WEIGHT
COMMUNICATION SERVICES,0.105033011554
CONSUMER DISCRETIONARY,0.091078127345
CONSUMER STAPLES,0.062551893163
FINANCIALS,0.112055469414
HEALTH CARE,0.14618491472
INDUSTRIALS,0.215875556445
MATERIALS,0.024133446706
TECHNOLOGY,0.129440304106
UTILITIES,0.113647276547
