SECTOR,WEIGHT
COMMUNICATION SERVICES,0.089176300623
CONSUMER DISCRETIONARY,0.09540416376
CONSUMER STAPLES,0.057848946832
FINANCIALS,0.085823468183
HEALTH CARE,0.159196347745
INDUSTRIALS,0.0723710372
TECHNOLOGY,0.440179735657
