SECTOR,WEIGHT
COMMUNICATION SERVICES,0.099744470433
CONSUMER DISCRETIONARY,0.084684600907
CONSUMER STAPLES,0.036672738189
FINANCIALS,0.091406403199
HEALTH CARE,0.145765062397
INDUSTRIALS,0.092369693061
TECHNOLOGY,0.449357031814
