SECTOR,WEIGHT
COMMUNICATION SERVICES,0.086810486965
CONSUMER DISCRETIONARY,0.096091058981
CONSUMER STAPLES,0.041174886135
FINANCIALS,0.105710367795
HEALTH CARE,0.148359575232
INDUSTRIALS,0.101268018349
TECHNOLOGY,0.420585606543
