SECTOR,WEIGHT
COMMUNICATION SERVICES,0.087726410335
CONSUMER DISCRETIONARY,0.098053111081
CONSUMER STAPLES,0.039210420441
FINANCIALS,0.109893128399
HEALTH CARE,0.155613260819
INDUSTRIALS,0.098012265829
TECHNOLOGY,0.411491403096
