SECTOR,WEIGHT
COMMUNICATION SERVICES,0.088059476002
CONSUMER DISCRETIONARY,0.098805457615
CONSUMER STAPLES,0.038880302811
FINANCIALS,0.10634101725
HEALTH CARE,0.156117359553
INDUSTRIALS,0.099620057532
TECHNOLOGY,0.412176329237
