SECTOR,WEIGHT
COMMUNICATION SERVICES,0.087175174914
CONSUMER DISCRETIONARY,0.097470997396
CONSUMER STAPLES,0.041290442407
FINANCIALS,0.10591869474
HEALTH CARE,0.148045946983
INDUSTRIALS,0.101546873597
TECHNOLOGY,0.418551869964
