SECTOR,WEIGHT
COMMUNICATION SERVICES,0.082340268028
CONSUMER DISCRETIONARY,0.0995767709
CONSUMER STAPLES,0.038723675814
FINANCIALS,0.115950478622
HEALTH CARE,0.154098276962
INDUSTRIALS,0.097438672623
TECHNOLOGY,0.411871857052
