SECTOR,WEIGHT
COMMUNICATION SERVICES,0.090544802362
CONSUMER DISCRETIONARY,0.087404153274
CONSUMER STAPLES,0.036851491733
FINANCIALS,0.091611837134
HEALTH CARE,0.147591362963
INDUSTRIALS,0.098207502494
TECHNOLOGY,0.447788850041
