SECTOR,WEIGHT
COMMUNICATION SERVICES,0.099369972947
CONSUMER DISCRETIONARY,0.085557996583
CONSUMER STAPLES,0.035325292066
FINANCIALS,0.090147530831
HEALTH CARE,0.150539749401
INDUSTRIALS,0.091823971692
TECHNOLOGY,0.447235486481
