SECTOR,WEIGHT
COMMUNICATION SERVICES,0.08863356586
CONSUMER DISCRETIONARY,0.106791136643
CONSUMER STAPLES,0.058473533032
FINANCIALS,0.079811243332
HEALTH CARE,0.157775954042
INDUSTRIALS,0.073656134592
TECHNOLOGY,0.434858432499
