SECTOR,WEIGHT
CONSUMER DISCRETIONARY,0.087190783674
CONSUMER STAPLES,0.032529870151
ENERGY,0.022846151829
FINANCIALS,0.12429371693
HEALTH CARE,0.229212936907
INDUSTRIALS,0.326142912761
MATERIALS,0.013145287042
TECHNOLOGY,0.164638340706
