SECTOR,WEIGHT
CONSUMER DISCRETIONARY,0.050881399187
CONSUMER STAPLES,0.059894418334
ENERGY,0.036979165068
FINANCIALS,0.142401200099
HEALTH CARE,0.222123646589
INDUSTRIALS,0.308258966716
MATERIALS,0.014660481984
TECHNOLOGY,0.164800722024
