SECTOR,WEIGHT
CONSUMER DISCRETIONARY,0.068533306378
CONSUMER STAPLES,0.080258768826
ENERGY,0.059031638532
FINANCIALS,0.143434751845
HEALTH CARE,0.170524613363
INDUSTRIALS,0.315677751946
MATERIALS,0.008086525826
TECHNOLOGY,0.154452643283
