SECTOR,WEIGHT
CONSUMER DISCRETIONARY,0.064498339465
CONSUMER STAPLES,0.078582359262
ENERGY,0.058980521278
FINANCIALS,0.129316169049
HEALTH CARE,0.199470704588
INDUSTRIALS,0.321446740794
MATERIALS,0.009265213428
TECHNOLOGY,0.138439952138
