SECTOR,WEIGHT
CONSUMER DISCRETIONARY,0.06697164272
CONSUMER STAPLES,0.078644758847
ENERGY,0.052777743869
FINANCIALS,0.130177370329
HEALTH CARE,0.196718709945
INDUSTRIALS,0.326013094235
MATERIALS,0.01065483384
TECHNOLOGY,0.138041846214
