SECTOR,WEIGHT
CONSUMER DISCRETIONARY,0.062711363827
CONSUMER STAPLES,0.073625927229
ENERGY,0.048387763351
FINANCIALS,0.133663081903
HEALTH CARE,0.198642433137
INDUSTRIALS,0.339487475166
MATERIALS,0.011168577992
TECHNOLOGY,0.132313377396
