SECTOR,WEIGHT
COMMUNICATION SERVICES,0.028825878719
CONSUMER DISCRETIONARY,0.077829578591
CONSUMER STAPLES,0.068818980654
ENERGY,0.047839651334
FINANCIALS,0.291314904525
HEALTH CARE,0.029823354655
INDUSTRIALS,0.140357993917
MATERIALS,0.054486877998
REAL ESTATE,0.115420115699
TECHNOLOGY,0.087694595993
UTILITIES,0.057588067915
