SECTOR,WEIGHT
COMMUNICATION SERVICES,0.031013676794
CONSUMER DISCRETIONARY,0.067002498301
CONSUMER STAPLES,0.065346160331
ENERGY,0.033345424635
FINANCIALS,0.318219206777
HEALTH CARE,0.027595755442
INDUSTRIALS,0.149447461593
MATERIALS,0.056084564177
REAL ESTATE,0.120505995412
TECHNOLOGY,0.066386352838
UTILITIES,0.0650529037
