SECTOR,WEIGHT
COMMUNICATION SERVICES,0.027864910849
CONSUMER DISCRETIONARY,0.133459394025
CONSUMER STAPLES,0.047059712908
ENERGY,0.071859503199
FINANCIALS,0.284688043968
HEALTH CARE,0.028690588745
INDUSTRIALS,0.126281592488
MATERIALS,0.056985519711
REAL ESTATE,0.064899657064
TECHNOLOGY,0.096168402947
UTILITIES,0.062042674097
