SECTOR,WEIGHT
COMMUNICATION SERVICES,0.032232824184
CONSUMER DISCRETIONARY,0.079427553064
CONSUMER STAPLES,0.065477132497
ENERGY,0.048809761362
FINANCIALS,0.298353413931
HEALTH CARE,0.028930018863
INDUSTRIALS,0.138107394254
MATERIALS,0.05415814343
REAL ESTATE,0.117361648336
TECHNOLOGY,0.076976006496
UTILITIES,0.060166103584
