SECTOR,WEIGHT
COMMUNICATION SERVICES,0.032978818914
CONSUMER DISCRETIONARY,0.138184359726
CONSUMER STAPLES,0.056746119472
ENERGY,0.031759562187
FINANCIALS,0.27802432142
HEALTH CARE,0.029338425315
INDUSTRIALS,0.120162915095
MATERIALS,0.043879727033
REAL ESTATE,0.110970704051
TECHNOLOGY,0.09781663267
UTILITIES,0.060138414117
