SECTOR,WEIGHT
COMMUNICATION SERVICES,0.027339604426
CONSUMER DISCRETIONARY,0.132079310382
CONSUMER STAPLES,0.047051781021
ENERGY,0.073657790824
FINANCIALS,0.286686822586
HEALTH CARE,0.028923190687
INDUSTRIALS,0.127853805351
MATERIALS,0.056846736433
REAL ESTATE,0.065467940448
TECHNOLOGY,0.092186434759
UTILITIES,0.061906583083
