SECTOR,WEIGHT
COMMUNICATION SERVICES,0.024370343139
CONSUMER DISCRETIONARY,0.14203779585
CONSUMER STAPLES,0.026882893438
ENERGY,0.048334215017
FINANCIALS,0.250881434923
HEALTH CARE,0.027502562861
INDUSTRIALS,0.190316220694
MATERIALS,0.083440181477
REAL ESTATE,0.067594776047
TECHNOLOGY,0.075649482297
UTILITIES,0.062990094256
