SECTOR,WEIGHT
COMMUNICATION SERVICES,0.031167574642
CONSUMER DISCRETIONARY,0.058215135955
CONSUMER STAPLES,0.05718437988
ENERGY,0.075976859677
FINANCIALS,0.297832300904
HEALTH CARE,0.031025055302
INDUSTRIALS,0.143940519252
MATERIALS,0.052936902071
REAL ESTATE,0.121744637459
TECHNOLOGYQ,0.062451573534
UTILITIES,0.067525061323
