SECTOR,WEIGHT
COMMUNICATION SERVICES,0.027219262799
CONSUMER DISCRETIONARY,0.105146609093
CONSUMER STAPLES,0.02241088185
ENERGY,0.044744394666
FINANCIALS,0.173276317234
HEALTH CARE,0.15504022667
INDUSTRIALS,0.20250403835
MATERIALS,0.038716928658
REAL ESTATE,0.053436910257
TECHNOLOGY,0.15057896085
UTILITIES,0.026925469573
