SECTOR,WEIGHT
COMMUNICATION SERVICES,0.028604984035
CONSUMER DISCRETIONARY,0.110564203661
CONSUMER STAPLES,0.023709032187
ENERGY,0.041061401255
FINANCIALS,0.178326316397
HEALTH CARE,0.161716361959
INDUSTRIALS,0.184356862354
MATERIALS,0.037586313565
REAL ESTATE,0.05661016416
TECHNOLOGY,0.150355740344
UTILITIES,0.027108620084
