SECTOR,WEIGHT
COMMUNICATION SERVICES,0.030261780105
CONSUMER DISCRETIONARY,0.10219895288
CONSUMER STAPLES,0.020418848168
ENERGY,0.05109947644
FINANCIALS,0.166282722513
HEALTH CARE,0.147748691099
INDUSTRIALS,0.205863874346
MATERIALS,0.035497382199
REAL ESTATE,0.05277486911
TECHNOLOGY,0.161780104712
UTILITIES,0.026073298429
