SECTOR,WEIGHT
COMMUNICATION SERVICES,0.028567307964
CONSUMER DISCRETIONARY,0.103357533942
CONSUMER STAPLES,0.021892371217
ENERGY,0.053618961126
FINANCIALS,0.169748438387
HEALTH CARE,0.156479036184
INDUSTRIALS,0.201180315259
MATERIALS,0.035494109397
REAL ESTATE,0.057149247071
TECHNOLOGY,0.143701867456
UTILITIES,0.028810811997
