SECTOR,WEIGHT
COMMUNICATION SERVICES,0.026500732677
CONSUMER DISCRETIONARY,0.106277815056
CONSUMER STAPLES,0.022397325992
ENERGY,0.044223979531
FINANCIALS,0.174359247716
HEALTH CARE,0.157660284751
INDUSTRIALS,0.199871232882
MATERIALS,0.038378245046
REAL ESTATE,0.054451140613
TECHNOLOGY,0.149129463213
UTILITIES,0.026750532523
