SECTOR,WEIGHT
COMMUNICATION SERVICES,0.031291331882
CONSUMER DISCRETIONARY,0.097224099522
CONSUMER STAPLES,0.031396460664
ENERGY,0.023216440139
FINANCIALS,0.111156166304
HEALTH CARE,0.18837475908
INDUSTRIALS,0.32128257115
MATERIALS,0.052765637906
REAL ESTATE,0.058935195615
TECHNOLOGY,0.053880003004
UTILITIES,0.030477334735
