SECTOR,WEIGHT
COMMUNICATION SERVICES,0.035110604873
CONSUMER DISCRETIONARY,0.108572454163
CONSUMER STAPLES,0.06054741942
ENERGY,0.021424116695
FINANCIALS,0.118678396605
HEALTH CARE,0.186377883437
INDUSTRIALS,0.294447998364
MATERIALS,0.05329007133
REAL ESTATE,0.047726238151
TECHNOLOGY,0.040981256029
UTILITIES,0.032843560933
