SECTOR,WEIGHT
COMMUNICATION SERVICES,0.034221674428
CONSUMER DISCRETIONARY,0.107451992635
CONSUMER STAPLES,0.05729744992
ENERGY,0.020086047301
FINANCIALS,0.115998650317
HEALTH CARE,0.181533372115
INDUSTRIALS,0.314725462652
MATERIALS,0.050946530323
REAL ESTATE,0.045066197548
TECHNOLOGY,0.042434916341
UTILITIES,0.03023770642
