SECTOR,WEIGHT
COMMUNICATION SERVICES,0.032474156113
CONSUMER DISCRETIONARY,0.10763089114
CONSUMER STAPLES,0.056474660629
ENERGY,0.021071514016
FINANCIALS,0.114376778691
HEALTH CARE,0.189031000652
INDUSTRIALS,0.308840325973
MATERIALS,0.052433534639
REAL ESTATE,0.041666541539
TECHNOLOGYQ,0.04110396715
UTILITIES,0.034896629459
