SECTOR,WEIGHT
COMMUNICATION SERVICES,0.033164879346
CONSUMER DISCRETIONARY,0.109284524391
CONSUMER STAPLES,0.056185478252
ENERGY,0.02014940614
FINANCIALS,0.116618679972
HEALTH CARE,0.178765787556
INDUSTRIALS,0.315502839157
MATERIALS,0.05120393878
REAL ESTATE,0.045209272711
TECHNOLOGY,0.043869783199
UTILITIES,0.030045410496
