SECTOR,WEIGHT
COMMUNICATION SERVICES,0.029347765714
CONSUMER DISCRETIONARY,0.106036187475
CONSUMER STAPLES,0.022137712546
ENERGY,0.047022596903
FINANCIALS,0.167960888489
HEALTH CARE,0.146026714473
INDUSTRIALS,0.184431695839
MATERIALS,0.051257170173
REAL ESTATE,0.059566939124
TECHNOLOGY,0.161278176199
UTILITIES,0.024934153067
