SECTOR,WEIGHT
COMMUNICATION SERVICES,0.030587352741
CONSUMER DISCRETIONARY,0.097279405736
CONSUMER STAPLES,0.020144264209
ENERGY,0.049793190204
FINANCIALS,0.163822208733
HEALTH CARE,0.147285437102
INDUSTRIALS,0.174952064222
MATERIALS,0.048319858505
REAL ESTATE,0.058428578011
TECHNOLOGY,0.184385969389
UTILITIES,0.025001671148
