SECTOR,WEIGHT
COMMUNICATION SERVICES,0.029838600545
CONSUMER DISCRETIONARY,0.096152400693
CONSUMER STAPLES,0.020372288191
ENERGY,0.051779289272
FINANCIALS,0.161503501617
HEALTH CARE,0.139429637136
INDUSTRIALS,0.177638490208
MATERIALS,0.04799465007
REAL ESTATE,0.057670593156
TECHNOLOGY,0.193472986717
UTILITIES,0.024147562394
