SECTOR,WEIGHT
COMMUNICATION SERVICES,0.029035337964
CONSUMER DISCRETIONARY,0.104615779903
CONSUMER STAPLES,0.022357765495
ENERGY,0.046620846083
FINANCIALS,0.166450345162
HEALTH CARE,0.144861339565
INDUSTRIALS,0.183230266525
MATERIALS,0.050916153423
REAL ESTATE,0.060557852173
TECHNOLOGY,0.16655270412
UTILITIES,0.024801609587
