SECTOR,WEIGHT
COMMUNICATION SERVICES,0.028860755492
CONSUMER DISCRETIONARY,0.106201396183
CONSUMER STAPLES,0.022138710454
ENERGY,0.04529574891
FINANCIALS,0.170354998452
HEALTH CARE,0.145164316109
INDUSTRIALS,0.184240788733
MATERIALS,0.051429312729
REAL ESTATE,0.059268952622
TECHNOLOGY,0.161638384481
UTILITIES,0.025406635835
