SECTOR,WEIGHT
COMMUNICATION SERVICES,0.032418627833
CONSUMER DISCRETIONARY,0.110700376493
CONSUMER STAPLES,0.021288551393
ENERGY,0.040880839576
FINANCIALS,0.173308943685
HEALTH CARE,0.152302823234
INDUSTRIALS,0.179977655458
MATERIALS,0.04804958724
REAL ESTATE,0.060217531507
TECHNOLOGY,0.156788880934
UTILITIES,0.024066182647
