SECTOR,WEIGHT
COMMUNICATION SERVICES,0.030586512179
CONSUMER DISCRETIONARY,0.100140702657
CONSUMER STAPLES,0.0216953706
ENERGY,0.053607903587
FINANCIALS,0.162594720839
HEALTH CARE,0.144864972846
INDUSTRIALS,0.176983967611
MATERIALS,0.048244101629
REAL ESTATE,0.06131182226
TECHNOLOGY,0.173651514673
UTILITIES,0.026318411118
