SECTOR,WEIGHT
COMMUNICATION SERVICES,0.098197871944
CONSUMER DISCRETIONARY,0.09830974384
CONSUMER STAPLES,0.050204197618
ENERGY,0.038310789038
FINANCIALS,0.124626523894
HEALTH CARE,0.099043347829
INDUSTRIALS,0.102447311197
MATERIALS,0.023674392255
REAL ESTATE,0.023371346917
TECHNOLOGY,0.317275227157
UTILITIES,0.02453924831
