SECTOR,WEIGHT
COMMUNICATION SERVICES,0.100070567626
CONSUMER DISCRETIONARY,0.100187511393
CONSUMER STAPLES,0.04608676702
ENERGY,0.036022292971
FINANCIALS,0.125791316212
HEALTH CARE,0.092513126549
INDUSTRIALS,0.101040824867
MATERIALS,0.023464622522
REAL ESTATE,0.023099142584
TECHNOLOGY,0.328295985317
UTILITIES,0.023427842939
