SECTOR,WEIGHT
COMMUNICATION SERVICES,0.098997516142
CONSUMER DISCRETIONARY,0.1033453412
CONSUMER STAPLES,0.045387312541
ENERGY,0.03000636284
FINANCIALS,0.133381084986
HEALTH CARE,0.100172492383
INDUSTRIALS,0.094239644283
MATERIALS,0.020129532713
REAL ESTATE,0.022000866303
TECHNOLOGY,0.329867293038
UTILITIES,0.022472553571
