SECTOR,WEIGHT
COMMUNICATION SERVICES,0.099093688033
CONSUMER DISCRETIONARY,0.102964126435
CONSUMER STAPLES,0.046015426148
ENERGY,0.029246753429
FINANCIALS,0.132658386413
HEALTH CARE,0.103451561716
INDUSTRIALS,0.093461457366
MATERIALS,0.020304547708
REAL ESTATE,0.02234201787
TECHNOLOGYQ,0.327171371603
UTILITIES,0.023290663281
