SECTOR,WEIGHT
COMMUNICATION SERVICES,0.098648785939
CONSUMER DISCRETIONARY,0.101290257035
CONSUMER STAPLES,0.046225744184
ENERGY,0.035151884588
FINANCIALS,0.125165091944
HEALTH CARE,0.09021639744
INDUSTRIALS,0.100172711572
MATERIALS,0.023366859697
REAL ESTATE,0.022249314233
TECHNOLOGY,0.334857258966
UTILITIES,0.022655694402
