SECTOR,WEIGHT
COMMUNICATION SERVICES,0.042401479694
CONSUMER DISCRETIONARY,0.08476672199
CONSUMER STAPLES,0.184368963528
ENERGY,0.198581793775
FINANCIALS,0.097428910453
HEALTH CARE,0.161883383216
INDUSTRIALS,0.121465544846
MATERIALS,0.026529518858
TECHNOLOGY,0.082126689743
UTILITIES,0.0004469939
