SECTOR,WEIGHT
COMMUNICATION SERVICES,0.066413351702
CONSUMER DISCRETIONARY,0.066007310332
CONSUMER STAPLES,0.195718017784
ENERGY,0.158306892266
FINANCIALS,0.092970954701
HEALTH CARE,0.192560159208
INDUSTRIALS,0.11568936119
TECHNOLOGY,0.111962793913
UTILITIES,0.000371158904
