SECTOR,WEIGHT
COMMUNICATION SERVICES,0.068138178041
CONSUMER DISCRETIONARY,0.063819395345
CONSUMER STAPLES,0.195123000711
ENERGY,0.165422959594
FINANCIALS,0.090257206985
HEALTH CARE,0.189229399373
INDUSTRIALS,0.116321567587
TECHNOLOGY,0.111316913747
UTILITIES,0.000371378616
