SECTOR,WEIGHT
COMMUNICATION SERVICES,0.047565140871
CONSUMER DISCRETIONARY,0.076470394097
CONSUMER STAPLES,0.185217018294
ENERGY,0.220688385223
FINANCIALS,0.081071581034
HEALTH CARE,0.157054265625
INDUSTRIALS,0.124212009123
MATERIALS,0.028767815494
TECHNOLOGY,0.078508562989
UTILITIES,0.000444827249
