SECTOR,WEIGHT
COMMUNICATION SERVICES,0.099982978222
CONSUMER DISCRETIONARY,0.064898065985
CONSUMER STAPLES,0.194791854731
ENERGY,0.107344078066
FINANCIALS,0.106666753736
HEALTH CARE,0.242956020401
INDUSTRIALS,0.094626970466
MATERIALS,0.007546231993
TECHNOLOGY,0.07457696676
UTILITIES,0.006610079641
