SECTOR,WEIGHT
COMMUNICATION SERVICES,0.038899943539
CONSUMER DISCRETIONARY,0.081586598104
CONSUMER STAPLES,0.179358417168
ENERGY,0.196853701237
FINANCIALS,0.096459747651
HEALTH CARE,0.174633957384
INDUSTRIALS,0.11831636925
MATERIALS,0.026074922232
TECHNOLOGY,0.087392489379
UTILITIES,0.000423854056
