SECTOR,WEIGHT
COMMUNICATION SERVICES,0.064368198
CONSUMER DISCRETIONARY,0.069168469466
CONSUMER STAPLES,0.198696051462
ENERGY,0.109431115782
FINANCIALS,0.127313817369
HEALTH CARE,0.179472746616
INDUSTRIALS,0.115422770026
MATERIALS,0.007600283083
TECHNOLOGY,0.122017356223
UTILITIES,0.006509191971
