SECTOR,WEIGHT
COMMUNICATION SERVICES,0.039258555529
CONSUMER DISCRETIONARY,0.08664099452
CONSUMER STAPLES,0.18161522954
ENERGY,0.205734396806
FINANCIALS,0.094448129184
HEALTH CARE,0.155439087344
INDUSTRIALS,0.128725094095
MATERIALS,0.027454185833
TECHNOLOGY,0.080227585627
UTILITIES,0.00045674152
