SECTOR,WEIGHT
COMMUNICATION SERVICES,0.063032367973
CONSUMER DISCRETIONARY,0.061128369576
CONSUMER STAPLES,0.192905100711
ENERGY,0.159835654875
FINANCIALS,0.093997394529
HEALTH CARE,0.183385108728
INDUSTRIALS,0.107124962421
TECHNOLOGY,0.138290409861
UTILITIES,0.000300631326
