SECTOR,WEIGHT
COMMUNICATION SERVICES,0.157011823177
CONSUMER DISCRETIONARY,0.125669393484
CONSUMER STAPLES,0.019625993793
ENERGY,0.007441321824
FINANCIALS,0.071971364146
HEALTH CARE,0.090647887645
INDUSTRIALS,0.06483629946
MATERIALS,0.015598061833
REAL ESTATE,0.004989743106
TECHNOLOGY,0.437965468389
UTILITIES,0.004242643145
