SECTOR,WEIGHT
COMMUNICATION SERVICES,0.159057290558
CONSUMER DISCRETIONARY,0.124960366853
CONSUMER STAPLES,0.019752989238
ENERGY,0.008007307497
FINANCIALS,0.069414509373
HEALTH CARE,0.087756233711
INDUSTRIALS,0.064320254536
MATERIALS,0.015121019616
REAL ESTATE,0.005053996326
TECHNOLOGY,0.442086951943
UTILITIES,0.00446908035
