SECTOR,WEIGHT
COMMUNICATION SERVICES,0.147035642884
CONSUMER DISCRETIONARY,0.126242392862
CONSUMER STAPLES,0.016394120988
ENERGY,0.005551556797
FINANCIALS,0.073349560196
HEALTH CARE,0.092115782895
INDUSTRIALS,0.053829711001
MATERIALS,0.012810884624
REAL ESTATE,0.003862267277
TECHNOLOGY,0.46385549781
UTILITIES,0.004952582667
