SECTOR,WEIGHT
COMMUNICATION SERVICES,0.152552552553
CONSUMER DISCRETIONARY,0.126326326326
CONSUMER STAPLES,0.018218218218
ENERGY,0.007207207207
FINANCIALS,0.067267267267
HEALTH CARE,0.08048048048
INDUSTRIALS,0.062962962963
MATERIALS,0.014114114114
REAL ESTATE,0.005105105105
TECHNOLOGY,0.461861861862
UTILITIES,0.003903903904
