SECTOR,WEIGHT
COMMUNICATION SERVICES,0.099444211172
CONSUMER DISCRETIONARY,0.100586719916
CONSUMER STAPLES,0.049942584908
ENERGY,0.035434226096
FINANCIALS,0.126223937451
HEALTH CARE,0.09603421431
INDUSTRIALS,0.102264506126
MATERIALS,0.023584197398
REAL ESTATE,0.021668096138
TECHNOLOGY,0.320768676995
UTILITIES,0.02404862949
