SECTOR,WEIGHT
COMMUNICATION SERVICES,0.100747075794
CONSUMER DISCRETIONARY,0.105525541895
CONSUMER STAPLES,0.047564697069
ENERGY,0.030402352683
FINANCIALS,0.129868998229
HEALTH CARE,0.098370225356
INDUSTRIALS,0.098260159195
MATERIALS,0.022424996191
REAL ESTATE,0.02018552156
TECHNOLOGY,0.324763816768
UTILITIES,0.02188661526
