SECTOR,WEIGHT
COMMUNICATION SERVICES,0.104163100204
CONSUMER DISCRETIONARY,0.103773218608
CONSUMER STAPLES,0.047194821739
ENERGY,0.031211303495
FINANCIALS,0.12795108562
HEALTH CARE,0.094694769947
INDUSTRIALS,0.097370204105
MATERIALS,0.02241469362
REAL ESTATE,0.020192351426
TECHNOLOGY,0.326193578177
UTILITIES,0.021985065445
