SECTOR,WEIGHT
COMMUNICATION SERVICES,0.101156253627
CONSUMER DISCRETIONARY,0.102979279357
CONSUMER STAPLES,0.046619615759
ENERGY,0.028184965955
FINANCIALS,0.1313105503
HEALTH CARE,0.100204375599
INDUSTRIALS,0.091248558545
MATERIALS,0.020093019458
REAL ESTATE,0.020506824259
TECHNOLOGY,0.334577105907
UTILITIES,0.023119451233
