SECTOR,WEIGHT
COMMUNICATION SERVICES,0.100436531954
CONSUMER DISCRETIONARY,0.104285363877
CONSUMER STAPLES,0.045333145686
ENERGY,0.028088469575
FINANCIALS,0.134876872545
HEALTH CARE,0.097228092143
INDUSTRIALS,0.09225315192
MATERIALS,0.020533217812
REAL ESTATE,0.020106497713
TECHNOLOGY,0.334841459096
UTILITIES,0.022017197679
