SECTOR,WEIGHT
COMMUNICATION SERVICES,0.09821491357
CONSUMER DISCRETIONARY,0.099285392821
CONSUMER STAPLES,0.052225959782
ENERGY,0.033848216506
FINANCIALS,0.127829261841
HEALTH CARE,0.097324825071
INDUSTRIALS,0.102901759058
MATERIALS,0.024309388509
REAL ESTATE,0.021405535684
TECHNOLOGY,0.319371591996
UTILITIES,0.023283155161
