SECTOR,WEIGHT
COMMUNICATION SERVICES,0.103841536615
CONSUMER DISCRETIONARY,0.100140056022
CONSUMER STAPLES,0.046618647459
ENERGY,0.03331332533
FINANCIALS,0.11774709884
HEALTH CARE,0.084533813525
INDUSTRIALS,0.097739095638
MATERIALS,0.022308923569
REAL ESTATE,0.020508203281
TECHNOLOGY,0.35144057623
UTILITIES,0.021808723489
