SECTOR,WEIGHT
COMMUNICATION SERVICES,0.104366465224
CONSUMER DISCRETIONARY,0.099727249338
CONSUMER STAPLES,0.047418858782
ENERGY,0.035514008178
FINANCIALS,0.121539647566
HEALTH CARE,0.086417367439
INDUSTRIALS,0.099065701567
MATERIALS,0.022463790357
REAL ESTATE,0.021143981812
TECHNOLOGY,0.339326214612
UTILITIES,0.023016715125
