SECTOR,WEIGHT
COMMUNICATION SERVICES,0.10043172434
CONSUMER DISCRETIONARY,0.098919415806
CONSUMER STAPLES,0.049618052537
ENERGY,0.036221069941
FINANCIALS,0.126281073359
HEALTH CARE,0.093131505567
INDUSTRIALS,0.102534395356
MATERIALS,0.024167753479
REAL ESTATE,0.021530241452
TECHNOLOGY,0.322763168861
UTILITIES,0.024401599302
