SECTOR,WEIGHT
COMMUNICATION SERVICES,0.095951268305
CONSUMER DISCRETIONARY,0.099390942218
CONSUMER STAPLES,0.050488256928
ENERGY,0.040860567576
FINANCIALS,0.127063917756
HEALTH CARE,0.096033804668
INDUSTRIALS,0.10112437194
MATERIALS,0.023735860189
REAL ESTATE,0.021401181991
TECHNOLOGY,0.319208412597
UTILITIES,0.024741415832
