SECTOR,WEIGHT
COMMUNICATION SERVICES,0.098173214738
CONSUMER DISCRETIONARY,0.097477245032
CONSUMER STAPLES,0.050393797139
ENERGY,0.038802371597
FINANCIALS,0.126274124101
HEALTH CARE,0.095225752261
INDUSTRIALS,0.100967578289
MATERIALS,0.024216402596
REAL ESTATE,0.021679563547
TECHNOLOGY,0.321925833254
UTILITIES,0.024864117447
