SECTOR,WEIGHT
COMMUNICATION SERVICES,0.035829803688
CONSUMER DISCRETIONARY,0.110174682163
CONSUMER STAPLES,0.044610156435
ENERGY,0.027521743154
FINANCIALS,0.143848547059
HEALTH CARE,0.123860836929
INDUSTRIALS,0.216652759966
MATERIALS,0.063733820197
REAL ESTATE,0.064317818361
TECHNOLOGY,0.136664099426
UTILITIES,0.032785732623
