SECTOR,WEIGHT
COMMUNICATION SERVICES,0.031007009627
CONSUMER DISCRETIONARY,0.102008084033
CONSUMER STAPLES,0.045925232814
ENERGY,0.042439690242
FINANCIALS,0.127211922072
HEALTH CARE,0.114276985894
INDUSTRIALS,0.223329248545
MATERIALS,0.070005032361
REAL ESTATE,0.061794398041
TECHNOLOGY,0.148424302215
UTILITIES,0.033578094156
