SECTOR,WEIGHT
COMMUNICATION SERVICES,0.029231609523
CONSUMER DISCRETIONARY,0.098700410949
CONSUMER STAPLES,0.043556894597
ENERGY,0.037666843663
FINANCIALS,0.126061027876
HEALTH CARE,0.106820651226
INDUSTRIALS,0.227295909575
MATERIALS,0.067310597796
REAL ESTATE,0.059861093013
TECHNOLOGY,0.171341271941
UTILITIES,0.03215368984
