SECTOR,WEIGHT
COMMUNICATION SERVICES,0.033342081925
CONSUMER DISCRETIONARY,0.10728010478
CONSUMER STAPLES,0.044697601114
ENERGY,0.028710133424
FINANCIALS,0.137079844857
HEALTH CARE,0.122768909191
INDUSTRIALS,0.228509453772
MATERIALS,0.066934290093
REAL ESTATE,0.062027649949
TECHNOLOGY,0.136499104727
UTILITIES,0.032150826168
