SECTOR,WEIGHT
COMMUNICATION SERVICES,0.02878759118
CONSUMER DISCRETIONARY,0.107111476107
CONSUMER STAPLES,0.047402377555
ENERGY,0.032152346571
FINANCIALS,0.132934341039
HEALTH CARE,0.116767394701
INDUSTRIALS,0.230967210926
MATERIALS,0.071269722746
REAL ESTATE,0.061539044692
TECHNOLOGY,0.13835956141
UTILITIES,0.032708933073
