SECTOR,WEIGHT
COMMUNICATION SERVICES,0.034449857593
CONSUMER DISCRETIONARY,0.110020412853
CONSUMER STAPLES,0.046644783657
ENERGY,0.029861357913
FINANCIALS,0.14054034383
HEALTH CARE,0.124769627385
INDUSTRIALS,0.219980804281
MATERIALS,0.061679258017
REAL ESTATE,0.065514271043
TECHNOLOGY,0.132891832716
UTILITIES,0.033647450712
