SECTOR,WEIGHT
COMMUNICATION SERVICES,0.03558656849
CONSUMER DISCRETIONARY,0.109854078065
CONSUMER STAPLES,0.045577214653
ENERGY,0.028548536774
FINANCIALS,0.142252628382
HEALTH CARE,0.121834777727
INDUSTRIALS,0.219545722032
MATERIALS,0.062401971415
REAL ESTATE,0.063869692272
TECHNOLOGY,0.13795822002
UTILITIES,0.03257059017
