SECTOR,WEIGHT
COMMUNICATION SERVICES,0.028007698813
CONSUMER DISCRETIONARY,0.074986116814
CONSUMER STAPLES,0.090650473531
ENERGY,0.05829234291
FINANCIALS,0.225342658429
HEALTH CARE,0.126659237454
INDUSTRIALS,0.145829494688
MATERIALS,0.030243470755
REAL ESTATE,0.03971069207
TECHNOLOGY,0.135230931548
UTILITIES,0.045046882988
