SECTOR,WEIGHT
COMMUNICATION SERVICES,0.02660219627
CONSUMER DISCRETIONARY,0.074526078246
CONSUMER STAPLES,0.089627409723
ENERGY,0.060357351528
FINANCIALS,0.212309184468
HEALTH CARE,0.124938854734
INDUSTRIALS,0.151772503535
MATERIALS,0.03190960428
REAL ESTATE,0.039708938904
TECHNOLOGY,0.14382617488
UTILITIES,0.044421703432
