SECTOR,WEIGHT
COMMUNICATION SERVICES,0.027819021029
CONSUMER DISCRETIONARY,0.073026163926
CONSUMER STAPLES,0.088550489766
ENERGY,0.057862330353
FINANCIALS,0.226169653956
HEALTH CARE,0.126693603488
INDUSTRIALS,0.146461183266
MATERIALS,0.030447844496
REAL ESTATE,0.039693927286
TECHNOLOGY,0.138719921079
UTILITIES,0.044555861356
