SECTOR,WEIGHT
COMMUNICATION SERVICES,0.027333711393
CONSUMER DISCRETIONARY,0.071932850267
CONSUMER STAPLES,0.093353479667
ENERGY,0.065915394253
FINANCIALS,0.203471487124
HEALTH CARE,0.123704096434
INDUSTRIALS,0.152297280814
MATERIALS,0.033967785671
REAL ESTATE,0.039597207605
TECHNOLOGY,0.142222477198
UTILITIES,0.046204229574
