SECTOR,WEIGHT
COMMUNICATION SERVICES,0.024708718361
CONSUMER DISCRETIONARY,0.064684612294
CONSUMER STAPLES,0.087284049819
ENERGY,0.067296102853
FINANCIALS,0.196364001607
HEALTH CARE,0.109481719566
INDUSTRIALS,0.146444355163
MATERIALS,0.032342306147
REAL ESTATE,0.0396745681
TECHNOLOGY,0.187324226597
UTILITIES,0.044395339494
