SECTOR,WEIGHT
COMMUNICATION SERVICES,0.026585072231
CONSUMER DISCRETIONARY,0.068920545746
CONSUMER STAPLES,0.086677367576
ENERGY,0.06841894061
FINANCIALS,0.203752006421
HEALTH CARE,0.114466292135
INDUSTRIALS,0.148575441413
MATERIALS,0.033005617978
REAL ESTATE,0.040028089888
TECHNOLOGY,0.164325842697
UTILITIES,0.045244783307
