SECTOR,WEIGHT
COMMUNICATION SERVICES,0.0255907181
CONSUMER DISCRETIONARY,0.066149105724
CONSUMER STAPLES,0.088344271242
ENERGY,0.070989304656
FINANCIALS,0.199271120391
HEALTH CARE,0.112224436049
INDUSTRIALS,0.148295301537
MATERIALS,0.032128224179
REAL ESTATE,0.039741716587
TECHNOLOGY,0.171158397324
UTILITIES,0.046107404211
