SECTOR,WEIGHT
COMMUNICATION SERVICES,0.104815821995
CONSUMER DISCRETIONARY,0.100414627257
CONSUMER STAPLES,0.047872632266
ENERGY,0.035084974418
FINANCIALS,0.123207511353
HEALTH CARE,0.088753997307
INDUSTRIALS,0.09599866198
MATERIALS,0.021763946786
REAL ESTATE,0.02064824852
TECHNOLOGY,0.338123299621
UTILITIES,0.023316278497
