SECTOR,WEIGHT
COMMUNICATION SERVICES,0.102773670964
CONSUMER DISCRETIONARY,0.098646573347
CONSUMER STAPLES,0.05079109877
ENERGY,0.036696322451
FINANCIALS,0.125288698109
HEALTH CARE,0.093213778216
INDUSTRIALS,0.099612024571
MATERIALS,0.022527997529
REAL ESTATE,0.020799405497
TECHNOLOGY,0.325239286851
UTILITIES,0.024411143695
