SECTOR,WEIGHT
COMMUNICATION SERVICES,0.102608989951
CONSUMER DISCRETIONARY,0.098152675879
CONSUMER STAPLES,0.0520461379
ENERGY,0.037403735403
FINANCIALS,0.121999482484
HEALTH CARE,0.096008274856
INDUSTRIALS,0.09747265764
MATERIALS,0.021985603203
REAL ESTATE,0.020866990383
TECHNOLOGY,0.327043229935
UTILITIES,0.024412222366
