SECTOR,WEIGHT
COMMUNICATION SERVICES,0.100084820346
CONSUMER DISCRETIONARY,0.098616618721
CONSUMER STAPLES,0.052404853098
ENERGY,0.034531633725
FINANCIALS,0.126866927694
HEALTH CARE,0.097119181566
INDUSTRIALS,0.100859695403
MATERIALS,0.022786617673
REAL ESTATE,0.020848305598
TECHNOLOGY,0.321934792308
UTILITIES,0.023946553869
