SECTOR,WEIGHT
COMMUNICATION SERVICES,0.098051367508
CONSUMER DISCRETIONARY,0.099039019761
CONSUMER STAPLES,0.051641210176
ENERGY,0.041347239987
FINANCIALS,0.126045062238
HEALTH CARE,0.096057673824
INDUSTRIALS,0.098101129973
MATERIALS,0.02226717481
REAL ESTATE,0.020644413256
TECHNOLOGY,0.322077062228
UTILITIES,0.02472864624
