SECTOR,WEIGHT
COMMUNICATION SERVICES,0.102937616952
CONSUMER DISCRETIONARY,0.098215420536
CONSUMER STAPLES,0.051210662238
ENERGY,0.03832877823
FINANCIALS,0.123085349683
HEALTH CARE,0.094808456827
INDUSTRIALS,0.098126655979
MATERIALS,0.021561228184
REAL ESTATE,0.020903307739
TECHNOLOGY,0.326125987032
UTILITIES,0.024696536601
