SECTOR,WEIGHT
COMMUNICATION SERVICES,0.101174981844
CONSUMER DISCRETIONARY,0.102978465926
CONSUMER STAPLES,0.046238128391
ENERGY,0.028892551702
FINANCIALS,0.13284784595
HEALTH CARE,0.095308024534
INDUSTRIALS,0.089950287057
MATERIALS,0.018890730394
REAL ESTATE,0.019185508231
TECHNOLOGY,0.342762076679
UTILITIES,0.021771399292
