SECTOR,WEIGHT
COMMUNICATION SERVICES,0.099031152269
CONSUMER DISCRETIONARY,0.098547367567
CONSUMER STAPLES,0.052031297875
ENERGY,0.034832278962
FINANCIALS,0.1269770359
HEALTH CARE,0.097726852766
INDUSTRIALS,0.101376616119
MATERIALS,0.022750343041
REAL ESTATE,0.020715262694
TECHNOLOGY,0.322444221876
UTILITIES,0.02356757093
