SECTOR,WEIGHT
COMMUNICATION SERVICES,0.043173842455
CONSUMER DISCRETIONARY,0.162438666979
CONSUMER STAPLES,0.004682429578
ENERGY,0.077080918549
FINANCIALS,0.234703029065
HEALTH CARE,0.0946054968
INDUSTRIALS,0.100114708514
MATERIALS,0.017640688091
TECHNOLOGY,0.255274489667
UTILITIES,0.010285730301
