SECTOR,WEIGHT
COMMUNICATION SERVICES,0.037528874714
CONSUMER DISCRETIONARY,0.158880206327
CONSUMER STAPLES,0.005168186143
ENERGY,0.0786992898
FINANCIALS,0.23734439668
HEALTH CARE,0.08990903152
INDUSTRIALS,0.103337711852
MATERIALS,0.018309745022
TECHNOLOGY,0.259496767132
UTILITIES,0.01132579081
