SECTOR,WEIGHT
COMMUNICATION SERVICES,0.04344986019
CONSUMER DISCRETIONARY,0.160918469271
CONSUMER STAPLES,0.005031363367
ENERGY,0.085503121309
FINANCIALS,0.233240059751
HEALTH CARE,0.086418825434
INDUSTRIALS,0.094351588306
MATERIALS,0.01723206888
TECHNOLOGY,0.262366263617
UTILITIES,0.011488379875
