SECTOR,WEIGHT
COMMUNICATION SERVICES,0.046425753638
CONSUMER DISCRETIONARY,0.153625109636
CONSUMER STAPLES,0.004389460489
ENERGY,0.066130266051
FINANCIALS,0.235704216045
HEALTH CARE,0.114118963991
INDUSTRIALS,0.099216425233
MATERIALS,0.016287261353
TECHNOLOGY,0.255027253904
UTILITIES,0.00907528966
