SECTOR,WEIGHT
COMMUNICATION SERVICES,0.038536331983
CONSUMER DISCRETIONARY,0.161362383039
CONSUMER STAPLES,0.005240396693
ENERGY,0.08074774736
FINANCIALS,0.235115261705
HEALTH CARE,0.090022528902
INDUSTRIALS,0.098480625245
MATERIALS,0.018159235599
TECHNOLOGY,0.261562450896
UTILITIES,0.010773038579
