SECTOR,WEIGHT
COMMUNICATION SERVICES,0.03639571622
CONSUMER DISCRETIONARY,0.162930552206
CONSUMER STAPLES,0.005196099723
ENERGY,0.097765136693
FINANCIALS,0.247164012406
HEALTH CARE,0.09519711052
INDUSTRIALS,0.100927631902
MATERIALS,0.018298437467
TECHNOLOGY,0.2241628645
UTILITIES,0.011962438364
