SECTOR,WEIGHT
COMMUNICATION SERVICES,0.041391469411
CONSUMER DISCRETIONARY,0.165316585722
CONSUMER STAPLES,0.005258157302
ENERGY,0.081266162676
FINANCIALS,0.236903413898
HEALTH CARE,0.087531499386
INDUSTRIALS,0.098067837438
MATERIALS,0.018395541179
TECHNOLOGY,0.255439119209
UTILITIES,0.01043021378
