SECTOR,WEIGHT
COMMUNICATION SERVICES,0.046015182166
CONSUMER DISCRETIONARY,0.155519057824
CONSUMER STAPLES,0.004969255112
ENERGY,0.068815470587
FINANCIALS,0.219775872774
HEALTH CARE,0.117935185371
INDUSTRIALS,0.100880285216
MATERIALS,0.016446011176
TECHNOLOGY,0.260037654976
UTILITIES,0.009606024796
