SECTOR,WEIGHT
COMMUNICATION SERVICES,0.045531627523
CONSUMER DISCRETIONARY,0.153240789375
CONSUMER STAPLES,0.004422100498
ENERGY,0.066121407669
FINANCIALS,0.235362797329
HEALTH CARE,0.112917635877
INDUSTRIALS,0.099696355769
MATERIALS,0.016192691528
TECHNOLOGY,0.257417273205
UTILITIES,0.009097321228
