SECTOR,WEIGHT
COMMUNICATION SERVICES,0.10317063272
CONSUMER DISCRETIONARY,0.096890043478
CONSUMER STAPLES,0.099766135449
ENERGY,0.100331709944
FINANCIALS,0.099522024254
HEALTH CARE,0.101912907555
INDUSTRIALS,0.099050879604
MATERIALS,0.101242857487
TECHNOLOGY,0.097449590536
UTILITIES,0.100663218973
