SECTOR,WEIGHT
COMMUNICATION SERVICES,0.104175898547
CONSUMER DISCRETIONARY,0.089091341234
CONSUMER STAPLES,0.095716138805
ENERGY,0.119940257982
FINANCIALS,0.083808019852
HEALTH CARE,0.098986238791
INDUSTRIALS,0.09891271945
MATERIALS,0.118473899627
TECHNOLOGY,0.083721408026
UTILITIES,0.107174077685
