SECTOR,WEIGHT
COMMUNICATION SERVICES,0.097986713088
CONSUMER DISCRETIONARY,0.096254422204
CONSUMER STAPLES,0.098329562326
ENERGY,0.108490731542
FINANCIALS,0.101354053992
HEALTH CARE,0.098595220361
INDUSTRIALS,0.097000269668
MATERIALS,0.102712418661
TECHNOLOGY,0.102541996525
UTILITIES,0.096734611633
