SECTOR,WEIGHT
COMMUNICATION SERVICES,0.096050059525
CONSUMER DISCRETIONARY,0.100730853826
CONSUMER STAPLES,0.096546522602
ENERGY,0.101114985863
FINANCIALS,0.097460215254
HEALTH CARE,0.099460108941
INDUSTRIALS,0.10380691899
MATERIALS,0.108686298522
TECHNOLOGY,0.095147399386
UTILITIES,0.10099663709
