SECTOR,WEIGHT
COMMUNICATION SERVICES,0.097490383332
CONSUMER DISCRETIONARY,0.099378090355
CONSUMER STAPLES,0.095788335958
ENERGY,0.105193753406
FINANCIALS,0.097779410245
HEALTH CARE,0.097396048159
INDUSTRIALS,0.103328124828
MATERIALS,0.105478766056
TECHNOLOGY,0.097746292578
UTILITIES,0.100420795085
