SECTOR,WEIGHT
COMMUNICATION SERVICES,0.099333537598
CONSUMER DISCRETIONARY,0.100407927859
CONSUMER STAPLES,0.096395736082
ENERGY,0.09933754278
FINANCIALS,0.100836482408
HEALTH CARE,0.101177924234
INDUSTRIALS,0.101292071941
MATERIALS,0.106399681187
TECHNOLOGY,0.097229815381
UTILITIES,0.097589280529
