SECTOR,WEIGHT
COMMUNICATION SERVICES,0.098980347903
CONSUMER DISCRETIONARY,0.099243393245
CONSUMER STAPLES,0.099287568798
ENERGY,0.103903914155
FINANCIALS,0.094647127685
HEALTH CARE,0.096907108851
INDUSTRIALS,0.102029465094
MATERIALS,0.11423396578
TECHNOLOGY,0.093858995649
UTILITIES,0.09690811284
