SECTOR,WEIGHT
COMMUNICATION SERVICES,0.089734492107
CONSUMER DISCRETIONARY,0.09749242545
CONSUMER STAPLES,0.092741388933
ENERGY,0.096946260565
FINANCIALS,0.105969940998
HEALTH CARE,0.107917397544
INDUSTRIALS,0.10435536597
MATERIALS,0.094911098708
TECHNOLOGY,0.109377491628
UTILITIES,0.100554138096
