SECTOR,WEIGHT
COMMUNICATION SERVICES,0.089507408891
CONSUMER DISCRETIONARY,0.097316780136
CONSUMER STAPLES,0.098718462155
ENERGY,0.093712454946
FINANCIALS,0.109631557869
HEALTH CARE,0.09741690028
INDUSTRIALS,0.097917501001
MATERIALS,0.096115338406
TECHNOLOGY,0.127452943532
UTILITIES,0.092210652783
