SECTOR,WEIGHT
COMMUNICATION SERVICES,0.019686518411
CONSUMER DISCRETIONARY,0.124422243815
CONSUMER STAPLES,0.061569001623
ENERGY,0.039186339112
FINANCIALS,0.318161160195
HEALTH CARE,0.025541963071
INDUSTRIALS,0.319257286664
MATERIALS,0.030781844303
TECHNOLOGY,0.055222898229
UTILITIES,0.006170744575
