SECTOR,WEIGHT
COMMUNICATION SERVICES,0.021309656726
CONSUMER DISCRETIONARY,0.127473458281
CONSUMER STAPLES,0.058975565789
ENERGY,0.036992760269
FINANCIALS,0.314246651715
HEALTH CARE,0.024981128867
INDUSTRIALS,0.319264424843
MATERIALS,0.033227610886
TECHNOLOGY,0.057174253745
UTILITIES,0.006354488879
