SECTOR,WEIGHT
COMMUNICATION SERVICES,0.022170401718
CONSUMER DISCRETIONARY,0.12430572009
CONSUMER STAPLES,0.059385814203
ENERGY,0.03405756308
FINANCIALS,0.325189746871
HEALTH CARE,0.025007208861
INDUSTRIALS,0.311892318663
MATERIALS,0.030580255895
TECHNOLOGY,0.061265291193
UTILITIES,0.006145679427
