SECTOR,WEIGHT
COMMUNICATION SERVICES,0.021063218328
CONSUMER DISCRETIONARY,0.125092168625
CONSUMER STAPLES,0.059644244076
ENERGY,0.038338450555
FINANCIALS,0.314385715437
HEALTH CARE,0.024484497059
INDUSTRIALS,0.318640771221
MATERIALS,0.034982268192
TECHNOLOGY,0.057019337222
UTILITIES,0.006349329285
