SECTOR,WEIGHT
COMMUNICATION SERVICES,0.023872264564
CONSUMER DISCRETIONARY,0.110118668657
CONSUMER STAPLES,0.062035480438
ENERGY,0.040386803202
FINANCIALS,0.327542133017
HEALTH CARE,0.027455900007
INDUSTRIALS,0.305790773399
MATERIALS,0.028540955112
TECHNOLOGY,0.069892582862
UTILITIES,0.004364438742
