SECTOR,WEIGHT
COMMUNICATION SERVICES,0.022267546409
CONSUMER DISCRETIONARY,0.123892477364
CONSUMER STAPLES,0.059190914042
ENERGY,0.034839332159
FINANCIALS,0.325671975486
HEALTH CARE,0.025189080914
INDUSTRIALS,0.311293696497
MATERIALS,0.030275235913
TECHNOLOGY,0.06115276253
UTILITIES,0.006226978685
