SECTOR,WEIGHT
COMMUNICATION SERVICES,0.023264202882
CONSUMER DISCRETIONARY,0.110441583653
CONSUMER STAPLES,0.059779440814
ENERGY,0.03699234256
FINANCIALS,0.328143780008
HEALTH CARE,0.026408418759
INDUSTRIALS,0.311402783432
MATERIALS,0.029532123839
TECHNOLOGY,0.069843380545
UTILITIES,0.004191943508
