SECTOR,WEIGHT
COMMUNICATION SERVICES,0.023293676663
CONSUMER DISCRETIONARY,0.109731198693
CONSUMER STAPLES,0.06180737087
ENERGY,0.037697266829
FINANCIALS,0.327902612032
HEALTH CARE,0.027212608201
INDUSTRIALS,0.310847304817
MATERIALS,0.029303943149
TECHNOLOGY,0.067812087084
UTILITIES,0.004391931662
