SECTOR,WEIGHT
COMMUNICATION SERVICES,0.023182617744
CONSUMER DISCRETIONARY,0.106505008059
CONSUMER STAPLES,0.058656605576
ENERGY,0.039324529903
FINANCIALS,0.330889421188
HEALTH CARE,0.026747061902
INDUSTRIALS,0.315745054898
MATERIALS,0.027341223675
TECHNOLOGY,0.067375741689
UTILITIES,0.004232735366
