SECTOR,WEIGHT
COMMUNICATION SERVICES,0.026710897941
CONSUMER DISCRETIONARY,0.045019602802
CONSUMER STAPLES,0.17556121976
ENERGY,0.040398434747
FINANCIALS,0.106847847176
HEALTH CARE,0.069522593615
INDUSTRIALS,0.201971408521
MATERIALS,0.089243403176
REAL ESTATE,0.043511179232
TECHNOLOGY,0.063528492742
UTILITIES,0.137684920289
