SECTOR,WEIGHT
COMMUNICATION SERVICES,0.036954125504
CONSUMER DISCRETIONARY,0.040580724333
CONSUMER STAPLES,0.175997678514
ENERGY,0.043832677261
FINANCIALS,0.115759501399
HEALTH CARE,0.063363565228
INDUSTRIALS,0.185233356913
MATERIALS,0.077805835041
REAL ESTATE,0.047036774436
TECHNOLOGY,0.060127289877
UTILITIES,0.153308471494
