SECTOR,WEIGHT
COMMUNICATION SERVICES,0.029129800657
CONSUMER DISCRETIONARY,0.046701764388
CONSUMER STAPLES,0.177591683653
ENERGY,0.037870574649
FINANCIALS,0.108512368148
HEALTH CARE,0.07326377992
INDUSTRIALS,0.190865283006
MATERIALS,0.085090627014
REAL ESTATE,0.044249273634
TECHNOLOGYQ,0.060025903464
UTILITIES,0.146698941467
