SECTOR,WEIGHT
COMMUNICATION SERVICES,0.028455958028
CONSUMER DISCRETIONARY,0.04684759037
CONSUMER STAPLES,0.174883916881
ENERGY,0.038501147685
FINANCIALS,0.109604192086
HEALTH CARE,0.071209241828
INDUSTRIALS,0.196959179535
MATERIALS,0.084796977532
REAL ESTATE,0.043737347808
TECHNOLOGY,0.066145738087
UTILITIES,0.13885871016
