SECTOR,WEIGHT
COMMUNICATION SERVICES,0.024786816132
CONSUMER DISCRETIONARY,0.044443317928
CONSUMER STAPLES,0.16355160504
ENERGY,0.028022073563
FINANCIALS,0.12528496771
HEALTH CARE,0.071850128651
INDUSTRIALS,0.18731515386
MATERIALS,0.07577496291
REAL ESTATE,0.044203036697
TECHNOLOGY,0.084302528338
UTILITIES,0.150465409171
