SECTOR,WEIGHT
COMMUNICATION SERVICES,0.028225198179
CONSUMER DISCRETIONARY,0.045271413639
CONSUMER STAPLES,0.172495099932
ENERGY,0.039439195711
FINANCIALS,0.109955817345
HEALTH CARE,0.070205440156
INDUSTRIALS,0.198771364251
MATERIALS,0.088126323813
REAL ESTATE,0.043634814709
TECHNOLOGY,0.066419507497
UTILITIES,0.137455824768
