SECTOR,WEIGHT
COMMUNICATION SERVICES,0.036589151078
CONSUMER DISCRETIONARY,0.040031480933
CONSUMER STAPLES,0.175038028602
ENERGY,0.04495322511
FINANCIALS,0.115734941314
HEALTH CARE,0.062486746757
INDUSTRIALS,0.185803065344
MATERIALS,0.07699941227
REAL ESTATE,0.046432840201
TECHNOLOGY,0.061248154484
UTILITIES,0.154682953907
