SECTOR,WEIGHT
COMMUNICATION SERVICES,0.028551287969
CONSUMER DISCRETIONARY,0.044542981686
CONSUMER STAPLES,0.174059693345
ENERGY,0.038454107786
FINANCIALS,0.110916425171
HEALTH CARE,0.071215315
INDUSTRIALS,0.197198474181
MATERIALS,0.086466960799
REAL ESTATE,0.043732309407
TECHNOLOGY,0.064402313469
UTILITIES,0.140460131186
