SECTOR,WEIGHT
COMMUNICATION SERVICES,0.02672088968
CONSUMER DISCRETIONARY,0.044827969477
CONSUMER STAPLES,0.174318594638
ENERGY,0.041085052222
FINANCIALS,0.10563736842
HEALTH CARE,0.068321331679
INDUSTRIALS,0.203459733433
MATERIALS,0.090571474765
REAL ESTATE,0.043522295298
TECHNOLOGY,0.06381264228
UTILITIES,0.137722648108
