SECTOR,WEIGHT
COMMUNICATION SERVICES,0.033969687637
CONSUMER DISCRETIONARY,0.043229531726
CONSUMER STAPLES,0.176810741074
ENERGY,0.039980816689
FINANCIALS,0.115353795124
HEALTH CARE,0.064360713949
INDUSTRIALS,0.190773340055
MATERIALS,0.081120812253
REAL ESTATE,0.045150389679
TECHNOLOGY,0.063933734071
UTILITIES,0.145316437744
