SECTOR,WEIGHT
COMMUNICATION SERVICES,0.028877177406
CONSUMER DISCRETIONARY,0.044322509505
CONSUMER STAPLES,0.1746222883
ENERGY,0.038970892547
FINANCIALS,0.110557845497
HEALTH CARE,0.07134164194
INDUSTRIALS,0.19613714844
MATERIALS,0.086356010887
REAL ESTATE,0.043925886286
TECHNOLOGY,0.06395166028
UTILITIES,0.140936938913
