SECTOR,WEIGHT
COMMUNICATION SERVICES,0.116247409884
CONSUMER DISCRETIONARY,0.114415559715
CONSUMER STAPLES,0.031541857276
FINANCIALS,0.098339322716
HEALTH CARE,0.132663990631
INDUSTRIALS,0.09358852441
MATERIALS,0.024981231043
REAL ESTATE,0.002132153475
TECHNOLOGY,0.363683320153
UTILITIES,0.022406630697
