SECTOR,WEIGHT
COMMUNICATION SERVICES,0.095041201904
CONSUMER DISCRETIONARY,0.130289654258
CONSUMER STAPLES,0.053412257177
FINANCIALS,0.093623426355
HEALTH CARE,0.121310744046
INDUSTRIALS,0.113249218013
MATERIALS,0.024596546898
TECHNOLOGY,0.343030342004
UTILITIES,0.025446609346
