SECTOR,WEIGHT
COMMUNICATION SERVICES,0.099929973883
CONSUMER DISCRETIONARY,0.123533483804
CONSUMER STAPLES,0.033217825303
FINANCIALS,0.081243319218
HEALTH CARE,0.118948225755
INDUSTRIALS,0.135001137048
MATERIALS,0.025435809894
TECHNOLOGY,0.359945261416
UTILITIES,0.02274496368
