SECTOR,WEIGHT
COMMUNICATION SERVICES,0.077117210589
CONSUMER DISCRETIONARY,0.113297794033
CONSUMER STAPLES,0.029685964914
FINANCIALS,0.112199166966
HEALTH CARE,0.147422332474
INDUSTRIALS,0.090273695343
MATERIALS,0.019938528961
REAL ESTATE,0.006974328981
TECHNOLOGY,0.379358830428
UTILITIES,0.02373214731
