SECTOR,WEIGHT
COMMUNICATION SERVICES,0.089248729806
CONSUMER DISCRETIONARY,0.123693536671
CONSUMER STAPLES,0.03509216032
FINANCIALS,0.079599461306
HEALTH CARE,0.117673249594
INDUSTRIALS,0.140155524917
MATERIALS,0.027517024295
TECHNOLOGY,0.362290810783
UTILITIES,0.024729502308
