SECTOR,WEIGHT
COMMUNICATION SERVICES,0.114907943188
CONSUMER DISCRETIONARY,0.114608351494
CONSUMER STAPLES,0.032343879161
FINANCIALS,0.097735026678
HEALTH CARE,0.137822198843
INDUSTRIALS,0.087448711205
MATERIALS,0.023164750382
REAL ESTATE,0.002277498059
TECHNOLOGY,0.366680193382
UTILITIES,0.023011447609
