SECTOR,WEIGHT
COMMUNICATION SERVICES,0.114802099554
CONSUMER DISCRETIONARY,0.113297980011
CONSUMER STAPLES,0.030131492716
FINANCIALS,0.096764689967
HEALTH CARE,0.134390726366
INDUSTRIALS,0.088629818243
MATERIALS,0.022260167588
REAL ESTATE,0.002185532795
TECHNOLOGY,0.375192148516
UTILITIES,0.022345344244
