SECTOR,WEIGHT
COMMUNICATION SERVICES,0.116368706578
CONSUMER DISCRETIONARY,0.110023198417
CONSUMER STAPLES,0.030505517136
FINANCIALS,0.097466404366
HEALTH CARE,0.133829621854
INDUSTRIALS,0.089280849086
MATERIALS,0.021194097425
REAL ESTATE,0.002217672466
TECHNOLOGY,0.376571602574
UTILITIES,0.022542330099
