SECTOR,WEIGHT
COMMUNICATION SERVICES,0.085835807607
CONSUMER DISCRETIONARY,0.150725563107
CONSUMER STAPLES,0.045610564779
FINANCIALS,0.087368715782
HEALTH CARE,0.113970010595
INDUSTRIALS,0.115798018701
MATERIALS,0.022947292937
TECHNOLOGY,0.35214284851
UTILITIES,0.025601177983
