SECTOR,WEIGHT
COMMUNICATION SERVICES,0.099760328326
CONSUMER DISCRETIONARY,0.130463752665
CONSUMER STAPLES,0.031265530564
FINANCIALS,0.083929172612
HEALTH CARE,0.122382849448
INDUSTRIALS,0.131333464258
MATERIALS,0.026004176219
TECHNOLOGY,0.352334394088
UTILITIES,0.022526331821
