SECTOR,WEIGHT
COMMUNICATION SERVICES,0.09693553517
CONSUMER DISCRETIONARY,0.138863610596
CONSUMER STAPLES,0.133624231576
FINANCIALS,0.081235458014
HEALTH CARE,0.103276568377
INDUSTRIALS,0.104266853152
TECHNOLOGY,0.341797743114
