SECTOR,WEIGHT
COMMUNICATION SERVICES,0.084852734923
CONSUMER DISCRETIONARY,0.156080945702
CONSUMER STAPLES,0.091464636345
FINANCIALS,0.079843718694
HEALTH CARE,0.090663193749
INDUSTRIALS,0.102985373673
TECHNOLOGY,0.394109396914
