SECTOR,WEIGHT
COMMUNICATION SERVICES,0.085714772131
CONSUMER DISCRETIONARY,0.158728203526
CONSUMER STAPLES,0.092219164473
FINANCIALS,0.080624421665
HEALTH CARE,0.095206478154
INDUSTRIALS,0.106613950545
TECHNOLOGY,0.380893009506
