SECTOR,WEIGHT
COMMUNICATION SERVICES,0.095215915218
CONSUMER DISCRETIONARY,0.140345655961
CONSUMER STAPLES,0.127335399618
FINANCIALS,0.082941530797
HEALTH CARE,0.101335271197
INDUSTRIALS,0.102051778068
TECHNOLOGYQ,0.350774449141
