SECTOR,WEIGHT
COMMUNICATION SERVICES,0.09468711351
CONSUMER DISCRETIONARY,0.139076278128
CONSUMER STAPLES,0.124906640004
FINANCIALS,0.082676801748
HEALTH CARE,0.1009301868
INDUSTRIALS,0.102504256413
TECHNOLOGY,0.355218723397
