SECTOR,WEIGHT
COMMUNICATION SERVICES,0.095543882477
CONSUMER DISCRETIONARY,0.139678361164
CONSUMER STAPLES,0.123378553127
FINANCIALS,0.081056279768
HEALTH CARE,0.099727516606
INDUSTRIALS,0.102589897432
TECHNOLOGY,0.358025509425
