SECTOR,WEIGHT
COMMUNICATION SERVICES,0.085085147527
CONSUMER DISCRETIONARY,0.150781449651
CONSUMER STAPLES,0.116201271327
FINANCIALS,0.073202927393
HEALTH CARE,0.115567418771
INDUSTRIALS,0.128932652663
TECHNOLOGY,0.330229132668
