SECTOR,WEIGHT
COMMUNICATION SERVICES,0.094099314607
CONSUMER DISCRETIONARY,0.140367833368
CONSUMER STAPLES,0.125926565944
FINANCIALS,0.085897108732
HEALTH CARE,0.099354794633
INDUSTRIALS,0.10206441605
TECHNOLOGY,0.352289966665
