SECTOR,WEIGHT
COMMUNICATION SERVICES,0.088232809341
CONSUMER DISCRETIONARY,0.150116163292
CONSUMER STAPLES,0.110674953987
FINANCIALS,0.074510454696
HEALTH CARE,0.114005974112
INDUSTRIALS,0.125674601977
TECHNOLOGY,0.336785042593
