SECTOR,WEIGHT
COMMUNICATION SERVICES,0.094786302342
CONSUMER DISCRETIONARY,0.140856434383
CONSUMER STAPLES,0.12214974572
FINANCIALS,0.087756259785
HEALTH CARE,0.101835388356
INDUSTRIALS,0.102232294095
TECHNOLOGY,0.350383575319
