SECTOR,WEIGHT
COMMUNICATION SERVICES,0.086752234008
CONSUMER DISCRETIONARY,0.152552016096
CONSUMER STAPLES,0.11010635834
FINANCIALS,0.073120603228
HEALTH CARE,0.116052637409
INDUSTRIALS,0.123458045754
TECHNOLOGY,0.337958105166
