SECTOR,WEIGHT
COMMUNICATION SERVICES,0.015474835992
CONSUMER DISCRETIONARY,0.13983232064
CONSUMER STAPLES,0.022253019923
ENERGY,0.03234767242
FINANCIALS,0.194357363609
HEALTH CARE,0.168640611005
INDUSTRIALS,0.185051481921
MATERIALS,0.053517393304
REAL ESTATE,0.02322334923
TECHNOLOGY,0.165301951956
