SECTOR,WEIGHT
COMMUNICATION SERVICES,0.012218993421
CONSUMER DISCRETIONARY,0.139022076926
CONSUMER STAPLES,0.025759777213
ENERGY,0.039228921984
FINANCIALS,0.194486822456
HEALTH CARE,0.153695968035
INDUSTRIALS,0.208426161359
MATERIALS,0.055373935505
REAL ESTATE,0.019444444444
TECHNOLOGY,0.152342898656
