SECTOR,WEIGHT
COMMUNICATION SERVICES,0.012278877013
CONSUMER DISCRETIONARY,0.139049985633
CONSUMER STAPLES,0.02298242348
ENERGY,0.031490422557
FINANCIALS,0.190349911571
HEALTH CARE,0.163134229899
INDUSTRIALS,0.20152797957
MATERIALS,0.055874151628
REAL ESTATE,0.021237115071
TECHNOLOGY,0.162074903578
