SECTOR,WEIGHT
COMMUNICATION SERVICES,0.011052688165
CONSUMER DISCRETIONARY,0.127351878561
CONSUMER STAPLES,0.020845631566
ENERGY,0.048109672852
FINANCIALS,0.183546435085
HEALTH CARE,0.146707522157
INDUSTRIALS,0.201943577229
MATERIALS,0.051687063983
REAL ESTATE,0.019869887232
TECHNOLOGY,0.186662325517
UTILITIES,0.002223317652
