SECTOR,WEIGHT
COMMUNICATION SERVICES,0.011830058636
CONSUMER DISCRETIONARY,0.124884271166
CONSUMER STAPLES,0.019545314268
ENERGY,0.046291533793
FINANCIALS,0.179508281041
HEALTH CARE,0.146075506635
INDUSTRIALS,0.210060693344
MATERIALS,0.044131262216
REAL ESTATE,0.019751054418
TECHNOLOGY,0.195761752906
UTILITIES,0.002160271577
