SECTOR,WEIGHT
COMMUNICATION SERVICES,0.012309193883
CONSUMER DISCRETIONARY,0.134351503712
CONSUMER STAPLES,0.023411465659
ENERGY,0.032084768885
FINANCIALS,0.189684395415
HEALTH CARE,0.160707173675
INDUSTRIALS,0.202665109868
MATERIALS,0.058140976972
REAL ESTATE,0.020614471571
TECHNOLOGY,0.1624232818
