SECTOR,WEIGHT
COMMUNICATION SERVICES,0.013702435808
CONSUMER DISCRETIONARY,0.131258446359
CONSUMER STAPLES,0.022289227738
ENERGY,0.054151334321
FINANCIALS,0.194101388866
HEALTH CARE,0.152245103147
INDUSTRIALS,0.196976203657
MATERIALS,0.045340663009
REAL ESTATE,0.020078927658
TECHNOLOGY,0.167742644545
UTILITIES,0.002113624892
