SECTOR,WEIGHT
COMMUNICATION SERVICES,0.013057707891
CONSUMER DISCRETIONARY,0.131355884814
CONSUMER STAPLES,0.022597571874
ENERGY,0.049721571805
FINANCIALS,0.189795812546
HEALTH CARE,0.153806032594
INDUSTRIALS,0.20253833789
MATERIALS,0.048216829325
REAL ESTATE,0.020490932401
TECHNOLOGY,0.166387916511
UTILITIES,0.002031402349
