SECTOR,WEIGHT
COMMUNICATION SERVICES,0.113930024541
CONSUMER DISCRETIONARY,0.102665750905
CONSUMER STAPLES,0.04596181112
ENERGY,0.030331602222
FINANCIALS,0.166152554695
HEALTH CARE,0.120074265081
INDUSTRIALS,0.051329863078
MATERIALS,0.028400669952
TECHNOLOGY,0.290325657802
UTILITIES,0.050827800605
