SECTOR,WEIGHT
COMMUNICATION SERVICES,0.109976676543
CONSUMER DISCRETIONARY,0.101041874792
CONSUMER STAPLES,0.048776447224
ENERGY,0.032118699629
FINANCIALS,0.163042310538
HEALTH CARE,0.127163544322
INDUSTRIALS,0.049602758252
MATERIALS,0.028230118083
TECHNOLOGY,0.284703808159
UTILITIES,0.055343762456
