SECTOR,WEIGHT
COMMUNICATION SERVICES,0.111043014323
CONSUMER DISCRETIONARY,0.093245679058
CONSUMER STAPLES,0.04497932187
ENERGY,0.038051170223
FINANCIALS,0.149685991332
HEALTH CARE,0.11204507361
INDUSTRIALS,0.042898970557
MATERIALS,0.02616789057
TECHNOLOGY,0.329972405755
UTILITIES,0.051910482704
