SECTOR,WEIGHT
COMMUNICATION SERVICES,0.115508236239
CONSUMER DISCRETIONARY,0.091201285657
CONSUMER STAPLES,0.041984732824
ENERGY,0.028425070309
FINANCIALS,0.156789875452
HEALTH CARE,0.107171554841
INDUSTRIALS,0.042788268381
MATERIALS,0.023202089192
TECHNOLOGY,0.331960626758
UTILITIES,0.060968260346
