SECTOR,WEIGHT
COMMUNICATION SERVICES,0.108149164896
CONSUMER DISCRETIONARY,0.103741363499
CONSUMER STAPLES,0.046013513378
ENERGY,0.028241836086
FINANCIALS,0.160713676526
HEALTH CARE,0.122960902711
INDUSTRIALS,0.052664848561
MATERIALS,0.028704389339
TECHNOLOGY,0.30505838606
UTILITIES,0.043751918944
