SECTOR,WEIGHT
COMMUNICATION SERVICES,0.107970584389
CONSUMER DISCRETIONARY,0.10435399334
CONSUMER STAPLES,0.043837711135
ENERGY,0.026587728741
FINANCIALS,0.166010080179
HEALTH CARE,0.121757894631
INDUSTRIALS,0.05066144885
MATERIALS,0.025538464634
TECHNOLOGY,0.310339728177
UTILITIES,0.042942365925
