SECTOR,WEIGHT
COMMUNICATION SERVICES,0.113846256063
CONSUMER DISCRETIONARY,0.094424411546
CONSUMER STAPLES,0.049034293503
ENERGY,0.04243048383
FINANCIALS,0.146538133981
HEALTH CARE,0.121315809077
INDUSTRIALS,0.046299148551
MATERIALS,0.026534026733
TECHNOLOGY,0.303966513853
UTILITIES,0.055610922862
