SECTOR,WEIGHT
COMMUNICATION SERVICES,0.114425548864
CONSUMER DISCRETIONARY,0.093449643747
CONSUMER STAPLES,0.048445238354
ENERGY,0.035694744507
FINANCIALS,0.143292940509
HEALTH CARE,0.127780526957
INDUSTRIALS,0.04657445516
MATERIALS,0.029299884534
TECHNOLOGY,0.305402339082
UTILITIES,0.055634678286
