SECTOR,WEIGHT
COMMUNICATION SERVICES,0.108506275039
CONSUMER DISCRETIONARY,0.105519928199
CONSUMER STAPLES,0.045199332133
ENERGY,0.02821285493
FINANCIALS,0.160794420405
HEALTH CARE,0.123287588811
INDUSTRIALS,0.051993321333
MATERIALS,0.028614978866
TECHNOLOGY,0.305320370435
UTILITIES,0.042550929849
