SECTOR,WEIGHT
COMMUNICATION SERVICES,0.116836988533
CONSUMER DISCRETIONARY,0.03426699407
CONSUMER STAPLES,0.125768354237
ENERGY,0.020405522521
FINANCIALS,0.106871454135
HEALTH CARE,0.192153759118
INDUSTRIALS,0.077029016908
MATERIALS,0.003660214898
TECHNOLOGY,0.268174687242
UTILITIES,0.054833008338
