SECTOR,WEIGHT
COMMUNICATION SERVICES,0.120832973335
CONSUMER DISCRETIONARY,0.039083801667
CONSUMER STAPLES,0.122711664158
ENERGY,0.02242976007
FINANCIALS,0.100203541583
HEALTH CARE,0.186100902776
INDUSTRIALS,0.077534675408
MATERIALS,0.00338264813
TECHNOLOGY,0.267248290592
UTILITIES,0.06047174228
