SECTOR,WEIGHT
COMMUNICATION SERVICES,0.1167208868
CONSUMER DISCRETIONARY,0.040339779505
CONSUMER STAPLES,0.114776994598
ENERGY,0.01739060586
FINANCIALS,0.114429584111
HEALTH CARE,0.175292688315
INDUSTRIALS,0.078673414061
MATERIALS,0.00378436452
TECHNOLOGY,0.284605498323
UTILITIES,0.053986183907
