SECTOR,WEIGHT
COMMUNICATION SERVICES,0.120646804887
CONSUMER DISCRETIONARY,0.038573117009
CONSUMER STAPLES,0.122488449554
ENERGY,0.021784427157
FINANCIALS,0.099556258027
HEALTH CARE,0.188006414627
INDUSTRIALS,0.077432421984
MATERIALS,0.00328363035
TECHNOLOGY,0.26888815473
UTILITIES,0.059340321675
