SECTOR,WEIGHT
COMMUNICATION SERVICES,0.15805713448
CONSUMER DISCRETIONARY,0.03873059479
CONSUMER STAPLES,0.113910501832
ENERGY,0.017342566905
FINANCIALS,0.111912371439
HEALTH CARE,0.190212976602
INDUSTRIALS,0.080940346269
MATERIALS,0.004118759231
TECHNOLOGYQ,0.229150413031
UTILITIES,0.055624335421
