SECTOR,WEIGHT
COMMUNICATION SERVICES,0.121862862828
CONSUMER DISCRETIONARY,0.037858180046
CONSUMER STAPLES,0.120507267858
ENERGY,0.02380682018
FINANCIALS,0.10012008421
HEALTH CARE,0.186865098705
INDUSTRIALS,0.076277088033
MATERIALS,0.003464856527
TECHNOLOGY,0.269256934989
UTILITIES,0.059980806624
