SECTOR,WEIGHT
COMMUNICATION SERVICES,0.117550705786
CONSUMER DISCRETIONARY,0.034442196207
CONSUMER STAPLES,0.129274662363
ENERGY,0.020757053845
FINANCIALS,0.107848155642
HEALTH CARE,0.195799409035
INDUSTRIALS,0.075993439964
MATERIALS,0.003164595076
TECHNOLOGY,0.257011690835
UTILITIES,0.058158091246
