SECTOR,WEIGHT
COMMUNICATION SERVICES,0.123923923924
CONSUMER DISCRETIONARY,0.037937937938
CONSUMER STAPLES,0.121821821822
ENERGY,0.021421421421
FINANCIALS,0.101201201201
HEALTH CARE,0.178378378378
INDUSTRIALS,0.075175175175
MATERIALS,0.003703703704
TECHNOLOGY,0.277077077077
UTILITIES,0.059359359359
