SECTOR,WEIGHT
COMMUNICATION SERVICES,0.118886971181
CONSUMER DISCRETIONARY,0.037687645501
CONSUMER STAPLES,0.125285983784
ENERGY,0.020881833507
FINANCIALS,0.101072690054
HEALTH CARE,0.189426627599
INDUSTRIALS,0.078608412941
MATERIALS,0.003363570683
TECHNOLOGY,0.266521835113
UTILITIES,0.058264429638
