SECTOR,WEIGHT
COMMUNICATION SERVICES,0.117351176696
CONSUMER DISCRETIONARY,0.040248004524
CONSUMER STAPLES,0.114777923861
ENERGY,0.017390046674
FINANCIALS,0.114282758503
HEALTH CARE,0.175327708067
INDUSTRIALS,0.079076802859
MATERIALS,0.003731317049
TECHNOLOGY,0.283862329969
UTILITIES,0.053951931798
