SECTOR,WEIGHT
COMMUNICATION SERVICES,0.170107790552
CONSUMER DISCRETIONARY,0.040915422381
FINANCIALS,0.16970332517
HEALTH CARE,0.159254812135
INDUSTRIALS,0.106775692792
TECHNOLOGY,0.353242956969
