SECTOR,WEIGHT
COMMUNICATION SERVICES,0.190638914777
CONSUMER DISCRETIONARY,0.044423734079
FINANCIALS,0.17438127783
HEALTH CARE,0.129957543751
INDUSTRIALS,0.103862483173
TECHNOLOGY,0.356736046391
