SECTOR,WEIGHT
COMMUNICATION SERVICES,0.186859302556
CONSUMER DISCRETIONARY,0.067653915225
FINANCIALS,0.123373908461
HEALTH CARE,0.133747488046
INDUSTRIALS,0.09789177407
TECHNOLOGY,0.390473611643
