SECTOR,WEIGHT
COMMUNICATION SERVICES,0.17230269545
CONSUMER DISCRETIONARY,0.066476540611
FINANCIALS,0.145011699127
HEALTH CARE,0.139811622631
INDUSTRIALS,0.10103573067
TECHNOLOGY,0.375361711511
