SECTOR,WEIGHT
COMMUNICATION SERVICES,0.159953892405
CONSUMER DISCRETIONARY,0.069198776695
FINANCIALS,0.131098222677
HEALTH CARE,0.139788050448
INDUSTRIALS,0.096594372589
TECHNOLOGY,0.403366685186
