SECTOR,WEIGHT
COMMUNICATION SERVICES,0.188552660108
CONSUMER DISCRETIONARY,0.063253752618
FINANCIALS,0.127108173129
HEALTH CARE,0.146627286091
INDUSTRIALS,0.095147246628
TECHNOLOGYQ,0.379310881426
