SECTOR,WEIGHT
COMMUNICATION SERVICES,0.168847145564
CONSUMER DISCRETIONARY,0.045082790544
FINANCIALS,0.180751586948
HEALTH CARE,0.150503784858
INDUSTRIALS,0.102843562634
TECHNOLOGY,0.351971129451
