SECTOR,WEIGHT
COMMUNICATION SERVICES,0.075327938723
CONSUMER DISCRETIONARY,0.181651995104
CONSUMER STAPLES,0.054736578449
ENERGY,0.246883218668
FINANCIALS,0.003370284934
HEALTH CARE,0.155533044346
INDUSTRIALS,0.148898521801
MATERIALS,0.032797912181
TECHNOLOGY,0.099794571185
UTILITIES,0.00100593461
