SECTOR,WEIGHT
COMMUNICATION SERVICES,0.08793958128
CONSUMER DISCRETIONARY,0.179478364224
CONSUMER STAPLES,0.054043802964
ENERGY,0.214283830873
FINANCIALS,0.004180306921
HEALTH CARE,0.164040030343
INDUSTRIALS,0.148472900009
MATERIALS,0.028417365413
TECHNOLOGY,0.118142856563
UTILITIES,0.00100096141
