SECTOR,WEIGHT
COMMUNICATION SERVICES,0.095507891542
CONSUMER DISCRETIONARY,0.160562525293
CONSUMER STAPLES,0.034904896803
ENERGY,0.138709024686
FINANCIALS,0.020841764468
HEALTH CARE,0.160764872521
INDUSTRIALS,0.166632942129
MATERIALS,0.014467826791
TECHNOLOGY,0.207608255767
