SECTOR,WEIGHT
COMMUNICATION SERVICES,0.087052484433
CONSUMER DISCRETIONARY,0.183155165841
CONSUMER STAPLES,0.053255051468
ENERGY,0.222997585462
FINANCIALS,0.003739229889
HEALTH CARE,0.154357605795
INDUSTRIALS,0.149043588766
MATERIALS,0.031671622824
TECHNOLOGY,0.113700851442
UTILITIES,0.001026814081
