SECTOR,WEIGHT
COMMUNICATION SERVICES,0.098219333669
CONSUMER DISCRETIONARY,0.078204599761
CONSUMER STAPLES,0.033759998549
ENERGY,0.020369476422
FINANCIALS,0.110661524244
HEALTH CARE,0.107885059394
INDUSTRIALS,0.069371309594
MATERIALS,0.016873448631
REAL ESTATE,0.01599062351
TECHNOLOGY,0.429870327502
UTILITIES,0.018794298723
