SECTOR,WEIGHT
COMMUNICATION SERVICES,0.096266774737
CONSUMER DISCRETIONARY,0.074084699755
CONSUMER STAPLES,0.037089496693
ENERGY,0.025563605066
FINANCIALS,0.101147974794
HEALTH CARE,0.10500097303
INDUSTRIALS,0.077159273979
MATERIALS,0.019870877914
REAL ESTATE,0.017107272045
TECHNOLOGY,0.426197178012
UTILITIES,0.020511873976
