SECTOR,WEIGHT
COMMUNICATION SERVICES,0.094239744867
CONSUMER DISCRETIONARY,0.073689840753
CONSUMER STAPLES,0.038652244202
ENERGY,0.023696915507
FINANCIALS,0.104546809286
HEALTH CARE,0.109940682448
INDUSTRIALS,0.077507197685
MATERIALS,0.021507253881
REAL ESTATE,0.017223264201
TECHNOLOGY,0.41898101457
UTILITIES,0.020015032599
