SECTOR,WEIGHT
COMMUNICATION SERVICES,0.09381039829
CONSUMER DISCRETIONARY,0.074192933337
CONSUMER STAPLES,0.036777352962
ENERGY,0.027333393543
FINANCIALS,0.103146982971
HEALTH CARE,0.105215201052
INDUSTRIALS,0.078087525464
MATERIALS,0.019889414055
REAL ESTATE,0.016570832204
TECHNOLOGY,0.424788511907
UTILITIES,0.020187454215
