SECTOR,WEIGHT
COMMUNICATION SERVICES,0.096608186664
CONSUMER DISCRETIONARY,0.078970636608
CONSUMER STAPLES,0.032668798516
ENERGY,0.019555812173
FINANCIALS,0.112889775874
HEALTH CARE,0.106604877234
INDUSTRIALS,0.069648908743
MATERIALS,0.017741158341
REAL ESTATE,0.015419528049
TECHNOLOGY,0.431813175151
UTILITIES,0.018079142646
