SECTOR,WEIGHT
COMMUNICATION SERVICES,0.097420188821
CONSUMER DISCRETIONARY,0.07945355686
CONSUMER STAPLES,0.034808588976
ENERGY,0.020683758104
FINANCIALS,0.10873836218
HEALTH CARE,0.107730379804
INDUSTRIALS,0.073302047653
MATERIALS,0.018828748623
REAL ESTATE,0.015794741793
TECHNOLOGY,0.424803207034
UTILITIES,0.018436420154
