SECTOR,WEIGHT
COMMUNICATION SERVICES,0.09439832154
CONSUMER DISCRETIONARY,0.073505748163
CONSUMER STAPLES,0.037555933623
ENERGY,0.023313274379
FINANCIALS,0.102685415076
HEALTH CARE,0.107147079629
INDUSTRIALS,0.077509523495
MATERIALS,0.021105987828
REAL ESTATE,0.016846716323
TECHNOLOGY,0.425756819744
UTILITIES,0.0201751802
