SECTOR,WEIGHT
COMMUNICATION SERVICES,0.09686707081
CONSUMER DISCRETIONARY,0.073873610152
CONSUMER STAPLES,0.038045074642
ENERGY,0.024667644443
FINANCIALS,0.104185359213
HEALTH CARE,0.109332221221
INDUSTRIALS,0.079628992853
MATERIALS,0.021004490221
REAL ESTATE,0.017322288399
TECHNOLOGY,0.414656225909
UTILITIES,0.020417022138
