SECTOR,WEIGHT
COMMUNICATION SERVICES,0.169397821798
CONSUMER DISCRETIONARY,0.252925437377
CONSUMER STAPLES,0.060289116426
ENERGY,0.007297679104
FINANCIALS,0.074561604532
HEALTH CARE,0.068615498376
INDUSTRIALS,0.011664064354
REAL ESTATE,0.011070268553
TECHNOLOGY,0.344178509481
