SECTOR,WEIGHT
COMMUNICATION SERVICES,0.162194889176
CONSUMER DISCRETIONARY,0.222249041329
CONSUMER STAPLES,0.077680364946
ENERGY,0.025216805548
FINANCIALS,0.065139122153
HEALTH CARE,0.057409159813
INDUSTRIALS,0.010021481095
REAL ESTATE,0.01372487434
TECHNOLOGY,0.366364261599
