SECTOR,WEIGHT
COMMUNICATION SERVICES,0.163595467959
CONSUMER DISCRETIONARY,0.222279205328
CONSUMER STAPLES,0.075484555503
ENERGY,0.024175531297
FINANCIALS,0.063757701553
HEALTH CARE,0.056307272648
INDUSTRIALS,0.009946019724
REAL ESTATE,0.013283569583
TECHNOLOGY,0.371170676404
