SECTOR,WEIGHT
COMMUNICATION SERVICES,0.165522868072
CONSUMER DISCRETIONARY,0.234853703033
CONSUMER STAPLES,0.077543998007
ENERGY,0.022137419207
FINANCIALS,0.065733542159
HEALTH CARE,0.060155570055
INDUSTRIALS,0.010458067385
REAL ESTATE,0.015098141449
TECHNOLOGY,0.348496690632
