SECTOR,WEIGHT
COMMUNICATION SERVICES,0.034974658814
CONSUMER DISCRETIONARY,0.104491395667
CONSUMER STAPLES,0.028150948559
ENERGY,0.046301233157
FINANCIALS,0.157503666877
HEALTH CARE,0.113767738327
INDUSTRIALS,0.237794683079
MATERIALS,0.045762016189
REAL ESTATE,0.060513020681
TECHNOLOGY,0.145216360809
UTILITIES,0.025524277842
