SECTOR,WEIGHT
COMMUNICATION SERVICES,0.040758119053
CONSUMER DISCRETIONARY,0.106274766044
CONSUMER STAPLES,0.028559746171
ENERGY,0.042926807758
FINANCIALS,0.170455524845
HEALTH CARE,0.126086599228
INDUSTRIALS,0.210210475047
MATERIALS,0.038237669842
REAL ESTATE,0.063806950627
TECHNOLOGY,0.146515767088
UTILITIES,0.026167574296
