SECTOR,WEIGHT
COMMUNICATION SERVICES,0.043345570304
CONSUMER DISCRETIONARY,0.10730163764
CONSUMER STAPLES,0.029010451269
ENERGY,0.041134686291
FINANCIALS,0.174948867662
HEALTH CARE,0.124352440804
INDUSTRIALS,0.20693492996
MATERIALS,0.0397497476
REAL ESTATE,0.063568685934
TECHNOLOGY,0.14360609935
UTILITIES,0.026046883185
