SECTOR,WEIGHT
COMMUNICATION SERVICES,0.114675327316
CONSUMER DISCRETIONARY,0.111320850614
CONSUMER STAPLES,0.05278523217
ENERGY,0.015919533219
FINANCIALS,0.147145645279
HEALTH CARE,0.104076197447
INDUSTRIALS,0.068956859397
MATERIALS,0.031596121005
REAL ESTATE,0.024516142148
TECHNOLOGY,0.317862080182
UTILITIES,0.011146011222
