SECTOR,WEIGHT
COMMUNICATION SERVICES,0.115584657152
CONSUMER DISCRETIONARY,0.109581605821
CONSUMER STAPLES,0.051827901687
ENERGY,0.016827042801
FINANCIALS,0.146441520055
HEALTH CARE,0.103413892398
INDUSTRIALS,0.072541783006
MATERIALS,0.03088633945
REAL ESTATE,0.023796721598
TECHNOLOGY,0.317826297756
UTILITIES,0.011272238276
