SECTOR,WEIGHT
COMMUNICATION SERVICES,0.109521890478
CONSUMER DISCRETIONARY,0.112178887821
CONSUMER STAPLES,0.042522957477
ENERGY,0.025123974876
FINANCIALS,0.135383864616
HEALTH CARE,0.092966907033
INDUSTRIALS,0.050286949713
MATERIALS,0.030723969276
REAL ESTATE,0.034123965876
TECHNOLOGY,0.343711656288
UTILITIES,0.023454976545
