SECTOR,WEIGHT
COMMUNICATION SERVICES,0.116580493442
CONSUMER DISCRETIONARY,0.095214365962
CONSUMER STAPLES,0.024642924735
ENERGY,0.014484349896
FINANCIALS,0.120096884476
HEALTH CARE,0.096530118347
INDUSTRIALS,0.06196821255
MATERIALS,0.036005508643
REAL ESTATE,0.03251831181
TECHNOLOGYQ,0.380737666961
UTILITIES,0.021221163177
