SECTOR,WEIGHT
COMMUNICATION SERVICES,0.110652889347
CONSUMER DISCRETIONARY,0.113376886623
CONSUMER STAPLES,0.042473957526
ENERGY,0.025644974355
FINANCIALS,0.132715867284
HEALTH CARE,0.089268910731
INDUSTRIALS,0.052736947263
MATERIALS,0.030643969356
REAL ESTATE,0.034223965776
TECHNOLOGY,0.344762655237
UTILITIES,0.023498976501
