SECTOR,WEIGHT
COMMUNICATION SERVICES,0.11472969014
CONSUMER DISCRETIONARY,0.104668568929
CONSUMER STAPLES,0.038997379373
ENERGY,0.014370307051
FINANCIALS,0.150065014026
HEALTH CARE,0.090667477335
INDUSTRIALS,0.083112606701
MATERIALS,0.038834844307
REAL ESTATE,0.026296568303
TECHNOLOGY,0.315125392793
UTILITIES,0.023132151041
