SECTOR,WEIGHT
COMMUNICATION SERVICES,0.115439985152
CONSUMER DISCRETIONARY,0.10711329812
CONSUMER STAPLES,0.03888763487
ENERGY,0.015404371009
FINANCIALS,0.147649215736
HEALTH CARE,0.090529145913
INDUSTRIALS,0.084395487538
MATERIALS,0.038027879353
REAL ESTATE,0.025984279616
TECHNOLOGY,0.313379380916
UTILITIES,0.023189321776
