SECTOR,WEIGHT
ENERGY,0.030352439609
FINANCIALS,0.127200559374
HEALTH CARE,0.028694924121
INDUSTRIALS,0.104788589251
MATERIALS,0.02607610967
TECHNOLOGY,0.663851457803
UTILITIES,0.019035920171
