SECTOR,WEIGHT
FINANCIALS,0.148069448511
HEALTH CARE,0.171919561023
INDUSTRIALS,0.188174620047
MATERIALS,0.062594511987
REAL ESTATE,0.01766396451
TECHNOLOGY,0.411577893922
