SECTOR,WEIGHT
FINANCIALS,0.193356656772
HEALTH CARE,0.013430161648
INDUSTRIALS,0.102975424351
MATERIALS,0.057377287435
TECHNOLOGY,0.632860469794
