SECTOR,WEIGHT
FINANCIALS,0.172402979931
HEALTH CARE,0.182062908759
INDUSTRIALS,0.174697238074
MATERIALS,0.065187988907
REAL ESTATE,0.016723037958
TECHNOLOGY,0.388925846371
