SECTOR,WEIGHT
FINANCIALS,0.096351388456
HEALTH CARE,0.132142923035
INDUSTRIALS,0.151658474592
MATERIALS,0.094848272067
TECHNOLOGY,0.473873449538
UTILITIES,0.051125492311
