SECTOR,WEIGHT
ENERGY,0.035256028892
FINANCIALS,0.069978321939
HEALTH CARE,0.125347466568
INDUSTRIALS,0.156406133316
MATERIALS,0.068074550772
TECHNOLOGY,0.489150204145
UTILITIES,0.055787294367
