SECTOR,WEIGHT
FINANCIALS,0.146965675938
HEALTH CARE,0.166495955036
INDUSTRIALS,0.182646745187
MATERIALS,0.0625766699
REAL ESTATE,0.016819271506
TECHNOLOGY,0.424495682432
