SECTOR,WEIGHT
FINANCIALS,0.157535262061
HEALTH CARE,0.176834228242
INDUSTRIALS,0.184450633114
MATERIALS,0.060055698029
REAL ESTATE,0.018029732329
TECHNOLOGY,0.403094446225
