SECTOR,WEIGHT
FINANCIALS,0.16519718324
HEALTH CARE,0.181294387515
INDUSTRIALS,0.174369684767
MATERIALS,0.065475653855
REAL ESTATE,0.017087878515
TECHNOLOGY,0.396575212108
