SECTOR,WEIGHT
COMMUNICATION SERVICES,0.104664199217
CONSUMER DISCRETIONARY,0.105853320038
CONSUMER STAPLES,0.050513196637
ENERGY,0.034821498035
FINANCIALS,0.123250554611
HEALTH CARE,0.096995380625
INDUSTRIALS,0.097442885636
MATERIALS,0.021571008266
REAL ESTATE,0.019670126682
TECHNOLOGY,0.321630849646
UTILITIES,0.023586980606
