SECTOR,WEIGHT
COMMUNICATION SERVICES,0.105159070729
CONSUMER DISCRETIONARY,0.10545363019
CONSUMER STAPLES,0.051147585055
ENERGY,0.034432764041
FINANCIALS,0.12298433861
HEALTH CARE,0.096346183648
INDUSTRIALS,0.096977773421
MATERIALS,0.021874803909
REAL ESTATE,0.019961520627
TECHNOLOGY,0.321604251456
UTILITIES,0.024058078313
