SECTOR,WEIGHT
COMMUNICATION SERVICES,0.102581831986
CONSUMER DISCRETIONARY,0.106171482532
CONSUMER STAPLES,0.044861092136
ENERGY,0.028657410932
FINANCIALS,0.132129971756
HEALTH CARE,0.095987819174
INDUSTRIALS,0.086373912031
MATERIALS,0.018326092752
REAL ESTATE,0.018237489839
TECHNOLOGY,0.345013192134
UTILITIES,0.021659704728
