SECTOR,WEIGHT
COMMUNICATION SERVICES,0.107620718047
CONSUMER DISCRETIONARY,0.108715083521
CONSUMER STAPLES,0.051253283848
ENERGY,0.034116978875
FINANCIALS,0.128917695183
HEALTH CARE,0.096779318267
INDUSTRIALS,0.094251410145
MATERIALS,0.020666660283
REAL ESTATE,0.01893829201
TECHNOLOGY,0.316286015251
UTILITIES,0.022454544569
