SECTOR,WEIGHT
COMMUNICATION SERVICES,0.096900391213
CONSUMER DISCRETIONARY,0.090580800481
CONSUMER STAPLES,0.047948640786
ENERGY,0.03420603872
FINANCIALS,0.12097502257
HEALTH CARE,0.088373959274
INDUSTRIALS,0.093489818437
MATERIALS,0.020463436654
REAL ESTATE,0.019560637978
TECHNOLOGY,0.36493128699
UTILITIES,0.022569966897
