SECTOR,WEIGHT
COMMUNICATION SERVICES,0.105707676394
CONSUMER DISCRETIONARY,0.106679498318
CONSUMER STAPLES,0.051305306349
ENERGY,0.03448059171
FINANCIALS,0.122111304269
HEALTH CARE,0.096356670709
INDUSTRIALS,0.096038210568
MATERIALS,0.021162254976
REAL ESTATE,0.019689373067
TECHNOLOGY,0.323286467776
UTILITIES,0.023182645863
