SECTOR,WEIGHT
MATERIALS,0.001607788011
TECHNOLOGY,0.998392211989
