SECTOR,WEIGHT
MATERIALS,0.001729841124
TECHNOLOGY,0.998270158876
