SECTOR,WEIGHT
MATERIALS,0.001538693593
TECHNOLOGY,0.998461306407
