SECTOR,WEIGHT
MATERIALS,0.001430649183
TECHNOLOGY,0.998569350817
