SECTOR,WEIGHT
MATERIALS,0.00159425511
TECHNOLOGY,0.99840574489
