SECTOR,WEIGHT
MATERIALS,0.001444318844
TECHNOLOGYQ,0.998555681156
