SECTOR,WEIGHT
MATERIALS,0.001652427104
TECHNOLOGY,0.998347572896
