SECTOR,WEIGHT
MATERIALS,0.001575227866
TECHNOLOGY,0.998424772134
