SECTOR,WEIGHT
MATERIALS,0.001444318844
TECHNOLOGY,0.998555681156
