SECTOR,WEIGHT
COMMUNICATION SERVICES,0.075288220551
CONSUMER DISCRETIONARY,0.113182957393
CONSUMER STAPLES,0.164010025063
ENERGY,0.059348370927
FINANCIALS,0.195288220551
HEALTH CARE,0.097042606516
INDUSTRIALS,0.101453634085
MATERIALS,0.066666666667
TECHNOLOGY,0.127719298246
