SECTOR,WEIGHT
COMMUNICATION SERVICES,0.12873991085
CONSUMER DISCRETIONARY,0.056092001178
CONSUMER STAPLES,0.111940666198
ENERGY,0.178016488539
FINANCIALS,0.261910148626
HEALTH CARE,0.081638275772
INDUSTRIALS,0.087235007426
MATERIALS,0.011740466904
TECHNOLOGY,0.082687034506
