SECTOR,WEIGHT
COMMUNICATION SERVICES,0.116156285149
CONSUMER DISCRETIONARY,0.036618198659
CONSUMER STAPLES,0.090611592624
ENERGY,0.118175757175
FINANCIALS,0.207247298803
HEALTH CARE,0.089248652583
INDUSTRIALS,0.158141760015
MATERIALS,0.042049601246
TECHNOLOGY,0.141750853746
