SECTOR,WEIGHT
COMMUNICATION SERVICES,0.113453550538
CONSUMER DISCRETIONARY,0.03702145007
CONSUMER STAPLES,0.09045293397
ENERGY,0.124558870058
FINANCIALS,0.201440213203
HEALTH CARE,0.086960401743
INDUSTRIALS,0.156510875121
MATERIALS,0.041382044896
TECHNOLOGY,0.148219660401
