SECTOR,WEIGHT
COMMUNICATION SERVICES,0.128583801389
CONSUMER DISCRETIONARY,0.068567931584
CONSUMER STAPLES,0.113670333318
ENERGY,0.137400359923
FINANCIALS,0.263553902883
HEALTH CARE,0.086272618362
INDUSTRIALS,0.095813171938
MATERIALS,0.010905564286
TECHNOLOGY,0.095232316317
