SECTOR,WEIGHT
COMMUNICATION SERVICES,0.057327619266
CONSUMER DISCRETIONARY,0.062730146132
ENERGY,0.082612416168
INDUSTRIALS,0.602590224401
TECHNOLOGY,0.166675573407
UTILITIES,0.028064020626
