SECTOR,WEIGHT
COMMUNICATION SERVICES,0.054202221147
CONSUMER DISCRETIONARY,0.068986470932
ENERGY,0.095344937466
INDUSTRIALS,0.495864781278
MATERIALS,0.029657876225
TECHNOLOGY,0.228671165165
UTILITIES,0.027272547787
