SECTOR,WEIGHT
COMMUNICATION SERVICES,0.05479772002
CONSUMER DISCRETIONARY,0.071009608891
ENERGY,0.091452644128
INDUSTRIALS,0.494037254782
MATERIALS,0.030199278335
TECHNOLOGY,0.232026271412
UTILITIES,0.026477222432
