SECTOR,WEIGHT
COMMUNICATION SERVICES,0.05464048978
CONSUMER DISCRETIONARY,0.061493643193
ENERGY,0.082832445727
INDUSTRIALS,0.60995741142
TECHNOLOGY,0.16440326864
UTILITIES,0.02667274124
