SECTOR,WEIGHT
COMMUNICATION SERVICES,0.055750851654
CONSUMER DISCRETIONARY,0.059458266322
ENERGY,0.109616390809
INDUSTRIALS,0.474616634746
MATERIALS,0.03049372177
TECHNOLOGY,0.244212170652
UTILITIES,0.025851964047
