SECTOR,WEIGHT
COMMUNICATION SERVICES,0.055628860944
CONSUMER DISCRETIONARY,0.062065534322
ENERGY,0.100739111608
INDUSTRIALS,0.483227524203
MATERIALS,0.032093747528
TECHNOLOGY,0.23948643764
UTILITIES,0.026758783755
