SECTOR,WEIGHT
COMMUNICATION SERVICES,0.05794906115
CONSUMER DISCRETIONARY,0.060674898322
ENERGY,0.080810150227
INDUSTRIALS,0.608984161274
TECHNOLOGY,0.164837669048
UTILITIES,0.02674405998
