SECTOR,WEIGHT
COMMUNICATION SERVICES,0.057392078632
CONSUMER DISCRETIONARY,0.060109259039
ENERGY,0.107516925403
INDUSTRIALS,0.475363475165
MATERIALS,0.030844616225
TECHNOLOGY,0.24263050044
UTILITIES,0.026143145096
