SECTOR,WEIGHT
COMMUNICATION SERVICES,0.058480558827
CONSUMER DISCRETIONARY,0.073085904988
ENERGY,0.084878273958
INDUSTRIALS,0.48253159694
MATERIALS,0.03187162752
TECHNOLOGY,0.243063685022
UTILITIES,0.026088352744
