SECTOR,WEIGHT
COMMUNICATION SERVICES,0.135049584715
CONSUMER DISCRETIONARY,0.066574882088
CONSUMER STAPLES,0.246871458503
ENERGY,0.02759549454
FINANCIALS,0.118520344413
HEALTH CARE,0.092168350553
INDUSTRIALS,0.080251385536
REAL ESTATE,0.038638702431
TECHNOLOGY,0.140466478087
UTILITIES,0.053863319135
