SECTOR,WEIGHT
COMMUNICATION SERVICES,0.143007572635
CONSUMER DISCRETIONARY,0.054759447742
CONSUMER STAPLES,0.199577192038
ENERGY,0.027174637941
FINANCIALS,0.114071903428
HEALTH CARE,0.130389522867
INDUSTRIALS,0.092226491085
REAL ESTATE,0.039681369673
TECHNOLOGY,0.148066024632
UTILITIES,0.051045837959
