SECTOR,WEIGHT
COMMUNICATION SERVICES,0.12859187846
CONSUMER DISCRETIONARY,0.054158289582
CONSUMER STAPLES,0.237229015716
ENERGY,0.029737773464
FINANCIALS,0.078011818576
HEALTH CARE,0.189591078067
INDUSTRIALS,0.082551722549
REAL ESTATE,0.039209263327
TECHNOLOGY,0.107884827485
UTILITIES,0.053034332773
