SECTOR,WEIGHT
COMMUNICATION SERVICES,0.136151585668
CONSUMER DISCRETIONARY,0.067409061332
CONSUMER STAPLES,0.244138026455
ENERGY,0.030559362665
FINANCIALS,0.121063401654
HEALTH CARE,0.091155731435
INDUSTRIALS,0.078664291164
REAL ESTATE,0.036480740483
TECHNOLOGY,0.140334448563
UTILITIES,0.054043350581
