SECTOR,WEIGHT
COMMUNICATION SERVICES,0.173205937184
CONSUMER DISCRETIONARY,0.050323014953
CONSUMER STAPLES,0.237000513899
FINANCIALS,0.064180251259
HEALTH CARE,0.189507448527
INDUSTRIALS,0.066224827223
REAL ESTATE,0.040263420723
TECHNOLOGY,0.12343088061
UTILITIES,0.055863705621
