SECTOR,WEIGHT
COMMUNICATION SERVICES,0.136388523982
CONSUMER DISCRETIONARY,0.066899650024
CONSUMER STAPLES,0.245184063537
ENERGY,0.03143069163
FINANCIALS,0.120488161972
HEALTH CARE,0.091441120727
INDUSTRIALS,0.078369651327
REAL ESTATE,0.036906970448
TECHNOLOGY,0.138218629978
UTILITIES,0.054672536376
