SECTOR,WEIGHT
COMMUNICATION SERVICES,0.143784497276
CONSUMER DISCRETIONARY,0.053795440116
CONSUMER STAPLES,0.194634096925
ENERGY,0.02755870367
FINANCIALS,0.113860695949
HEALTH CARE,0.131831626712
INDUSTRIALS,0.094143524718
REAL ESTATE,0.039053198649
TECHNOLOGY,0.150743380886
UTILITIES,0.0505948351
