SECTOR,WEIGHT
COMMUNICATION SERVICES,0.140709561034
CONSUMER DISCRETIONARY,0.068651032271
CONSUMER STAPLES,0.233914612147
FINANCIALS,0.09651232712
HEALTH CARE,0.12697935458
INDUSTRIALS,0.092503507717
REAL ESTATE,0.014030867909
TECHNOLOGY,0.176688715173
UTILITIES,0.050010022049
