SECTOR,WEIGHT
COMMUNICATION SERVICES,0.162645032541
CONSUMER DISCRETIONARY,0.066103751542
CONSUMER STAPLES,0.21660064782
ENERGY,0.026378122524
FINANCIALS,0.144025712251
HEALTH CARE,0.135688284078
INDUSTRIALS,0.048340837754
REAL ESTATE,0.040397517023
TECHNOLOGY,0.121424202008
UTILITIES,0.038395892458
