SECTOR,WEIGHT
COMMUNICATION SERVICES,0.026122149008
CONSUMER DISCRETIONARY,0.049475257853
CONSUMER STAPLES,0.187360004337
ENERGY,0.017022870183
FINANCIALS,0.140337525715
HEALTH CARE,0.151162685628
INDUSTRIALS,0.083431641956
MATERIALS,0.031708421476
REAL ESTATE,0.109420258571
TECHNOLOGY,0.016023887238
UTILITIES,0.187935298033
