SECTOR,WEIGHT
COMMUNICATION SERVICES,0.025074372715
CONSUMER DISCRETIONARY,0.06278058797
CONSUMER STAPLES,0.174910602494
ENERGY,0.016648469975
FINANCIALS,0.155966344468
HEALTH CARE,0.143079080483
INDUSTRIALS,0.082277758301
MATERIALS,0.02512044874
REAL ESTATE,0.125958832073
TECHNOLOGY,0.0123784244
UTILITIES,0.175805078379
