SECTOR,WEIGHT
COMMUNICATION SERVICES,0.02425141643
CONSUMER DISCRETIONARY,0.107132597593
CONSUMER STAPLES,0.127294737362
ENERGY,0.04059945147
FINANCIALS,0.219089271621
HEALTH CARE,0.123717502245
INDUSTRIALS,0.063141374872
MATERIALS,0.019007022428
REAL ESTATE,0.082506221607
TECHNOLOGY,0.076480661864
UTILITIES,0.116779742508
