SECTOR,WEIGHT
COMMUNICATION SERVICES,0.05595857933
CONSUMER DISCRETIONARY,0.078732734291
CONSUMER STAPLES,0.135447713718
ENERGY,0.024016454457
FINANCIALS,0.256626014753
HEALTH CARE,0.162528840884
INDUSTRIALS,0.046001148125
REAL ESTATE,0.082427573438
TECHNOLOGY,0.045632465694
UTILITIES,0.112628475308
