SECTOR,WEIGHT
COMMUNICATION SERVICES,0.056545661624
CONSUMER DISCRETIONARY,0.076408829144
CONSUMER STAPLES,0.134675925183
ENERGY,0.0247537657
FINANCIALS,0.258037705128
HEALTH CARE,0.161220303502
INDUSTRIALS,0.045459102648
REAL ESTATE,0.082988779095
TECHNOLOGY,0.045153314939
UTILITIES,0.114756613035
