SECTOR,WEIGHT
COMMUNICATION SERVICES,0.061660316824
CONSUMER DISCRETIONARY,0.078905153399
CONSUMER STAPLES,0.126930018047
ENERGY,0.026268297574
FINANCIALS,0.262883497092
HEALTH CARE,0.160918387808
INDUSTRIALS,0.048526168037
REAL ESTATE,0.078002807299
TECHNOLOGY,0.045819129737
UTILITIES,0.110086224183
