SECTOR,WEIGHT
COMMUNICATION SERVICES,0.024530030016
CONSUMER DISCRETIONARY,0.10722076624
CONSUMER STAPLES,0.12539686858
ENERGY,0.036575891953
FINANCIALS,0.202598198209
HEALTH CARE,0.145799767647
INDUSTRIALS,0.065743906285
MATERIALS,0.023406555649
REAL ESTATE,0.079631661624
TECHNOLOGY,0.072841443005
UTILITIES,0.116254910792
