SECTOR,WEIGHT
COMMUNICATION SERVICES,0.040179561854
CONSUMER DISCRETIONARY,0.085595481053
CONSUMER STAPLES,0.059138131958
ENERGY,0.05212039925
FINANCIALS,0.144588911839
HEALTH CARE,0.097101241492
INDUSTRIALS,0.173311766225
MATERIALS,0.06012617318
REAL ESTATE,0.055990302868
TECHNOLOGY,0.176583613975
UTILITIES,0.055264416307
