SECTOR,WEIGHT
COMMUNICATION SERVICES,0.04338141486
CONSUMER DISCRETIONARY,0.093574905764
CONSUMER STAPLES,0.060749813567
ENERGY,0.039934907151
FINANCIALS,0.157031269487
HEALTH CARE,0.109201802469
INDUSTRIALS,0.166336950684
MATERIALS,0.050968196686
REAL ESTATE,0.061712509132
TECHNOLOGY,0.162254385932
UTILITIES,0.054853844268
