SECTOR,WEIGHT
COMMUNICATION SERVICES,0.04136048221
CONSUMER DISCRETIONARY,0.088234557402
CONSUMER STAPLES,0.060953001683
ENERGY,0.050566909086
FINANCIALS,0.144362374463
HEALTH CARE,0.100920758958
INDUSTRIALS,0.175353057215
MATERIALS,0.062111821262
REAL ESTATE,0.055743750523
TECHNOLOGY,0.162131427551
UTILITIES,0.058261859648
