SECTOR,WEIGHT
COMMUNICATION SERVICES,0.042486490814
CONSUMER DISCRETIONARY,0.092983121125
CONSUMER STAPLES,0.06077262023
ENERGY,0.040501832049
FINANCIALS,0.15562714557
HEALTH CARE,0.108695864128
INDUSTRIALS,0.166846640709
MATERIALS,0.050127703257
REAL ESTATE,0.06074338539
TECHNOLOGY,0.166811146978
UTILITIES,0.05440404975
