SECTOR,WEIGHT
COMMUNICATION SERVICES,0.042513107938
CONSUMER DISCRETIONARY,0.090314778786
CONSUMER STAPLES,0.062774199512
ENERGY,0.049370394052
FINANCIALS,0.146292472722
HEALTH CARE,0.104797381385
INDUSTRIALS,0.1765940591
MATERIALS,0.058765579098
REAL ESTATE,0.056469750263
TECHNOLOGY,0.155198296929
UTILITIES,0.056909980214
