SECTOR,WEIGHT
COMMUNICATION SERVICES,0.042543876836
CONSUMER DISCRETIONARY,0.088207242479
CONSUMER STAPLES,0.05878200548
ENERGY,0.049237478297
FINANCIALS,0.14552669286
HEALTH CARE,0.099263806173
INDUSTRIALS,0.172876306444
MATERIALS,0.060992637297
REAL ESTATE,0.055784377304
TECHNOLOGY,0.170424422312
UTILITIES,0.056361154519
