SECTOR,WEIGHT
COMMUNICATION SERVICES,0.03834812314
CONSUMER DISCRETIONARY,0.090272292919
CONSUMER STAPLES,0.065415227767
ENERGY,0.046860942885
FINANCIALS,0.146160895205
HEALTH CARE,0.105048673141
INDUSTRIALS,0.176075309091
MATERIALS,0.059474809155
REAL ESTATE,0.061930048535
TECHNOLOGY,0.153549762985
UTILITIES,0.056863915176
