SECTOR,WEIGHT
COMMUNICATION SERVICES,0.04044269891
CONSUMER DISCRETIONARY,0.091957587397
CONSUMER STAPLES,0.062080193972
ENERGY,0.043251362919
FINANCIALS,0.149182175104
HEALTH CARE,0.10523377843
INDUSTRIALS,0.171537955991
MATERIALS,0.054086955974
REAL ESTATE,0.061104606027
TECHNOLOGY,0.159071876044
UTILITIES,0.054484247776
