SECTOR,WEIGHT
COMMUNICATION SERVICES,0.041576220481
CONSUMER DISCRETIONARY,0.088091282127
CONSUMER STAPLES,0.062213382869
ENERGY,0.056667411575
FINANCIALS,0.143463815023
HEALTH CARE,0.104854894246
INDUSTRIALS,0.171874354939
MATERIALS,0.061659693644
REAL ESTATE,0.054799793054
TECHNOLOGY,0.157005976873
UTILITIES,0.057793175169
