SECTOR,WEIGHT
COMMUNICATION SERVICES,0.076433867802
CONSUMER DISCRETIONARY,0.040606950681
FINANCIALS,0.006433285475
HEALTH CARE,0.005882221199
INDUSTRIALS,0.006112984816
TECHNOLOGY,0.864530690027
