SECTOR,WEIGHT
COMMUNICATION SERVICES,0.081563682676
CONSUMER DISCRETIONARY,0.043105335183
FINANCIALS,0.006411531825
HEALTH CARE,0.00555607009
INDUSTRIALS,0.006073869519
TECHNOLOGY,0.857289510708
