SECTOR,WEIGHT
COMMUNICATION SERVICES,0.070551805177
CONSUMER DISCRETIONARY,0.035128069669
FINANCIALS,0.006362435407
HEALTH CARE,0.005545193776
INDUSTRIALS,0.006063582176
TECHNOLOGY,0.876348913796
