SECTOR,WEIGHT
COMMUNICATION SERVICES,0.081127182681
CONSUMER DISCRETIONARY,0.038743342664
FINANCIALS,0.006430073209
HEALTH CARE,0.006025145691
INDUSTRIALS,0.006083656079
TECHNOLOGY,0.861590599676
