SECTOR,WEIGHT
COMMUNICATION SERVICES,0.085148722245
CONSUMER DISCRETIONARY,0.042940930038
FINANCIALS,0.005655634688
HEALTH CARE,0.005027230834
INDUSTRIALS,0.005446166736
TECHNOLOGY,0.855781315459
