SECTOR,WEIGHT
COMMUNICATION SERVICES,0.09359249199
CONSUMER DISCRETIONARY,0.036388042415
FINANCIALS,0.004803087069
HEALTH CARE,0.005092236813
INDUSTRIALS,0.004503542752
TECHNOLOGY,0.855620598961
