SECTOR,WEIGHT
COMMUNICATION SERVICES,0.082473821447
CONSUMER DISCRETIONARY,0.040597031208
FINANCIALS,0.005936019962
HEALTH CARE,0.005704818031
INDUSTRIALS,0.00544151454
TECHNOLOGY,0.859846794812
