SECTOR,WEIGHT
COMMUNICATION SERVICES,0.074500221147
CONSUMER DISCRETIONARY,0.039082467195
FINANCIALS,0.006606434883
HEALTH CARE,0.006190533065
INDUSTRIALS,0.006039213358
TECHNOLOGY,0.867581130351
