SECTOR,WEIGHT
COMMUNICATION SERVICES,0.077298095878
CONSUMER DISCRETIONARY,0.042106995192
FINANCIALS,0.005995698873
HEALTH CARE,0.005443515232
INDUSTRIALS,0.005756574899
TECHNOLOGY,0.863399119926
