SECTOR,WEIGHT
COMMUNICATION SERVICES,0.022532382976
CONSUMER DISCRETIONARY,0.105754565937
CONSUMER STAPLES,0.020914924839
ENERGY,0.030670937594
FINANCIALS,0.148271423236
HEALTH CARE,0.16594600147
INDUSTRIALS,0.199630154025
MATERIALS,0.030011294377
REAL ESTATE,0.067314437454
TECHNOLOGY,0.190050241998
UTILITIES,0.018903636095
