SECTOR,WEIGHT
COMMUNICATION SERVICES,0.029293336018
CONSUMER DISCRETIONARY,0.102677672639
CONSUMER STAPLES,0.023857459231
ENERGY,0.04157439098
FINANCIALS,0.145258707469
HEALTH CARE,0.148781960942
INDUSTRIALS,0.219247030401
MATERIALS,0.028387356553
REAL ESTATE,0.059995973425
TECHNOLOGY,0.182101872358
UTILITIES,0.018824239984
