SECTOR,WEIGHT
COMMUNICATION SERVICES,0.022566573145
CONSUMER DISCRETIONARY,0.099941128091
CONSUMER STAPLES,0.021927481456
ENERGY,0.033138766377
FINANCIALS,0.146794588282
HEALTH CARE,0.16263379927
INDUSTRIALS,0.203935782323
MATERIALS,0.030008871469
REAL ESTATE,0.066366433825
TECHNOLOGY,0.181636162904
UTILITIES,0.019379151067
