SECTOR,WEIGHT
COMMUNICATION SERVICES,0.029287015298
CONSUMER DISCRETIONARY,0.111310191284
CONSUMER STAPLES,0.024353750624
ENERGY,0.041761439022
FINANCIALS,0.148627601608
HEALTH CARE,0.150133533147
INDUSTRIALS,0.221035655157
MATERIALS,0.027787283
REAL ESTATE,0.061616436272
TECHNOLOGY,0.16298353003
UTILITIES,0.021103564558
