SECTOR,WEIGHT
COMMUNICATION SERVICES,0.022087386516
CONSUMER DISCRETIONARY,0.101526900851
CONSUMER STAPLES,0.021432683662
ENERGY,0.02921798424
FINANCIALS,0.147293258354
HEALTH CARE,0.172955276552
INDUSTRIALS,0.196529655247
MATERIALS,0.028971903167
REAL ESTATE,0.068722050139
TECHNOLOGY,0.192122784799
UTILITIES,0.019140116472
