SECTOR,WEIGHT
COMMUNICATION SERVICES,0.021277338406
CONSUMER DISCRETIONARY,0.101375304674
CONSUMER STAPLES,0.023052895444
ENERGY,0.038283083908
FINANCIALS,0.144161356078
HEALTH CARE,0.148434973196
INDUSTRIALS,0.218615494321
MATERIALS,0.039553282583
REAL ESTATE,0.071612133161
TECHNOLOGY,0.173894617579
UTILITIES,0.019739520649
