SECTOR,WEIGHT
COMMUNICATION SERVICES,0.022353472008
CONSUMER DISCRETIONARY,0.105706556788
CONSUMER STAPLES,0.020895804572
ENERGY,0.030394923696
FINANCIALS,0.14526838251
HEALTH CARE,0.160318423463
INDUSTRIALS,0.202759686752
MATERIALS,0.030182171935
REAL ESTATE,0.066072298689
TECHNOLOGY,0.196820980903
UTILITIES,0.019227298683
