SECTOR,WEIGHT
COMMUNICATION SERVICES,0.020992427035
CONSUMER DISCRETIONARY,0.105959005059
CONSUMER STAPLES,0.022823877736
ENERGY,0.035796187422
FINANCIALS,0.146408037164
HEALTH CARE,0.145620438984
INDUSTRIALS,0.221845470112
MATERIALS,0.039571578507
REAL ESTATE,0.069659611255
TECHNOLOGY,0.170866002446
UTILITIES,0.020457364281
