SECTOR,WEIGHT
COMMUNICATION SERVICES,0.02900962004
CONSUMER DISCRETIONARY,0.105595422282
CONSUMER STAPLES,0.024572052723
ENERGY,0.041933469442
FINANCIALS,0.145442962238
HEALTH CARE,0.152099293047
INDUSTRIALS,0.222340733826
MATERIALS,0.033238407871
REAL ESTATE,0.059324933628
TECHNOLOGY,0.16505850368
UTILITIES,0.021384601223
