SECTOR,WEIGHT
COMMUNICATION SERVICES,0.031981994076
CONSUMER DISCRETIONARY,0.168437417886
CONSUMER STAPLES,0.026845618322
ENERGY,0.073105649627
FINANCIALS,0.217359789403
HEALTH CARE,0.067608083491
INDUSTRIALS,0.152942280314
MATERIALS,0.083928964826
REAL ESTATE,0.066816953511
TECHNOLOGY,0.090688565103
UTILITIES,0.020284683441
