SECTOR,WEIGHT
COMMUNICATION SERVICES,0.040735068913
CONSUMER DISCRETIONARY,0.152322613578
CONSUMER STAPLES,0.032669729454
ENERGY,0.075855028076
FINANCIALS,0.218683001531
HEALTH CARE,0.074629913221
INDUSTRIALS,0.144359367024
MATERIALS,0.069423175089
REAL ESTATE,0.067381316998
TECHNOLOGY,0.104032669729
UTILITIES,0.019908116386
