SECTOR,WEIGHT
COMMUNICATION SERVICES,0.039261676525
CONSUMER DISCRETIONARY,0.147154803182
CONSUMER STAPLES,0.031205384458
ENERGY,0.073628390781
FINANCIALS,0.216398123598
HEALTH CARE,0.07872730981
INDUSTRIALS,0.145319192331
MATERIALS,0.068529471752
REAL ESTATE,0.068631450133
TECHNOLOGY,0.112074240261
UTILITIES,0.019069957169
