SECTOR,WEIGHT
COMMUNICATION SERVICES,0.028075251055
CONSUMER DISCRETIONARY,0.155885384233
CONSUMER STAPLES,0.027824747243
ENERGY,0.040379488298
FINANCIALS,0.228233709421
HEALTH CARE,0.077398869611
INDUSTRIALS,0.1560330155
MATERIALS,0.076615652399
REAL ESTATE,0.067081027287
TECHNOLOGY,0.115205587468
UTILITIES,0.027267267485
