SECTOR,WEIGHT
COMMUNICATION SERVICES,0.028024440432
CONSUMER DISCRETIONARY,0.155321886049
CONSUMER STAPLES,0.027556896389
ENERGY,0.042296602419
FINANCIALS,0.223172418087
HEALTH CARE,0.076780131259
INDUSTRIALS,0.156473224197
MATERIALS,0.076495051035
REAL ESTATE,0.066093224855
TECHNOLOGY,0.121311555769
UTILITIES,0.026474569509
