SECTOR,WEIGHT
COMMUNICATION SERVICES,0.041241991238
CONSUMER DISCRETIONARY,0.152958601076
CONSUMER STAPLES,0.032356464629
ENERGY,0.07507806553
FINANCIALS,0.217843015448
HEALTH CARE,0.075553361649
INDUSTRIALS,0.143933441989
MATERIALS,0.070716614844
REAL ESTATE,0.068721435966
TECHNOLOGY,0.101371083835
UTILITIES,0.020225923795
