SECTOR,WEIGHT
COMMUNICATION SERVICES,0.034119935237
CONSUMER DISCRETIONARY,0.170572508825
CONSUMER STAPLES,0.027767550352
ENERGY,0.062609905583
FINANCIALS,0.217571438616
HEALTH CARE,0.073495458396
INDUSTRIALS,0.154881321739
MATERIALS,0.074767730269
REAL ESTATE,0.073605906462
TECHNOLOGY,0.090277008872
UTILITIES,0.02033123565
