SECTOR,WEIGHT
COMMUNICATION SERVICES,0.035255748252
CONSUMER DISCRETIONARY,0.164817294719
CONSUMER STAPLES,0.0279664528
ENERGY,0.061057356847
FINANCIALS,0.224649521921
HEALTH CARE,0.076337718688
INDUSTRIALS,0.151212667375
MATERIALS,0.071814626531
REAL ESTATE,0.077973290469
TECHNOLOGY,0.08849140346
UTILITIES,0.020423918937
