SECTOR,WEIGHT
COMMUNICATION SERVICES,0.038996047571
CONSUMER DISCRETIONARY,0.153335946873
CONSUMER STAPLES,0.032641266313
ENERGY,0.081006509796
FINANCIALS,0.218474964638
HEALTH CARE,0.073841398614
INDUSTRIALS,0.147388863433
MATERIALS,0.076096273225
REAL ESTATE,0.063548803249
TECHNOLOGY,0.093561588552
UTILITIES,0.021108337736
