SECTOR,WEIGHT
COMMUNICATION SERVICES,0.034088599293
CONSUMER DISCRETIONARY,0.162676061518
CONSUMER STAPLES,0.027182923764
ENERGY,0.08264407448
FINANCIALS,0.214419901638
HEALTH CARE,0.06738318244
INDUSTRIALS,0.144068105521
MATERIALS,0.08270692477
REAL ESTATE,0.068874936915
TECHNOLOGY,0.09427326799
UTILITIES,0.021682021671
