SECTOR,WEIGHT
CONSUMER DISCRETIONARY,0.076071597742
CONSUMER STAPLES,0.040981237506
ENERGY,0.048438666635
FINANCIALS,0.163444246409
HEALTH CARE,0.165004776929
INDUSTRIALS,0.177527156242
MATERIALS,0.071265565163
REAL ESTATE,0.066660243904
TECHNOLOGYQ,0.19060650947
