SECTOR,WEIGHT
CONSUMER DISCRETIONARY,0.083892345907
CONSUMER STAPLES,0.055710737241
ENERGY,0.065207036952
FINANCIALS,0.164502829633
HEALTH CARE,0.149908581086
INDUSTRIALS,0.21273821413
MATERIALS,0.075632378172
REAL ESTATE,0.055128933958
TECHNOLOGY,0.137278942921
