SECTOR,WEIGHT
CONSUMER DISCRETIONARY,0.076820516131
CONSUMER STAPLES,0.053623080244
ENERGY,0.065313071086
FINANCIALS,0.133509558945
HEALTH CARE,0.176188968183
INDUSTRIALS,0.224167248258
MATERIALS,0.079988341274
REAL ESTATE,0.056351181808
TECHNOLOGY,0.134038034073
