SECTOR,WEIGHT
CONSUMER DISCRETIONARY,0.084136051941
CONSUMER STAPLES,0.051613033922
ENERGY,0.053270128739
FINANCIALS,0.161432029739
HEALTH CARE,0.147142119177
INDUSTRIALS,0.212344140914
MATERIALS,0.082452621876
REAL ESTATE,0.05706037862
TECHNOLOGY,0.150549495072
