SECTOR,WEIGHT
CONSUMER DISCRETIONARY,0.085912698213
CONSUMER STAPLES,0.050119187287
ENERGY,0.05108458918
FINANCIALS,0.164337226886
HEALTH CARE,0.148355134738
INDUSTRIALS,0.210303269353
MATERIALS,0.082607936875
REAL ESTATE,0.055301287102
TECHNOLOGY,0.151978670368
