SECTOR,WEIGHT
CONSUMER DISCRETIONARY,0.078273149082
CONSUMER STAPLES,0.052350211822
ENERGY,0.059310066573
FINANCIALS,0.132640710107
HEALTH CARE,0.17934234416
INDUSTRIALS,0.222917086948
MATERIALS,0.079080088763
REAL ESTATE,0.056788380069
TECHNOLOGY,0.139297962477
