SECTOR,WEIGHT
CONSUMER DISCRETIONARY,0.08435319655
CONSUMER STAPLES,0.054454395801
ENERGY,0.062323741309
FINANCIALS,0.163792405805
HEALTH CARE,0.151767119822
INDUSTRIALS,0.209611214176
MATERIALS,0.077978432544
REAL ESTATE,0.058217995827
TECHNOLOGY,0.137501498167
