SECTOR,WEIGHT
CONSUMER DISCRETIONARY,0.084376642578
CONSUMER STAPLES,0.056938608436
ENERGY,0.067468526539
FINANCIALS,0.166610825416
HEALTH CARE,0.151614631842
INDUSTRIALS,0.206825747632
MATERIALS,0.07611828509
REAL ESTATE,0.055924244427
TECHNOLOGY,0.13412248804
