SECTOR,WEIGHT
CONSUMER DISCRETIONARY,0.075735612549
CONSUMER STAPLES,0.042707230616
ENERGY,0.045997337439
FINANCIALS,0.162072346261
HEALTH CARE,0.153263641613
INDUSTRIALS,0.191201119559
MATERIALS,0.075410812241
REAL ESTATE,0.065832210567
TECHNOLOGY,0.187779689154
