SECTOR,WEIGHT
CONSUMER DISCRETIONARY,0.075665091209
CONSUMER STAPLES,0.040419819086
ENERGY,0.04508804049
FINANCIALS,0.167189702642
HEALTH CARE,0.159816399333
INDUSTRIALS,0.183289852835
MATERIALS,0.072548933107
REAL ESTATE,0.065238795166
TECHNOLOGY,0.190743366133
