SECTOR,WEIGHT
COMMUNICATION SERVICES,0.009474367819
CONSUMER DISCRETIONARY,0.030114449068
CONSUMER STAPLES,0.021124623443
ENERGY,0.185240784088
FINANCIALS,0.511233488643
HEALTH CARE,0.031040035931
INDUSTRIALS,0.162189119145
MATERIALS,0.006884747745
TECHNOLOGY,0.042698384118
