SECTOR,WEIGHT
COMMUNICATION SERVICES,0.016073594824
CONSUMER DISCRETIONARY,0.021835826931
CONSUMER STAPLES,0.011322280631
ENERGY,0.17195713708
FINANCIALS,0.517185604529
HEALTH CARE,0.04357056207
INDUSTRIALS,0.150020218358
MATERIALS,0.007278608977
REAL ESTATE,0.005054589567
TECHNOLOGY,0.055701577032
