SECTOR,WEIGHT
COMMUNICATION SERVICES,0.005901626102
CONSUMER DISCRETIONARY,0.076130471878
CONSUMER STAPLES,0.016387235525
ENERGY,0.157451749537
FINANCIALS,0.528781660028
HEALTH CARE,0.003676273848
INDUSTRIALS,0.13625436059
MATERIALS,0.005446256834
TECHNOLOGY,0.069970365658
