SECTOR,WEIGHT
COMMUNICATION SERVICES,0.012750072215
CONSUMER DISCRETIONARY,0.028444094637
CONSUMER STAPLES,0.01751977479
ENERGY,0.158966265853
FINANCIALS,0.524290860268
HEALTH CARE,0.041618900865
INDUSTRIALS,0.16611025169
MATERIALS,0.008893245823
TECHNOLOGY,0.041406533858
