SECTOR,WEIGHT
COMMUNICATION SERVICES,0.01136448297
CONSUMER DISCRETIONARY,0.026178179146
CONSUMER STAPLES,0.019141824479
ENERGY,0.159541715747
FINANCIALS,0.526480211826
HEALTH CARE,0.039820995298
INDUSTRIALS,0.170468251331
MATERIALS,0.00787298519
TECHNOLOGY,0.039131354013
