SECTOR,WEIGHT
COMMUNICATION SERVICES,0.005462385427
CONSUMER DISCRETIONARY,0.077677280291
CONSUMER STAPLES,0.016209550546
ENERGY,0.160358803946
FINANCIALS,0.525391060579
HEALTH CARE,0.00375797586
INDUSTRIALS,0.139230785532
MATERIALS,0.005588525862
TECHNOLOGY,0.066323631957
