SECTOR,WEIGHT
COMMUNICATION SERVICES,0.006336500239
CONSUMER DISCRETIONARY,0.073744274505
CONSUMER STAPLES,0.016366770594
ENERGY,0.152150647721
FINANCIALS,0.537099593605
HEALTH CARE,0.003885418484
INDUSTRIALS,0.133564790765
MATERIALS,0.00657555636
TECHNOLOGY,0.070276447727
