SECTOR,WEIGHT
COMMUNICATION SERVICES,0.036847543816
CONSUMER DISCRETIONARY,0.133169128234
CONSUMER STAPLES,0.038193784153
ENERGY,0.055893121799
FINANCIALS,0.140814928175
HEALTH CARE,0.088206914524
INDUSTRIALS,0.196740247052
MATERIALS,0.058231434611
REAL ESTATE,0.033216317077
TECHNOLOGY,0.175165186104
UTILITIES,0.043521394455
