SECTOR,WEIGHT
COMMUNICATION SERVICES,0.037189994222
CONSUMER DISCRETIONARY,0.092761004001
CONSUMER STAPLES,0.061005122311
ENERGY,0.066151888183
FINANCIALS,0.129384456584
HEALTH CARE,0.091974367048
INDUSTRIALS,0.226199901568
MATERIALS,0.060791140756
REAL ESTATE,0.035124562739
TECHNOLOGY,0.146827010178
UTILITIES,0.052590552409
