SECTOR,WEIGHT
COMMUNICATION SERVICES,0.038732678297
CONSUMER DISCRETIONARY,0.086581299617
CONSUMER STAPLES,0.060454103787
ENERGY,0.059753575216
FINANCIALS,0.130705528027
HEALTH CARE,0.088274663645
INDUSTRIALS,0.225481499998
MATERIALS,0.060485350385
REAL ESTATE,0.034882291041
TECHNOLOGY,0.163643474299
UTILITIES,0.051005535688
