SECTOR,WEIGHT
COMMUNICATION SERVICES,0.035428488653
CONSUMER DISCRETIONARY,0.132113185264
CONSUMER STAPLES,0.040488407956
ENERGY,0.055882432825
FINANCIALS,0.139434476057
HEALTH CARE,0.084064070851
INDUSTRIALS,0.19859730587
MATERIALS,0.059519941414
REAL ESTATE,0.032718464279
TECHNOLOGY,0.177466358578
UTILITIES,0.044286868252
