SECTOR,WEIGHT
COMMUNICATION SERVICES,0.037713906817
CONSUMER DISCRETIONARY,0.130437995763
CONSUMER STAPLES,0.041390558539
ENERGY,0.057977574683
FINANCIALS,0.145000903253
HEALTH CARE,0.087261459001
INDUSTRIALS,0.187025791989
MATERIALS,0.060613432199
REAL ESTATE,0.036316943391
TECHNOLOGY,0.170009730502
UTILITIES,0.046251703864
