SECTOR,WEIGHT
COMMUNICATION SERVICES,0.037104426032
CONSUMER DISCRETIONARY,0.126819757278
CONSUMER STAPLES,0.039898807961
ENERGY,0.057706123828
FINANCIALS,0.141863219787
HEALTH CARE,0.086338871216
INDUSTRIALS,0.195232251197
MATERIALS,0.058712549075
REAL ESTATE,0.037521649845
TECHNOLOGY,0.173150935294
UTILITIES,0.045651408487
