SECTOR,WEIGHT
COMMUNICATION SERVICES,0.036326531452
CONSUMER DISCRETIONARY,0.125176150145
CONSUMER STAPLES,0.040022341496
ENERGY,0.058087888893
FINANCIALS,0.1422676001
HEALTH CARE,0.098382813095
INDUSTRIALS,0.190012775386
MATERIALS,0.058286411392
REAL ESTATE,0.03326640485
TECHNOLOGY,0.168616575909
UTILITIES,0.049554507284
