SECTOR,WEIGHT
COMMUNICATION SERVICES,0.00910798551
CONSUMER DISCRETIONARY,0.028540699458
CONSUMER STAPLES,0.05853627273
FINANCIALS,0.329216427021
HEALTH CARE,0.018793519108
INDUSTRIALS,0.222206009918
MATERIALS,0.069361399023
REAL ESTATE,0.075032008347
TECHNOLOGY,0.019196554552
UTILITIES,0.170009124332
