SECTOR,WEIGHT
COMMUNICATION SERVICES,0.013487718598
CONSUMER DISCRETIONARY,0.02581099162
CONSUMER STAPLES,0.056503566025
FINANCIALS,0.333073789749
HEALTH CARE,0.017933328135
INDUSTRIALS,0.216468030784
MATERIALS,0.064441940798
REAL ESTATE,0.074974141642
TECHNOLOGY,0.017473409888
UTILITIES,0.17983308276
