SECTOR,WEIGHT
COMMUNICATION SERVICES,0.008941189668
CONSUMER DISCRETIONARY,0.027490627626
CONSUMER STAPLES,0.05991508524
FINANCIALS,0.321385038055
HEALTH CARE,0.018211902289
INDUSTRIALS,0.228462570099
MATERIALS,0.072263682464
REAL ESTATE,0.075094174455
TECHNOLOGY,0.019337688912
UTILITIES,0.168898041191
