SECTOR,WEIGHT
COMMUNICATION SERVICES,0.010140338266
CONSUMER DISCRETIONARY,0.029265417832
CONSUMER STAPLES,0.058261765302
FINANCIALS,0.327066068822
HEALTH CARE,0.019802775441
INDUSTRIALS,0.213698091006
MATERIALS,0.069744443396
REAL ESTATE,0.074473254607
TECHNOLOGY,0.02074251372
UTILITIES,0.176805331609
