SECTOR,WEIGHT
COMMUNICATION SERVICES,0.010320641283
CONSUMER DISCRETIONARY,0.030260521042
CONSUMER STAPLES,0.055210420842
FINANCIALS,0.329158316633
HEALTH CARE,0.018436873747
INDUSTRIALS,0.219438877756
MATERIALS,0.071142284569
REAL ESTATE,0.073146292585
TECHNOLOGY,0.02254509018
UTILITIES,0.170340681363
