SECTOR,WEIGHT
COMMUNICATION SERVICES,0.018815467034
CONSUMER DISCRETIONARY,0.145478027552
CONSUMER STAPLES,0.046572427513
ENERGY,0.035904531024
FINANCIALS,0.160517051138
HEALTH CARE,0.092921342974
INDUSTRIALS,0.214494706001
MATERIALS,0.05377942698
REAL ESTATE,0.071854573552
TECHNOLOGY,0.138648267883
UTILITIES,0.02101417835
