SECTOR,WEIGHT
COMMUNICATION SERVICES,0.017856475736
CONSUMER DISCRETIONARY,0.123587813776
CONSUMER STAPLES,0.047152808419
ENERGY,0.0344074144
FINANCIALS,0.165433659432
HEALTH CARE,0.120112439759
INDUSTRIALS,0.211629275937
MATERIALS,0.051852943819
REAL ESTATE,0.064302496878
TECHNOLOGY,0.141688635971
UTILITIES,0.021976035872
