SECTOR,WEIGHT
COMMUNICATION SERVICES,0.015178458277
CONSUMER DISCRETIONARY,0.121904413229
CONSUMER STAPLES,0.047816518781
ENERGY,0.039442266339
FINANCIALS,0.170359612085
HEALTH CARE,0.105394281852
INDUSTRIALS,0.207163677107
MATERIALS,0.049933718084
REAL ESTATE,0.07240419296
TECHNOLOGY,0.14546114713
UTILITIES,0.024941714157
