SECTOR,WEIGHT
COMMUNICATION SERVICES,0.01815055157
CONSUMER DISCRETIONARY,0.142634476388
CONSUMER STAPLES,0.046896807101
ENERGY,0.034415409957
FINANCIALS,0.159728476281
HEALTH CARE,0.100556551174
INDUSTRIALS,0.213350989486
MATERIALS,0.053303535222
REAL ESTATE,0.072622331075
TECHNOLOGYQ,0.136733886832
UTILITIES,0.021606984913
