SECTOR,WEIGHT
COMMUNICATION SERVICES,0.01762069668
CONSUMER DISCRETIONARY,0.122224485639
CONSUMER STAPLES,0.043084131188
ENERGY,0.053371358729
FINANCIALS,0.168160521491
HEALTH CARE,0.118863312284
INDUSTRIALS,0.236708087187
MATERIALS,0.043389692402
REAL ESTATE,0.060297412915
TECHNOLOGY,0.115196577714
UTILITIES,0.021083723773
