SECTOR,WEIGHT
COMMUNICATION SERVICES,0.017821184052
CONSUMER DISCRETIONARY,0.129077728554
CONSUMER STAPLES,0.041180024164
ENERGY,0.047422472815
FINANCIALS,0.166331051148
HEALTH CARE,0.119412001611
INDUSTRIALS,0.23238018526
MATERIALS,0.044099879178
REAL ESTATE,0.060612162706
TECHNOLOGY,0.121224325413
UTILITIES,0.020438985099
