SECTOR,WEIGHT
COMMUNICATION SERVICES,0.018385178104
CONSUMER DISCRETIONARY,0.134827664797
CONSUMER STAPLES,0.045383586759
ENERGY,0.034833110464
FINANCIALS,0.163324640435
HEALTH CARE,0.108231630453
INDUSTRIALS,0.201883999217
MATERIALS,0.051533157055
REAL ESTATE,0.077385958649
TECHNOLOGY,0.139890118534
UTILITIES,0.024320955533
