SECTOR,WEIGHT
CONSUMER DISCRETIONARY,0.093527487974
CONSUMER STAPLES,0.040809369793
ENERGY,0.095165717884
FINANCIALS,0.214727426214
HEALTH CARE,0.06413860588
INDUSTRIALS,0.199500109282
MATERIALS,0.079898297404
REAL ESTATE,0.06290441921
TECHNOLOGY,0.044863838431
UTILITIES,0.104464727928
