SECTOR,WEIGHT
CONSUMER DISCRETIONARY,0.085724929549
CONSUMER STAPLES,0.028644075604
ENERGY,0.129396554659
FINANCIALS,0.216376283591
HEALTH CARE,0.033559123784
INDUSTRIALS,0.194662145517
MATERIALS,0.069608819047
REAL ESTATE,0.09681483247
TECHNOLOGY,0.032813053919
UTILITIES,0.112400181861
