SECTOR,WEIGHT
CONSUMER DISCRETIONARY,0.098623977464
CONSUMER STAPLES,0.042079242686
ENERGY,0.097024837829
FINANCIALS,0.216207892165
HEALTH CARE,0.066257953061
INDUSTRIALS,0.198595285247
MATERIALS,0.077161998664
REAL ESTATE,0.060236600434
TECHNOLOGY,0.045448070097
UTILITIES,0.098364142354
