SECTOR,WEIGHT
CONSUMER DISCRETIONARY,0.04346419327
CONSUMER STAPLES,0.022217428818
ENERGY,0.10569456428
FINANCIALS,0.238028472821
HEALTH CARE,0.034728213978
INDUSTRIALS,0.193593615186
MATERIALS,0.073446937015
REAL ESTATE,0.113028472821
TECHNOLOGY,0.058024158758
UTILITIES,0.117773943054
