SECTOR,WEIGHT
CONSUMER DISCRETIONARY,0.098016112759
CONSUMER STAPLES,0.040846976879
ENERGY,0.094934229444
FINANCIALS,0.21943991079
HEALTH CARE,0.067612071444
INDUSTRIALS,0.201522706847
MATERIALS,0.076595220276
REAL ESTATE,0.057979683215
TECHNOLOGY,0.045835499969
UTILITIES,0.097217588376
