SECTOR,WEIGHT
CONSUMER DISCRETIONARY,0.092463325435
CONSUMER STAPLES,0.040514752556
ENERGY,0.097900456972
FINANCIALS,0.215215945978
HEALTH CARE,0.064939727261
INDUSTRIALS,0.203986694972
MATERIALS,0.079660695716
REAL ESTATE,0.059934798544
TECHNOLOGY,0.046569603206
UTILITIES,0.09881399936
