SECTOR,WEIGHT
CONSUMER DISCRETIONARY,0.096481855593
CONSUMER STAPLES,0.036392567652
ENERGY,0.11040977678
FINANCIALS,0.209696969697
HEALTH CARE,0.052080309265
INDUSTRIALS,0.199563037785
MATERIALS,0.0801596209
REAL ESTATE,0.078494575383
TECHNOLOGY,0.039105125327
UTILITIES,0.097616161616
