SECTOR,WEIGHT
COMMUNICATION SERVICES,0.017640531599
CONSUMER DISCRETIONARY,0.059972080323
CONSUMER STAPLES,0.03688976841
ENERGY,0.029045668615
FINANCIALS,0.233220325116
HEALTH CARE,0.085216377499
INDUSTRIALS,0.234190866277
MATERIALS,0.036438758239
REAL ESTATE,0.024632723293
TECHNOLOGY,0.216928733234
UTILITIES,0.025824167395
