SECTOR,WEIGHT
COMMUNICATION SERVICES,0.01064828962
CONSUMER DISCRETIONARY,0.072690238915
CONSUMER STAPLES,0.031320422661
ENERGY,0.030480333011
FINANCIALS,0.205700345541
HEALTH CARE,0.132426540701
INDUSTRIALS,0.203497920727
MATERIALS,0.050269452112
REAL ESTATE,0.042849682207
TECHNOLOGY,0.177140363446
UTILITIES,0.042976411059
