SECTOR,WEIGHT
COMMUNICATION SERVICES,0.011968863727
CONSUMER DISCRETIONARY,0.079722353535
CONSUMER STAPLES,0.032402683765
ENERGY,0.022366762818
FINANCIALS,0.219111625651
HEALTH CARE,0.129082636636
INDUSTRIALS,0.196684362237
MATERIALS,0.050740517044
REAL ESTATE,0.041800784867
TECHNOLOGY,0.17453191509
UTILITIES,0.041587494629
