SECTOR,WEIGHT
COMMUNICATION SERVICES,0.008518193873
CONSUMER DISCRETIONARY,0.072940993782
CONSUMER STAPLES,0.030695328989
ENERGY,0.016730926009
FINANCIALS,0.21099539662
HEALTH CARE,0.114091491409
INDUSTRIALS,0.227782511243
MATERIALS,0.057328731997
REAL ESTATE,0.042583818088
TECHNOLOGY,0.180862975381
UTILITIES,0.037469632608
