SECTOR,WEIGHT
COMMUNICATION SERVICES,0.010836139542
CONSUMER DISCRETIONARY,0.072056291103
CONSUMER STAPLES,0.029830809874
ENERGY,0.032208976121
FINANCIALS,0.207306192737
HEALTH CARE,0.125845567382
INDUSTRIALS,0.204499813487
MATERIALS,0.04896140462
REAL ESTATE,0.042020061626
TECHNOLOGY,0.184398330071
UTILITIES,0.042036413435
