SECTOR,WEIGHT
COMMUNICATION SERVICES,0.012213951914
CONSUMER DISCRETIONARY,0.081413350706
CONSUMER STAPLES,0.033685063686
ENERGY,0.022311366003
FINANCIALS,0.220378473487
HEALTH CARE,0.128611220831
INDUSTRIALS,0.193445196239
MATERIALS,0.050324970119
REAL ESTATE,0.043006858485
TECHNOLOGY,0.172110536008
UTILITIES,0.042499012522
