SECTOR,WEIGHT
COMMUNICATION SERVICES,0.010661904874
CONSUMER DISCRETIONARY,0.075086140546
CONSUMER STAPLES,0.028823224575
ENERGY,0.016611760906
FINANCIALS,0.216842150452
HEALTH CARE,0.117523199941
INDUSTRIALS,0.216530398848
MATERIALS,0.05508804172
REAL ESTATE,0.041906570599
TECHNOLOGY,0.179596521874
UTILITIES,0.035559103505
