SECTOR,WEIGHT
COMMUNICATION SERVICES,0.014250309789
CONSUMER DISCRETIONARY,0.060244491317
CONSUMER STAPLES,0.040794256578
ENERGY,0.005460745927
FINANCIALS,0.227990523848
HEALTH CARE,0.107249998454
INDUSTRIALS,0.243422259885
MATERIALS,0.049098260437
REAL ESTATE,0.035285057741
TECHNOLOGY,0.187492139289
UTILITIES,0.028711956735
