SECTOR,WEIGHT
COMMUNICATION SERVICES,0.032154166621
CONSUMER DISCRETIONARY,0.117535787314
CONSUMER STAPLES,0.035361043431
ENERGY,0.044657865686
FINANCIALS,0.152693616244
HEALTH CARE,0.130645389323
INDUSTRIALS,0.202258420898
MATERIALS,0.050769586294
REAL ESTATE,0.049372874338
TECHNOLOGY,0.159326086915
UTILITIES,0.025225162935
