SECTOR,WEIGHT
COMMUNICATION SERVICES,0.030696151614
CONSUMER DISCRETIONARY,0.129834341395
CONSUMER STAPLES,0.033459479017
ENERGY,0.040164191082
FINANCIALS,0.159301673623
HEALTH CARE,0.14164638946
INDUSTRIALS,0.188548254011
MATERIALS,0.040308102983
REAL ESTATE,0.056494229575
TECHNOLOGYQ,0.152883486052
UTILITIES,0.026663701188
