SECTOR,WEIGHT
COMMUNICATION SERVICES,0.033373042636
CONSUMER DISCRETIONARY,0.116036824805
CONSUMER STAPLES,0.035731355873
ENERGY,0.048329804894
FINANCIALS,0.161132065264
HEALTH CARE,0.128706677458
INDUSTRIALS,0.198277128547
MATERIALS,0.05294648718
REAL ESTATE,0.050533988003
TECHNOLOGY,0.149799978373
UTILITIES,0.025132646968
