SECTOR,WEIGHT
COMMUNICATION SERVICES,0.029554660365
CONSUMER DISCRETIONARY,0.121891987686
CONSUMER STAPLES,0.035579021087
ENERGY,0.040580704093
FINANCIALS,0.15611170831
HEALTH CARE,0.128340334045
INDUSTRIALS,0.20641818
MATERIALS,0.053405845568
REAL ESTATE,0.047347767471
TECHNOLOGY,0.155354783106
UTILITIES,0.025415008269
