SECTOR,WEIGHT
COMMUNICATION SERVICES,0.032939156589
CONSUMER DISCRETIONARY,0.119009631902
CONSUMER STAPLES,0.032597857615
ENERGY,0.036767279323
FINANCIALS,0.159698285629
HEALTH CARE,0.134329516582
INDUSTRIALS,0.200043224757
MATERIALS,0.051933564834
REAL ESTATE,0.047514971707
TECHNOLOGY,0.161349284548
UTILITIES,0.023817226515
