SECTOR,WEIGHT
COMMUNICATION SERVICES,0.032720369945
CONSUMER DISCRETIONARY,0.118057712611
CONSUMER STAPLES,0.033288560153
ENERGY,0.038407292682
FINANCIALS,0.158874201117
HEALTH CARE,0.132996016978
INDUSTRIALS,0.20196693032
MATERIALS,0.05159543888
REAL ESTATE,0.047790700441
TECHNOLOGY,0.159948366566
UTILITIES,0.024354410308
