SECTOR,WEIGHT
COMMUNICATION SERVICES,0.032414944847
CONSUMER DISCRETIONARY,0.131326613579
CONSUMER STAPLES,0.033465073102
ENERGY,0.038198024775
FINANCIALS,0.164784964412
HEALTH CARE,0.136111472095
INDUSTRIALS,0.185970615878
MATERIALS,0.042538083521
REAL ESTATE,0.053828124213
TECHNOLOGY,0.155476918077
UTILITIES,0.025885165503
