SECTOR,WEIGHT
COMMUNICATION SERVICES,0.031795391017
CONSUMER DISCRETIONARY,0.113173406903
CONSUMER STAPLES,0.03587241593
ENERGY,0.047057433136
FINANCIALS,0.148677248251
HEALTH CARE,0.131076397232
INDUSTRIALS,0.200856267074
MATERIALS,0.049115122859
REAL ESTATE,0.04843753188
TECHNOLOGY,0.168221836357
UTILITIES,0.025716949361
