SECTOR,WEIGHT
CONSUMER DISCRETIONARY,0.078621046781
CONSUMER STAPLES,0.026175164828
ENERGY,0.049518693831
FINANCIALS,0.258139154968
HEALTH CARE,0.055287792218
INDUSTRIALS,0.347509321486
MATERIALS,0.057884143353
REAL ESTATE,0.040041549838
TECHNOLOGY,0.086823132697
