SECTOR,WEIGHT
CONSUMER DISCRETIONARY,0.08034577587
CONSUMER STAPLES,0.021556708369
ENERGY,0.048356386765
FINANCIALS,0.261719354128
HEALTH CARE,0.055195087852
INDUSTRIALS,0.350678800231
MATERIALS,0.062226341853
REAL ESTATE,0.03857920531
TECHNOLOGY,0.08134233962
