SECTOR,WEIGHT
CONSUMER DISCRETIONARY,0.073220916376
CONSUMER STAPLES,0.022380529913
ENERGY,0.046767877118
FINANCIALS,0.265768792722
HEALTH CARE,0.057492219396
INDUSTRIALS,0.346843399226
MATERIALS,0.060520209269
REAL ESTATE,0.039816594968
TECHNOLOGY,0.087189461012
