SECTOR,WEIGHT
CONSUMER DISCRETIONARY,0.068376316713
CONSUMER STAPLES,0.025595580002
ENERGY,0.07332244128
FINANCIALS,0.263906924351
HEALTH CARE,0.0379452462
INDUSTRIALS,0.31584570237
MATERIALS,0.090880848239
REAL ESTATE,0.042793029384
TECHNOLOGY,0.069668164883
UTILITIES,0.011665746579
