SECTOR,WEIGHT
CONSUMER DISCRETIONARY,0.076250971646
CONSUMER STAPLES,0.02235427365
ENERGY,0.044180752323
FINANCIALS,0.264120312611
HEALTH CARE,0.055940106565
INDUSTRIALS,0.348168068815
MATERIALS,0.060890494864
REAL ESTATE,0.042118860661
TECHNOLOGY,0.085976158864
