SECTOR,WEIGHT
CONSUMER DISCRETIONARY,0.07707531983
CONSUMER STAPLES,0.022003638203
ENERGY,0.046347586895
FINANCIALS,0.26525023675
HEALTH CARE,0.056462940296
INDUSTRIALS,0.349109481592
MATERIALS,0.061536520027
REAL ESTATE,0.038909072628
TECHNOLOGY,0.083305203779
