SECTOR,WEIGHT
CONSUMER DISCRETIONARY,0.077756077718
CONSUMER STAPLES,0.022981165417
ENERGY,0.060255574704
FINANCIALS,0.267056538741
HEALTH CARE,0.036961665981
INDUSTRIALS,0.349088232978
MATERIALS,0.082837609679
REAL ESTATE,0.041590485605
TECHNOLOGY,0.061472649176
