SECTOR,WEIGHT
COMMUNICATION SERVICES,0.026930165882
CONSUMER DISCRETIONARY,0.075568298177
CONSUMER STAPLES,0.038296129429
ENERGY,0.021605570346
FINANCIALS,0.340057341798
HEALTH CARE,0.090518124104
INDUSTRIALS,0.152467745239
MATERIALS,0.041879991808
REAL ESTATE,0.104853573623
TECHNOLOGY,0.078230595945
UTILITIES,0.029592463649
