SECTOR,WEIGHT
COMMUNICATION SERVICES,0.022665350925
CONSUMER DISCRETIONARY,0.066897196014
CONSUMER STAPLES,0.044371637788
ENERGY,0.028432187624
FINANCIALS,0.309484817258
HEALTH CARE,0.08075925073
INDUSTRIALS,0.157688553033
MATERIALS,0.045972874562
REAL ESTATE,0.091723985399
TECHNOLOGY,0.106863016209
UTILITIES,0.045141130457
