SECTOR,WEIGHT
COMMUNICATION SERVICES,0.024112836182
CONSUMER DISCRETIONARY,0.072064038176
CONSUMER STAPLES,0.041907020979
ENERGY,0.020597897034
FINANCIALS,0.312119939768
HEALTH CARE,0.085612377255
INDUSTRIALS,0.162606829225
MATERIALS,0.046276807968
REAL ESTATE,0.096242902655
TECHNOLOGY,0.094815447765
UTILITIES,0.043643902993
