SECTOR,WEIGHT
COMMUNICATION SERVICES,0.02741404718
CONSUMER DISCRETIONARY,0.103824582256
CONSUMER STAPLES,0.033313661407
ENERGY,0.045157375431
FINANCIALS,0.145285460167
HEALTH CARE,0.109072692917
INDUSTRIALS,0.221637978442
MATERIALS,0.059713821055
REAL ESTATE,0.061109188714
TECHNOLOGY,0.164910369481
UTILITIES,0.028560822949
