SECTOR,WEIGHT
COMMUNICATION SERVICES,0.027700924753
CONSUMER DISCRETIONARY,0.102431219053
CONSUMER STAPLES,0.031896524895
ENERGY,0.043581169536
FINANCIALS,0.145125310115
HEALTH CARE,0.109166797756
INDUSTRIALS,0.219220567736
MATERIALS,0.058194962893
REAL ESTATE,0.061142048963
TECHNOLOGY,0.173585906195
UTILITIES,0.027954568104
