SECTOR,WEIGHT
COMMUNICATION SERVICES,0.026542452827
CONSUMER DISCRETIONARY,0.101837091756
CONSUMER STAPLES,0.032379811263
ENERGY,0.046347514362
FINANCIALS,0.145536364645
HEALTH CARE,0.104913607885
INDUSTRIALS,0.220947698037
MATERIALS,0.056756833077
REAL ESTATE,0.06165841162
TECHNOLOGY,0.175563326694
UTILITIES,0.027516887833
