SECTOR,WEIGHT
COMMUNICATION SERVICES,0.028095733611
CONSUMER DISCRETIONARY,0.110822060354
CONSUMER STAPLES,0.037460978148
ENERGY,0.036246964967
FINANCIALS,0.136663198058
HEALTH CARE,0.08498092265
INDUSTRIALS,0.234651404787
MATERIALS,0.059833506764
REAL ESTATE,0.062608394034
TECHNOLOGY,0.18262226847
UTILITIES,0.026014568158
