SECTOR,WEIGHT
COMMUNICATION SERVICES,0.026150411334
CONSUMER DISCRETIONARY,0.110927552313
CONSUMER STAPLES,0.033143715174
ENERGY,0.039159727462
FINANCIALS,0.159052812435
HEALTH CARE,0.115731010834
INDUSTRIALS,0.222097777598
MATERIALS,0.060046157667
REAL ESTATE,0.06376253793
TECHNOLOGY,0.142044360775
UTILITIES,0.027883936477
