SECTOR,WEIGHT
COMMUNICATION SERVICES,0.02579657079
CONSUMER DISCRETIONARY,0.110246808683
CONSUMER STAPLES,0.03340759648
ENERGY,0.040192265051
FINANCIALS,0.153296297594
HEALTH CARE,0.114106529944
INDUSTRIALS,0.22368289549
MATERIALS,0.0611530188
REAL ESTATE,0.061769748327
TECHNOLOGY,0.147895446657
UTILITIES,0.028452822185
