SECTOR,WEIGHT
COMMUNICATION SERVICES,0.065509772801
CONSUMER DISCRETIONARY,0.063315174433
CONSUMER STAPLES,0.089856805542
ENERGY,0.030719608394
FINANCIALS,0.134005792375
HEALTH CARE,0.178307434356
INDUSTRIALS,0.150314827899
MATERIALS,0.037729520881
REAL ESTATE,0.101676135456
TECHNOLOGY,0.080599352063
UTILITIES,0.0679655758
