SECTOR,WEIGHT
COMMUNICATION SERVICES,0.054853383643
CONSUMER DISCRETIONARY,0.060002596973
CONSUMER STAPLES,0.086562779603
ENERGY,0.034934344525
FINANCIALS,0.127873893052
HEALTH CARE,0.167869525544
INDUSTRIALS,0.153260545477
MATERIALS,0.030002790757
REAL ESTATE,0.117941510686
TECHNOLOGY,0.086487259046
UTILITIES,0.080211370692
