SECTOR,WEIGHT
COMMUNICATION SERVICES,0.050369374009
CONSUMER DISCRETIONARY,0.06067043353
CONSUMER STAPLES,0.094626102949
ENERGY,0.034301615549
FINANCIALS,0.134417528328
HEALTH CARE,0.181843956098
INDUSTRIALS,0.151292056487
MATERIALS,0.042234906264
REAL ESTATE,0.10800621515
TECHNOLOGY,0.069549267629
UTILITIES,0.072688544008
