SECTOR,WEIGHT
COMMUNICATION SERVICES,0.055595526573
CONSUMER DISCRETIONARY,0.05950418822
CONSUMER STAPLES,0.087614760551
ENERGY,0.034879568274
FINANCIALS,0.127299293143
HEALTH CARE,0.167031418039
INDUSTRIALS,0.157949133623
MATERIALS,0.030129204788
REAL ESTATE,0.114198188733
TECHNOLOGY,0.087188716923
UTILITIES,0.078610001134
