SECTOR,WEIGHT
COMMUNICATION SERVICES,0.066228190062
CONSUMER DISCRETIONARY,0.063059430555
CONSUMER STAPLES,0.087207852389
ENERGY,0.031243886276
FINANCIALS,0.134429089998
HEALTH CARE,0.180899413013
INDUSTRIALS,0.149855700644
MATERIALS,0.037421249706
REAL ESTATE,0.101646199912
TECHNOLOGY,0.080235157565
UTILITIES,0.06777382988
