SECTOR,WEIGHT
COMMUNICATION SERVICES,0.063517350854
CONSUMER DISCRETIONARY,0.061805376319
CONSUMER STAPLES,0.088175110758
ENERGY,0.031866109343
FINANCIALS,0.129115799256
HEALTH CARE,0.178076894679
INDUSTRIALS,0.152631254496
MATERIALS,0.036345194051
REAL ESTATE,0.102778141292
TECHNOLOGY,0.081072669395
UTILITIES,0.074616099558
