SECTOR,WEIGHT
COMMUNICATION SERVICES,0.054056719612
CONSUMER DISCRETIONARY,0.059952235472
CONSUMER STAPLES,0.091499297693
ENERGY,0.035681831343
FINANCIALS,0.131565916401
HEALTH CARE,0.17961414926
INDUSTRIALS,0.151741715382
MATERIALS,0.043761121799
REAL ESTATE,0.108747870643
TECHNOLOGY,0.07107480956
UTILITIES,0.072304332834
