SECTOR,WEIGHT
COMMUNICATION SERVICES,0.056697197141
CONSUMER DISCRETIONARY,0.063097103738
CONSUMER STAPLES,0.086026594072
ENERGY,0.037064085738
FINANCIALS,0.128357970207
HEALTH CARE,0.167576947653
INDUSTRIALS,0.153396068837
MATERIALS,0.027991852171
REAL ESTATE,0.11298291487
TECHNOLOGY,0.085669508835
UTILITIES,0.081139756739
