SECTOR,WEIGHT
COMMUNICATION SERVICES,0.055628678408
CONSUMER DISCRETIONARY,0.061862637946
CONSUMER STAPLES,0.083000130796
ENERGY,0.034438251881
FINANCIALS,0.130148294674
HEALTH CARE,0.168261248321
INDUSTRIALS,0.154535749636
MATERIALS,0.029285910484
REAL ESTATE,0.115461689667
TECHNOLOGY,0.086365984142
UTILITIES,0.081011424046
