SECTOR,WEIGHT
COMMUNICATION SERVICES,0.063720926734
CONSUMER DISCRETIONARY,0.061902035157
CONSUMER STAPLES,0.088610223264
ENERGY,0.031020022801
FINANCIALS,0.130157828864
HEALTH CARE,0.180652320401
INDUSTRIALS,0.148918954139
MATERIALS,0.035954743639
REAL ESTATE,0.103247258343
TECHNOLOGYQ,0.079204629547
UTILITIES,0.076611057112
