SECTOR,WEIGHT
COMMUNICATION SERVICES,0.024116881817
CONSUMER DISCRETIONARY,0.095767036926
CONSUMER STAPLES,0.07975582908
ENERGY,0.04763334334
FINANCIALS,0.079255478835
HEALTH CARE,0.18132692885
INDUSTRIALS,0.16681677174
MATERIALS,0.113579505654
REAL ESTATE,0.027118983288
TECHNOLOGY,0.156009206445
UTILITIES,0.028620034024
