SECTOR,WEIGHT
COMMUNICATION SERVICES,0.022581666551
CONSUMER DISCRETIONARY,0.094784667825
CONSUMER STAPLES,0.082774141304
ENERGY,0.051867042284
FINANCIALS,0.080468755578
HEALTH CARE,0.188493247512
INDUSTRIALS,0.164296710815
MATERIALS,0.118490625732
REAL ESTATE,0.023478570855
TECHNOLOGY,0.142416148373
UTILITIES,0.030348423172
