SECTOR,WEIGHT
COMMUNICATION SERVICES,0.013908657962
CONSUMER DISCRETIONARY,0.125803008037
CONSUMER STAPLES,0.06003221303
ENERGY,0.050392975798
FINANCIALS,0.058430913217
HEALTH CARE,0.145220167442
INDUSTRIALS,0.211444805748
MATERIALS,0.13097672792
REAL ESTATE,0.026403076325
TECHNOLOGY,0.129778980417
UTILITIES,0.047608474104
