SECTOR,WEIGHT
COMMUNICATION SERVICES,0.015495205751
CONSUMER DISCRETIONARY,0.136549819529
CONSUMER STAPLES,0.058863426156
ENERGY,0.045440514003
FINANCIALS,0.063468100161
HEALTH CARE,0.145702817729
INDUSTRIALS,0.211114389123
MATERIALS,0.116137656481
REAL ESTATE,0.025366755274
TECHNOLOGY,0.139631905404
UTILITIES,0.04222941039
