SECTOR,WEIGHT
COMMUNICATION SERVICES,0.017245188053
CONSUMER DISCRETIONARY,0.139411638131
CONSUMER STAPLES,0.057821088731
ENERGY,0.039749813085
FINANCIALS,0.068021891457
HEALTH CARE,0.149626058917
INDUSTRIALS,0.205947713518
MATERIALS,0.106287308665
REAL ESTATE,0.026109360975
TECHNOLOGY,0.148584310844
UTILITIES,0.041195627624
