SECTOR,WEIGHT
COMMUNICATION SERVICES,0.01741578621
CONSUMER DISCRETIONARY,0.139292166038
CONSUMER STAPLES,0.057790764005
ENERGY,0.040600349152
FINANCIALS,0.06750266015
HEALTH CARE,0.149954447041
INDUSTRIALS,0.204775092825
MATERIALS,0.106234274403
REAL ESTATE,0.026560825962
TECHNOLOGY,0.148382116442
UTILITIES,0.041491517773
