SECTOR,WEIGHT
COMMUNICATION SERVICES,0.045027860651
CONSUMER DISCRETIONARY,0.114721563803
ENERGY,0.167722920269
FINANCIALS,0.085020567392
HEALTH CARE,0.199901420783
INDUSTRIALS,0.092995065028
MATERIALS,0.02422904841
TECHNOLOGY,0.249681921734
UTILITIES,0.020699631931
