SECTOR,WEIGHT
COMMUNICATION SERVICES,0.034985627217
CONSUMER DISCRETIONARY,0.138116980123
ENERGY,0.152863485117
FINANCIALS,0.058550177493
HEALTH CARE,0.204724732909
INDUSTRIALS,0.08056974131
MATERIALS,0.020370375937
TECHNOLOGY,0.288749152111
UTILITIES,0.021069727784
