SECTOR,WEIGHT
COMMUNICATION SERVICES,0.022890838042
CONSUMER DISCRETIONARY,0.135034759455
ENERGY,0.217594991104
FINANCIALS,0.067500813263
HEALTH CARE,0.192800515669
INDUSTRIALS,0.04675056326
MATERIALS,0.046707390049
TECHNOLOGY,0.251740984831
UTILITIES,0.018979144327
