SECTOR,WEIGHT
COMMUNICATION SERVICES,0.045029963875
CONSUMER DISCRETIONARY,0.112465212452
ENERGY,0.158980847564
FINANCIALS,0.086937313289
HEALTH CARE,0.205571617769
INDUSTRIALS,0.087822905584
MATERIALS,0.023112556376
TECHNOLOGY,0.259340293848
UTILITIES,0.020739289242
