SECTOR,WEIGHT
COMMUNICATION SERVICES,0.0197444412
CONSUMER DISCRETIONARY,0.130509000154
ENERGY,0.225188989677
FINANCIALS,0.064792876547
HEALTH CARE,0.195997322584
INDUSTRIALS,0.046174395348
MATERIALS,0.044698203582
TECHNOLOGY,0.251620950884
UTILITIES,0.021273820025
