SECTOR,WEIGHT
COMMUNICATION SERVICES,0.056049452983
CONSUMER DISCRETIONARY,0.148871996617
ENERGY,0.159301293241
FINANCIALS,0.043107024544
HEALTH CARE,0.229186999854
INDUSTRIALS,0.081545515944
MATERIALS,0.019980800795
TECHNOLOGY,0.240207503723
UTILITIES,0.0217494123
