SECTOR,WEIGHT
COMMUNICATION SERVICES,0.020599147628
CONSUMER DISCRETIONARY,0.129529791381
ENERGY,0.218122074298
FINANCIALS,0.064578834343
HEALTH CARE,0.207379664448
INDUSTRIALS,0.045756045991
MATERIALS,0.044717913946
TECHNOLOGY,0.248069425457
UTILITIES,0.021247102508
