SECTOR,WEIGHT
COMMUNICATION SERVICES,0.039818997272
CONSUMER DISCRETIONARY,0.188080347259
ENERGY,0.096592223935
FINANCIALS,0.020256116656
HEALTH CARE,0.186887219913
INDUSTRIALS,0.094150871003
MATERIALS,0.039886116947
TECHNOLOGY,0.315109840846
UTILITIES,0.019218266169
