SECTOR,WEIGHT
COMMUNICATION SERVICES,0.034437619575
CONSUMER DISCRETIONARY,0.045514046924
CONSUMER STAPLES,0.186386063841
ENERGY,0.021649380727
FINANCIALS,0.084281542644
HEALTH CARE,0.044406404189
INDUSTRIALS,0.177222837579
MATERIALS,0.120531668513
REAL ESTATE,0.068472459974
TECHNOLOGY,0.056892558655
UTILITIES,0.16020541738
