SECTOR,WEIGHT
COMMUNICATION SERVICES,0.033590178426
CONSUMER DISCRETIONARY,0.032807376665
CONSUMER STAPLES,0.149806094735
ENERGY,0.036700878609
FINANCIALS,0.091260145204
HEALTH CARE,0.067475173235
INDUSTRIALS,0.17851058072
MATERIALS,0.102857802701
REAL ESTATE,0.067180451485
TECHNOLOGY,0.058518364964
UTILITIES,0.181292953254
