SECTOR,WEIGHT
COMMUNICATION SERVICES,0.031032104939
CONSUMER DISCRETIONARY,0.031108182929
CONSUMER STAPLES,0.148746485899
ENERGY,0.038854728372
FINANCIALS,0.090079901616
HEALTH CARE,0.075106713179
INDUSTRIALS,0.180899143277
MATERIALS,0.107554646091
REAL ESTATE,0.064991175185
TECHNOLOGY,0.058558449834
UTILITIES,0.173068468678
