SECTOR,WEIGHT
COMMUNICATION SERVICES,0.029869726421
CONSUMER DISCRETIONARY,0.052735749188
CONSUMER STAPLES,0.189740217672
ENERGY,0.01650794324
FINANCIALS,0.082596235322
HEALTH CARE,0.050133023354
INDUSTRIALS,0.191206707761
MATERIALS,0.123030896671
REAL ESTATE,0.065783036967
TECHNOLOGY,0.052506884738
UTILITIES,0.145889578666
