SECTOR,WEIGHT
COMMUNICATION SERVICES,0.031057254492
CONSUMER DISCRETIONARY,0.030842676206
CONSUMER STAPLES,0.147099492086
ENERGY,0.039546241052
FINANCIALS,0.089331739829
HEALTH CARE,0.073862306664
INDUSTRIALS,0.181329664735
MATERIALS,0.109016205653
REAL ESTATE,0.065061358276
TECHNOLOGY,0.059072375569
UTILITIES,0.173780685438
