SECTOR,WEIGHT
COMMUNICATION SERVICES,0.134983100988
CONSUMER DISCRETIONARY,0.050781963293
CONSUMER STAPLES,0.054794848351
ENERGY,0.038624848959
FINANCIALS,0.126200762818
HEALTH CARE,0.104146160473
INDUSTRIALS,0.074866605342
MATERIALS,0.02214461723
REAL ESTATE,0.016980457827
TECHNOLOGY,0.368595112234
UTILITIES,0.007881522484
