SECTOR,WEIGHT
COMMUNICATION SERVICES,0.137555810283
CONSUMER DISCRETIONARY,0.048280545415
CONSUMER STAPLES,0.047430595237
ENERGY,0.03232624091
FINANCIALS,0.132932977212
HEALTH CARE,0.106120948717
INDUSTRIALS,0.068158803308
MATERIALS,0.019023748732
REAL ESTATE,0.015507253847
TECHNOLOGY,0.385246767993
UTILITIES,0.007416308345
