SECTOR,WEIGHT
COMMUNICATION SERVICES,0.137404086625
CONSUMER DISCRETIONARY,0.047660221457
CONSUMER STAPLES,0.053339294187
ENERGY,0.043187780435
FINANCIALS,0.122723730928
HEALTH CARE,0.100701766249
INDUSTRIALS,0.073229156491
MATERIALS,0.02161753523
REAL ESTATE,0.017198279809
TECHNOLOGY,0.374531095661
UTILITIES,0.008407052929
