SECTOR,WEIGHT
COMMUNICATION SERVICES,0.138616440667
CONSUMER DISCRETIONARY,0.049713915558
CONSUMER STAPLES,0.047737569237
ENERGY,0.03315894343
FINANCIALS,0.134227410156
HEALTH CARE,0.107557846595
INDUSTRIALS,0.069140850822
MATERIALS,0.019754179997
REAL ESTATE,0.015394618926
TECHNOLOGY,0.377426871698
UTILITIES,0.007271352913
