SECTOR,WEIGHT
COMMUNICATION SERVICES,0.135660749538
CONSUMER DISCRETIONARY,0.05020899675
CONSUMER STAPLES,0.054626230833
ENERGY,0.039643432819
FINANCIALS,0.12486608877
HEALTH CARE,0.106449429794
INDUSTRIALS,0.076479368787
MATERIALS,0.022898509542
REAL ESTATE,0.017322730965
TECHNOLOGY,0.363665108606
UTILITIES,0.008179353595
