SECTOR,WEIGHT
COMMUNICATION SERVICES,0.138145363409
CONSUMER DISCRETIONARY,0.046015037594
CONSUMER STAPLES,0.05022556391
ENERGY,0.040100250627
FINANCIALS,0.124210526316
HEALTH CARE,0.093934837093
INDUSTRIALS,0.071077694236
MATERIALS,0.021152882206
REAL ESTATE,0.021453634085
TECHNOLOGY,0.38626566416
UTILITIES,0.007418546366
