SECTOR,WEIGHT
COMMUNICATION SERVICES,0.145077367104
CONSUMER DISCRETIONARY,0.049375272046
CONSUMER STAPLES,0.049202380714
ENERGY,0.035749029587
FINANCIALS,0.128491166119
HEALTH CARE,0.101682716657
INDUSTRIALS,0.070131790466
MATERIALS,0.021003397413
REAL ESTATE,0.015724239898
TECHNOLOGY,0.375304307346
UTILITIES,0.00739222319
