SECTOR,WEIGHT
COMMUNICATION SERVICES,0.129693784584
CONSUMER DISCRETIONARY,0.048752710228
CONSUMER STAPLES,0.054172777673
ENERGY,0.046762901568
FINANCIALS,0.126876180573
HEALTH CARE,0.102589820409
INDUSTRIALS,0.073823808602
MATERIALS,0.022399175667
REAL ESTATE,0.017299570485
TECHNOLOGY,0.369175813212
UTILITIES,0.008453456998
