SECTOR,WEIGHT
COMMUNICATION SERVICES,0.136741548434
CONSUMER DISCRETIONARY,0.048076279332
CONSUMER STAPLES,0.05400063719
ENERGY,0.042089949253
FINANCIALS,0.121647060393
HEALTH CARE,0.102262770512
INDUSTRIALS,0.072782236918
MATERIALS,0.0221299875
REAL ESTATE,0.017193705701
TECHNOLOGY,0.37476757179
UTILITIES,0.008308252976
