SECTOR,WEIGHT
COMMUNICATION SERVICES,0.138781089947
CONSUMER DISCRETIONARY,0.050292991543
CONSUMER STAPLES,0.049880729713
ENERGY,0.033813142724
FINANCIALS,0.130592644278
HEALTH CARE,0.105812057026
INDUSTRIALS,0.070719054716
MATERIALS,0.020509183211
REAL ESTATE,0.016004527437
TECHNOLOGY,0.376098491017
UTILITIES,0.007496088389
