SECTOR,WEIGHT
COMMUNICATION SERVICES,0.186873295241
CONSUMER DISCRETIONARY,0.098296155966
FINANCIALS,0.131317953326
HEALTH CARE,0.113569259865
INDUSTRIALS,0.1222022942
REAL ESTATE,0.003491035701
TECHNOLOGY,0.344250005701
