SECTOR,WEIGHT
COMMUNICATION SERVICES,0.18939733024
CONSUMER DISCRETIONARY,0.099802479542
FINANCIALS,0.128939938765
HEALTH CARE,0.116401211684
INDUSTRIALS,0.122071585378
REAL ESTATE,0.003555697172
TECHNOLOGY,0.339831757219
