SECTOR,WEIGHT
COMMUNICATION SERVICES,0.190983853659
CONSUMER DISCRETIONARY,0.09715194014
FINANCIALS,0.126890981331
HEALTH CARE,0.111704274483
INDUSTRIALS,0.11793623909
REAL ESTATE,0.003371851466
TECHNOLOGY,0.351960859831
