SECTOR,WEIGHT
COMMUNICATION SERVICES,0.142962017274
CONSUMER DISCRETIONARY,0.061093331014
CONSUMER STAPLES,0.011444543058
FINANCIALS,0.122907035943
HEALTH CARE,0.134098160133
INDUSTRIALS,0.129572368382
MATERIALS,0.010841625098
TECHNOLOGY,0.381226575915
UTILITIES,0.005854343183
