SECTOR,WEIGHT
COMMUNICATION SERVICES,0.184588383042
CONSUMER DISCRETIONARY,0.101063804083
FINANCIALS,0.130756332443
HEALTH CARE,0.108807626081
INDUSTRIALS,0.119279566526
REAL ESTATE,0.003483396261
TECHNOLOGY,0.352020891564
