SECTOR,WEIGHT
COMMUNICATION SERVICES,0.199374706734
CONSUMER DISCRETIONARY,0.06753515225
CONSUMER STAPLES,0.05009667248
ENERGY,0.006756306367
FINANCIALS,0.121237717761
HEALTH CARE,0.085604751536
INDUSTRIALS,0.103540004974
MATERIALS,0.005146344102
REAL ESTATE,0.010116629388
TECHNOLOGY,0.349371136816
UTILITIES,0.001220577591
