SECTOR,WEIGHT
COMMUNICATION SERVICES,0.188788873883
CONSUMER DISCRETIONARY,0.099854586698
FINANCIALS,0.129548307254
HEALTH CARE,0.11168549104
INDUSTRIALS,0.118115876795
REAL ESTATE,0.003520839363
TECHNOLOGY,0.348486024967
