SECTOR,WEIGHT
COMMUNICATION SERVICES,0.235976764859
CONSUMER DISCRETIONARY,0.064289886318
FINANCIALS,0.127056522813
HEALTH CARE,0.111142322225
INDUSTRIALS,0.071203213216
MATERIALS,0.003361107267
REAL ESTATE,0.004767040488
TECHNOLOGY,0.382203142815
