SECTOR,WEIGHT
COMMUNICATION SERVICES,0.00406297613
CONSUMER DISCRETIONARY,0.075063484002
CONSUMER STAPLES,0.04845099035
ENERGY,0.002742508888
FINANCIALS,0.273539867953
HEALTH CARE,0.102285424073
INDUSTRIALS,0.230167597765
MATERIALS,0.014118842052
REAL ESTATE,0.029558151346
TECHNOLOGY,0.168816658202
UTILITIES,0.051193499238
