SECTOR,WEIGHT
COMMUNICATION SERVICES,0.002988150438
CONSUMER DISCRETIONARY,0.07542503864
CONSUMER STAPLES,0.048531684699
ENERGY,0.020504894384
FINANCIALS,0.274600721278
HEALTH CARE,0.09057187017
INDUSTRIALS,0.232457496136
MATERIALS,0.014116434827
REAL ESTATE,0.030396702731
TECHNOLOGY,0.157444616177
UTILITIES,0.05296239052
