SECTOR,WEIGHT
COMMUNICATION SERVICES,0.002210165942
CONSUMER DISCRETIONARY,0.081104775006
CONSUMER STAPLES,0.049251900404
ENERGY,0.023316070155
FINANCIALS,0.272214836753
HEALTH CARE,0.085445035852
INDUSTRIALS,0.229406601754
MATERIALS,0.014866522607
REAL ESTATE,0.028415979305
TECHNOLOGY,0.159517931293
UTILITIES,0.05425018093
