SECTOR,WEIGHT
COMMUNICATION SERVICES,0.002026190307
CONSUMER DISCRETIONARY,0.093700726616
CONSUMER STAPLES,0.040128297186
ENERGY,0.014432904654
FINANCIALS,0.193732769187
HEALTH CARE,0.163634960031
INDUSTRIALS,0.244940604917
MATERIALS,0.026459972695
REAL ESTATE,0.031820493921
TECHNOLOGY,0.149803778908
UTILITIES,0.039319301578
