SECTOR,WEIGHT
COMMUNICATION SERVICES,0.001983957383
CONSUMER DISCRETIONARY,0.093892893739
CONSUMER STAPLES,0.040080160321
ENERGY,0.014831136734
FINANCIALS,0.192881814181
HEALTH CARE,0.166757949812
INDUSTRIALS,0.243305990602
MATERIALS,0.02643834272
REAL ESTATE,0.032001865764
TECHNOLOGY,0.148107695116
UTILITIES,0.039718193628
