SECTOR,WEIGHT
COMMUNICATION SERVICES,0.002550449179
CONSUMER DISCRETIONARY,0.081310333068
CONSUMER STAPLES,0.050356734192
ENERGY,0.024180476892
FINANCIALS,0.27067938707
HEALTH CARE,0.085483701983
INDUSTRIALS,0.229162429614
MATERIALS,0.015066447264
REAL ESTATE,0.028505866136
TECHNOLOGY,0.156563477732
UTILITIES,0.056140696869
