SECTOR,WEIGHT
COMMUNICATION SERVICES,0.001982154265
CONSUMER DISCRETIONARY,0.095991690606
CONSUMER STAPLES,0.039024323169
ENERGY,0.014483264864
FINANCIALS,0.190547006884
HEALTH CARE,0.16731539734
INDUSTRIALS,0.251262909388
MATERIALS,0.026912450975
REAL ESTATE,0.031458501686
TECHNOLOGY,0.144148308294
UTILITIES,0.036873992528
