SECTOR,WEIGHT
COMMUNICATION SERVICES,0.003004741427
CONSUMER DISCRETIONARY,0.074582521655
CONSUMER STAPLES,0.04796457611
ENERGY,0.021210840347
FINANCIALS,0.270085721403
HEALTH CARE,0.091846256887
INDUSTRIALS,0.237085635641
MATERIALS,0.013523888868
REAL ESTATE,0.029013162462
TECHNOLOGY,0.160560190801
UTILITIES,0.051122464398
