SECTOR,WEIGHT
COMMUNICATION SERVICES,0.0882503514
CONSUMER DISCRETIONARY,0.098073534112
CONSUMER STAPLES,0.045927010897
ENERGY,0.029242127177
FINANCIALS,0.150542654453
HEALTH CARE,0.089164042643
INDUSTRIALS,0.093708454349
MATERIALS,0.020050112759
REAL ESTATE,0.020051114613
TECHNOLOGY,0.343217295213
UTILITIES,0.021773302383
