SECTOR,WEIGHT
COMMUNICATION SERVICES,0.095202875746
CONSUMER DISCRETIONARY,0.101290352363
CONSUMER STAPLES,0.04702390032
ENERGY,0.029259226551
FINANCIALS,0.142902158816
HEALTH CARE,0.091912266476
INDUSTRIALS,0.093308191299
MATERIALS,0.020406995881
REAL ESTATE,0.021100442361
TECHNOLOGY,0.334306433096
UTILITIES,0.02328715709
