SECTOR,WEIGHT
COMMUNICATION SERVICES,0.087239823541
CONSUMER DISCRETIONARY,0.09822037297
CONSUMER STAPLES,0.044091638259
ENERGY,0.029269099659
FINANCIALS,0.151558050932
HEALTH CARE,0.090345899338
INDUSTRIALS,0.094093643473
MATERIALS,0.020379987969
REAL ESTATE,0.019417485462
TECHNOLOGY,0.343968317626
UTILITIES,0.02141568077
