SECTOR,WEIGHT
COMMUNICATION SERVICES,0.089546311126
CONSUMER DISCRETIONARY,0.101028690403
CONSUMER STAPLES,0.046471091463
ENERGY,0.028861901548
FINANCIALS,0.148850709011
HEALTH CARE,0.08879412452
INDUSTRIALS,0.093357389933
MATERIALS,0.019830647693
REAL ESTATE,0.020302017966
TECHNOLOGY,0.341178806791
UTILITIES,0.021778309546
