SECTOR,WEIGHT
COMMUNICATION SERVICES,0.113182196806
CONSUMER DISCRETIONARY,0.101929053134
CONSUMER STAPLES,0.049913298733
ENERGY,0.031540839701
FINANCIALS,0.128743372259
HEALTH CARE,0.096223388918
INDUSTRIALS,0.093802561392
MATERIALS,0.0216122431
REAL ESTATE,0.021600229068
TECHNOLOGY,0.31737869832
UTILITIES,0.02407411857
