SECTOR,WEIGHT
COMMUNICATION SERVICES,0.08911640423
CONSUMER DISCRETIONARY,0.100769140671
CONSUMER STAPLES,0.045660907372
ENERGY,0.029538285346
FINANCIALS,0.144521962505
HEALTH CARE,0.089679019168
INDUSTRIALS,0.092966612507
MATERIALS,0.020071938629
REAL ESTATE,0.020715642197
TECHNOLOGY,0.344806873913
UTILITIES,0.022153213462
