SECTOR,WEIGHT
COMMUNICATION SERVICES,0.11099949774
CONSUMER DISCRETIONARY,0.093219487695
CONSUMER STAPLES,0.046408839779
ENERGY,0.032446007032
FINANCIALS,0.129784028127
HEALTH CARE,0.09141135108
INDUSTRIALS,0.091612255148
MATERIALS,0.019487694626
REAL ESTATE,0.021396283275
TECHNOLOGY,0.339728779508
UTILITIES,0.023505775992
