SECTOR,WEIGHT
COMMUNICATION SERVICES,0.086599119861
CONSUMER DISCRETIONARY,0.098530696657
CONSUMER STAPLES,0.044997915882
ENERGY,0.029285868877
FINANCIALS,0.147158785761
HEALTH CARE,0.087033979143
INDUSTRIALS,0.093047862576
MATERIALS,0.019403341002
REAL ESTATE,0.019937396295
TECHNOLOGY,0.352628794498
UTILITIES,0.021376239449
