SECTOR,WEIGHT
COMMUNICATION SERVICES,0.117009003925
CONSUMER DISCRETIONARY,0.096757926586
CONSUMER STAPLES,0.047386920646
ENERGY,0.036651048123
FINANCIALS,0.125237504915
HEALTH CARE,0.095395181164
INDUSTRIALS,0.092727722064
MATERIALS,0.022264178506
REAL ESTATE,0.020629284218
TECHNOLOGY,0.321320762457
UTILITIES,0.024620467396
