SECTOR,WEIGHT
COMMUNICATION SERVICES,0.083977496089
CONSUMER DISCRETIONARY,0.103229170845
CONSUMER STAPLES,0.046278430743
ENERGY,0.030345180312
FINANCIALS,0.147257210478
HEALTH CARE,0.088109230214
INDUSTRIALS,0.096901199406
MATERIALS,0.020966544988
REAL ESTATE,0.019843355129
TECHNOLOGY,0.34155802479
UTILITIES,0.021534157006
