SECTOR,WEIGHT
COMMUNICATION SERVICES,0.064856871025
CONSUMER DISCRETIONARY,0.098243752769
CONSUMER STAPLES,0.082311844647
ENERGY,0.108225056035
FINANCIALS,0.103081193657
HEALTH CARE,0.10509252422
INDUSTRIALS,0.097428973006
MATERIALS,0.07116212108
REAL ESTATE,0.083738462729
TECHNOLOGY,0.097811748702
UTILITIES,0.08804745213
