SECTOR,WEIGHT
COMMUNICATION SERVICES,0.067754798288
CONSUMER DISCRETIONARY,0.08107083415
CONSUMER STAPLES,0.083145525034
ENERGY,0.104747250758
FINANCIALS,0.106336204512
HEALTH CARE,0.110368928914
INDUSTRIALS,0.101315915182
MATERIALS,0.075950983794
REAL ESTATE,0.086194707175
TECHNOLOGY,0.09410226627
UTILITIES,0.089012585922
