SECTOR,WEIGHT
COMMUNICATION SERVICES,0.100278996016
CONSUMER DISCRETIONARY,0.091659223428
CONSUMER STAPLES,0.094596710256
ENERGY,0.099271398894
FINANCIALS,0.089530624329
HEALTH CARE,0.098234697871
INDUSTRIALS,0.093751693546
MATERIALS,0.097691759582
REAL ESTATE,0.089774494947
TECHNOLOGY,0.083121744628
UTILITIES,0.062088656504
