SECTOR,WEIGHT
COMMUNICATION SERVICES,0.102339827719
CONSUMER DISCRETIONARY,0.088639917356
CONSUMER STAPLES,0.093579040032
ENERGY,0.110928776143
FINANCIALS,0.085391049888
HEALTH CARE,0.09757053449
INDUSTRIALS,0.09028696152
MATERIALS,0.103171891518
REAL ESTATE,0.087972658464
TECHNOLOGY,0.083026501433
UTILITIES,0.057092841438
