SECTOR,WEIGHT
COMMUNICATION SERVICES,0.102386588069
CONSUMER DISCRETIONARY,0.087615773895
CONSUMER STAPLES,0.092200998055
ENERGY,0.11586083513
FINANCIALS,0.084042676155
HEALTH CARE,0.096249503736
INDUSTRIALS,0.088372607256
MATERIALS,0.103120304341
REAL ESTATE,0.08837763271
TECHNOLOGY,0.083129048631
UTILITIES,0.058644032022
