SECTOR,WEIGHT
COMMUNICATION SERVICES,0.065715205688
CONSUMER DISCRETIONARY,0.08244668846
CONSUMER STAPLES,0.081254018615
ENERGY,0.109188974474
FINANCIALS,0.107191829259
HEALTH CARE,0.112819144508
INDUSTRIALS,0.103709112941
MATERIALS,0.07684846272
REAL ESTATE,0.085523154747
TECHNOLOGY,0.08941412727
UTILITIES,0.085889281319
