SECTOR,WEIGHT
COMMUNICATION SERVICES,0.084172019304
CONSUMER DISCRETIONARY,0.087210600535
CONSUMER STAPLES,0.089798574552
ENERGY,0.127107443669
FINANCIALS,0.086679527748
HEALTH CARE,0.095819411113
INDUSTRIALS,0.090277344717
MATERIALS,0.107926462512
REAL ESTATE,0.087859354224
TECHNOLOGY,0.085937232829
UTILITIES,0.057212028799
