SECTOR,WEIGHT
COMMUNICATION SERVICES,0.082321968218
CONSUMER DISCRETIONARY,0.098938066629
CONSUMER STAPLES,0.082151954255
ENERGY,0.100861538214
FINANCIALS,0.095189711439
HEALTH CARE,0.10449017943
INDUSTRIALS,0.093939253709
MATERIALS,0.07064734074
REAL ESTATE,0.087960597001
TECHNOLOGYQ,0.091693862194
UTILITIES,0.09180552817
