SECTOR,WEIGHT
COMMUNICATION SERVICES,0.052212546111
CONSUMER DISCRETIONARY,0.1908472192
ENERGY,0.056318343513
FINANCIALS,0.232597420341
HEALTH CARE,0.055524913598
INDUSTRIALS,0.188365726661
REAL ESTATE,0.023796825268
TECHNOLOGY,0.200337005308
