SECTOR,WEIGHT
COMMUNICATION SERVICES,0.04773835157
CONSUMER DISCRETIONARY,0.189191433671
ENERGY,0.062593551641
FINANCIALS,0.242640937798
HEALTH CARE,0.052929216928
INDUSTRIALS,0.189527619246
REAL ESTATE,0.025315974418
TECHNOLOGY,0.190062914729
