SECTOR,WEIGHT
COMMUNICATION SERVICES,0.036315754177
CONSUMER DISCRETIONARY,0.208283327144
CONSUMER STAPLES,0.025227142375
ENERGY,0.060756143629
FINANCIALS,0.153582978911
HEALTH CARE,0.065631809642
INDUSTRIALS,0.214155947242
MATERIALS,0.011307821585
REAL ESTATE,0.031142803663
TECHNOLOGY,0.193596271632
