SECTOR,WEIGHT
COMMUNICATION SERVICES,0.051862234682
CONSUMER DISCRETIONARY,0.180716860232
ENERGY,0.066880256308
FINANCIALS,0.235582699239
HEALTH CARE,0.038045654786
INDUSTRIALS,0.186523828594
REAL ESTATE,0.027332799359
TECHNOLOGY,0.2130556668
