SECTOR,WEIGHT
COMMUNICATION SERVICES,0.025807742323
CONSUMER DISCRETIONARY,0.128038411523
CONSUMER STAPLES,0.00600180054
ENERGY,0.020806241873
FINANCIALS,0.146543963189
HEALTH CARE,0.033610083025
INDUSTRIALS,0.106531959588
MATERIALS,0.052815844753
TECHNOLOGY,0.449034710413
UTILITIES,0.030809242773
