SECTOR,WEIGHT
COMMUNICATION SERVICES,0.031220978285
CONSUMER DISCRETIONARY,0.140155784306
CONSUMER STAPLES,0.00989606031
ENERGY,0.017012046986
FINANCIALS,0.181256793648
HEALTH CARE,0.018461692589
INDUSTRIALS,0.10579707967
MATERIALS,0.057945750996
TECHNOLOGY,0.407199138428
UTILITIES,0.031054674781
