SECTOR,WEIGHT
COMMUNICATION SERVICES,0.02995755088
CONSUMER DISCRETIONARY,0.139740862231
CONSUMER STAPLES,0.010030881184
ENERGY,0.017369915762
FINANCIALS,0.181602579369
HEALTH CARE,0.019515387556
INDUSTRIALS,0.106527077575
MATERIALS,0.060044190315
TECHNOLOGY,0.407476528899
UTILITIES,0.027735026228
