SECTOR,WEIGHT
COMMUNICATION SERVICES,0.030012824453
CONSUMER DISCRETIONARY,0.132445265815
CONSUMER STAPLES,0.009842092038
ENERGY,0.018736115602
FINANCIALS,0.181640709079
HEALTH CARE,0.017979262629
INDUSTRIALS,0.104009218389
MATERIALS,0.054501423104
TECHNOLOGY,0.417182164299
UTILITIES,0.033650924592
