SECTOR,WEIGHT
COMMUNICATION SERVICES,0.029385099408
CONSUMER DISCRETIONARY,0.136927658518
CONSUMER STAPLES,0.008651917912
ENERGY,0.022643488146
FINANCIALS,0.148548607247
HEALTH CARE,0.035969603209
INDUSTRIALS,0.113619715886
MATERIALS,0.05341853828
TECHNOLOGY,0.413527853051
UTILITIES,0.037307518343
