SECTOR,WEIGHT
COMMUNICATION SERVICES,0.028412151406
CONSUMER DISCRETIONARY,0.132439191909
CONSUMER STAPLES,0.007659206366
ENERGY,0.024910942953
FINANCIALS,0.146986677987
HEALTH CARE,0.034776801716
INDUSTRIALS,0.108377269478
MATERIALS,0.05521436767
TECHNOLOGY,0.423185669174
UTILITIES,0.038037721341
