SECTOR,WEIGHT
COMMUNICATION SERVICES,0.031036020016
CONSUMER DISCRETIONARY,0.14104258186
CONSUMER STAPLES,0.010207424401
ENERGY,0.017313250417
FINANCIALS,0.18211171164
HEALTH CARE,0.018687731355
INDUSTRIALS,0.105621647073
MATERIALS,0.057306438121
TECHNOLOGY,0.404931902083
UTILITIES,0.031741293034
