SECTOR,WEIGHT
COMMUNICATION SERVICES,0.02902027426
CONSUMER DISCRETIONARY,0.132377166488
CONSUMER STAPLES,0.010257226295
ENERGY,0.018562887436
FINANCIALS,0.165675872049
HEALTH CARE,0.018584905094
INDUSTRIALS,0.106225192604
MATERIALS,0.064721906969
TECHNOLOGY,0.427016467207
UTILITIES,0.027558101597
