SECTOR,WEIGHT
COMMUNICATION SERVICES,0.027033762677
CONSUMER DISCRETIONARY,0.130976128017
CONSUMER STAPLES,0.009741562834
ENERGY,0.021346763805
FINANCIALS,0.157462409458
HEALTH CARE,0.017559434743
INDUSTRIALS,0.116374293004
MATERIALS,0.067326179712
TECHNOLOGY,0.422604469329
UTILITIES,0.029574996422
