SECTOR,WEIGHT
COMMUNICATION SERVICES,0.068434994158
CONSUMER STAPLES,0.164258190752
ENERGY,0.093028257495
FINANCIALS,0.127851958258
HEALTH CARE,0.131228092639
INDUSTRIALS,0.029315850126
MATERIALS,0.021384185086
REAL ESTATE,0.222907897053
UTILITIES,0.141590574433
