SECTOR,WEIGHT
COMMUNICATION SERVICES,0.069625831103
CONSUMER STAPLES,0.167705525101
ENERGY,0.093373355529
FINANCIALS,0.125616270542
HEALTH CARE,0.130217690637
INDUSTRIALS,0.026594309627
MATERIALS,0.020772838731
REAL ESTATE,0.222885595007
UTILITIES,0.143208583722
