SECTOR,WEIGHT
COMMUNICATION SERVICES,0.085593305777
CONSUMER DISCRETIONARY,0.010888194374
CONSUMER STAPLES,0.177437241657
ENERGY,0.135295896764
FINANCIALS,0.159391067648
HEALTH CARE,0.049702590987
INDUSTRIALS,0.013408609739
MATERIALS,0.024397620728
REAL ESTATE,0.210001008166
UTILITIES,0.13388446416
