SECTOR,WEIGHT
COMMUNICATION SERVICES,0.086031043901
CONSUMER DISCRETIONARY,0.014614888206
CONSUMER STAPLES,0.202516597838
ENERGY,0.125100645932
FINANCIALS,0.155972724203
HEALTH CARE,0.050272018733
INDUSTRIALS,0.013999524492
MATERIALS,0.028530499464
REAL ESTATE,0.196086246821
UTILITIES,0.126875810412
