SECTOR,WEIGHT
COMMUNICATION SERVICES,0.067704959783
CONSUMER STAPLES,0.160804418143
ENERGY,0.094735807777
FINANCIALS,0.127147959276
HEALTH CARE,0.130338439572
INDUSTRIALS,0.029546534689
MATERIALS,0.020514527614
REAL ESTATE,0.225462278737
UTILITIES,0.143745074408
