SECTOR,WEIGHT
COMMUNICATION SERVICES,0.004796045538
CONSUMER DISCRETIONARY,0.051081135688
CONSUMER STAPLES,0.157224274892
ENERGY,0.005696241781
FINANCIALS,0.144088411274
HEALTH CARE,0.094282553597
INDUSTRIALS,0.230718296589
MATERIALS,0.023205058703
TECHNOLOGY,0.27910784551
UTILITIES,0.00980013643
