SECTOR,WEIGHT
COMMUNICATION SERVICES,0.004602858375
CONSUMER DISCRETIONARY,0.047435457419
CONSUMER STAPLES,0.154449913396
ENERGY,0.007076394441
FINANCIALS,0.138388939531
HEALTH CARE,0.084717609636
INDUSTRIALS,0.241699095138
MATERIALS,0.02217276929
TECHNOLOGY,0.289917038481
UTILITIES,0.009539924293
