SECTOR,WEIGHT
COMMUNICATION SERVICES,0.005402380771
CONSUMER DISCRETIONARY,0.071536250105
CONSUMER STAPLES,0.169556878651
ENERGY,0.006181156432
FINANCIALS,0.127532021894
HEALTH CARE,0.071437151403
INDUSTRIALS,0.264402344735
MATERIALS,0.021485399458
TECHNOLOGY,0.248545551369
UTILITIES,0.013920865182
