SECTOR,WEIGHT
COMMUNICATION SERVICES,0.026628571891
CONSUMER DISCRETIONARY,0.061431872539
CONSUMER STAPLES,0.141607952959
ENERGY,0.009730760047
FINANCIALS,0.175797137226
HEALTH CARE,0.085497747903
INDUSTRIALS,0.113643905578
MATERIALS,0.022156752447
REAL ESTATE,0.117945755414
TECHNOLOGY,0.028025762536
UTILITIES,0.21753378146
