SECTOR,WEIGHT
COMMUNICATION SERVICES,0.008454957222
CONSUMER DISCRETIONARY,0.049018621037
CONSUMER STAPLES,0.106391545043
ENERGY,0.009058882738
FINANCIALS,0.179869149472
HEALTH CARE,0.069652742828
INDUSTRIALS,0.127931555108
MATERIALS,0.020634121792
REAL ESTATE,0.145546049321
TECHNOLOGY,0.01942627076
UTILITIES,0.26401610468
