SECTOR,WEIGHT
COMMUNICATION SERVICES,0.009601860435
CONSUMER DISCRETIONARY,0.048202098584
CONSUMER STAPLES,0.109107782182
ENERGY,0.009831617812
FINANCIALS,0.173798468817
HEALTH CARE,0.071344660039
INDUSTRIALS,0.126996891283
MATERIALS,0.020656187066
REAL ESTATE,0.140608517406
TECHNOLOGY,0.019074856951
UTILITIES,0.270777059425
