SECTOR,WEIGHT
COMMUNICATION SERVICES,0.027151413723
CONSUMER DISCRETIONARY,0.060441573313
CONSUMER STAPLES,0.136193477095
ENERGY,0.009318722324
FINANCIALS,0.189534404202
HEALTH CARE,0.08437697685
INDUSTRIALS,0.112652442686
MATERIALS,0.022051640335
REAL ESTATE,0.117585059616
TECHNOLOGY,0.028110311251
UTILITIES,0.212583978604
