SECTOR,WEIGHT
COMMUNICATION SERVICES,0.008343385605
CONSUMER DISCRETIONARY,0.04794933655
CONSUMER STAPLES,0.110172899075
ENERGY,0.008946521914
FINANCIALS,0.175512665862
HEALTH CARE,0.065038198633
INDUSTRIALS,0.127965420185
MATERIALS,0.020707679936
REAL ESTATE,0.152995577
TECHNOLOGY,0.018797748291
UTILITIES,0.263570566948
