SECTOR,WEIGHT
COMMUNICATION SERVICES,0.009482272903
CONSUMER DISCRETIONARY,0.04877541074
CONSUMER STAPLES,0.107438405257
ENERGY,0.009781502412
FINANCIALS,0.176470352761
HEALTH CARE,0.071798069119
INDUSTRIALS,0.127550831488
MATERIALS,0.020727898298
REAL ESTATE,0.140895066516
TECHNOLOGY,0.019392874335
UTILITIES,0.267687316172
