SECTOR,WEIGHT
COMMUNICATION SERVICES,0.027934040151
CONSUMER DISCRETIONARY,0.060585646906
CONSUMER STAPLES,0.148509757445
ENERGY,0.010655314344
FINANCIALS,0.173323777417
HEALTH CARE,0.081543934529
INDUSTRIALS,0.107028603688
MATERIALS,0.022898165424
REAL ESTATE,0.117587825015
TECHNOLOGY,0.02648363616
UTILITIES,0.223449298921
