SECTOR,WEIGHT
COMMUNICATION SERVICES,0.027151880362
CONSUMER DISCRETIONARY,0.061030420116
CONSUMER STAPLES,0.138364981332
ENERGY,0.008861773155
FINANCIALS,0.189033142811
HEALTH CARE,0.083753916377
INDUSTRIALS,0.111199087096
MATERIALS,0.02123302069
REAL ESTATE,0.116789621726
TECHNOLOGY,0.028132851523
UTILITIES,0.214449304812
