SECTOR,WEIGHT
COMMUNICATION SERVICES,0.026313499204
CONSUMER DISCRETIONARY,0.062034362787
CONSUMER STAPLES,0.141216723574
ENERGY,0.010062115321
FINANCIALS,0.17337643018
HEALTH CARE,0.084831232126
INDUSTRIALS,0.113497584404
MATERIALS,0.022211945005
REAL ESTATE,0.118377351082
TECHNOLOGY,0.028514555306
UTILITIES,0.219564201012
