SECTOR,WEIGHT
COMMUNICATION SERVICES,0.016760993588
CONSUMER DISCRETIONARY,0.113049613847
CONSUMER STAPLES,0.042544238325
ENERGY,0.039592881057
FINANCIALS,0.162141884863
HEALTH CARE,0.085917060235
INDUSTRIALS,0.242322387748
MATERIALS,0.065198356223
REAL ESTATE,0.061521895719
TECHNOLOGY,0.139109333411
UTILITIES,0.031841354984
