SECTOR,WEIGHT
COMMUNICATION SERVICES,0.015516197419
CONSUMER DISCRETIONARY,0.106325562772
CONSUMER STAPLES,0.045194624062
ENERGY,0.050805794202
FINANCIALS,0.144675452654
HEALTH CARE,0.086810703253
INDUSTRIALS,0.242618886804
MATERIALS,0.060630338332
REAL ESTATE,0.067168527286
TECHNOLOGY,0.146567027046
UTILITIES,0.033686886169
