SECTOR,WEIGHT
COMMUNICATION SERVICES,0.019833153635
CONSUMER DISCRETIONARY,0.114161287156
CONSUMER STAPLES,0.042846323865
ENERGY,0.039480744641
FINANCIALS,0.167673372046
HEALTH CARE,0.088454309861
INDUSTRIALS,0.230029974778
MATERIALS,0.060382277639
REAL ESTATE,0.063843396636
TECHNOLOGY,0.140550850168
UTILITIES,0.032744309576
