SECTOR,WEIGHT
COMMUNICATION SERVICES,0.015771047575
CONSUMER DISCRETIONARY,0.108829478972
CONSUMER STAPLES,0.044306804302
ENERGY,0.047770431823
FINANCIALS,0.14797919637
HEALTH CARE,0.086064369057
INDUSTRIALS,0.245374155259
MATERIALS,0.062357919984
REAL ESTATE,0.066642026824
TECHNOLOGY,0.142257065693
UTILITIES,0.032647504142
