SECTOR,WEIGHT
COMMUNICATION SERVICES,0.015712985725
CONSUMER DISCRETIONARY,0.110660105891
CONSUMER STAPLES,0.042753121585
ENERGY,0.041043818899
FINANCIALS,0.161704136943
HEALTH CARE,0.084293791334
INDUSTRIALS,0.241705613899
MATERIALS,0.063641291588
REAL ESTATE,0.061855047404
TECHNOLOGY,0.144394953034
UTILITIES,0.032235133699
