SECTOR,WEIGHT
COMMUNICATION SERVICES,0.009960255341
CONSUMER DISCRETIONARY,0.109399624838
CONSUMER STAPLES,0.036509710955
ENERGY,0.05102956578
FINANCIALS,0.150899564229
HEALTH CARE,0.087656431595
INDUSTRIALS,0.255518634095
MATERIALS,0.067558381696
REAL ESTATE,0.068566736371
TECHNOLOGY,0.128862157422
UTILITIES,0.034038937679
