SECTOR,WEIGHT
COMMUNICATION SERVICES,0.014547577995
CONSUMER DISCRETIONARY,0.113803119178
CONSUMER STAPLES,0.042783819257
ENERGY,0.041674697976
FINANCIALS,0.157556169825
HEALTH CARE,0.082340803642
INDUSTRIALS,0.245572051581
MATERIALS,0.063221314136
REAL ESTATE,0.06518282502
TECHNOLOGY,0.141766406018
UTILITIES,0.031551215373
