SECTOR,WEIGHT
COMMUNICATION SERVICES,0.097419483897
CONSUMER DISCRETIONARY,0.012202440488
CONSUMER STAPLES,0.041708341668
ENERGY,0.033606721344
FINANCIALS,0.058211642328
HEALTH CARE,0.066513302661
INDUSTRIALS,0.136427285457
MATERIALS,0.017403480696
REAL ESTATE,0.01050210042
TECHNOLOGY,0.512702540508
UTILITIES,0.013302660532
