SECTOR,WEIGHT
COMMUNICATION SERVICES,0.141996830745
CONSUMER DISCRETIONARY,0.042263404516
CONSUMER STAPLES,0.068779636687
ENERGY,0.014052431848
FINANCIALS,0.196616925583
HEALTH CARE,0.027425165645
INDUSTRIALS,0.122065361126
MATERIALS,0.002892971081
REAL ESTATE,0.016747199374
TECHNOLOGY,0.33023014636
UTILITIES,0.036929927035
