SECTOR,WEIGHT
COMMUNICATION SERVICES,0.138807554297
CONSUMER DISCRETIONARY,0.047462944271
CONSUMER STAPLES,0.061765050123
ENERGY,0.01165616125
FINANCIALS,0.216706364172
HEALTH CARE,0.027718895646
INDUSTRIALS,0.107690445489
MATERIALS,0.002491889605
REAL ESTATE,0.015210430124
TECHNOLOGY,0.337669548029
UTILITIES,0.032820716996
