SECTOR,WEIGHT
COMMUNICATION SERVICES,0.144104042945
CONSUMER DISCRETIONARY,0.04688859105
CONSUMER STAPLES,0.063365260363
ENERGY,0.0115840164
FINANCIALS,0.210124828712
HEALTH CARE,0.027800438217
INDUSTRIALS,0.106247040936
MATERIALS,0.002408290284
REAL ESTATE,0.015489730734
TECHNOLOGY,0.33732980064
UTILITIES,0.03465795972
