SECTOR,WEIGHT
COMMUNICATION SERVICES,0.092913715048
CONSUMER DISCRETIONARY,0.012861421138
CONSUMER STAPLES,0.04418575341
ENERGY,0.037699027941
FINANCIALS,0.061675405658
HEALTH CARE,0.07334951097
INDUSTRIALS,0.137931689829
MATERIALS,0.017708710517
REAL ESTATE,0.011201979727
TECHNOLOGY,0.495947922147
UTILITIES,0.014524863614
