SECTOR,WEIGHT
COMMUNICATION SERVICES,0.144037010246
CONSUMER DISCRETIONARY,0.043131263713
CONSUMER STAPLES,0.060774962056
ENERGY,0.011977905107
FINANCIALS,0.199965583032
HEALTH CARE,0.028950272484
INDUSTRIALS,0.102981770013
MATERIALS,0.002365166027
REAL ESTATE,0.016388079323
TECHNOLOGYQ,0.353505278102
UTILITIES,0.035922709896
