SECTOR,WEIGHT
COMMUNICATION SERVICES,0.086876836874
CONSUMER DISCRETIONARY,0.014249296229
CONSUMER STAPLES,0.051636835315
ENERGY,0.048948665958
FINANCIALS,0.065313521492
HEALTH CARE,0.091287832986
INDUSTRIALS,0.154236964627
MATERIALS,0.020085321896
REAL ESTATE,0.012289630761
TECHNOLOGY,0.438195588804
UTILITIES,0.016879505057
