SECTOR,WEIGHT
COMMUNICATION SERVICES,0.133379569583
CONSUMER DISCRETIONARY,0.046264271189
CONSUMER STAPLES,0.066399056861
ENERGY,0.012296640566
FINANCIALS,0.210139749564
HEALTH CARE,0.028239139485
INDUSTRIALS,0.113822236634
MATERIALS,0.002570014892
REAL ESTATE,0.015512161535
TECHNOLOGY,0.337348481209
UTILITIES,0.034028678484
