SECTOR,WEIGHT
COMMUNICATION SERVICES,0.136980846653
CONSUMER DISCRETIONARY,0.042758866327
CONSUMER STAPLES,0.07030030655
ENERGY,0.013492584381
FINANCIALS,0.201748453245
HEALTH CARE,0.027563450964
INDUSTRIALS,0.124033528362
MATERIALS,0.002726330449
REAL ESTATE,0.016254932407
TECHNOLOGY,0.327726930742
UTILITIES,0.03641376992
