SECTOR,WEIGHT
COMMUNICATION SERVICES,0.144761308117
CONSUMER DISCRETIONARY,0.04368929124
CONSUMER STAPLES,0.060953446526
ENERGY,0.012326392711
FINANCIALS,0.202075981898
HEALTH CARE,0.027514966404
INDUSTRIALS,0.102706262172
MATERIALS,0.002328774526
REAL ESTATE,0.016088259254
TECHNOLOGY,0.352761804495
UTILITIES,0.034793512657
