SECTOR,WEIGHT
COMMUNICATION SERVICES,0.060785407402
CONSUMER DISCRETIONARY,0.066619431673
CONSUMER STAPLES,0.104734051908
ENERGY,0.046140549232
FINANCIALS,0.173406698324
HEALTH CARE,0.153027310872
INDUSTRIALS,0.062684857164
MATERIALS,0.027239516595
REAL ESTATE,0.001720559785
TECHNOLOGY,0.275530765559
UTILITIES,0.028110851486
