SECTOR,WEIGHT
COMMUNICATION SERVICES,0.06205212495
CONSUMER DISCRETIONARY,0.065544257611
CONSUMER STAPLES,0.099130179838
ENERGY,0.040658545132
FINANCIALS,0.187187548007
HEALTH CARE,0.149810282212
INDUSTRIALS,0.058735703392
MATERIALS,0.024412798596
REAL ESTATE,0.001700883475
TECHNOLOGY,0.283952154369
UTILITIES,0.026815522419
