SECTOR,WEIGHT
COMMUNICATION SERVICES,0.060991001262
CONSUMER DISCRETIONARY,0.063280188975
CONSUMER STAPLES,0.113096273894
ENERGY,0.050390131991
FINANCIALS,0.179219696015
HEALTH CARE,0.155496750734
INDUSTRIALS,0.060514962227
MATERIALS,0.028791360892
REAL ESTATE,0.001756144004
TECHNOLOGY,0.256616042515
UTILITIES,0.029847447491
