SECTOR,WEIGHT
COMMUNICATION SERVICES,0.071109693878
CONSUMER DISCRETIONARY,0.053976080147
CONSUMER STAPLES,0.097221325239
ENERGY,0.041265378778
FINANCIALS,0.190472826789
HEALTH CARE,0.154962380522
INDUSTRIALS,0.039490361018
MATERIALS,0.021837057608
TECHNOLOGY,0.27709046435
UTILITIES,0.052574431671
