SECTOR,WEIGHT
COMMUNICATION SERVICES,0.062169474911
CONSUMER DISCRETIONARY,0.063183743692
CONSUMER STAPLES,0.110045161968
ENERGY,0.050329337274
FINANCIALS,0.18128003921
HEALTH CARE,0.153152585435
INDUSTRIALS,0.059927880888
MATERIALS,0.027322240394
REAL ESTATE,0.001605425438
TECHNOLOGY,0.262880663376
UTILITIES,0.028103447414
