SECTOR,WEIGHT
COMMUNICATION SERVICES,0.061479789029
CONSUMER DISCRETIONARY,0.066683687983
CONSUMER STAPLES,0.103476871951
ENERGY,0.044950348351
FINANCIALS,0.174123042004
HEALTH CARE,0.151202566064
INDUSTRIALS,0.062479958908
MATERIALS,0.026385386061
REAL ESTATE,0.001770149905
TECHNOLOGY,0.27975103309
UTILITIES,0.027697166654
