SECTOR,WEIGHT
COMMUNICATION SERVICES,0.069966557859
CONSUMER DISCRETIONARY,0.055757896894
CONSUMER STAPLES,0.095097652052
ENERGY,0.042134098487
FINANCIALS,0.184548631072
HEALTH CARE,0.148652066764
INDUSTRIALS,0.036248481607
MATERIALS,0.02217378916
TECHNOLOGY,0.29688323244
UTILITIES,0.048537593665
