SECTOR,WEIGHT
COMMUNICATION SERVICES,0.072033982949
CONSUMER DISCRETIONARY,0.055571869182
CONSUMER STAPLES,0.095180022533
ENERGY,0.041648688384
FINANCIALS,0.186278974998
HEALTH CARE,0.151559915622
INDUSTRIALS,0.036951362754
MATERIALS,0.021534985737
TECHNOLOGY,0.289432365702
UTILITIES,0.049807832139
