SECTOR,WEIGHT
COMMUNICATION SERVICES,0.035732412953
CONSUMER DISCRETIONARY,0.130342097249
CONSUMER STAPLES,0.02791594762
ENERGY,0.058674246269
FINANCIALS,0.184143741752
HEALTH CARE,0.111460765405
INDUSTRIALS,0.181301390722
MATERIALS,0.04852299259
REAL ESTATE,0.064257435793
TECHNOLOGY,0.137650999898
UTILITIES,0.019997969749
