SECTOR,WEIGHT
COMMUNICATION SERVICES,0.027281419316
CONSUMER DISCRETIONARY,0.130535255116
CONSUMER STAPLES,0.025268229443
ENERGY,0.043552496783
FINANCIALS,0.187311235512
HEALTH CARE,0.119180918872
INDUSTRIALS,0.17905300953
MATERIALS,0.05806574341
REAL ESTATE,0.073266767883
TECHNOLOGY,0.13819747259
UTILITIES,0.018287451543
