SECTOR,WEIGHT
COMMUNICATION SERVICES,0.028099821289
CONSUMER DISCRETIONARY,0.130060261177
CONSUMER STAPLES,0.024887998465
ENERGY,0.050951666598
FINANCIALS,0.182043590138
HEALTH CARE,0.118414257881
INDUSTRIALS,0.179415754355
MATERIALS,0.051034048701
REAL ESTATE,0.069071957136
TECHNOLOGY,0.137165082156
UTILITIES,0.019850072641
