SECTOR,WEIGHT
COMMUNICATION SERVICES,0.028034182111
CONSUMER DISCRETIONARY,0.137208690269
CONSUMER STAPLES,0.024209497369
ENERGY,0.046014744709
FINANCIALS,0.180586252218
HEALTH CARE,0.117937523153
INDUSTRIALS,0.17962957075
MATERIALS,0.051986882774
REAL ESTATE,0.06985198434
TECHNOLOGY,0.144788417559
UTILITIES,0.019752254747
