SECTOR,WEIGHT
COMMUNICATION SERVICES,0.101111748855
CONSUMER DISCRETIONARY,0.102330392917
CONSUMER STAPLES,0.047632999829
ENERGY,0.035584478805
FINANCIALS,0.125605051527
HEALTH CARE,0.088107417163
INDUSTRIALS,0.09946802485
MATERIALS,0.023299567166
REAL ESTATE,0.022376135614
TECHNOLOGY,0.330679586118
UTILITIES,0.023804597155
