SECTOR,WEIGHT
COMMUNICATION SERVICES,0.099916883916
CONSUMER DISCRETIONARY,0.104901890726
CONSUMER STAPLES,0.04712977573
ENERGY,0.029732949213
FINANCIALS,0.133240359968
HEALTH CARE,0.095786405805
INDUSTRIALS,0.092261061947
MATERIALS,0.019371546487
REAL ESTATE,0.021096570751
TECHNOLOGY,0.333579393815
UTILITIES,0.022983161642
