SECTOR,WEIGHT
COMMUNICATION SERVICES,0.100151898734
CONSUMER DISCRETIONARY,0.10217721519
CONSUMER STAPLES,0.048405063291
ENERGY,0.035746835443
FINANCIALS,0.123746835443
HEALTH CARE,0.086784810127
INDUSTRIALS,0.100759493671
MATERIALS,0.019037974684
REAL ESTATE,0.021873417722
TECHNOLOGY,0.337721518987
UTILITIES,0.023594936709
