SECTOR,WEIGHT
COMMUNICATION SERVICES,0.098950820435
CONSUMER DISCRETIONARY,0.100720901307
CONSUMER STAPLES,0.050438316124
ENERGY,0.037135703323
FINANCIALS,0.127688282563
HEALTH CARE,0.092256896576
INDUSTRIALS,0.103384790752
MATERIALS,0.024081125032
REAL ESTATE,0.022508946383
TECHNOLOGY,0.317909095342
UTILITIES,0.024925122163
