SECTOR,WEIGHT
COMMUNICATION SERVICES,0.098311753551
CONSUMER DISCRETIONARY,0.108165947162
CONSUMER STAPLES,0.047522464392
ENERGY,0.028740592091
FINANCIALS,0.137748031246
HEALTH CARE,0.096562918474
INDUSTRIALS,0.092809476532
MATERIALS,0.020063934913
REAL ESTATE,0.021054794496
TECHNOLOGY,0.326100633163
UTILITIES,0.022919453981
