SECTOR,WEIGHT
COMMUNICATION SERVICES,0.104044489383
CONSUMER DISCRETIONARY,0.101718907988
CONSUMER STAPLES,0.047421638018
ENERGY,0.034277047523
FINANCIALS,0.119514661274
HEALTH CARE,0.083619817998
INDUSTRIALS,0.097775530839
MATERIALS,0.018503538928
REAL ESTATE,0.021536905966
TECHNOLOGY,0.349241658241
UTILITIES,0.022345803842
