SECTOR,WEIGHT
COMMUNICATION SERVICES,0.099318933537
CONSUMER DISCRETIONARY,0.107778964888
CONSUMER STAPLES,0.048640968653
ENERGY,0.031197238947
FINANCIALS,0.131015016814
HEALTH CARE,0.09728233913
INDUSTRIALS,0.098069261086
MATERIALS,0.023136700956
REAL ESTATE,0.021018445879
TECHNOLOGY,0.320104291394
UTILITIES,0.022437838716
