SECTOR,WEIGHT
COMMUNICATION SERVICES,0.099477799999
CONSUMER DISCRETIONARY,0.100674207873
CONSUMER STAPLES,0.051068514735
ENERGY,0.038668810167
FINANCIALS,0.12551954314
HEALTH CARE,0.093935501343
INDUSTRIALS,0.100347616464
MATERIALS,0.023260572563
REAL ESTATE,0.022513740981
TECHNOLOGY,0.319271439312
UTILITIES,0.025262253423
