SECTOR,WEIGHT
COMMUNICATION SERVICES,0.098874178568
CONSUMER DISCRETIONARY,0.107723305673
CONSUMER STAPLES,0.048385953843
ENERGY,0.030238928892
FINANCIALS,0.131650089218
HEALTH CARE,0.096144898055
INDUSTRIALS,0.097639602087
MATERIALS,0.022728762708
REAL ESTATE,0.021254114067
TECHNOLOGY,0.322558051869
UTILITIES,0.022802115021
