SECTOR,WEIGHT
COMMUNICATION SERVICES,0.053625596238
CONSUMER DISCRETIONARY,0.08065671026
CONSUMER STAPLES,0.032097445003
ENERGY,0.0391977191
HEALTH CARE,0.131089686777
INDUSTRIALS,0.073362155038
MATERIALS,0.030399988784
REAL ESTATE,0.013457472963
TECHNOLOGY,0.54309485826
UTILITIES,0.003018367578
