SECTOR,WEIGHT
COMMUNICATION SERVICES,0.06384684775
CONSUMER DISCRETIONARY,0.071865290167
CONSUMER STAPLES,0.028766162173
ENERGY,0.032975844442
HEALTH CARE,0.110353813772
INDUSTRIALS,0.073468978651
MATERIALS,0.029868698005
REAL ESTATE,0.012929738398
TECHNOLOGY,0.573017941265
UTILITIES,0.002906685376
