SECTOR,WEIGHT
COMMUNICATION SERVICES,0.054382864095
CONSUMER DISCRETIONARY,0.080688560542
CONSUMER STAPLES,0.031716244161
ENERGY,0.037816754372
HEALTH CARE,0.128942875311
INDUSTRIALS,0.074159452436
MATERIALS,0.029924745019
REAL ESTATE,0.013234462075
TECHNOLOGY,0.546096805043
UTILITIES,0.003037236946
