SECTOR,WEIGHT
COMMUNICATION SERVICES,0.068253764716
CONSUMER DISCRETIONARY,0.070383564279
CONSUMER STAPLES,0.077180690352
ENERGY,0.078996930524
FINANCIALS,0.374746547841
HEALTH CARE,0.066564751517
INDUSTRIALS,0.062277102351
MATERIALS,0.016847055146
REAL ESTATE,0.019116103128
TECHNOLOGY,0.030020556673
UTILITIES,0.135612933473
