SECTOR,WEIGHT
COMMUNICATION SERVICES,0.072058314766
CONSUMER DISCRETIONARY,0.08633441828
CONSUMER STAPLES,0.051275559864
ENERGY,0.022627533292
FINANCIALS,0.368444304133
HEALTH CARE,0.071417836758
INDUSTRIALS,0.072561619532
MATERIALS,0.038830113965
REAL ESTATE,0.024979650955
TECHNOLOGY,0.045434602152
UTILITIES,0.146036046304
