SECTOR,WEIGHT
COMMUNICATION SERVICES,0.067181518178
CONSUMER DISCRETIONARY,0.058925415907
CONSUMER STAPLES,0.077820092817
ENERGY,0.090553962349
FINANCIALS,0.371572631887
HEALTH CARE,0.065502480533
INDUSTRIALS,0.053776233712
MATERIALS,0.017388746245
REAL ESTATE,0.019312935394
TECHNOLOGY,0.032737231609
UTILITIES,0.145228751368
