SECTOR,WEIGHT
COMMUNICATION SERVICES,0.070098513695
CONSUMER DISCRETIONARY,0.059580186868
CONSUMER STAPLES,0.083204674901
ENERGY,0.099186652054
FINANCIALS,0.349648622488
HEALTH CARE,0.067769662742
INDUSTRIALS,0.056139407078
MATERIALS,0.015358017087
REAL ESTATE,0.018907789901
TECHNOLOGY,0.029951083131
UTILITIES,0.150155390055
