SECTOR,WEIGHT
COMMUNICATION SERVICES,0.069646820419
CONSUMER DISCRETIONARY,0.060804263566
CONSUMER STAPLES,0.081502902956
ENERGY,0.096549422625
FINANCIALS,0.353836968059
HEALTH CARE,0.067781208788
INDUSTRIALS,0.057112242272
MATERIALS,0.015136985751
REAL ESTATE,0.018915452411
TECHNOLOGY,0.030512198848
UTILITIES,0.148201534305
