SECTOR,WEIGHT
COMMUNICATION SERVICES,0.066746273079
CONSUMER DISCRETIONARY,0.068808165896
CONSUMER STAPLES,0.077810429975
ENERGY,0.079748208856
FINANCIALS,0.372812241638
HEALTH CARE,0.070138387039
INDUSTRIALS,0.062821670293
MATERIALS,0.017165758166
REAL ESTATE,0.019153582989
TECHNOLOGY,0.029852404507
UTILITIES,0.134942877562
