SECTOR,WEIGHT
COMMUNICATION SERVICES,0.071952516089
CONSUMER DISCRETIONARY,0.086414774749
CONSUMER STAPLES,0.0502187025
ENERGY,0.021063759257
FINANCIALS,0.381539851557
HEALTH CARE,0.065416707092
INDUSTRIALS,0.075086510786
MATERIALS,0.039795971993
REAL ESTATE,0.023743976585
TECHNOLOGY,0.047130186605
UTILITIES,0.137637042786
