SECTOR,WEIGHT
COMMUNICATION SERVICES,0.070216930926
CONSUMER DISCRETIONARY,0.062522967243
CONSUMER STAPLES,0.078129177285
ENERGY,0.084651623853
FINANCIALS,0.358097736569
HEALTH CARE,0.072592006649
INDUSTRIALS,0.061330422898
MATERIALS,0.016922915175
REAL ESTATE,0.020201160503
TECHNOLOGY,0.028543964434
UTILITIES,0.146791094467
