SECTOR,WEIGHT
COMMUNICATION SERVICES,0.072393503978
CONSUMER DISCRETIONARY,0.069347618772
CONSUMER STAPLES,0.069908413521
ENERGY,0.071740742888
FINANCIALS,0.38110751465
HEALTH CARE,0.070850068875
INDUSTRIALS,0.060814741804
MATERIALS,0.015271410664
REAL ESTATE,0.019206970249
TECHNOLOGY,0.031913319725
UTILITIES,0.137445694876
