SECTOR,WEIGHT
COMMUNICATION SERVICES,0.11754958064
CONSUMER DISCRETIONARY,0.055844648167
CONSUMER STAPLES,0.058538488533
ENERGY,0.193892151865
FINANCIALS,0.336096555927
HEALTH CARE,0.152074779963
INDUSTRIALS,0.030412542698
MATERIALS,0.019680419431
REAL ESTATE,0.00560186065
TECHNOLOGY,0.007845219313
UTILITIES,0.022463752814
