SECTOR,WEIGHT
COMMUNICATION SERVICES,0.10438612905
CONSUMER DISCRETIONARY,0.058047810981
CONSUMER STAPLES,0.057260907165
ENERGY,0.18146325675
FINANCIALS,0.345041140505
HEALTH CARE,0.169493822603
INDUSTRIALS,0.030538543621
MATERIALS,0.018781512818
REAL ESTATE,0.00573185595
TECHNOLOGY,0.008376783303
UTILITIES,0.020878237255
