SECTOR,WEIGHT
COMMUNICATION SERVICES,0.071862225866
CONSUMER DISCRETIONARY,0.081634609719
CONSUMER STAPLES,0.049031700075
ENERGY,0.174472755672
FINANCIALS,0.357588353436
HEALTH CARE,0.172893794112
INDUSTRIALS,0.036499878657
MATERIALS,0.016627533854
REAL ESTATE,0.004637013615
TECHNOLOGY,0.013609430226
UTILITIES,0.021142704768
