SECTOR,WEIGHT
COMMUNICATION SERVICES,0.10467838919
CONSUMER DISCRETIONARY,0.057600169921
CONSUMER STAPLES,0.056841594223
ENERGY,0.185043921533
FINANCIALS,0.34303096506
HEALTH CARE,0.169329267368
INDUSTRIALS,0.02975943036
MATERIALS,0.019267822736
REAL ESTATE,0.005743935187
TECHNOLOGY,0.008014605111
UTILITIES,0.020689899312
