SECTOR,WEIGHT
COMMUNICATION SERVICES,0.105786897609
CONSUMER DISCRETIONARY,0.058073463686
CONSUMER STAPLES,0.053712411486
ENERGY,0.175729752438
FINANCIALS,0.356230544575
HEALTH CARE,0.16803514757
INDUSTRIALS,0.030088020773
MATERIALS,0.017830913057
REAL ESTATE,0.00558190386
TECHNOLOGY,0.008498382827
UTILITIES,0.020432562118
