SECTOR,WEIGHT
COMMUNICATION SERVICES,0.065257440977
CONSUMER DISCRETIONARY,0.101061759341
CONSUMER STAPLES,0.131797756244
ENERGY,0.052543840879
FINANCIALS,0.121817014642
HEALTH CARE,0.130842988007
INDUSTRIALS,0.124815822456
MATERIALS,0.039608106869
REAL ESTATE,0.037233923313
TECHNOLOGY,0.132576243899
UTILITIES,0.062445103374
