SECTOR,WEIGHT
COMMUNICATION SERVICES,0.067131735922
CONSUMER DISCRETIONARY,0.100394297847
CONSUMER STAPLES,0.119805884137
ENERGY,0.051663128096
FINANCIALS,0.134870083915
HEALTH CARE,0.121625720352
INDUSTRIALS,0.114649681529
MATERIALS,0.038924274593
REAL ESTATE,0.035992316247
TECHNOLOGY,0.154281670205
UTILITIES,0.060661207158
