SECTOR,WEIGHT
COMMUNICATION SERVICES,0.065678167283
CONSUMER DISCRETIONARY,0.100284063933
CONSUMER STAPLES,0.137883137795
ENERGY,0.05658751533
FINANCIALS,0.123537505127
HEALTH CARE,0.124105228918
INDUSTRIALS,0.12544978473
MATERIALS,0.041381205312
REAL ESTATE,0.036817190919
TECHNOLOGY,0.127261045864
UTILITIES,0.061015154791
