SECTOR,WEIGHT
COMMUNICATION SERVICES,0.106923928655
CONSUMER DISCRETIONARY,0.102648375631
CONSUMER STAPLES,0.056525960219
FINANCIALS,0.130648584243
HEALTH CARE,0.101174047002
INDUSTRIALS,0.094898622355
MATERIALS,0.02215103544
REAL ESTATE,0.020236414112
TECHNOLOGY,0.33942655637
UTILITIES,0.025366475973
