SECTOR,WEIGHT
COMMUNICATION SERVICES,0.110418700561
CONSUMER DISCRETIONARY,0.10566985762
CONSUMER STAPLES,0.050017756573
FINANCIALS,0.133297412161
HEALTH CARE,0.100537001293
INDUSTRIALS,0.082959108359
MATERIALS,0.017060710522
REAL ESTATE,0.018776131139
TECHNOLOGY,0.356817168767
UTILITIES,0.024446153006
