SECTOR,WEIGHT
COMMUNICATION SERVICES,0.112077944231
CONSUMER DISCRETIONARY,0.10758170197
CONSUMER STAPLES,0.054519822197
FINANCIALS,0.135518407401
HEALTH CARE,0.099448129158
INDUSTRIALS,0.091712906754
MATERIALS,0.021442690722
REAL ESTATE,0.019003421599
TECHNOLOGY,0.335312710087
UTILITIES,0.023382265881
