SECTOR,WEIGHT
COMMUNICATION SERVICES,0.109273166872
CONSUMER DISCRETIONARY,0.10233165428
CONSUMER STAPLES,0.05563037699
FINANCIALS,0.129842988641
HEALTH CARE,0.100957792354
INDUSTRIALS,0.096002864051
MATERIALS,0.021761170651
REAL ESTATE,0.020381291811
TECHNOLOGY,0.338097391768
UTILITIES,0.025721302582
