SECTOR,WEIGHT
COMMUNICATION SERVICES,0.11078025435
CONSUMER DISCRETIONARY,0.106169729302
CONSUMER STAPLES,0.049142318066
FINANCIALS,0.134325672363
HEALTH CARE,0.097477391363
INDUSTRIALS,0.083411140626
MATERIALS,0.016801164225
REAL ESTATE,0.018442255603
TECHNOLOGY,0.360206965602
UTILITIES,0.023243108502
