SECTOR,WEIGHT
COMMUNICATION SERVICES,0.108726620672
CONSUMER DISCRETIONARY,0.108743879233
CONSUMER STAPLES,0.050693452432
FINANCIALS,0.133843014862
HEALTH CARE,0.098849095665
INDUSTRIALS,0.089156951583
MATERIALS,0.019710625277
REAL ESTATE,0.018752909736
TECHNOLOGY,0.348136588026
UTILITIES,0.023386862515
