SECTOR,WEIGHT
COMMUNICATION SERVICES,0.110053122181
CONSUMER DISCRETIONARY,0.103337676656
CONSUMER STAPLES,0.051518492533
FINANCIALS,0.124987471184
HEALTH CARE,0.089305402426
INDUSTRIALS,0.092512779393
MATERIALS,0.020447028165
REAL ESTATE,0.019645183923
TECHNOLOGY,0.364137516287
UTILITIES,0.024055327253
