SECTOR,WEIGHT
COMMUNICATION SERVICES,0.111074825898
CONSUMER DISCRETIONARY,0.103209171121
CONSUMER STAPLES,0.050878324772
FINANCIALS,0.124756577418
HEALTH CARE,0.08709820248
INDUSTRIALS,0.08991609434
MATERIALS,0.020138961237
REAL ESTATE,0.019505862177
TECHNOLOGY,0.369474407572
UTILITIES,0.023947572987
