SECTOR,WEIGHT
COMMUNICATION SERVICES,0.109572239333
CONSUMER DISCRETIONARY,0.10248484891
CONSUMER STAPLES,0.054228013996
FINANCIALS,0.133762835678
HEALTH CARE,0.098438206721
INDUSTRIALS,0.092897265433
MATERIALS,0.021264177037
REAL ESTATE,0.019164135217
TECHNOLOGY,0.344892255018
UTILITIES,0.023296022657
