SECTOR,WEIGHT
COMMUNICATION SERVICES,0.114760416521
CONSUMER DISCRETIONARY,0.128370816324
CONSUMER STAPLES,0.049163014469
ENERGY,0.028796466662
FINANCIALS,0.134557361689
HEALTH CARE,0.09665125703
INDUSTRIALS,0.072643857201
MATERIALS,0.010174764901
REAL ESTATE,0.017598619339
TECHNOLOGY,0.325818716202
UTILITIES,0.021464709663
