SECTOR,WEIGHT
COMMUNICATION SERVICES,0.116515894907
CONSUMER DISCRETIONARY,0.127035017989
CONSUMER STAPLES,0.048666098246
ENERGY,0.028148848748
FINANCIALS,0.133754873072
HEALTH CARE,0.100246772075
INDUSTRIALS,0.072397496411
MATERIALS,0.010095312332
REAL ESTATE,0.017875195249
TECHNOLOGY,0.32327843164
UTILITIES,0.021986059332
