SECTOR,WEIGHT
COMMUNICATION SERVICES,0.123965954695
CONSUMER DISCRETIONARY,0.123304286186
CONSUMER STAPLES,0.055614292441
ENERGY,0.032859522454
HEALTH CARE,0.113068003257
INDUSTRIALS,0.096442954435
MATERIALS,0.021627222589
TECHNOLOGY,0.406675120762
UTILITIES,0.02644264318
