SECTOR,WEIGHT
COMMUNICATION SERVICES,0.123697916667
CONSUMER DISCRETIONARY,0.116286057692
CONSUMER STAPLES,0.057792467949
ENERGY,0.039663461538
HEALTH CARE,0.100661057692
INDUSTRIALS,0.103766025641
MATERIALS,0.022836538462
TECHNOLOGY,0.408052884615
UTILITIES,0.027243589744
