SECTOR,WEIGHT
COMMUNICATION SERVICES,0.125783331194
CONSUMER DISCRETIONARY,0.120246854639
CONSUMER STAPLES,0.057129015951
ENERGY,0.033112542928
HEALTH CARE,0.116135619604
INDUSTRIALS,0.094121104407
MATERIALS,0.019536139551
TECHNOLOGY,0.406072471676
UTILITIES,0.02786292005
