SECTOR,WEIGHT
COMMUNICATION SERVICES,0.124299634531
CONSUMER DISCRETIONARY,0.12368567046
CONSUMER STAPLES,0.054332810661
ENERGY,0.0330958737
HEALTH CARE,0.115621874376
INDUSTRIALS,0.097502911815
MATERIALS,0.022067594234
TECHNOLOGY,0.403620180959
UTILITIES,0.025773449264
