SECTOR,WEIGHT
COMMUNICATION SERVICES,0.127653183821
CONSUMER DISCRETIONARY,0.114637565078
CONSUMER STAPLES,0.055867040449
ENERGY,0.037344813777
HEALTH CARE,0.09621545855
INDUSTRIALS,0.100120144173
MATERIALS,0.022026431718
TECHNOLOGY,0.420204245094
UTILITIES,0.025931117341
