SECTOR,WEIGHT
COMMUNICATION SERVICES,0.118466050323
CONSUMER DISCRETIONARY,0.116198862999
CONSUMER STAPLES,0.061137883477
ENERGY,0.047403459114
HEALTH CARE,0.111071130747
INDUSTRIALS,0.105926359511
MATERIALS,0.024225427779
TECHNOLOGY,0.385956067482
UTILITIES,0.029614758568
