SECTOR,WEIGHT
COMMUNICATION SERVICES,0.166393428668
CONSUMER DISCRETIONARY,0.15455790025
CONSUMER STAPLES,0.076260942456
ENERGY,0.054577829766
FINANCIALS,0.186869754106
HEALTH CARE,0.13041214038
INDUSTRIALS,0.134630387604
MATERIALS,0.030190712445
REAL ESTATE,0.029234295992
TECHNOLOGY,0.000966431285
UTILITIES,0.035906177048
