SECTOR,WEIGHT
COMMUNICATION SERVICES,0.159646066312
CONSUMER DISCRETIONARY,0.148345810094
CONSUMER STAPLES,0.078020184685
ENERGY,0.056606534962
FINANCIALS,0.184423830279
HEALTH CARE,0.140786577224
INDUSTRIALS,0.134263844393
MATERIALS,0.030052486598
REAL ESTATE,0.029097182404
TECHNOLOGY,0.000840026143
UTILITIES,0.037917456906
