SECTOR,WEIGHT
COMMUNICATION SERVICES,0.151019082615
CONSUMER DISCRETIONARY,0.148105270122
CONSUMER STAPLES,0.077958266427
ENERGY,0.060438304757
FINANCIALS,0.187337996235
HEALTH CARE,0.14158502579
INDUSTRIALS,0.135494786812
MATERIALS,0.030896235398
REAL ESTATE,0.028523688383
TECHNOLOGY,0.000875045857
UTILITIES,0.037766297604
