SECTOR,WEIGHT
COMMUNICATION SERVICES,0.16422394841
CONSUMER DISCRETIONARY,0.158018105562
CONSUMER STAPLES,0.073643940018
ENERGY,0.044343367217
FINANCIALS,0.199793607038
HEALTH CARE,0.146466725158
INDUSTRIALS,0.12472720191
MATERIALS,0.025228929547
REAL ESTATE,0.027562896649
TECHNOLOGY,0.000898451852
UTILITIES,0.03509282664
