SECTOR,WEIGHT
COMMUNICATION SERVICES,0.160283305052
CONSUMER DISCRETIONARY,0.161147309194
CONSUMER STAPLES,0.071505625058
ENERGY,0.042063253934
FINANCIALS,0.203848782216
HEALTH CARE,0.145646412577
INDUSTRIALS,0.125513410127
MATERIALS,0.027981290949
REAL ESTATE,0.027010916958
TECHNOLOGY,0.000933244892
UTILITIES,0.034066449043
