SECTOR,WEIGHT
COMMUNICATION SERVICES,0.160376724186
CONSUMER DISCRETIONARY,0.159617053945
CONSUMER STAPLES,0.071964956823
ENERGY,0.042526480579
FINANCIALS,0.203283541649
HEALTH CARE,0.146302252417
INDUSTRIALS,0.125538267009
MATERIALS,0.027999417954
REAL ESTATE,0.027223691275
TECHNOLOGY,0.000935287536
UTILITIES,0.034232326628
