SECTOR,WEIGHT
COMMUNICATION SERVICES,0.165930577876
CONSUMER DISCRETIONARY,0.157006336242
CONSUMER STAPLES,0.074108176998
ENERGY,0.047224237226
FINANCIALS,0.189888865288
HEALTH CARE,0.141087581207
INDUSTRIALS,0.129611409243
MATERIALS,0.030053062517
REAL ESTATE,0.027171495329
TECHNOLOGY,0.000863668608
UTILITIES,0.033853404778
