SECTOR,WEIGHT
COMMUNICATION SERVICES,0.152764492252
CONSUMER DISCRETIONARY,0.147399145315
CONSUMER STAPLES,0.080023984134
ENERGY,0.05016614427
FINANCIALS,0.189628065447
HEALTH CARE,0.14509698935
INDUSTRIALS,0.137024403254
MATERIALS,0.031470151184
REAL ESTATE,0.029379560946
TECHNOLOGY,0.000709898268
UTILITIES,0.036337165581
