SECTOR,WEIGHT
COMMUNICATION SERVICES,0.116837663387
CONSUMER DISCRETIONARY,0.116292495254
CONSUMER STAPLES,0.051063077861
ENERGY,0.031107715384
FINANCIALS,0.147841967505
INDUSTRIALS,0.092168554341
MATERIALS,0.020757552787
REAL ESTATE,0.019499549709
TECHNOLOGY,0.38019603965
UTILITIES,0.024235384123
