SECTOR,WEIGHT
COMMUNICATION SERVICES,0.116228444682
CONSUMER DISCRETIONARY,0.11563274138
CONSUMER STAPLES,0.052134586755
ENERGY,0.030802783029
FINANCIALS,0.147350677374
INDUSTRIALS,0.091000962367
MATERIALS,0.020293090043
REAL ESTATE,0.019716473356
TECHNOLOGY,0.382053759963
UTILITIES,0.024786481051
