SECTOR,WEIGHT
COMMUNICATION SERVICES,0.116607436472
CONSUMER DISCRETIONARY,0.11764463491
CONSUMER STAPLES,0.053583560807
ENERGY,0.031083791965
FINANCIALS,0.148836970898
INDUSTRIALS,0.090619183347
MATERIALS,0.018797211625
REAL ESTATE,0.019763052419
TECHNOLOGY,0.377797521176
UTILITIES,0.025266636382
