SECTOR,WEIGHT
COMMUNICATION SERVICES,0.117006489345
CONSUMER DISCRETIONARY,0.108734577792
CONSUMER STAPLES,0.053659269348
ENERGY,0.038374258933
FINANCIALS,0.131406224964
INDUSTRIALS,0.094626261817
MATERIALS,0.021229570582
REAL ESTATE,0.020560607274
TECHNOLOGY,0.389121334722
UTILITIES,0.025281405224
