SECTOR,WEIGHT
COMMUNICATION SERVICES,0.119874507003
CONSUMER DISCRETIONARY,0.115052638232
CONSUMER STAPLES,0.05831290778
ENERGY,0.036705798784
FINANCIALS,0.144973106493
INDUSTRIALS,0.098117906029
MATERIALS,0.022940497176
REAL ESTATE,0.02032488921
TECHNOLOGY,0.358675400744
UTILITIES,0.025022348549
