SECTOR,WEIGHT
COMMUNICATION SERVICES,0.111798184309
CONSUMER DISCRETIONARY,0.109729611574
CONSUMER STAPLES,0.057744563855
ENERGY,0.044773620133
FINANCIALS,0.138704670382
INDUSTRIALS,0.100305222269
MATERIALS,0.022874624238
REAL ESTATE,0.021126915911
TECHNOLOGY,0.364961205488
UTILITIES,0.027981381843
