SECTOR,WEIGHT
COMMUNICATION SERVICES,0.116816992001
CONSUMER DISCRETIONARY,0.113741539493
CONSUMER STAPLES,0.051910184336
ENERGY,0.031845944228
FINANCIALS,0.144257096986
INDUSTRIALS,0.089999407601
MATERIALS,0.017990844931
REAL ESTATE,0.019498951254
TECHNOLOGY,0.389423776873
UTILITIES,0.024515262297
