SECTOR,WEIGHT
COMMUNICATION SERVICES,0.116796588914
CONSUMER DISCRETIONARY,0.109297215952
CONSUMER STAPLES,0.059449209932
ENERGY,0.03934487083
FINANCIALS,0.138754953599
INDUSTRIALS,0.10248708302
MATERIALS,0.023239528468
REAL ESTATE,0.021771758214
TECHNOLOGY,0.361358414848
UTILITIES,0.027500376223
