SECTOR,WEIGHT
COMMUNICATION SERVICES,0.118823112514
CONSUMER DISCRETIONARY,0.11358696907
CONSUMER STAPLES,0.0539625941
ENERGY,0.031278327727
FINANCIALS,0.143536183699
INDUSTRIALS,0.089402933084
MATERIALS,0.018443953891
REAL ESTATE,0.020301098325
TECHNOLOGY,0.38433654268
UTILITIES,0.026328284912
