SECTOR,WEIGHT
COMMUNICATION SERVICES,0.106370018502
CONSUMER DISCRETIONARY,0.098750513533
CONSUMER STAPLES,0.05197674583
ENERGY,0.037705339352
FINANCIALS,0.122896489042
HEALTH CARE,0.093778719382
INDUSTRIALS,0.089604151465
MATERIALS,0.020018276119
REAL ESTATE,0.019366157815
TECHNOLOGY,0.334230199476
UTILITIES,0.025303389485
