SECTOR,WEIGHT
COMMUNICATION SERVICES,0.105921244389
CONSUMER DISCRETIONARY,0.106532096367
CONSUMER STAPLES,0.047060478272
ENERGY,0.028936540023
FINANCIALS,0.133961960977
HEALTH CARE,0.097028945243
INDUSTRIALS,0.083859310265
MATERIALS,0.01897109141
REAL ESTATE,0.017714477048
TECHNOLOGY,0.338102549366
UTILITIES,0.02191130664
