SECTOR,WEIGHT
COMMUNICATION SERVICES,0.102353760653
CONSUMER DISCRETIONARY,0.098980835618
CONSUMER STAPLES,0.052984420098
ENERGY,0.03443416877
FINANCIALS,0.126617520199
HEALTH CARE,0.09691035247
INDUSTRIALS,0.092538830561
MATERIALS,0.021146250626
REAL ESTATE,0.019247617448
TECHNOLOGY,0.330655891352
UTILITIES,0.024130352205
