SECTOR,WEIGHT
COMMUNICATION SERVICES,0.105047058001
CONSUMER DISCRETIONARY,0.105499395484
CONSUMER STAPLES,0.046859586925
ENERGY,0.027563370761
FINANCIALS,0.133583714017
HEALTH CARE,0.09542012853
INDUSTRIALS,0.082395233163
MATERIALS,0.018342628218
REAL ESTATE,0.017690995609
TECHNOLOGY,0.345267016485
UTILITIES,0.022330872808
