SECTOR,WEIGHT
COMMUNICATION SERVICES,0.103819488724
CONSUMER DISCRETIONARY,0.098818344572
CONSUMER STAPLES,0.051872377968
ENERGY,0.038332337546
FINANCIALS,0.124463926058
HEALTH CARE,0.094749859606
INDUSTRIALS,0.091354870122
MATERIALS,0.021030586749
REAL ESTATE,0.019170930862
TECHNOLOGY,0.331034414729
UTILITIES,0.025352863062
