SECTOR,WEIGHT
COMMUNICATION SERVICES,0.106075306253
CONSUMER DISCRETIONARY,0.098712332803
CONSUMER STAPLES,0.05282951195
ENERGY,0.036810295691
FINANCIALS,0.121721629846
HEALTH CARE,0.095057062352
INDUSTRIALS,0.089014095854
MATERIALS,0.020392010595
REAL ESTATE,0.019315990438
TECHNOLOGY,0.33505895233
UTILITIES,0.025012811888
