SECTOR,WEIGHT
COMMUNICATION SERVICES,0.106328509598
CONSUMER DISCRETIONARY,0.105818604776
CONSUMER STAPLES,0.049546270291
ENERGY,0.030565052742
FINANCIALS,0.127752127302
HEALTH CARE,0.097225862723
INDUSTRIALS,0.086888867327
MATERIALS,0.019841189058
REAL ESTATE,0.017999252952
TECHNOLOGY,0.335679549009
UTILITIES,0.022354714223
