SECTOR,WEIGHT
COMMUNICATION SERVICES,0.106968512404
CONSUMER DISCRETIONARY,0.102305160531
CONSUMER STAPLES,0.048578098826
ENERGY,0.028155700589
FINANCIALS,0.129281346758
HEALTH CARE,0.098763368205
INDUSTRIALS,0.080849664318
MATERIALS,0.016639781041
REAL ESTATE,0.018277047181
TECHNOLOGYQ,0.34648108022
UTILITIES,0.023700239927
