SECTOR,WEIGHT
COMMUNICATION SERVICES,0.105874202568
CONSUMER DISCRETIONARY,0.09867637086
CONSUMER STAPLES,0.051753506274
ENERGY,0.03585882862
FINANCIALS,0.12451339268
HEALTH CARE,0.091943758746
INDUSTRIALS,0.092136282037
MATERIALS,0.020838299956
REAL ESTATE,0.019288188306
TECHNOLOGY,0.334135266912
UTILITIES,0.024981903041
