SECTOR,WEIGHT
COMMUNICATION SERVICES,0.053815174305
CONSUMER DISCRETIONARY,0.037271737233
CONSUMER STAPLES,0.175864219831
ENERGY,0.079761830652
FINANCIALS,0.118250969978
HEALTH CARE,0.051150290152
INDUSTRIALS,0.025327625201
MATERIALS,0.066622667382
REAL ESTATE,0.253868494329
TECHNOLOGY,0.023109385812
UTILITIES,0.114957605127
