SECTOR,WEIGHT
COMMUNICATION SERVICES,0.054317973756
CONSUMER DISCRETIONARY,0.036110263452
CONSUMER STAPLES,0.164988302309
ENERGY,0.088597294273
FINANCIALS,0.12084223375
HEALTH CARE,0.051876716509
INDUSTRIALS,0.023395381955
MATERIALS,0.054623130912
REAL ESTATE,0.262536873156
TECHNOLOGY,0.025633201099
UTILITIES,0.117078628827
