SECTOR,WEIGHT
COMMUNICATION SERVICES,0.02207962848
CONSUMER DISCRETIONARY,0.042588748505
CONSUMER STAPLES,0.160600333815
ENERGY,0.069909483281
FINANCIALS,0.171971249348
HEALTH CARE,0.092777555993
INDUSTRIALS,0.027808674583
MATERIALS,0.05628320466
REAL ESTATE,0.212970309122
TECHNOLOGY,0.009678180612
UTILITIES,0.1333326316
