SECTOR,WEIGHT
COMMUNICATION SERVICES,0.024382664547
CONSUMER DISCRETIONARY,0.045238133133
CONSUMER STAPLES,0.165105165426
ENERGY,0.067382493134
FINANCIALS,0.159056570293
HEALTH CARE,0.090502557861
INDUSTRIALS,0.025001356556
MATERIALS,0.052969893067
REAL ESTATE,0.219190395217
TECHNOLOGY,0.012146807482
UTILITIES,0.139023963286
