SECTOR,WEIGHT
COMMUNICATION SERVICES,0.022976620088
CONSUMER DISCRETIONARY,0.043037881637
CONSUMER STAPLES,0.160301028328
ENERGY,0.07153020602
FINANCIALS,0.171859532533
HEALTH CARE,0.09127852909
INDUSTRIALS,0.026727229731
MATERIALS,0.055349007008
REAL ESTATE,0.212294309384
TECHNOLOGY,0.009506822835
UTILITIES,0.135138833346
