SECTOR,WEIGHT
COMMUNICATION SERVICES,0.050890585242
CONSUMER DISCRETIONARY,0.035114503817
CONSUMER STAPLES,0.166208651399
ENERGY,0.086921119593
FINANCIALS,0.121526717557
HEALTH CARE,0.054351145038
INDUSTRIALS,0.023002544529
MATERIALS,0.053944020356
REAL ESTATE,0.268396946565
TECHNOLOGY,0.026768447837
UTILITIES,0.112875318066
