SECTOR,WEIGHT
COMMUNICATION SERVICES,0.056388342388
CONSUMER DISCRETIONARY,0.035519835715
CONSUMER STAPLES,0.173670889471
ENERGY,0.084336359351
FINANCIALS,0.113915168866
HEALTH CARE,0.050542024582
INDUSTRIALS,0.02265493833
MATERIALS,0.066061032316
REAL ESTATE,0.257822674677
TECHNOLOGY,0.023406151976
UTILITIES,0.115682582328
