SECTOR,WEIGHT
COMMUNICATION SERVICES,0.052413120893
CONSUMER DISCRETIONARY,0.037776751174
CONSUMER STAPLES,0.181168935569
ENERGY,0.076938091563
FINANCIALS,0.123966045727
HEALTH CARE,0.050478439835
INDUSTRIALS,0.025522193624
MATERIALS,0.06429155577
REAL ESTATE,0.25170596847
TECHNOLOGY,0.024577782381
UTILITIES,0.111161114995
