SECTOR,WEIGHT
COMMUNICATION SERVICES,0.166298475403
CONSUMER DISCRETIONARY,0.092344181454
CONSUMER STAPLES,0.011560276411
FINANCIALS,0.097987470164
HEALTH CARE,0.070250074874
INDUSTRIALS,0.064957187294
MATERIALS,0.00424458503
REAL ESTATE,0.006234159241
TECHNOLOGY,0.481754119056
UTILITIES,0.004369471073
