SECTOR,WEIGHT
COMMUNICATION SERVICES,0.176075711308
CONSUMER DISCRETIONARY,0.092402706202
CONSUMER STAPLES,0.010735680712
FINANCIALS,0.08906483871
HEALTH CARE,0.058137696577
INDUSTRIALS,0.067393248451
MATERIALS,0.003643652615
REAL ESTATE,0.006028452461
TECHNOLOGY,0.492308495815
UTILITIES,0.004209517148
