SECTOR,WEIGHT
COMMUNICATION SERVICES,0.163460224058
CONSUMER DISCRETIONARY,0.092328289809
CONSUMER STAPLES,0.011374922057
FINANCIALS,0.098008027563
HEALTH CARE,0.070250940779
INDUSTRIALS,0.066243381894
MATERIALS,0.004489113025
REAL ESTATE,0.006246227901
TECHNOLOGY,0.48298275605
UTILITIES,0.004616116864
