SECTOR,WEIGHT
COMMUNICATION SERVICES,0.170962852711
CONSUMER DISCRETIONARY,0.093166833819
CONSUMER STAPLES,0.010457707944
FINANCIALS,0.091178401535
HEALTH CARE,0.059818001813
INDUSTRIALS,0.065657087896
MATERIALS,0.003813841909
REAL ESTATE,0.006091967767
TECHNOLOGY,0.494486193986
UTILITIES,0.00436711062
