SECTOR,WEIGHT
COMMUNICATION SERVICES,0.161676417136
CONSUMER DISCRETIONARY,0.094785973983
CONSUMER STAPLES,0.010975017102
FINANCIALS,0.098508367084
HEALTH CARE,0.06824975272
INDUSTRIALS,0.068903356448
MATERIALS,0.003784535254
REAL ESTATE,0.006320701903
TECHNOLOGY,0.48214992153
UTILITIES,0.00464595684
