SECTOR,WEIGHT
COMMUNICATION SERVICES,0.164907787491
CONSUMER DISCRETIONARY,0.098868383036
CONSUMER STAPLES,0.009759105935
FINANCIALS,0.100625699819
HEALTH CARE,0.067589414884
INDUSTRIALS,0.056433069526
MATERIALS,0.003599352943
REAL ESTATE,0.005467361175
TECHNOLOGY,0.488004439583
UTILITIES,0.004745385608
