SECTOR,WEIGHT
COMMUNICATION SERVICES,0.167533506701
CONSUMER DISCRETIONARY,0.092418483697
CONSUMER STAPLES,0.010902180436
FINANCIALS,0.089717943589
HEALTH CARE,0.059311862372
INDUSTRIALS,0.067713542709
MATERIALS,0.003700740148
REAL ESTATE,0.005801160232
TECHNOLOGY,0.498799759952
UTILITIES,0.004100820164
