SECTOR,WEIGHT
COMMUNICATION SERVICES,0.168600251899
CONSUMER DISCRETIONARY,0.097911822398
CONSUMER STAPLES,0.01020089324
FINANCIALS,0.098638500183
HEALTH CARE,0.066819368053
INDUSTRIALS,0.060068918629
MATERIALS,0.003963650623
REAL ESTATE,0.005484921501
TECHNOLOGY,0.483495369573
UTILITIES,0.0048163039
