SECTOR,WEIGHT
COMMUNICATION SERVICES,0.106431026019
CONSUMER DISCRETIONARY,0.100540009818
CONSUMER STAPLES,0.048993618066
ENERGY,0.032989690722
FINANCIALS,0.122533136966
HEALTH CARE,0.086794305351
INDUSTRIALS,0.088659793814
MATERIALS,0.020127638684
REAL ESTATE,0.019538537064
TECHNOLOGY,0.350122729504
UTILITIES,0.023269513991
