SECTOR,WEIGHT
COMMUNICATION SERVICES,0.103401375522
CONSUMER DISCRETIONARY,0.099104869574
CONSUMER STAPLES,0.053308499736
ENERGY,0.034136855674
FINANCIALS,0.124635702733
HEALTH CARE,0.096255544524
INDUSTRIALS,0.090880158209
MATERIALS,0.021084204711
REAL ESTATE,0.019504916011
TECHNOLOGY,0.332465291678
UTILITIES,0.025222581627
