SECTOR,WEIGHT
COMMUNICATION SERVICES,0.106083786368
CONSUMER DISCRETIONARY,0.104621101388
CONSUMER STAPLES,0.051313356681
ENERGY,0.031968394768
FINANCIALS,0.1283661568
HEALTH CARE,0.096800050562
INDUSTRIALS,0.085252062356
MATERIALS,0.019049013992
REAL ESTATE,0.017927421531
TECHNOLOGY,0.334566616874
UTILITIES,0.02405203868
