SECTOR,WEIGHT
COMMUNICATION SERVICES,0.10338291296
CONSUMER DISCRETIONARY,0.099703366037
CONSUMER STAPLES,0.051707528757
ENERGY,0.039562914426
FINANCIALS,0.124685711645
HEALTH CARE,0.093626036285
INDUSTRIALS,0.089526601125
MATERIALS,0.020270154887
REAL ESTATE,0.018794518952
TECHNOLOGY,0.333748868662
UTILITIES,0.024991386264
