SECTOR,WEIGHT
COMMUNICATION SERVICES,0.105220618657
CONSUMER DISCRETIONARY,0.103968293307
CONSUMER STAPLES,0.050632181524
ENERGY,0.029915199972
FINANCIALS,0.13655201854
HEALTH CARE,0.095630922118
INDUSTRIALS,0.079328438002
MATERIALS,0.015864473715
REAL ESTATE,0.017955391726
TECHNOLOGY,0.340622379398
UTILITIES,0.02431008304
