SECTOR,WEIGHT
COMMUNICATION SERVICES,0.105864745157
CONSUMER DISCRETIONARY,0.099871005398
CONSUMER STAPLES,0.052645605317
ENERGY,0.037507739169
FINANCIALS,0.12285595873
HEALTH CARE,0.094290696885
INDUSTRIALS,0.088641483164
MATERIALS,0.020202398915
REAL ESTATE,0.019700809535
TECHNOLOGY,0.332733114931
UTILITIES,0.025686442799
