SECTOR,WEIGHT
COMMUNICATION SERVICES,0.107159187896
CONSUMER DISCRETIONARY,0.09954183839
CONSUMER STAPLES,0.049115044691
ENERGY,0.035149070119
FINANCIALS,0.120377735687
HEALTH CARE,0.083982954267
INDUSTRIALS,0.086865600258
MATERIALS,0.019437098583
REAL ESTATE,0.018834754645
TECHNOLOGY,0.356413512115
UTILITIES,0.023123203349
