SECTOR,WEIGHT
COMMUNICATION SERVICES,0.105800594666
CONSUMER DISCRETIONARY,0.103079718856
CONSUMER STAPLES,0.047392928127
ENERGY,0.028835673527
FINANCIALS,0.130034020966
HEALTH CARE,0.093799087966
INDUSTRIALS,0.081643304802
MATERIALS,0.016290192024
REAL ESTATE,0.01765463711
TECHNOLOGY,0.353258038405
UTILITIES,0.022211803552
