SECTOR,WEIGHT
COMMUNICATION SERVICES,0.103090916912
CONSUMER DISCRETIONARY,0.098917543872
CONSUMER STAPLES,0.054499930477
ENERGY,0.034148234769
FINANCIALS,0.125973445263
HEALTH CARE,0.097531087728
INDUSTRIALS,0.091734180545
MATERIALS,0.021360027449
REAL ESTATE,0.019509418599
TECHNOLOGY,0.328766164068
UTILITIES,0.024469050318
