SECTOR,WEIGHT
COMMUNICATION SERVICES,0.102999083608
CONSUMER DISCRETIONARY,0.099375532728
CONSUMER STAPLES,0.051601085264
ENERGY,0.039184771082
FINANCIALS,0.12406109815
HEALTH CARE,0.093560043699
INDUSTRIALS,0.091484155218
MATERIALS,0.020476764055
REAL ESTATE,0.018788041282
TECHNOLOGY,0.333656805113
UTILITIES,0.024812619801
