SECTOR,WEIGHT
COMMUNICATION SERVICES,0.103596759626
CONSUMER DISCRETIONARY,0.098893635579
CONSUMER STAPLES,0.053215718557
ENERGY,0.033802078697
FINANCIALS,0.124286704522
HEALTH CARE,0.09599594303
INDUSTRIALS,0.090924731011
MATERIALS,0.021063034065
REAL ESTATE,0.019151577227
TECHNOLOGY,0.334580964851
UTILITIES,0.024488852836
