SECTOR,WEIGHT
COMMUNICATION SERVICES,0.035324498629
CONSUMER DISCRETIONARY,0.083072344659
CONSUMER STAPLES,0.069731885647
ENERGY,0.056716882453
FINANCIALS,0.167618523053
HEALTH CARE,0.144014576216
INDUSTRIALS,0.084955834084
MATERIALS,0.032178462483
REAL ESTATE,0.026479410032
TECHNOLOGY,0.262951712874
UTILITIES,0.03695586987
