SECTOR,WEIGHT
COMMUNICATION SERVICES,0.034915828679
CONSUMER DISCRETIONARY,0.114362147327
CONSUMER STAPLES,0.089515595125
ENERGY,0.06185806069
FINANCIALS,0.170799213579
HEALTH CARE,0.129486862249
INDUSTRIALS,0.113651158426
MATERIALS,0.036300379148
REAL ESTATE,0.031665107897
TECHNOLOGY,0.175545623241
UTILITIES,0.041900023641
