SECTOR,WEIGHT
COMMUNICATION SERVICES,0.03455651162
CONSUMER DISCRETIONARY,0.082575819578
CONSUMER STAPLES,0.069795925178
ENERGY,0.059122740411
FINANCIALS,0.163781440597
HEALTH CARE,0.14487917812
INDUSTRIALS,0.083769167185
MATERIALS,0.031392619379
REAL ESTATE,0.026868421637
TECHNOLOGY,0.266041686276
UTILITIES,0.037216490018
