SECTOR,WEIGHT
COMMUNICATION SERVICES,0.034679445736
CONSUMER DISCRETIONARY,0.109205498964
CONSUMER STAPLES,0.093385014502
ENERGY,0.074180926599
FINANCIALS,0.158632360846
HEALTH CARE,0.119594251302
INDUSTRIALS,0.114757038617
MATERIALS,0.03913424409
REAL ESTATE,0.034355417414
TECHNOLOGY,0.175689610842
UTILITIES,0.046386191088
