SECTOR,WEIGHT
COMMUNICATION SERVICES,0.036322646116
CONSUMER DISCRETIONARY,0.106287727903
CONSUMER STAPLES,0.10090832237
ENERGY,0.070835600178
FINANCIALS,0.156638340147
HEALTH CARE,0.125112797065
INDUSTRIALS,0.119308396065
MATERIALS,0.039456604493
REAL ESTATE,0.033315619345
TECHNOLOGY,0.166875278978
UTILITIES,0.044938667339
