SECTOR,WEIGHT
COMMUNICATION SERVICES,0.036191711274
CONSUMER DISCRETIONARY,0.10618098596
CONSUMER STAPLES,0.098055756828
ENERGY,0.071734553239
FINANCIALS,0.157554330009
HEALTH CARE,0.125756969538
INDUSTRIALS,0.120972229457
MATERIALS,0.039198330704
REAL ESTATE,0.033329681207
TECHNOLOGY,0.165719372297
UTILITIES,0.045306079487
