SECTOR,WEIGHT
COMMUNICATION SERVICES,0.034949494949
CONSUMER DISCRETIONARY,0.109696969697
CONSUMER STAPLES,0.09595959596
ENERGY,0.074343434343
FINANCIALS,0.157878787879
HEALTH CARE,0.11898989899
INDUSTRIALS,0.115555555556
MATERIALS,0.029898989899
REAL ESTATE,0.034848484848
TECHNOLOGY,0.181616161616
UTILITIES,0.046262626263
