SECTOR,WEIGHT
COMMUNICATION SERVICES,0.035812489487
CONSUMER DISCRETIONARY,0.10572039904
CONSUMER STAPLES,0.098387246204
ENERGY,0.070912752845
FINANCIALS,0.157482267261
HEALTH CARE,0.124900278874
INDUSTRIALS,0.119754190361
MATERIALS,0.039134454741
REAL ESTATE,0.03349748155
TECHNOLOGY,0.168687122089
UTILITIES,0.045711317548
