SECTOR,WEIGHT
COMMUNICATION SERVICES,0.034376617999
CONSUMER DISCRETIONARY,0.112820741656
CONSUMER STAPLES,0.093368867546
ENERGY,0.067117420594
FINANCIALS,0.160299925494
HEALTH CARE,0.124550452689
INDUSTRIALS,0.116425962602
MATERIALS,0.037714452109
REAL ESTATE,0.032407592993
TECHNOLOGY,0.172323931286
UTILITIES,0.043292303142
