SECTOR,WEIGHT
COMMUNICATION SERVICES,0.033713535884
CONSUMER DISCRETIONARY,0.110628848289
CONSUMER STAPLES,0.09508428384
ENERGY,0.072070253356
FINANCIALS,0.154436257192
HEALTH CARE,0.115776723529
INDUSTRIALS,0.112142929242
MATERIALS,0.028868476835
REAL ESTATE,0.034521045725
TECHNOLOGY,0.198041788634
UTILITIES,0.044715857475
