SECTOR,WEIGHT
COMMUNICATION SERVICES,0.108553925233
CONSUMER DISCRETIONARY,0.108079397755
CONSUMER STAPLES,0.048266869393
ENERGY,0.009394244501
FINANCIALS,0.136681668808
HEALTH CARE,0.099455443327
INDUSTRIALS,0.085361780734
MATERIALS,0.018013657372
REAL ESTATE,0.018176351362
TECHNOLOGY,0.34562718949
UTILITIES,0.022389472027
