SECTOR,WEIGHT
COMMUNICATION SERVICES,0.108362918103
CONSUMER DISCRETIONARY,0.107172607904
CONSUMER STAPLES,0.050551904233
ENERGY,0.009463219661
FINANCIALS,0.131257195339
HEALTH CARE,0.09852656218
INDUSTRIALS,0.088201528811
MATERIALS,0.018607463304
REAL ESTATE,0.018707578911
TECHNOLOGY,0.345909587
UTILITIES,0.023239434555
