SECTOR,WEIGHT
COMMUNICATION SERVICES,0.108106388578
CONSUMER DISCRETIONARY,0.10570543711
CONSUMER STAPLES,0.048270723517
ENERGY,0.008860529903
FINANCIALS,0.13560049359
HEALTH CARE,0.098187977551
INDUSTRIALS,0.083674186485
MATERIALS,0.017368419402
REAL ESTATE,0.018278619515
TECHNOLOGY,0.352968570224
UTILITIES,0.022978654126
