SECTOR,WEIGHT
COMMUNICATION SERVICES,0.104388351531
CONSUMER DISCRETIONARY,0.10261502461
CONSUMER STAPLES,0.054103311939
ENERGY,0.012964923342
FINANCIALS,0.129885125835
HEALTH CARE,0.098224242904
INDUSTRIALS,0.092375676334
MATERIALS,0.021454745389
REAL ESTATE,0.019757891345
TECHNOLOGY,0.338090471992
UTILITIES,0.026140234779
