SECTOR,WEIGHT
COMMUNICATION SERVICES,0.11111640565
CONSUMER DISCRETIONARY,0.103698012362
CONSUMER STAPLES,0.049845642886
ENERGY,0.011162804902
FINANCIALS,0.126172902797
HEALTH CARE,0.090133240148
INDUSTRIALS,0.08911570075
MATERIALS,0.02077318736
REAL ESTATE,0.019749420009
TECHNOLOGY,0.353733107178
UTILITIES,0.024499575958
