SECTOR,WEIGHT
COMMUNICATION SERVICES,0.109159336954
CONSUMER DISCRETIONARY,0.107521059368
CONSUMER STAPLES,0.050909017456
ENERGY,0.009911337323
FINANCIALS,0.130577901409
HEALTH CARE,0.099827215563
INDUSTRIALS,0.088500246979
MATERIALS,0.018916500285
REAL ESTATE,0.018495213983
TECHNOLOGY,0.343311573705
UTILITIES,0.022870596973
