SECTOR,WEIGHT
COMMUNICATION SERVICES,0.109724179585
CONSUMER DISCRETIONARY,0.103281658949
CONSUMER STAPLES,0.051238171935
ENERGY,0.011274411113
FINANCIALS,0.124823837326
HEALTH CARE,0.089289309442
INDUSTRIALS,0.090597946447
MATERIALS,0.016005637206
REAL ESTATE,0.019629555063
TECHNOLOGY,0.360076504933
UTILITIES,0.024058788001
