SECTOR,WEIGHT
COMMUNICATION SERVICES,0.109494637278
CONSUMER DISCRETIONARY,0.10111893974
CONSUMER STAPLES,0.054547737759
ENERGY,0.011805945097
FINANCIALS,0.125216152953
HEALTH CARE,0.098120149392
INDUSTRIALS,0.090928788631
MATERIALS,0.019837838782
REAL ESTATE,0.019928506383
TECHNOLOGY,0.343173194796
UTILITIES,0.025828109189
