SECTOR,WEIGHT
COMMUNICATION SERVICES,0.048485285149
CONSUMER DISCRETIONARY,0.14820084166
CONSUMER STAPLES,0.051539779975
ENERGY,0.050211429899
FINANCIALS,0.213663435261
HEALTH CARE,0.177632573701
INDUSTRIALS,0.142676366633
MATERIALS,0.04338194479
REAL ESTATE,0.006319049595
TECHNOLOGY,0.115212297538
UTILITIES,0.002676995798
