SECTOR,WEIGHT
COMMUNICATION SERVICES,0.058168619393
CONSUMER DISCRETIONARY,0.146792901895
CONSUMER STAPLES,0.06132854092
ENERGY,0.04762914967
FINANCIALS,0.22406550978
HEALTH CARE,0.178218361892
INDUSTRIALS,0.123219766077
MATERIALS,0.039250508638
REAL ESTATE,0.005791505792
TECHNOLOGY,0.112817684246
UTILITIES,0.002717451697
