SECTOR,WEIGHT
COMMUNICATION SERVICES,0.06180635576
CONSUMER DISCRETIONARY,0.144399616105
CONSUMER STAPLES,0.059433865699
ENERGY,0.045176629402
FINANCIALS,0.221411798806
HEALTH CARE,0.174919709302
INDUSTRIALS,0.126400716713
MATERIALS,0.038836476553
REAL ESTATE,0.00597328339
TECHNOLOGY,0.119129201897
UTILITIES,0.002512346373
