SECTOR,WEIGHT
COMMUNICATION SERVICES,0.055232953293
CONSUMER DISCRETIONARY,0.134764620058
CONSUMER STAPLES,0.033585429633
ENERGY,0.067580670984
FINANCIALS,0.210625098803
HEALTH CARE,0.194013124044
INDUSTRIALS,0.14191870423
MATERIALS,0.041248002545
REAL ESTATE,0.007642434745
TECHNOLOGY,0.103426609971
UTILITIES,0.009962351695
