SECTOR,WEIGHT
COMMUNICATION SERVICES,0.06747538621
CONSUMER DISCRETIONARY,0.141649731192
CONSUMER STAPLES,0.062684198594
ENERGY,0.045008218091
FINANCIALS,0.225177721281
HEALTH CARE,0.180685664087
INDUSTRIALS,0.116310279496
MATERIALS,0.038170604333
REAL ESTATE,0.005915608706
TECHNOLOGY,0.114167705736
UTILITIES,0.002754882275
