SECTOR,WEIGHT
COMMUNICATION SERVICES,0.0468909929
CONSUMER DISCRETIONARY,0.159566390706
CONSUMER STAPLES,0.05377731022
ENERGY,0.050200490936
FINANCIALS,0.212536655029
HEALTH CARE,0.178294124523
INDUSTRIALS,0.135622335046
MATERIALS,0.038352975855
REAL ESTATE,0.006137207967
TECHNOLOGY,0.115865973461
UTILITIES,0.002755543358
