SECTOR,WEIGHT
COMMUNICATION SERVICES,0.060713561727
CONSUMER DISCRETIONARY,0.143117778228
CONSUMER STAPLES,0.055037502534
ENERGY,0.04206365295
FINANCIALS,0.218832353537
HEALTH CARE,0.177782282587
INDUSTRIALS,0.126697749848
MATERIALS,0.040036488952
REAL ESTATE,0.006284208392
TECHNOLOGY,0.126799108048
UTILITIES,0.002635313197
