SECTOR,WEIGHT
COMMUNICATION SERVICES,0.051852115396
CONSUMER DISCRETIONARY,0.156111370891
CONSUMER STAPLES,0.055950759347
ENERGY,0.055408949519
FINANCIALS,0.215044625612
HEALTH CARE,0.174362128205
INDUSTRIALS,0.127851871429
MATERIALS,0.037553621892
REAL ESTATE,0.006035131234
TECHNOLOGY,0.116949600504
UTILITIES,0.00287982597
