SECTOR,WEIGHT
COMMUNICATION SERVICES,0.055322430603
CONSUMER DISCRETIONARY,0.135561600696
CONSUMER STAPLES,0.033086739933
ENERGY,0.065651969056
FINANCIALS,0.210868567194
HEALTH CARE,0.190173246294
INDUSTRIALS,0.142780196281
MATERIALS,0.041045317075
REAL ESTATE,0.008239468099
TECHNOLOGY,0.107615467326
UTILITIES,0.009654997443
