SECTOR,WEIGHT
COMMUNICATION SERVICES,0.055822684224
CONSUMER DISCRETIONARY,0.14921185781
CONSUMER STAPLES,0.050808616048
ENERGY,0.043368091593
FINANCIALS,0.217970574403
HEALTH CARE,0.19494255157
INDUSTRIALS,0.132627019006
MATERIALS,0.042977872016
REAL ESTATE,0.005688083809
TECHNOLOGY,0.103830841334
UTILITIES,0.002751808186
