SECTOR,WEIGHT
COMMUNICATION SERVICES,0.064088285917
CONSUMER DISCRETIONARY,0.146603219601
CONSUMER STAPLES,0.058418548142
ENERGY,0.042725523945
FINANCIALS,0.222942188924
HEALTH CARE,0.17707806014
INDUSTRIALS,0.122810570011
MATERIALS,0.038776956566
REAL ESTATE,0.005770983092
TECHNOLOGY,0.118355776045
UTILITIES,0.002429887618
