SECTOR,WEIGHT
FINANCIALS,0.528498149334
REAL ESTATE,0.471501850666
