SECTOR,WEIGHT
FINANCIALS,0.516330273256
REAL ESTATE,0.483669726744
