SECTOR,WEIGHT
FINANCIALS,0.533075624762
REAL ESTATE,0.466924375238
