SECTOR,WEIGHT
COMMUNICATION SERVICES,0.062183731124
CONSUMER DISCRETIONARY,0.094281047552
CONSUMER STAPLES,0.042743679129
FINANCIALS,0.105443154472
HEALTH CARE,0.13724704749
INDUSTRIALS,0.242379753985
MATERIALS,0.015532413272
TECHNOLOGYQ,0.276729320409
UTILITIES,0.023459852567
