SECTOR,WEIGHT
COMMUNICATION SERVICES,0.066134333959
CONSUMER DISCRETIONARY,0.095862914321
CONSUMER STAPLES,0.041238774234
FINANCIALS,0.105378861789
HEALTH CARE,0.130562601626
INDUSTRIALS,0.25212057536
MATERIALS,0.01492532833
TECHNOLOGY,0.274552595372
UTILITIES,0.019224015009
