SECTOR,WEIGHT
COMMUNICATION SERVICES,0.064607735527
CONSUMER DISCRETIONARY,0.095072699114
CONSUMER STAPLES,0.043464096511
FINANCIALS,0.105358333208
HEALTH CARE,0.129295663113
INDUSTRIALS,0.245804702262
MATERIALS,0.015391863513
TECHNOLOGY,0.279399160991
UTILITIES,0.021605745761
