SECTOR,WEIGHT
COMMUNICATION SERVICES,0.064470554805
CONSUMER DISCRETIONARY,0.095681251269
CONSUMER STAPLES,0.041647614197
FINANCIALS,0.102145916735
HEALTH CARE,0.131282437142
INDUSTRIALS,0.260644785593
MATERIALS,0.015058538191
TECHNOLOGY,0.26884243366
UTILITIES,0.020226468408
