SECTOR,WEIGHT
COMMUNICATION SERVICES,0.068721673813
CONSUMER DISCRETIONARY,0.082266115038
CONSUMER STAPLES,0.049052109659
FINANCIALS,0.09663960318
HEALTH CARE,0.122460354616
INDUSTRIALS,0.238601106131
MATERIALS,0.012434701277
TECHNOLOGY,0.308045564499
UTILITIES,0.021778771788
