SECTOR,WEIGHT
COMMUNICATION SERVICES,0.025049511811
ENERGY,0.047134211047
INDUSTRIALS,0.09347069511
MATERIALS,0.011297678592
REAL ESTATE,0.749149282175
TECHNOLOGY,0.042200851757
UTILITIES,0.031697769509
