SECTOR,WEIGHT
COMMUNICATION SERVICES,0.028892749499
ENERGY,0.034023526945
INDUSTRIALS,0.096963117924
MATERIALS,0.008877691188
REAL ESTATE,0.774591287989
TECHNOLOGY,0.037108279344
UTILITIES,0.01954334711
