SECTOR,WEIGHT
COMMUNICATION SERVICES,0.024932272038
ENERGY,0.034160719055
INDUSTRIALS,0.095687721389
MATERIALS,0.008717174233
REAL ESTATE,0.776000306238
TECHNOLOGY,0.039996474101
UTILITIES,0.020505332946
