SECTOR,WEIGHT
COMMUNICATION SERVICES,0.025108997735
ENERGY,0.046582872112
INDUSTRIALS,0.092591683034
MATERIALS,0.009407095424
REAL ESTATE,0.751088337145
TECHNOLOGY,0.043896179988
UTILITIES,0.031324834561
