SECTOR,WEIGHT
COMMUNICATION SERVICES,0.022248149234
ENERGY,0.042776687656
INDUSTRIALS,0.091302556927
MATERIALS,0.008999934807
REAL ESTATE,0.757965325258
TECHNOLOGY,0.043053539275
UTILITIES,0.033653806845
