SECTOR,WEIGHT
COMMUNICATION SERVICES,0.062970613579
CONSUMER DISCRETIONARY,0.128876647903
CONSUMER STAPLES,0.126358991085
ENERGY,0.064064853068
FINANCIALS,0.101332415259
HEALTH CARE,0.135044454108
INDUSTRIALS,0.111356736166
MATERIALS,0.028891143807
REAL ESTATE,0.032220168636
TECHNOLOGY,0.144514105321
UTILITIES,0.064369871067
