SECTOR,WEIGHT
COMMUNICATION SERVICES,0.061788992896
CONSUMER DISCRETIONARY,0.129037918708
CONSUMER STAPLES,0.131202839767
ENERGY,0.067279008087
FINANCIALS,0.096450792919
HEALTH CARE,0.120076408979
INDUSTRIALS,0.118582322652
MATERIALS,0.032311371601
REAL ESTATE,0.03382651552
TECHNOLOGY,0.146086546705
UTILITIES,0.061979513971
