SECTOR,WEIGHT
COMMUNICATION SERVICES,0.065449933611
CONSUMER DISCRETIONARY,0.130337879014
CONSUMER STAPLES,0.128201920244
ENERGY,0.061525096759
FINANCIALS,0.103075901704
HEALTH CARE,0.122538653085
INDUSTRIALS,0.115872484169
MATERIALS,0.02970667646
REAL ESTATE,0.034034086552
TECHNOLOGY,0.146208748855
UTILITIES,0.063048619547
