SECTOR,WEIGHT
COMMUNICATION SERVICES,0.060589235207
CONSUMER DISCRETIONARY,0.130990020774
CONSUMER STAPLES,0.131222959751
ENERGY,0.065497018481
FINANCIALS,0.096969885609
HEALTH CARE,0.123705657505
INDUSTRIALS,0.11959107161
MATERIALS,0.031696769679
REAL ESTATE,0.034025155401
TECHNOLOGY,0.144189226773
UTILITIES,0.06152299921
