SECTOR,WEIGHT
COMMUNICATION SERVICES,0.062053936202
CONSUMER DISCRETIONARY,0.126276081244
CONSUMER STAPLES,0.135426725583
ENERGY,0.073601655869
FINANCIALS,0.091788511304
HEALTH CARE,0.11967508989
INDUSTRIALS,0.118291852955
MATERIALS,0.032604440411
REAL ESTATE,0.034881059692
TECHNOLOGY,0.140340328484
UTILITIES,0.065060318365
