SECTOR,WEIGHT
COMMUNICATION SERVICES,0.060426302031
CONSUMER DISCRETIONARY,0.125276493063
CONSUMER STAPLES,0.121053689926
ENERGY,0.060727930826
FINANCIALS,0.105268449628
HEALTH CARE,0.117836316107
INDUSTRIALS,0.113915141766
MATERIALS,0.031067765936
REAL ESTATE,0.034285139755
TECHNOLOGY,0.172833299819
UTILITIES,0.057309471144
