SECTOR,WEIGHT
COMMUNICATION SERVICES,0.060234835191
CONSUMER DISCRETIONARY,0.127672446747
CONSUMER STAPLES,0.136018998715
ENERGY,0.070636169997
FINANCIALS,0.092521413185
HEALTH CARE,0.120182723169
INDUSTRIALS,0.11767043009
MATERIALS,0.032753118043
REAL ESTATE,0.034511923861
TECHNOLOGY,0.142387019552
UTILITIES,0.065410921452
