SECTOR,WEIGHT
COMMUNICATION SERVICES,0.062134990802
CONSUMER DISCRETIONARY,0.131680816236
CONSUMER STAPLES,0.131051537618
ENERGY,0.064603930834
FINANCIALS,0.098246751487
HEALTH CARE,0.122955220855
INDUSTRIALS,0.118261223892
MATERIALS,0.031309371233
REAL ESTATE,0.033899750998
TECHNOLOGY,0.14418609786
UTILITIES,0.061670308186
