SECTOR,WEIGHT
COMMUNICATION SERVICES,0.060410153946
CONSUMER DISCRETIONARY,0.131976906536
CONSUMER STAPLES,0.123513940456
ENERGY,0.062040245209
FINANCIALS,0.106796684171
HEALTH CARE,0.130994012918
INDUSTRIALS,0.112177900721
MATERIALS,0.029395071822
REAL ESTATE,0.031286259954
TECHNOLOGY,0.149851457052
UTILITIES,0.061557367216
