SECTOR,WEIGHT
COMMUNICATION SERVICES,0.060830453513
CONSUMER DISCRETIONARY,0.126995818691
CONSUMER STAPLES,0.121532282295
ENERGY,0.063833037061
FINANCIALS,0.106796711628
HEALTH CARE,0.118416147227
INDUSTRIALS,0.11295160595
MATERIALS,0.030316246007
REAL ESTATE,0.033979036179
TECHNOLOGY,0.165123002423
UTILITIES,0.059225659026
