SECTOR,WEIGHT
COMMUNICATION SERVICES,0.060666168266
CONSUMER DISCRETIONARY,0.130231193428
CONSUMER STAPLES,0.136752600524
ENERGY,0.069721780093
FINANCIALS,0.097462378816
HEALTH CARE,0.119856227592
INDUSTRIALS,0.118676546247
MATERIALS,0.033129551922
REAL ESTATE,0.033658097397
TECHNOLOGY,0.139080813196
UTILITIES,0.060764642518
