SECTOR,WEIGHT
COMMUNICATION SERVICES,0.068980780735
CONSUMER DISCRETIONARY,0.221624784702
CONSUMER STAPLES,0.110409398048
FINANCIALS,0.084693041799
HEALTH CARE,0.12210677191
INDUSTRIALS,0.105889638781
MATERIALS,0.041279062765
REAL ESTATE,0.02680940929
TECHNOLOGY,0.193977267709
UTILITIES,0.024229844263
