SECTOR,WEIGHT
COMMUNICATION SERVICES,0.056277264322
CONSUMER DISCRETIONARY,0.23022426203
CONSUMER STAPLES,0.108517631887
FINANCIALS,0.088692584105
HEALTH CARE,0.121010786084
INDUSTRIALS,0.11309318203
MATERIALS,0.044443910463
REAL ESTATE,0.024687946479
TECHNOLOGY,0.192471467891
UTILITIES,0.02058096471
