SECTOR,WEIGHT
COMMUNICATION SERVICES,0.065408792441
CONSUMER DISCRETIONARY,0.222735826393
CONSUMER STAPLES,0.107802490391
FINANCIALS,0.088457919603
HEALTH CARE,0.126632567265
INDUSTRIALS,0.108847493594
MATERIALS,0.04401024984
REAL ESTATE,0.025213204676
TECHNOLOGY,0.190343729981
UTILITIES,0.020547725817
