SECTOR,WEIGHT
COMMUNICATION SERVICES,0.067426868113
CONSUMER DISCRETIONARY,0.22165882544
CONSUMER STAPLES,0.108060594276
FINANCIALS,0.088045920791
HEALTH CARE,0.128379963076
INDUSTRIALS,0.109167119366
MATERIALS,0.044269021908
REAL ESTATE,0.026915420991
TECHNOLOGY,0.181956224103
UTILITIES,0.024120041936
