SECTOR,WEIGHT
COMMUNICATION SERVICES,0.092907092907
CONSUMER DISCRETIONARY,0.172827172827
CONSUMER STAPLES,0.082917082917
FINANCIALS,0.061938061938
HEALTH CARE,0.137862137862
INDUSTRIALS,0.152847152847
MATERIALS,0.03996003996
REAL ESTATE,0.027972027972
TECHNOLOGY,0.182817182817
UTILITIES,0.047952047952
