SECTOR,WEIGHT
COMMUNICATION SERVICES,0.067246726896
CONSUMER DISCRETIONARY,0.223624635334
CONSUMER STAPLES,0.109882956424
FINANCIALS,0.086543343779
HEALTH CARE,0.126456535041
INDUSTRIALS,0.104722303176
MATERIALS,0.046354744085
REAL ESTATE,0.025912428131
TECHNOLOGY,0.186359370947
UTILITIES,0.022896956186
