SECTOR,WEIGHT
COMMUNICATION SERVICES,0.14538513668
CONSUMER DISCRETIONARY,0.097075134634
FINANCIALS,0.262183263226
HEALTH CARE,0.06767009251
INDUSTRIALS,0.036164833446
MATERIALS,0.075725101151
TECHNOLOGY,0.315796438353
