SECTOR,WEIGHT
COMMUNICATION SERVICES,0.14949747234
CONSUMER STAPLES,0.066299000953
ENERGY,0.068343962057
FINANCIALS,0.040585768192
HEALTH CARE,0.060800038456
INDUSTRIALS,0.137008388146
MATERIALS,0.055990073627
REAL ESTATE,0.071419415313
TECHNOLOGY,0.350055880916
