SECTOR,WEIGHT
COMMUNICATION SERVICES,0.136883308804
CONSUMER DISCRETIONARY,0.06686798878
FINANCIALS,0.297744563199
HEALTH CARE,0.062722747726
INDUSTRIALS,0.067530584831
MATERIALS,0.069230244096
TECHNOLOGY,0.299020562564
