SECTOR,WEIGHT
COMMUNICATION SERVICES,0.054304013566
CONSUMER STAPLES,0.077751807422
ENERGY,0.043278451861
FINANCIALS,0.048698999759
HEALTH CARE,0.05695642709
INDUSTRIALS,0.227658428717
MATERIALS,0.014911949037
REAL ESTATE,0.054275369791
TECHNOLOGY,0.422164552756
