SECTOR,WEIGHT
COMMUNICATION SERVICES,0.139468993188
CONSUMER DISCRETIONARY,0.099951274581
FINANCIALS,0.267707078019
HEALTH CARE,0.069906940465
INDUSTRIALS,0.036844838615
MATERIALS,0.07169454175
TECHNOLOGY,0.314426333382
