SECTOR,WEIGHT
COMMUNICATION SERVICES,0.132935921914
CONSUMER DISCRETIONARY,0.025266395474
CONSUMER STAPLES,0.039197154176
FINANCIALS,0.18889423977
HEALTH CARE,0.070549871495
INDUSTRIALS,0.113091048531
MATERIALS,0.125727249882
REAL ESTATE,0.010981210396
TECHNOLOGY,0.293356908361
