SECTOR,WEIGHT
COMMUNICATION SERVICES,0.123020857378
CONSUMER STAPLES,0.069871666122
ENERGY,0.036316798718
FINANCIALS,0.050130452291
HEALTH CARE,0.060874405071
INDUSTRIALS,0.188963466364
MATERIALS,0.06871753057
REAL ESTATE,0.049356032332
TECHNOLOGY,0.352748791155
