SECTOR,WEIGHT
COMMUNICATION SERVICES,0.133747752951
CONSUMER DISCRETIONARY,0.066504655975
FINANCIALS,0.295942971171
HEALTH CARE,0.06772273389
INDUSTRIALS,0.061422503165
MATERIALS,0.07671192907
TECHNOLOGY,0.297947453777
