SECTOR,WEIGHT
COMMUNICATION SERVICES,0.14093948968
CONSUMER DISCRETIONARY,0.094631573461
FINANCIALS,0.257073637195
HEALTH CARE,0.067465679278
INDUSTRIALS,0.035715001684
MATERIALS,0.078262072394
TECHNOLOGY,0.325912546309
