SECTOR,WEIGHT
COMMUNICATION SERVICES,0.108317425903
CONSUMER DISCRETIONARY,0.106565048492
CONSUMER STAPLES,0.045733160035
ENERGY,0.029700422339
FINANCIALS,0.131929145199
HEALTH CARE,0.099614486616
INDUSTRIALS,0.084753763601
MATERIALS,0.018124836148
REAL ESTATE,0.016197584085
TECHNOLOGY,0.337880777977
UTILITIES,0.021183349605
