SECTOR,WEIGHT
COMMUNICATION SERVICES,0.112250650963
CONSUMER DISCRETIONARY,0.104116891683
CONSUMER STAPLES,0.047795452125
ENERGY,0.032170119547
FINANCIALS,0.124000379275
HEALTH CARE,0.095984096038
INDUSTRIALS,0.087393739339
MATERIALS,0.019063572872
REAL ESTATE,0.016514778617
TECHNOLOGY,0.336364237989
UTILITIES,0.021716315953
