SECTOR,WEIGHT
COMMUNICATION SERVICES,0.112140119925
CONSUMER DISCRETIONARY,0.100242251877
CONSUMER STAPLES,0.047345746385
ENERGY,0.035870590379
FINANCIALS,0.116865782615
HEALTH CARE,0.086786536564
INDUSTRIALS,0.089660767389
MATERIALS,0.019129046803
REAL ESTATE,0.01727012949
TECHNOLOGY,0.351939735333
UTILITIES,0.022749293241
