SECTOR,WEIGHT
COMMUNICATION SERVICES,0.107565439997
CONSUMER DISCRETIONARY,0.100346911592
CONSUMER STAPLES,0.051440739002
ENERGY,0.036975908403
FINANCIALS,0.122289875489
HEALTH CARE,0.098261971606
INDUSTRIALS,0.092671119953
MATERIALS,0.019722600223
REAL ESTATE,0.017901854828
TECHNOLOGY,0.328694730789
UTILITIES,0.02412884812
