SECTOR,WEIGHT
COMMUNICATION SERVICES,0.107270130149
CONSUMER DISCRETIONARY,0.10501364582
CONSUMER STAPLES,0.046689463449
ENERGY,0.029147693141
FINANCIALS,0.131001142361
HEALTH CARE,0.097917795118
INDUSTRIALS,0.083644844438
MATERIALS,0.017397503836
REAL ESTATE,0.016356659075
TECHNOLOGY,0.343786510048
UTILITIES,0.021774612564
