SECTOR,WEIGHT
COMMUNICATION SERVICES,0.110250590239
CONSUMER DISCRETIONARY,0.103305627692
CONSUMER STAPLES,0.046271028487
ENERGY,0.029252388538
FINANCIALS,0.12683780553
HEALTH CARE,0.097311480545
INDUSTRIALS,0.082237314501
MATERIALS,0.016816329378
REAL ESTATE,0.016434884733
TECHNOLOGY,0.349439836581
UTILITIES,0.021842713777
