SECTOR,WEIGHT
COMMUNICATION SERVICES,0.108080842974
CONSUMER DISCRETIONARY,0.105683631271
CONSUMER STAPLES,0.047892642583
ENERGY,0.030430717264
FINANCIALS,0.126625249336
HEALTH CARE,0.098442233974
INDUSTRIALS,0.087693849774
MATERIALS,0.018627743599
REAL ESTATE,0.016702292039
TECHNOLOGY,0.33782308204
UTILITIES,0.021997715145
