SECTOR,WEIGHT
COMMUNICATION SERVICES,0.108358912188
CONSUMER DISCRETIONARY,0.104299213921
CONSUMER STAPLES,0.045833469901
ENERGY,0.02889897396
FINANCIALS,0.130594603912
HEALTH CARE,0.098579343779
INDUSTRIALS,0.083042115093
MATERIALS,0.017550753769
REAL ESTATE,0.016316363543
TECHNOLOGY,0.34473183381
UTILITIES,0.021794416123
