SECTOR,WEIGHT
COMMUNICATION SERVICES,0.110921672851
CONSUMER DISCRETIONARY,0.100190552603
CONSUMER STAPLES,0.046735533046
ENERGY,0.035402667736
FINANCIALS,0.114732724902
HEALTH CARE,0.085748671146
INDUSTRIALS,0.087553906328
MATERIALS,0.019055260255
REAL ESTATE,0.017250025073
TECHNOLOGY,0.359943837128
UTILITIES,0.022465148932
