SECTOR,WEIGHT
COMMUNICATION SERVICES,0.105782781469
CONSUMER DISCRETIONARY,0.097808841228
CONSUMER STAPLES,0.050375265088
ENERGY,0.03932698066
FINANCIALS,0.121581763478
HEALTH CARE,0.096214985482
INDUSTRIALS,0.091712991331
MATERIALS,0.020706971301
REAL ESTATE,0.017677247064
TECHNOLOGY,0.33415427301
UTILITIES,0.024657899889
