SECTOR,WEIGHT
COMMUNICATION SERVICES,0.000621221136
CONSUMER DISCRETIONARY,0.064160976714
CONSUMER STAPLES,0.064089893399
ENERGY,0.001051732034
FINANCIALS,0.256668321799
HEALTH CARE,0.171505756252
INDUSTRIALS,0.148261638976
MATERIALS,0.027145099534
REAL ESTATE,0.020956451503
TECHNOLOGY,0.229323485887
UTILITIES,0.016215422766
