SECTOR,WEIGHT
COMMUNICATION SERVICES,0.000605963188
CONSUMER DISCRETIONARY,0.067016140402
CONSUMER STAPLES,0.065763357288
ENERGY,0.001093195374
FINANCIALS,0.244940313508
HEALTH CARE,0.168843939253
INDUSTRIALS,0.153898418428
MATERIALS,0.028110926808
REAL ESTATE,0.021690593868
TECHNOLOGY,0.231350250979
UTILITIES,0.016686900902
