SECTOR,WEIGHT
COMMUNICATION SERVICES,0.000606935479
CONSUMER DISCRETIONARY,0.063383912617
CONSUMER STAPLES,0.063292647184
ENERGY,0.000994972791
FINANCIALS,0.258371796448
HEALTH CARE,0.171441316343
INDUSTRIALS,0.147848317676
MATERIALS,0.027114842132
REAL ESTATE,0.020851651314
TECHNOLOGY,0.23000367523
UTILITIES,0.016089932786
