SECTOR,WEIGHT
COMMUNICATION SERVICES,0.000673834067
CONSUMER DISCRETIONARY,0.068280674934
CONSUMER STAPLES,0.072790465125
ENERGY,0.001725488534
FINANCIALS,0.233296568879
HEALTH CARE,0.165153817528
INDUSTRIALS,0.165094314802
MATERIALS,0.030996078544
REAL ESTATE,0.023577890356
TECHNOLOGY,0.2199160215
UTILITIES,0.018494845731
