SECTOR,WEIGHT
COMMUNICATION SERVICES,0.00070224355
CONSUMER DISCRETIONARY,0.067512237808
CONSUMER STAPLES,0.071527452048
ENERGY,0.001788270096
FINANCIALS,0.236839298096
HEALTH CARE,0.16262201112
INDUSTRIALS,0.165369734078
MATERIALS,0.0299286742
REAL ESTATE,0.023514765388
TECHNOLOGY,0.221711713666
UTILITIES,0.018483599951
