SECTOR,WEIGHT
COMMUNICATION SERVICES,0.000565111678
CONSUMER DISCRETIONARY,0.065213164586
CONSUMER STAPLES,0.064800577689
ENERGY,0.00107649629
FINANCIALS,0.249640834897
HEALTH CARE,0.168466460392
INDUSTRIALS,0.147612394385
MATERIALS,0.026876913489
REAL ESTATE,0.020963897146
TECHNOLOGY,0.238110830352
UTILITIES,0.016673319097
