SECTOR,WEIGHT
COMMUNICATION SERVICES,0.00060768406
CONSUMER DISCRETIONARY,0.064697923554
CONSUMER STAPLES,0.063189237105
ENERGY,0.00100245735
FINANCIALS,0.25716782421
HEALTH CARE,0.172701660557
INDUSTRIALS,0.147831312404
MATERIALS,0.027702405941
REAL ESTATE,0.020966246642
TECHNOLOGY,0.22839995959
UTILITIES,0.015733288587
