SECTOR,WEIGHT
COMMUNICATION SERVICES,0.122122402609
CONSUMER DISCRETIONARY,0.116600519828
CONSUMER STAPLES,0.038636614844
ENERGY,0.006449771102
FINANCIALS,0.082798491797
HEALTH CARE,0.069916998291
INDUSTRIALS,0.106107351951
MATERIALS,0.01734833283
REAL ESTATE,0.018241248537
TECHNOLOGY,0.413060285297
UTILITIES,0.008717982914
