SECTOR,WEIGHT
COMMUNICATION SERVICES,0.116477123391
CONSUMER DISCRETIONARY,0.118583266724
CONSUMER STAPLES,0.038826279977
ENERGY,0.00716061121
FINANCIALS,0.086495143331
HEALTH CARE,0.070333132182
INDUSTRIALS,0.107805998735
MATERIALS,0.01750959946
REAL ESTATE,0.01829631125
TECHNOLOGY,0.409626292134
UTILITIES,0.008886241605
