SECTOR,WEIGHT
COMMUNICATION SERVICES,0.12436091276
CONSUMER DISCRETIONARY,0.119018223926
CONSUMER STAPLES,0.041070620925
ENERGY,0.007615903167
FINANCIALS,0.095075838533
HEALTH CARE,0.064928410376
INDUSTRIALS,0.109857161248
MATERIALS,0.015929214126
REAL ESTATE,0.02018551719
TECHNOLOGY,0.392571685086
UTILITIES,0.009386512663
