SECTOR,WEIGHT
COMMUNICATION SERVICES,0.123366454737
CONSUMER DISCRETIONARY,0.122501497338
CONSUMER STAPLES,0.034484721449
ENERGY,0.005787867939
FINANCIALS,0.100344138111
HEALTH CARE,0.064674970882
INDUSTRIALS,0.093782150663
MATERIALS,0.013282373061
REAL ESTATE,0.017877800895
TECHNOLOGY,0.415258754148
UTILITIES,0.008639270777
