SECTOR,WEIGHT
COMMUNICATION SERVICES,0.120461886952
CONSUMER DISCRETIONARY,0.118109123342
CONSUMER STAPLES,0.039928374018
ENERGY,0.007406162894
FINANCIALS,0.09578879968
HEALTH CARE,0.063718322747
INDUSTRIALS,0.1096066322
MATERIALS,0.015623319336
REAL ESTATE,0.019898155869
TECHNOLOGY,0.400445427529
UTILITIES,0.009013795433
