SECTOR,WEIGHT
COMMUNICATION SERVICES,0.126465577713
CONSUMER DISCRETIONARY,0.117246217056
CONSUMER STAPLES,0.035173865117
ENERGY,0.006012626516
FINANCIALS,0.078564986472
HEALTH CARE,0.061429000902
INDUSTRIALS,0.103717807396
MATERIALS,0.016033670708
REAL ESTATE,0.017336406454
TECHNOLOGY,0.429802585429
UTILITIES,0.008217256238
