SECTOR,WEIGHT
COMMUNICATION SERVICES,0.12443671592
CONSUMER DISCRETIONARY,0.119879659826
CONSUMER STAPLES,0.035239351905
ENERGY,0.005847700756
FINANCIALS,0.097832719842
HEALTH CARE,0.066103522768
INDUSTRIALS,0.093452656474
MATERIALS,0.013211699959
REAL ESTATE,0.018125550383
TECHNOLOGYQ,0.416748714514
UTILITIES,0.009121707652
