SECTOR,WEIGHT
COMMUNICATION SERVICES,0.11986294969
CONSUMER DISCRETIONARY,0.115473975162
CONSUMER STAPLES,0.038700605648
ENERGY,0.006746114544
FINANCIALS,0.085202520991
HEALTH CARE,0.069694530366
INDUSTRIALS,0.107794277242
MATERIALS,0.017922146516
REAL ESTATE,0.018426761979
TECHNOLOGY,0.411472544661
UTILITIES,0.008703573202
