SECTOR,WEIGHT
COMMUNICATION SERVICES,0.121911966687
CONSUMER DISCRETIONARY,0.124472424605
CONSUMER STAPLES,0.034688647797
ENERGY,0.005666038163
FINANCIALS,0.100115358842
HEALTH CARE,0.064778797933
INDUSTRIALS,0.093924032202
MATERIALS,0.013278692072
REAL ESTATE,0.017757652705
TECHNOLOGY,0.414770254299
UTILITIES,0.008636134696
