SECTOR,WEIGHT
COMMUNICATION SERVICES,0.122067060047
CONSUMER DISCRETIONARY,0.123506218443
CONSUMER STAPLES,0.034277835775
ENERGY,0.005647456565
FINANCIALS,0.100556777395
HEALTH CARE,0.064349474029
INDUSTRIALS,0.093889279295
MATERIALS,0.013320701448
REAL ESTATE,0.017745588952
TECHNOLOGY,0.416039005172
UTILITIES,0.00860060288
