SECTOR,WEIGHT
COMMUNICATION SERVICES,0.026442585802
CONSUMER DISCRETIONARY,0.124507090779
CONSUMER STAPLES,0.020636672818
ENERGY,0.048523101279
FINANCIALS,0.183276289993
HEALTH CARE,0.133880778754
INDUSTRIALS,0.142387094866
MATERIALS,0.059826672302
REAL ESTATE,0.075721330735
TECHNOLOGY,0.154235860065
UTILITIES,0.030562522607
