SECTOR,WEIGHT
COMMUNICATION SERVICES,0.023814180388
CONSUMER DISCRETIONARY,0.124393357316
CONSUMER STAPLES,0.022493232557
ENERGY,0.052258948365
FINANCIALS,0.186546090917
HEALTH CARE,0.128591887553
INDUSTRIALS,0.147793685101
MATERIALS,0.062059675283
REAL ESTATE,0.075327294004
TECHNOLOGY,0.144804744275
UTILITIES,0.03191690424
