SECTOR,WEIGHT
COMMUNICATION SERVICES,0.022917935302
CONSUMER DISCRETIONARY,0.137200763019
CONSUMER STAPLES,0.023118325696
ENERGY,0.071212425297
FINANCIALS,0.164046153109
HEALTH CARE,0.131135116679
INDUSTRIALS,0.156432173779
MATERIALS,0.052023358295
REAL ESTATE,0.068502085919
TECHNOLOGY,0.142036631483
UTILITIES,0.03137503142
