SECTOR,WEIGHT
COMMUNICATION SERVICES,0.021492125421
CONSUMER DISCRETIONARY,0.136403011212
CONSUMER STAPLES,0.022524891861
ENERGY,0.074392755018
FINANCIALS,0.167552665094
HEALTH CARE,0.130567136706
INDUSTRIALS,0.156792895438
MATERIALS,0.053736777274
REAL ESTATE,0.066575314418
TECHNOLOGY,0.138724075359
UTILITIES,0.031238352199
