SECTOR,WEIGHT
COMMUNICATION SERVICES,0.02130106474
CONSUMER DISCRETIONARY,0.135578681344
CONSUMER STAPLES,0.022105711879
ENERGY,0.071514150248
FINANCIALS,0.167543848298
HEALTH CARE,0.133197358523
INDUSTRIALS,0.158533306189
MATERIALS,0.054438354254
REAL ESTATE,0.066482522779
TECHNOLOGY,0.137452189105
UTILITIES,0.031852812641
