SECTOR,WEIGHT
COMMUNICATION SERVICES,0.021004747187
CONSUMER DISCRETIONARY,0.134436724087
CONSUMER STAPLES,0.022420672723
ENERGY,0.070602225115
FINANCIALS,0.16839317312
HEALTH CARE,0.121901669689
INDUSTRIALS,0.165253971103
MATERIALS,0.050577723673
REAL ESTATE,0.067163977739
TECHNOLOGY,0.148467586195
UTILITIES,0.029777529369
