SECTOR,WEIGHT
COMMUNICATION SERVICES,0.020401948843
CONSUMER DISCRETIONARY,0.131140885099
CONSUMER STAPLES,0.021518473406
ENERGY,0.070341047503
FINANCIALS,0.166159155501
HEALTH CARE,0.122411693057
INDUSTRIALS,0.165854648802
MATERIALS,0.050751116525
REAL ESTATE,0.066889971579
TECHNOLOGY,0.155196914332
UTILITIES,0.029334145351
