SECTOR,WEIGHT
COMMUNICATION SERVICES,0.020844257977
CONSUMER DISCRETIONARY,0.136686694883
CONSUMER STAPLES,0.022336268043
ENERGY,0.068227677236
FINANCIALS,0.170606961698
HEALTH CARE,0.131202178229
INDUSTRIALS,0.163869319206
MATERIALS,0.050844472486
REAL ESTATE,0.066387699435
TECHNOLOGY,0.137576507117
UTILITIES,0.03141796369
