SECTOR,WEIGHT
COMMUNICATION SERVICES,0.026438369424
CONSUMER DISCRETIONARY,0.123788478774
CONSUMER STAPLES,0.021535449893
ENERGY,0.047161646391
FINANCIALS,0.179492694628
HEALTH CARE,0.140505755267
INDUSTRIALS,0.140601920235
MATERIALS,0.056985731554
REAL ESTATE,0.077461505297
TECHNOLOGYQ,0.151684365127
UTILITIES,0.03434408341
