SECTOR,WEIGHT
COMMUNICATION SERVICES,0.026877771758
CONSUMER DISCRETIONARY,0.118856577498
CONSUMER STAPLES,0.023608143081
ENERGY,0.059590297017
FINANCIALS,0.178525587813
HEALTH CARE,0.127959971683
INDUSTRIALS,0.143921456471
MATERIALS,0.061898476815
REAL ESTATE,0.077226080666
TECHNOLOGY,0.148048067313
UTILITIES,0.033487569884
