SECTOR,WEIGHT
COMMUNICATION SERVICES,0.026246271479
CONSUMER DISCRETIONARY,0.121217710508
CONSUMER STAPLES,0.021343830927
ENERGY,0.050854812052
FINANCIALS,0.177088691172
HEALTH CARE,0.133529106898
INDUSTRIALS,0.144322374814
MATERIALS,0.06573640265
REAL ESTATE,0.074351004541
TECHNOLOGY,0.154797579856
UTILITIES,0.030512215102
