SECTOR,WEIGHT
COMMUNICATION SERVICES,0.031637648101
CONSUMER DISCRETIONARY,0.107930152668
CONSUMER STAPLES,0.045995755702
ENERGY,0.024257494737
FINANCIALS,0.140943393687
HEALTH CARE,0.100160187391
INDUSTRIALS,0.249873626506
MATERIALS,0.052475041942
REAL ESTATE,0.066799290822
TECHNOLOGY,0.155936196663
UTILITIES,0.02399121178
