SECTOR,WEIGHT
COMMUNICATION SERVICES,0.031969232316
CONSUMER DISCRETIONARY,0.107470923877
CONSUMER STAPLES,0.04756279961
ENERGY,0.025630769625
FINANCIALS,0.139354499514
HEALTH CARE,0.101350730514
INDUSTRIALS,0.243805225561
MATERIALS,0.051665419807
REAL ESTATE,0.068624069668
TECHNOLOGY,0.157928481753
UTILITIES,0.024637847754
