SECTOR,WEIGHT
COMMUNICATION SERVICES,0.027367748652
CONSUMER DISCRETIONARY,0.102192070636
CONSUMER STAPLES,0.048785361831
ENERGY,0.027570180165
FINANCIALS,0.127388079027
HEALTH CARE,0.09442986678
INDUSTRIALS,0.265083963375
MATERIALS,0.054580465171
REAL ESTATE,0.064705556483
TECHNOLOGY,0.163871942755
UTILITIES,0.024024765127
