SECTOR,WEIGHT
COMMUNICATION SERVICES,0.031302755014
CONSUMER DISCRETIONARY,0.107045049981
CONSUMER STAPLES,0.0472946725
ENERGY,0.024729874281
FINANCIALS,0.142633683889
HEALTH CARE,0.101253738547
INDUSTRIALS,0.243147882349
MATERIALS,0.051799389808
REAL ESTATE,0.067691146926
TECHNOLOGY,0.158757657655
UTILITIES,0.024344149049
