SECTOR,WEIGHT
COMMUNICATION SERVICES,0.047845812209
CONSUMER DISCRETIONARY,0.0539902428
CONSUMER STAPLES,0.080203329291
ENERGY,0.112239637391
FINANCIALS,0.230306234878
HEALTH CARE,0.168691746519
INDUSTRIALS,0.084609531686
MATERIALS,0.037508779819
REAL ESTATE,0.032945127257
TECHNOLOGY,0.085944698334
UTILITIES,0.065714859816
