SECTOR,WEIGHT
COMMUNICATION SERVICES,0.04627612137
CONSUMER DISCRETIONARY,0.055793319747
CONSUMER STAPLES,0.079303020697
ENERGY,0.092504529412
FINANCIALS,0.220797993108
HEALTH CARE,0.195277393039
INDUSTRIALS,0.087385621968
MATERIALS,0.039178662639
REAL ESTATE,0.02525613017
TECHNOLOGY,0.098026716735
UTILITIES,0.060200491114
