SECTOR,WEIGHT
COMMUNICATION SERVICES,0.047123664732
CONSUMER DISCRETIONARY,0.054976163355
CONSUMER STAPLES,0.078392363778
ENERGY,0.094587027941
FINANCIALS,0.218738756665
HEALTH CARE,0.196202140367
INDUSTRIALS,0.08675037965
MATERIALS,0.039385386243
REAL ESTATE,0.025381338084
TECHNOLOGY,0.097647244886
UTILITIES,0.0608155343
