SECTOR,WEIGHT
COMMUNICATION SERVICES,0.046384046822
CONSUMER DISCRETIONARY,0.055224069864
CONSUMER STAPLES,0.078051663926
ENERGY,0.092395355738
FINANCIALS,0.221522345458
HEALTH CARE,0.195648837438
INDUSTRIALS,0.087093447405
MATERIALS,0.039812518278
REAL ESTATE,0.02526226436
TECHNOLOGY,0.098436425663
UTILITIES,0.060169025048
