SECTOR,WEIGHT
COMMUNICATION SERVICES,0.045865676687
CONSUMER DISCRETIONARY,0.051043773943
CONSUMER STAPLES,0.080789658892
ENERGY,0.119541939583
FINANCIALS,0.225527038662
HEALTH CARE,0.165062602399
INDUSTRIALS,0.082932005911
MATERIALS,0.036894013337
REAL ESTATE,0.032259927569
TECHNOLOGY,0.094715417979
UTILITIES,0.065367945039
