SECTOR,WEIGHT
COMMUNICATION SERVICES,0.04540942829
CONSUMER DISCRETIONARY,0.056291951159
CONSUMER STAPLES,0.076088971106
ENERGY,0.095471339383
FINANCIALS,0.218970631973
HEALTH CARE,0.194887945124
INDUSTRIALS,0.088269272727
MATERIALS,0.040237583394
REAL ESTATE,0.024974224347
TECHNOLOGY,0.100611861142
UTILITIES,0.058786791356
