SECTOR,WEIGHT
COMMUNICATION SERVICES,0.050451469158
CONSUMER DISCRETIONARY,0.053316635542
CONSUMER STAPLES,0.084892708966
ENERGY,0.121377432435
FINANCIALS,0.216537806716
HEALTH CARE,0.173533370572
INDUSTRIALS,0.085091050285
MATERIALS,0.03750231418
REAL ESTATE,0.032637791374
TECHNOLOGY,0.076105749833
UTILITIES,0.068553670939
