SECTOR,WEIGHT
COMMUNICATION SERVICES,0.049228838054
CONSUMER DISCRETIONARY,0.051364297613
CONSUMER STAPLES,0.081972489875
ENERGY,0.125637221782
FINANCIALS,0.221846144588
HEALTH CARE,0.170594603516
INDUSTRIALS,0.083667721488
MATERIALS,0.037875054229
REAL ESTATE,0.031779718452
TECHNOLOGY,0.077378645965
UTILITIES,0.068655264437
