SECTOR,WEIGHT
COMMUNICATION SERVICES,0.046401716779
CONSUMER DISCRETIONARY,0.054685486269
CONSUMER STAPLES,0.082471615606
ENERGY,0.104510557285
FINANCIALS,0.198198383983
HEALTH CARE,0.188774629172
INDUSTRIALS,0.090856654045
MATERIALS,0.043118644605
REAL ESTATE,0.024031288941
TECHNOLOGY,0.106276953446
UTILITIES,0.060674069869
