SECTOR,WEIGHT
CONSUMER DISCRETIONARY,0.060482879864
INDUSTRIALS,0.430962287755
MATERIALS,0.155642507977
TECHNOLOGY,0.352912324404
