SECTOR,WEIGHT
CONSUMER DISCRETIONARY,0.078914751882
INDUSTRIALS,0.422443872259
MATERIALS,0.15214423191
TECHNOLOGY,0.346497143948
