SECTOR,WEIGHT
CONSUMER DISCRETIONARY,0.070946372175
INDUSTRIALS,0.426281129847
MATERIALS,0.156353994527
TECHNOLOGY,0.346418503451
