SECTOR,WEIGHT
CONSUMER DISCRETIONARY,0.060176605255
INDUSTRIALS,0.413387114357
MATERIALS,0.129946582361
TECHNOLOGY,0.396489698027
