SECTOR,WEIGHT
CONSUMER DISCRETIONARY,0.057227801616
INDUSTRIALS,0.481269339521
MATERIALS,0.1481475493
TECHNOLOGY,0.313355309564
