SECTOR,WEIGHT
CONSUMER DISCRETIONARY,0.071796802206
INDUSTRIALS,0.423390787184
MATERIALS,0.153219459781
TECHNOLOGY,0.351592950829
