SECTOR,WEIGHT
CONSUMER DISCRETIONARY,0.07785467128
INDUSTRIALS,0.431759306392
MATERIALS,0.161780677657
TECHNOLOGY,0.328605344671
