SECTOR,WEIGHT
CONSUMER DISCRETIONARY,0.070080472563
INDUSTRIALS,0.42170330664
MATERIALS,0.156049806802
TECHNOLOGY,0.352166413995
