SECTOR,WEIGHT
CONSUMER DISCRETIONARY,0.054798547676
INDUSTRIALS,0.480241690256
MATERIALS,0.14658710002
TECHNOLOGY,0.318372662048
