SECTOR,WEIGHT
CONSUMER DISCRETIONARY,0.055959958588
INDUSTRIALS,0.460904199077
MATERIALS,0.125624519552
TECHNOLOGY,0.357511322784
