SECTOR,WEIGHT
COMMUNICATION SERVICES,0.0724169562
CONSUMER DISCRETIONARY,0.208336943808
CONSUMER STAPLES,0.00724231356
ENERGY,0.093998010141
FINANCIALS,0.155969799469
HEALTH CARE,0.081223080197
INDUSTRIALS,0.196229222338
MATERIALS,0.012830591396
REAL ESTATE,0.008895108756
TECHNOLOGY,0.162857974135
