SECTOR,WEIGHT
COMMUNICATION SERVICES,0.100831235502
CONSUMER DISCRETIONARY,0.159586338462
CONSUMER STAPLES,0.010406599777
ENERGY,0.103288290774
FINANCIALS,0.1521876038
HEALTH CARE,0.050512700751
INDUSTRIALS,0.180894794201
MATERIALS,0.019673581452
REAL ESTATE,0.008563484237
TECHNOLOGY,0.19196145677
UTILITIES,0.022093914275
