SECTOR,WEIGHT
COMMUNICATION SERVICES,0.073226668854
CONSUMER DISCRETIONARY,0.20664046588
CONSUMER STAPLES,0.007038421897
ENERGY,0.097419838262
FINANCIALS,0.159381769475
HEALTH CARE,0.07912984713
INDUSTRIALS,0.193913335408
MATERIALS,0.010995965848
REAL ESTATE,0.008907388015
TECHNOLOGY,0.163346299232
