SECTOR,WEIGHT
COMMUNICATION SERVICES,0.076061233409
CONSUMER DISCRETIONARY,0.20425478583
CONSUMER STAPLES,0.006946923538
ENERGY,0.101359065248
FINANCIALS,0.156453246842
HEALTH CARE,0.080800507694
INDUSTRIALS,0.189781709004
MATERIALS,0.010807801903
REAL ESTATE,0.009002764448
TECHNOLOGY,0.164531962083
