SECTOR,WEIGHT
COMMUNICATION SERVICES,0.06770474983
CONSUMER DISCRETIONARY,0.208315986668
CONSUMER STAPLES,0.007856650081
ENERGY,0.08499809976
FINANCIALS,0.163119106731
HEALTH CARE,0.084896654195
INDUSTRIALS,0.201123906942
MATERIALS,0.009248906553
REAL ESTATE,0.009834404444
TECHNOLOGY,0.162901534795
