SECTOR,WEIGHT
COMMUNICATION SERVICES,0.06121993165
CONSUMER DISCRETIONARY,0.21519427463
ENERGY,0.066995845343
FINANCIALS,0.141173426614
HEALTH CARE,0.096927725481
INDUSTRIALS,0.227543994324
TECHNOLOGY,0.190944801957
