SECTOR,WEIGHT
COMMUNICATION SERVICES,0.051641003711
CONSUMER DISCRETIONARY,0.188339698158
CONSUMER STAPLES,0.017976977342
ENERGY,0.04790323847
FINANCIALS,0.171874477125
HEALTH CARE,0.116715182141
INDUSTRIALS,0.220218227405
TECHNOLOGY,0.185331195649
