SECTOR,WEIGHT
COMMUNICATION SERVICES,0.052064581918
CONSUMER DISCRETIONARY,0.19007920244
CONSUMER STAPLES,0.017821607429
ENERGY,0.048201967928
FINANCIALS,0.170687567951
HEALTH CARE,0.116537933923
INDUSTRIALS,0.220321126675
TECHNOLOGY,0.184286011737
