SECTOR,WEIGHT
COMMUNICATION SERVICES,0.060450045063
CONSUMER DISCRETIONARY,0.219221523078
ENERGY,0.060439005441
FINANCIALS,0.14966414906
HEALTH CARE,0.100780053374
INDUSTRIALS,0.219774248453
TECHNOLOGY,0.189670975529
