SECTOR,WEIGHT
COMMUNICATION SERVICES,0.053698728736
CONSUMER DISCRETIONARY,0.193986848864
ENERGY,0.141059844601
FINANCIALS,0.142125692667
HEALTH CARE,0.069872814947
INDUSTRIALS,0.191659355076
MATERIALS,0.009450993315
REAL ESTATE,0.008779361371
TECHNOLOGY,0.160481149451
UTILITIES,0.028885210974
