SECTOR,WEIGHT
COMMUNICATION SERVICES,0.057916652665
CONSUMER DISCRETIONARY,0.198398436929
ENERGY,0.124191069228
FINANCIALS,0.142861529686
HEALTH CARE,0.068110117397
INDUSTRIALS,0.189307439532
MATERIALS,0.009555613101
REAL ESTATE,0.009190830618
TECHNOLOGY,0.170206819998
UTILITIES,0.030261490847
