SECTOR,WEIGHT
COMMUNICATION SERVICES,0.077078007635
CONSUMER DISCRETIONARY,0.073796324856
CONSUMER STAPLES,0.044889158025
ENERGY,0.038475792673
FINANCIALS,0.109046508915
HEALTH CARE,0.097795236896
INDUSTRIALS,0.120344016205
MATERIALS,0.037260333292
REAL ESTATE,0.028650383648
TECHNOLOGY,0.359624658754
UTILITIES,0.013039579101
