SECTOR,WEIGHT
COMMUNICATION SERVICES,0.079940286889
CONSUMER DISCRETIONARY,0.078012573827
CONSUMER STAPLES,0.040959067366
ENERGY,0.033465848083
FINANCIALS,0.109934036402
HEALTH CARE,0.098899480534
INDUSTRIALS,0.117362627756
MATERIALS,0.035268149438
REAL ESTATE,0.026322383981
TECHNOLOGY,0.367763159855
UTILITIES,0.012072385868
