SECTOR,WEIGHT
COMMUNICATION SERVICES,0.079791574164
CONSUMER DISCRETIONARY,0.07370531183
CONSUMER STAPLES,0.049483548623
ENERGY,0.031384248937
FINANCIALS,0.11010963202
HEALTH CARE,0.100752174793
INDUSTRIALS,0.113356088549
MATERIALS,0.032744113267
REAL ESTATE,0.026523913929
TECHNOLOGYQ,0.370055245138
UTILITIES,0.012094148751
