SECTOR,WEIGHT
COMMUNICATION SERVICES,0.08053388407
CONSUMER DISCRETIONARY,0.077227199527
CONSUMER STAPLES,0.040516039842
ENERGY,0.031882411201
FINANCIALS,0.111160230873
HEALTH CARE,0.097737172504
INDUSTRIALS,0.118275495205
MATERIALS,0.034521094551
REAL ESTATE,0.026736660075
TECHNOLOGY,0.369424347214
UTILITIES,0.011985464937
