SECTOR,WEIGHT
COMMUNICATION SERVICES,0.078030157491
CONSUMER DISCRETIONARY,0.075316796551
CONSUMER STAPLES,0.039164498717
ENERGY,0.031200919896
FINANCIALS,0.113818803323
HEALTH CARE,0.095722184279
INDUSTRIALS,0.115144876014
MATERIALS,0.033013814255
REAL ESTATE,0.02601373652
TECHNOLOGY,0.380985590439
UTILITIES,0.011588622516
