SECTOR,WEIGHT
COMMUNICATION SERVICES,0.13010891207
CONSUMER DISCRETIONARY,0.096323877742
CONSUMER STAPLES,0.044105349015
ENERGY,0.015919037163
FINANCIALS,0.114524532749
HEALTH CARE,0.108617438483
INDUSTRIALS,0.079174034723
MATERIALS,0.021189661107
REAL ESTATE,0.020766446824
TECHNOLOGYQ,0.358214984258
UTILITIES,0.011055725867
