SECTOR,WEIGHT
COMMUNICATION SERVICES,0.12810554826
CONSUMER DISCRETIONARY,0.091250715413
CONSUMER STAPLES,0.045531910901
ENERGY,0.021672092975
FINANCIALS,0.112671143577
HEALTH CARE,0.109543239387
INDUSTRIALS,0.085783697172
MATERIALS,0.024580086419
REAL ESTATE,0.022477746277
TECHNOLOGY,0.34649585226
UTILITIES,0.011887967359
