SECTOR,WEIGHT
COMMUNICATION SERVICES,0.131377361604
CONSUMER DISCRETIONARY,0.093594803769
CONSUMER STAPLES,0.045744003569
ENERGY,0.020751438498
FINANCIALS,0.109692725635
HEALTH CARE,0.107245726057
INDUSTRIALS,0.085220555369
MATERIALS,0.023463919188
REAL ESTATE,0.022249003935
TECHNOLOGY,0.348952119472
UTILITIES,0.011708342904
