SECTOR,WEIGHT
COMMUNICATION SERVICES,0.126245062775
CONSUMER DISCRETIONARY,0.095652884457
CONSUMER STAPLES,0.04623167991
ENERGY,0.019869807728
FINANCIALS,0.112573724145
HEALTH CARE,0.1082489556
INDUSTRIALS,0.087137296916
MATERIALS,0.024161460096
REAL ESTATE,0.021962449244
TECHNOLOGY,0.346678376279
UTILITIES,0.011238302851
