SECTOR,WEIGHT
COMMUNICATION SERVICES,0.130384333952
CONSUMER DISCRETIONARY,0.096382962053
CONSUMER STAPLES,0.041286323609
ENERGY,0.016292199997
FINANCIALS,0.119194536525
HEALTH CARE,0.105915480199
INDUSTRIALS,0.079524916986
MATERIALS,0.022189847194
REAL ESTATE,0.019666203802
TECHNOLOGY,0.358834154614
UTILITIES,0.01032904107
