SECTOR,WEIGHT
COMMUNICATION SERVICES,0.129436908865
CONSUMER DISCRETIONARY,0.094045305451
CONSUMER STAPLES,0.04640005725
ENERGY,0.020333792179
FINANCIALS,0.109250020179
HEALTH CARE,0.109207931723
INDUSTRIALS,0.084881048147
MATERIALS,0.023846187518
REAL ESTATE,0.022007848759
TECHNOLOGY,0.34906068806
UTILITIES,0.01153021187
