SECTOR,WEIGHT
COMMUNICATION SERVICES,0.131977149432
CONSUMER DISCRETIONARY,0.089219025046
CONSUMER STAPLES,0.04491015751
ENERGY,0.020636944322
FINANCIALS,0.11263841221
HEALTH CARE,0.106986788682
INDUSTRIALS,0.088361035023
MATERIALS,0.024608310562
REAL ESTATE,0.022472998113
TECHNOLOGY,0.346516393812
UTILITIES,0.011672785288
