SECTOR,WEIGHT
COMMUNICATION SERVICES,0.125445610068
CONSUMER DISCRETIONARY,0.094176486234
CONSUMER STAPLES,0.045973210546
ENERGY,0.022869180875
FINANCIALS,0.114322114893
HEALTH CARE,0.110245716388
INDUSTRIALS,0.086483674654
MATERIALS,0.024265508633
REAL ESTATE,0.02203409387
TECHNOLOGY,0.342409765806
UTILITIES,0.011774638032
