SECTOR,WEIGHT
COMMUNICATION SERVICES,0.145977356978
CONSUMER DISCRETIONARY,0.084660855626
CONSUMER STAPLES,0.041078048292
ENERGY,0.019236549444
FINANCIALS,0.103797214708
HEALTH CARE,0.093778178539
INDUSTRIALS,0.083458571285
MATERIALS,0.022342450656
REAL ESTATE,0.021140166316
TECHNOLOGY,0.374611762348
UTILITIES,0.009918845807
