SECTOR,WEIGHT
COMMUNICATION SERVICES,0.019914357937
CONSUMER DISCRETIONARY,0.123250812009
CONSUMER STAPLES,0.042102833362
ENERGY,0.084758757494
FINANCIALS,0.233891935658
HEALTH CARE,0.106043668279
INDUSTRIALS,0.179193851104
MATERIALS,0.070991673716
REAL ESTATE,0.031930654918
TECHNOLOGY,0.069226020953
UTILITIES,0.03869543457
