SECTOR,WEIGHT
COMMUNICATION SERVICES,0.019174917209
CONSUMER DISCRETIONARY,0.114099500698
CONSUMER STAPLES,0.041955235907
ENERGY,0.095374616609
FINANCIALS,0.237372554376
HEALTH CARE,0.102222465212
INDUSTRIALS,0.169122577418
MATERIALS,0.072700414176
REAL ESTATE,0.027719458939
TECHNOLOGY,0.07981270531
UTILITIES,0.040445554147
