SECTOR,WEIGHT
COMMUNICATION SERVICES,0.024581906105
CONSUMER DISCRETIONARY,0.112129760226
CONSUMER STAPLES,0.039391497078
ENERGY,0.087144872053
FINANCIALS,0.24047954866
HEALTH CARE,0.100544025791
INDUSTRIALS,0.170662905501
MATERIALS,0.072738263147
REAL ESTATE,0.027402780576
TECHNOLOGY,0.089361273423
UTILITIES,0.035563167439
