SECTOR,WEIGHT
COMMUNICATION SERVICES,0.021712600234
CONSUMER DISCRETIONARY,0.119609764966
CONSUMER STAPLES,0.041294951486
ENERGY,0.085247918865
FINANCIALS,0.229078324444
HEALTH CARE,0.111337287908
INDUSTRIALS,0.173697168473
MATERIALS,0.071305057891
REAL ESTATE,0.031193634054
TECHNOLOGY,0.073024314489
UTILITIES,0.038451122695
