SECTOR,WEIGHT
COMMUNICATION SERVICES,0.022397361299
CONSUMER DISCRETIONARY,0.11672082887
CONSUMER STAPLES,0.040137334131
ENERGY,0.091508364158
FINANCIALS,0.22381401214
HEALTH CARE,0.105709968321
INDUSTRIALS,0.177651985184
MATERIALS,0.073641431452
REAL ESTATE,0.033281715087
TECHNOLOGY,0.075089855484
UTILITIES,0.040047143873
