SECTOR,WEIGHT
COMMUNICATION SERVICES,0.020342051916
CONSUMER DISCRETIONARY,0.113558870577
CONSUMER STAPLES,0.040840411189
ENERGY,0.09288464492
FINANCIALS,0.238357564573
HEALTH CARE,0.100181972507
INDUSTRIALS,0.169864800726
MATERIALS,0.072953720456
REAL ESTATE,0.028037731078
TECHNOLOGY,0.085150485144
UTILITIES,0.037827746913
