SECTOR,WEIGHT
COMMUNICATION SERVICES,0.021786505903
CONSUMER DISCRETIONARY,0.122482198957
CONSUMER STAPLES,0.038455622023
ENERGY,0.078771746779
FINANCIALS,0.251276680672
HEALTH CARE,0.117092974427
INDUSTRIALS,0.165980960116
MATERIALS,0.06685266537
REAL ESTATE,0.031823167242
TECHNOLOGY,0.067646857649
UTILITIES,0.037830620864
