SECTOR,WEIGHT
COMMUNICATION SERVICES,0.022537090604
CONSUMER DISCRETIONARY,0.119507352362
CONSUMER STAPLES,0.040081430016
ENERGY,0.074772103353
FINANCIALS,0.256497995893
HEALTH CARE,0.115959360645
INDUSTRIALS,0.168503830061
MATERIALS,0.065016379547
REAL ESTATE,0.031300369495
TECHNOLOGY,0.067327355458
UTILITIES,0.038496732566
