SECTOR,WEIGHT
COMMUNICATION SERVICES,0.027053161354
CONSUMER DISCRETIONARY,0.129916010527
CONSUMER STAPLES,0.040390922055
ENERGY,0.076579046499
FINANCIALS,0.24693513258
HEALTH CARE,0.116372074667
INDUSTRIALS,0.167885809155
MATERIALS,0.054927304824
REAL ESTATE,0.030290570965
TECHNOLOGYQ,0.065690041981
UTILITIES,0.043959925391
