SECTOR,WEIGHT
COMMUNICATION SERVICES,0.121870722769
CONSUMER DISCRETIONARY,0.073945668884
CONSUMER STAPLES,0.12557046468
ENERGY,0.008393908621
FINANCIALS,0.130916877727
HEALTH CARE,0.167667446686
INDUSTRIALS,0.059723688383
MATERIALS,0.001606532899
TECHNOLOGY,0.31030468935
