SECTOR,WEIGHT
COMMUNICATION SERVICES,0.169699978993
CONSUMER DISCRETIONARY,0.075305282858
CONSUMER STAPLES,0.085915426421
ENERGY,0.005980518586
FINANCIALS,0.130968331395
HEALTH CARE,0.169061721967
INDUSTRIALS,0.073479968278
MATERIALS,0.000372902924
TECHNOLOGY,0.289215868577
