SECTOR,WEIGHT
COMMUNICATION SERVICES,0.165206972356
CONSUMER DISCRETIONARY,0.080802699521
CONSUMER STAPLES,0.094150534305
ENERGY,0.008863710153
FINANCIALS,0.131115160885
HEALTH CARE,0.169560423102
INDUSTRIALS,0.074997763466
MATERIALS,0.000353824674
TECHNOLOGY,0.274948911537
