SECTOR,WEIGHT
COMMUNICATION SERVICES,0.167993097809
CONSUMER DISCRETIONARY,0.077875369312
CONSUMER STAPLES,0.077736924211
ENERGY,0.004908781733
FINANCIALS,0.139063087827
HEALTH CARE,0.168890984515
INDUSTRIALS,0.070168592023
MATERIALS,0.000387244993
TECHNOLOGY,0.292975917575
