SECTOR,WEIGHT
COMMUNICATION SERVICES,0.170194910203
CONSUMER DISCRETIONARY,0.079884740359
CONSUMER STAPLES,0.08534620607
ENERGY,0.00554086501
FINANCIALS,0.133495348106
HEALTH CARE,0.170550699468
INDUSTRIALS,0.073799135854
MATERIALS,0.000392976278
TECHNOLOGY,0.280795118652
