SECTOR,WEIGHT
COMMUNICATION SERVICES,0.172996934211
CONSUMER DISCRETIONARY,0.078215811429
CONSUMER STAPLES,0.091238880233
ENERGY,0.005817962507
FINANCIALS,0.134124742423
HEALTH CARE,0.166654269488
INDUSTRIALS,0.076667839373
MATERIALS,0.000368899834
TECHNOLOGY,0.273914660502
