SECTOR,WEIGHT
COMMUNICATION SERVICES,0.170777967679
CONSUMER DISCRETIONARY,0.077983326112
CONSUMER STAPLES,0.078070587197
ENERGY,0.004952818834
FINANCIALS,0.1327872996
HEALTH CARE,0.167373782357
INDUSTRIALS,0.069509973842
MATERIALS,0.000382143373
TECHNOLOGY,0.298162101006
