SECTOR,WEIGHT
COMMUNICATION SERVICES,0.171561418468
CONSUMER DISCRETIONARY,0.07455986357
CONSUMER STAPLES,0.080280884787
ENERGY,0.005067964087
FINANCIALS,0.13478858404
HEALTH CARE,0.170759893665
INDUSTRIALS,0.068741535838
MATERIALS,0.000358128104
TECHNOLOGY,0.293881727441
