SECTOR,WEIGHT
COMMUNICATION SERVICES,0.065893534006
CONSUMER DISCRETIONARY,0.209690849992
CONSUMER STAPLES,0.035212472355
ENERGY,0.119413029274
FINANCIALS,0.266532898846
HEALTH CARE,0.06198767852
INDUSTRIALS,0.121679249911
MATERIALS,0.110004967341
TECHNOLOGY,0.009585319755
