SECTOR,WEIGHT
COMMUNICATION SERVICES,0.048523480678
CONSUMER DISCRETIONARY,0.216508189577
CONSUMER STAPLES,0.039779812968
ENERGY,0.158433809519
FINANCIALS,0.242970693062
HEALTH CARE,0.057676803363
INDUSTRIALS,0.084147359034
MATERIALS,0.130376973163
TECHNOLOGY,0.021582878636
