SECTOR,WEIGHT
COMMUNICATION SERVICES,0.048277687268
CONSUMER DISCRETIONARY,0.225031220094
CONSUMER STAPLES,0.040028135821
ENERGY,0.156900471044
FINANCIALS,0.241971077262
HEALTH CARE,0.057584847713
INDUSTRIALS,0.083868091705
MATERIALS,0.128075342817
TECHNOLOGY,0.018263126276
