SECTOR,WEIGHT
COMMUNICATION SERVICES,0.048287215651
CONSUMER DISCRETIONARY,0.222759574224
CONSUMER STAPLES,0.038864436354
ENERGY,0.155502021611
FINANCIALS,0.242789521032
HEALTH CARE,0.057443331502
INDUSTRIALS,0.085382616763
MATERIALS,0.129394160775
TECHNOLOGY,0.019577122088
