SECTOR,WEIGHT
COMMUNICATION SERVICES,0.047608947497
CONSUMER DISCRETIONARY,0.21041383232
CONSUMER STAPLES,0.04080954502
ENERGY,0.175012902907
FINANCIALS,0.228976847489
HEALTH CARE,0.061256233038
INDUSTRIALS,0.082769493994
MATERIALS,0.131828819084
TECHNOLOGY,0.021323378653
