SECTOR,WEIGHT
COMMUNICATION SERVICES,0.051406420074
CONSUMER DISCRETIONARY,0.224645291882
CONSUMER STAPLES,0.040039277448
ENERGY,0.147298469406
FINANCIALS,0.253933523824
HEALTH CARE,0.060851902514
INDUSTRIALS,0.081609249698
MATERIALS,0.120916849
TECHNOLOGY,0.019299016154
