SECTOR,WEIGHT
COMMUNICATION SERVICES,0.047199697619
CONSUMER DISCRETIONARY,0.215526269371
CONSUMER STAPLES,0.039993952375
ENERGY,0.159923396749
FINANCIALS,0.24195338289
HEALTH CARE,0.057324429885
INDUSTRIALS,0.085882323296
MATERIALS,0.130798034522
TECHNOLOGY,0.021398513292
