SECTOR,WEIGHT
COMMUNICATION SERVICES,0.03295471983
CONSUMER DISCRETIONARY,0.102949642585
CONSUMER STAPLES,0.021948529298
ENERGY,0.033813629056
FINANCIALS,0.102333782012
HEALTH CARE,0.126493436142
INDUSTRIALS,0.25519593738
MATERIALS,0.031893956636
REAL ESTATE,0.053668438382
TECHNOLOGY,0.227292716058
UTILITIES,0.011455212621
