SECTOR,WEIGHT
COMMUNICATION SERVICES,0.019173026287
CONSUMER DISCRETIONARY,0.098957784282
CONSUMER STAPLES,0.027843351389
ENERGY,0.058630112323
FINANCIALS,0.0974238948
HEALTH CARE,0.109734098186
INDUSTRIALS,0.246051270996
MATERIALS,0.034715650055
REAL ESTATE,0.057366282148
TECHNOLOGY,0.238957476319
UTILITIES,0.011147053215
