SECTOR,WEIGHT
COMMUNICATION SERVICES,0.033675610025
CONSUMER DISCRETIONARY,0.08601082036
CONSUMER STAPLES,0.021640719885
ENERGY,0.033454786353
FINANCIALS,0.100474770895
HEALTH CARE,0.11096389533
INDUSTRIALS,0.25659710721
MATERIALS,0.038864966324
REAL ESTATE,0.055647565419
TECHNOLOGY,0.255824224357
UTILITIES,0.006845533841
