SECTOR,WEIGHT
COMMUNICATION SERVICES,0.032742594684
CONSUMER DISCRETIONARY,0.104358343052
CONSUMER STAPLES,0.024710441388
ENERGY,0.033755612737
FINANCIALS,0.102307624272
HEALTH CARE,0.128887778169
INDUSTRIALS,0.251903136962
MATERIALS,0.031948635357
REAL ESTATE,0.055368378616
TECHNOLOGY,0.222434081835
UTILITIES,0.011583372928
