SECTOR,WEIGHT
COMMUNICATION SERVICES,0.030720470905
CONSUMER DISCRETIONARY,0.105980539481
CONSUMER STAPLES,0.022652740994
ENERGY,0.041157460834
FINANCIALS,0.100240558245
HEALTH CARE,0.123064533537
INDUSTRIALS,0.254838147266
MATERIALS,0.033181055883
REAL ESTATE,0.054106924923
TECHNOLOGY,0.223444154788
UTILITIES,0.010613413146
