SECTOR,WEIGHT
COMMUNICATION SERVICES,0.01642455275
CONSUMER DISCRETIONARY,0.104912668239
CONSUMER STAPLES,0.026596147071
ENERGY,0.047464558283
FINANCIALS,0.102157951502
HEALTH CARE,0.113700960314
INDUSTRIALS,0.258219300957
MATERIALS,0.036924443599
REAL ESTATE,0.056112358725
TECHNOLOGY,0.225107584171
UTILITIES,0.012379474388
