SECTOR,WEIGHT
COMMUNICATION SERVICES,0.032306661167
CONSUMER DISCRETIONARY,0.106161064137
CONSUMER STAPLES,0.022459269953
ENERGY,0.039312229326
FINANCIALS,0.106317797484
HEALTH CARE,0.127917096309
INDUSTRIALS,0.253090327903
MATERIALS,0.031785935244
REAL ESTATE,0.057252010724
TECHNOLOGY,0.213095483605
UTILITIES,0.010302124149
