SECTOR,WEIGHT
COMMUNICATION SERVICES,0.032934035199
CONSUMER DISCRETIONARY,0.104751533382
CONSUMER STAPLES,0.023318220539
ENERGY,0.039053000873
FINANCIALS,0.104986598186
HEALTH CARE,0.128765587345
INDUSTRIALS,0.248209711089
MATERIALS,0.031731668326
REAL ESTATE,0.056562208444
TECHNOLOGY,0.218696596865
UTILITIES,0.010990839753
