SECTOR,WEIGHT
COMMUNICATION SERVICES,0.032018824521
CONSUMER DISCRETIONARY,0.103522473372
CONSUMER STAPLES,0.02324258356
ENERGY,0.038589647753
FINANCIALS,0.104544647319
HEALTH CARE,0.127384556294
INDUSTRIALS,0.254588425274
MATERIALS,0.031363187696
REAL ESTATE,0.055866452458
TECHNOLOGY,0.218006987953
UTILITIES,0.010872213802
