SECTOR,WEIGHT
CONSUMER DISCRETIONARY,0.23163832776
INDUSTRIALS,0.245765523554
MATERIALS,0.274407974881
TECHNOLOGY,0.248188173805
