SECTOR,WEIGHT
CONSUMER DISCRETIONARY,0.243802262015
INDUSTRIALS,0.251776580798
MATERIALS,0.271492376039
TECHNOLOGY,0.232928781148
