SECTOR,WEIGHT
CONSUMER DISCRETIONARY,0.254468728605
INDUSTRIALS,0.250561538824
MATERIALS,0.25503741358
TECHNOLOGY,0.239932318991
