SECTOR,WEIGHT
CONSUMER DISCRETIONARY,0.238876379328
INDUSTRIALS,0.249875533715
MATERIALS,0.283021730055
TECHNOLOGY,0.228226356902
