SECTOR,WEIGHT
CONSUMER DISCRETIONARY,0.237393233997
INDUSTRIALS,0.253496245746
MATERIALS,0.280075530082
TECHNOLOGY,0.229034990175
