SECTOR,WEIGHT
CONSUMER DISCRETIONARY,0.228561900055
INDUSTRIALS,0.25052905294
MATERIALS,0.281458705189
TECHNOLOGY,0.239450341817
