SECTOR,WEIGHT
CONSUMER DISCRETIONARY,0.251472897804
INDUSTRIALS,0.250887554161
MATERIALS,0.262680284614
TECHNOLOGY,0.23495926342
