SECTOR,WEIGHT
COMMUNICATION SERVICES,0.098314043287
CONSUMER DISCRETIONARY,0.113085471286
CONSUMER STAPLES,0.037655707781
ENERGY,0.053037931519
FINANCIALS,0.105238400899
HEALTH CARE,0.102783182557
INDUSTRIALS,0.098962951076
MATERIALS,0.015054259523
REAL ESTATE,0.013018273725
TECHNOLOGY,0.325435781197
UTILITIES,0.037413997152
