SECTOR,WEIGHT
COMMUNICATION SERVICES,0.123754472059
CONSUMER DISCRETIONARY,0.104755310021
CONSUMER STAPLES,0.032505908386
ENERGY,0.038149859754
FINANCIALS,0.109390696111
HEALTH CARE,0.091094017351
INDUSTRIALS,0.098711946732
MATERIALS,0.013038089647
REAL ESTATE,0.010079631497
TECHNOLOGY,0.348949536612
UTILITIES,0.02957053183
