SECTOR,WEIGHT
COMMUNICATION SERVICES,0.094341986695
CONSUMER DISCRETIONARY,0.118675242846
CONSUMER STAPLES,0.034911145926
ENERGY,0.045103127659
FINANCIALS,0.110740572567
HEALTH CARE,0.105076244403
INDUSTRIALS,0.095596939599
MATERIALS,0.015347111754
REAL ESTATE,0.012007253066
TECHNOLOGY,0.334024960733
UTILITIES,0.034175414751
