SECTOR,WEIGHT
COMMUNICATION SERVICES,0.096957072994
CONSUMER DISCRETIONARY,0.124844532995
CONSUMER STAPLES,0.033831431504
ENERGY,0.041873452877
FINANCIALS,0.118969993359
HEALTH CARE,0.104550302884
INDUSTRIALS,0.093684718952
MATERIALS,0.014775906136
REAL ESTATE,0.012082150979
TECHNOLOGY,0.32437863511
UTILITIES,0.03405180221
