SECTOR,WEIGHT
COMMUNICATION SERVICES,0.097058743864
CONSUMER DISCRETIONARY,0.112837937479
CONSUMER STAPLES,0.037982823361
ENERGY,0.054684952835
FINANCIALS,0.105176566659
HEALTH CARE,0.102122852795
INDUSTRIALS,0.097480084148
MATERIALS,0.014713804612
REAL ESTATE,0.013214033842
TECHNOLOGY,0.326454451611
UTILITIES,0.038273748795
