SECTOR,WEIGHT
COMMUNICATION SERVICES,0.097307037742
CONSUMER DISCRETIONARY,0.113024326759
CONSUMER STAPLES,0.03623986385
ENERGY,0.047652417659
FINANCIALS,0.109220142156
HEALTH CARE,0.09540494544
INDUSTRIALS,0.098408249074
MATERIALS,0.016117729502
REAL ESTATE,0.013314646111
TECHNOLOGY,0.339072980278
UTILITIES,0.034237661428
