SECTOR,WEIGHT
COMMUNICATION SERVICES,0.096674280769
CONSUMER DISCRETIONARY,0.122355273353
CONSUMER STAPLES,0.034166859535
ENERGY,0.042052990129
FINANCIALS,0.118842388078
HEALTH CARE,0.105226561478
INDUSTRIALS,0.093712830937
MATERIALS,0.014620083118
REAL ESTATE,0.012215100073
TECHNOLOGY,0.325813820099
UTILITIES,0.034319812431
