SECTOR,WEIGHT
COMMUNICATION SERVICES,0.095021335408
CONSUMER DISCRETIONARY,0.119770207737
CONSUMER STAPLES,0.033199485816
ENERGY,0.04242016712
FINANCIALS,0.11893873582
HEALTH CARE,0.105189250457
INDUSTRIALS,0.095022342033
MATERIALS,0.015070176834
REAL ESTATE,0.011908368976
TECHNOLOGY,0.329694720959
UTILITIES,0.033765208839
