SECTOR,WEIGHT
COMMUNICATION SERVICES,0.098799564936
CONSUMER DISCRETIONARY,0.112323631278
CONSUMER STAPLES,0.037803429385
ENERGY,0.049620321687
FINANCIALS,0.112326638631
HEALTH CARE,0.102670028219
INDUSTRIALS,0.099461182591
MATERIALS,0.016062272256
REAL ESTATE,0.012395306524
TECHNOLOGY,0.323967099558
UTILITIES,0.034570524933
