SECTOR,WEIGHT
COMMUNICATION SERVICES,0.121969942838
CONSUMER DISCRETIONARY,0.107314137236
CONSUMER STAPLES,0.032735921193
ENERGY,0.038228080347
FINANCIALS,0.114408929732
HEALTH CARE,0.092167996166
INDUSTRIALS,0.096719675816
MATERIALS,0.013794704176
REAL ESTATE,0.010194556673
TECHNOLOGY,0.342997698036
UTILITIES,0.029468357788
