SECTOR,WEIGHT
COMMUNICATION SERVICES,0.134375480436
CONSUMER DISCRETIONARY,0.086142431237
CONSUMER STAPLES,0.081950262714
FINANCIALS,0.086004768943
HEALTH CARE,0.122090376803
INDUSTRIALS,0.068207144573
MATERIALS,0.029185411012
TECHNOLOGY,0.386064355615
UTILITIES,0.005979768667
