SECTOR,WEIGHT
COMMUNICATION SERVICES,0.131417087382
CONSUMER DISCRETIONARY,0.088996442492
CONSUMER STAPLES,0.069693519501
FINANCIALS,0.084641737101
HEALTH CARE,0.123196935195
INDUSTRIALS,0.063457751558
MATERIALS,0.02562175347
TECHNOLOGY,0.406572880285
UTILITIES,0.006401893015
