SECTOR,WEIGHT
COMMUNICATION SERVICES,0.139175697412
CONSUMER DISCRETIONARY,0.08824473184
CONSUMER STAPLES,0.082914628995
FINANCIALS,0.07958090302
HEALTH CARE,0.11895705048
INDUSTRIALS,0.068863832069
MATERIALS,0.026063583486
TECHNOLOGY,0.389846910592
UTILITIES,0.006352662107
