SECTOR,WEIGHT
COMMUNICATION SERVICES,0.135248693613
CONSUMER DISCRETIONARY,0.089098112941
CONSUMER STAPLES,0.06984545721
FINANCIALS,0.084604344179
HEALTH CARE,0.127082891133
INDUSTRIALS,0.064308600422
MATERIALS,0.025384840858
TECHNOLOGY,0.398471754753
UTILITIES,0.005955304891
