SECTOR,WEIGHT
COMMUNICATION SERVICES,0.142161339422
CONSUMER DISCRETIONARY,0.092237442922
CONSUMER STAPLES,0.075393201421
FINANCIALS,0.079959411466
HEALTH CARE,0.110705225774
INDUSTRIALS,0.06768138001
MATERIALS,0.026078132927
TECHNOLOGY,0.399594114663
UTILITIES,0.006189751395
