SECTOR,WEIGHT
COMMUNICATION SERVICES,0.138026767451
CONSUMER DISCRETIONARY,0.09261658617
CONSUMER STAPLES,0.080579777156
FINANCIALS,0.085105014248
HEALTH CARE,0.122213566665
INDUSTRIALS,0.065758670774
MATERIALS,0.027741452358
TECHNOLOGY,0.381953330351
UTILITIES,0.006004834827
