SECTOR,WEIGHT
COMMUNICATION SERVICES,0.138355593926
CONSUMER DISCRETIONARY,0.088577522726
CONSUMER STAPLES,0.084080036565
FINANCIALS,0.080796302879
HEALTH CARE,0.12069676502
INDUSTRIALS,0.068681123356
MATERIALS,0.026291199025
TECHNOLOGY,0.386000710985
UTILITIES,0.006520745518
