SECTOR,WEIGHT
COMMUNICATION SERVICES,0.134113651172
CONSUMER DISCRETIONARY,0.090245658347
CONSUMER STAPLES,0.076842638696
FINANCIALS,0.082787023705
HEALTH CARE,0.1188555249
INDUSTRIALS,0.065873880903
MATERIALS,0.02584178605
TECHNOLOGY,0.397852500422
UTILITIES,0.006307362511
