SECTOR,WEIGHT
COMMUNICATION SERVICES,0.123850778113
CONSUMER DISCRETIONARY,0.107270120332
CONSUMER STAPLES,0.044523966532
ENERGY,0.037041294348
FINANCIALS,0.131938436594
HEALTH CARE,0.09482353558
INDUSTRIALS,0.096733275658
MATERIALS,0.029811708098
REAL ESTATE,0.014300867752
TECHNOLOGY,0.297138011491
UTILITIES,0.022568005501
