SECTOR,WEIGHT
COMMUNICATION SERVICES,0.119402263129
CONSUMER DISCRETIONARY,0.110088951099
CONSUMER STAPLES,0.039740291411
ENERGY,0.028529449999
FINANCIALS,0.148580682284
HEALTH CARE,0.097274833399
INDUSTRIALS,0.090553367132
MATERIALS,0.026286274
REAL ESTATE,0.011297504996
TECHNOLOGY,0.307383636505
UTILITIES,0.020862746046
