SECTOR,WEIGHT
COMMUNICATION SERVICES,0.124152941343
CONSUMER DISCRETIONARY,0.107472866904
CONSUMER STAPLES,0.04488377579
ENERGY,0.039470261966
FINANCIALS,0.133375068803
HEALTH CARE,0.093866498918
INDUSTRIALS,0.096118601317
MATERIALS,0.028948689567
REAL ESTATE,0.014512652702
TECHNOLOGY,0.293933638587
UTILITIES,0.023265004103
