SECTOR,WEIGHT
COMMUNICATION SERVICES,0.13151465798
CONSUMER DISCRETIONARY,0.106473941368
CONSUMER STAPLES,0.039087947883
ENERGY,0.037459283388
FINANCIALS,0.130496742671
HEALTH CARE,0.085912052117
INDUSTRIALS,0.091307003257
MATERIALS,0.026567589577
REAL ESTATE,0.012622149837
TECHNOLOGY,0.316571661238
UTILITIES,0.021986970684
