SECTOR,WEIGHT
COMMUNICATION SERVICES,0.125457087057
CONSUMER DISCRETIONARY,0.111181537871
CONSUMER STAPLES,0.044450612393
ENERGY,0.033913513023
FINANCIALS,0.143215732979
HEALTH CARE,0.094500825103
INDUSTRIALS,0.095168982171
MATERIALS,0.028622758722
REAL ESTATE,0.011759362526
TECHNOLOGY,0.290604924378
UTILITIES,0.021124663777
