SECTOR,WEIGHT
COMMUNICATION SERVICES,0.165871584462
CONSUMER DISCRETIONARY,0.134625055794
CONSUMER STAPLES,0.026971867824
ENERGY,0.007322363757
FINANCIALS,0.082480858446
HEALTH CARE,0.065748787685
INDUSTRIALS,0.092195537711
TECHNOLOGY,0.396833539678
UTILITIES,0.027950404644
