SECTOR,WEIGHT
COMMUNICATION SERVICES,0.164052074495
CONSUMER DISCRETIONARY,0.132349933479
CONSUMER STAPLES,0.027853658438
ENERGY,0.006514374351
FINANCIALS,0.087610943825
HEALTH CARE,0.064865308172
INDUSTRIALS,0.092646067177
TECHNOLOGY,0.397806132057
UTILITIES,0.026301508006
