SECTOR,WEIGHT
COMMUNICATION SERVICES,0.160961340495
CONSUMER DISCRETIONARY,0.131260893052
CONSUMER STAPLES,0.026453171343
ENERGY,0.007199861384
FINANCIALS,0.083016521766
HEALTH CARE,0.063450307299
INDUSTRIALS,0.095341086298
TECHNOLOGY,0.404099354826
UTILITIES,0.028217463537
