SECTOR,WEIGHT
COMMUNICATION SERVICES,0.162157606236
CONSUMER DISCRETIONARY,0.121611682652
CONSUMER STAPLES,0.029671199641
ENERGY,0.00565710404
FINANCIALS,0.085137509369
HEALTH CARE,0.068193288736
INDUSTRIALS,0.073439003515
TECHNOLOGY,0.431754033371
UTILITIES,0.022378572439
