SECTOR,WEIGHT
COMMUNICATION SERVICES,0.166382620604
CONSUMER DISCRETIONARY,0.124837490461
CONSUMER STAPLES,0.025660671032
ENERGY,0.005583390394
FINANCIALS,0.087410776858
HEALTH CARE,0.066424548819
INDUSTRIALS,0.081080320183
TECHNOLOGY,0.418645688482
UTILITIES,0.023974493166
