SECTOR,WEIGHT
COMMUNICATION SERVICES,0.16535145286
CONSUMER DISCRETIONARY,0.122709650062
CONSUMER STAPLES,0.029017830099
ENERGY,0.005520667165
FINANCIALS,0.085574379581
HEALTH CARE,0.072095793874
INDUSTRIALS,0.068520687357
TECHNOLOGY,0.430267754377
UTILITIES,0.020941784625
