SECTOR,WEIGHT
COMMUNICATION SERVICES,0.161940956493
CONSUMER DISCRETIONARY,0.135524408906
CONSUMER STAPLES,0.027164472551
ENERGY,0.007532962411
FINANCIALS,0.083392620068
HEALTH CARE,0.066429519727
INDUSTRIALS,0.096064779626
TECHNOLOGY,0.394068286157
UTILITIES,0.027881994061
