SECTOR,WEIGHT
COMMUNICATION SERVICES,0.165789364654
CONSUMER DISCRETIONARY,0.132228899531
CONSUMER STAPLES,0.02641101793
ENERGY,0.007292941399
FINANCIALS,0.081045931282
HEALTH CARE,0.067368508277
INDUSTRIALS,0.092757887887
TECHNOLOGY,0.399914307686
UTILITIES,0.027191141355
