SECTOR,WEIGHT
COMMUNICATION SERVICES,0.163504581328
CONSUMER DISCRETIONARY,0.118772959077
CONSUMER STAPLES,0.028063257687
ENERGY,0.005487206838
FINANCIALS,0.090799590107
HEALTH CARE,0.06699905517
INDUSTRIALS,0.077147491406
TECHNOLOGY,0.425603103358
UTILITIES,0.023622755029
