SECTOR,WEIGHT
COMMUNICATION SERVICES,0.025027168098
CONSUMER DISCRETIONARY,0.029384553415
CONSUMER STAPLES,0.017060306884
ENERGY,0.060918428572
FINANCIALS,0.175592977833
HEALTH CARE,0.067565696447
INDUSTRIALS,0.356827269638
MATERIALS,0.021690422144
REAL ESTATE,0.030281415343
TECHNOLOGY,0.156060269122
UTILITIES,0.059591492504
