SECTOR,WEIGHT
COMMUNICATION SERVICES,0.028397048714
CONSUMER DISCRETIONARY,0.031442576602
CONSUMER STAPLES,0.015570337823
ENERGY,0.067680890689
FINANCIALS,0.182365516383
HEALTH CARE,0.060952375124
INDUSTRIALS,0.344034498304
MATERIALS,0.020241643157
REAL ESTATE,0.028658152244
TECHNOLOGY,0.159569954327
UTILITIES,0.061087006632
