SECTOR,WEIGHT
COMMUNICATION SERVICES,0.024356057758
CONSUMER DISCRETIONARY,0.028374549825
CONSUMER STAPLES,0.016471492084
ENERGY,0.05750810238
FINANCIALS,0.175337869499
HEALTH CARE,0.068084707588
INDUSTRIALS,0.369032894581
MATERIALS,0.021225300228
REAL ESTATE,0.029181955714
TECHNOLOGY,0.151004468538
UTILITIES,0.059422601804
