SECTOR,WEIGHT
COMMUNICATION SERVICES,0.027267675133
CONSUMER DISCRETIONARY,0.059679464866
CONSUMER STAPLES,0.016474602079
ENERGY,0.051465573924
FINANCIALS,0.183235926969
HEALTH CARE,0.075369319743
INDUSTRIALS,0.345909645164
MATERIALS,0.019239029316
REAL ESTATE,0.031221946051
TECHNOLOGY,0.136026919577
UTILITIES,0.054109897179
