SECTOR,WEIGHT
COMMUNICATION SERVICES,0.025745056941
CONSUMER DISCRETIONARY,0.082376884687
CONSUMER STAPLES,0.077556464593
ENERGY,0.054666563961
FINANCIALS,0.14469875415
HEALTH CARE,0.097393567638
INDUSTRIALS,0.103223478568
MATERIALS,0.036457214211
REAL ESTATE,0.039280950624
TECHNOLOGY,0.287443393511
UTILITIES,0.051157671117
