SECTOR,WEIGHT
COMMUNICATION SERVICES,0.026798585058
CONSUMER DISCRETIONARY,0.081178857474
CONSUMER STAPLES,0.079408634115
ENERGY,0.040889274487
FINANCIALS,0.150514323044
HEALTH CARE,0.098449354404
INDUSTRIALS,0.094783199158
MATERIALS,0.03390008645
REAL ESTATE,0.03891503237
TECHNOLOGY,0.310442360064
UTILITIES,0.044720293375
