SECTOR,WEIGHT
COMMUNICATION SERVICES,0.026194761048
CONSUMER DISCRETIONARY,0.082483503299
CONSUMER STAPLES,0.075984803039
ENERGY,0.050289942012
FINANCIALS,0.145970805839
HEALTH CARE,0.097180563887
INDUSTRIALS,0.103679264147
MATERIALS,0.036192761448
REAL ESTATE,0.039592081584
TECHNOLOGY,0.29124175165
UTILITIES,0.051189762048
