SECTOR,WEIGHT
COMMUNICATION SERVICES,0.026157494199
CONSUMER DISCRETIONARY,0.083298035123
CONSUMER STAPLES,0.076025252576
ENERGY,0.052688912984
FINANCIALS,0.146871294955
HEALTH CARE,0.097647011137
INDUSTRIALS,0.102500937345
MATERIALS,0.036603062331
REAL ESTATE,0.038915517364
TECHNOLOGY,0.288866370094
UTILITIES,0.050426111894
