SECTOR,WEIGHT
COMMUNICATION SERVICES,0.028422176551
CONSUMER DISCRETIONARY,0.078973969281
CONSUMER STAPLES,0.07734038241
ENERGY,0.045940567103
FINANCIALS,0.146254788756
HEALTH CARE,0.098467293214
INDUSTRIALS,0.105072754555
MATERIALS,0.036857295824
REAL ESTATE,0.04098088358
TECHNOLOGY,0.2927493328
UTILITIES,0.048940555927
