SECTOR,WEIGHT
COMMUNICATION SERVICES,0.028488654293
CONSUMER DISCRETIONARY,0.077665377378
CONSUMER STAPLES,0.074905076663
ENERGY,0.037449498353
FINANCIALS,0.169478815908
HEALTH CARE,0.097323906697
INDUSTRIALS,0.090272169298
MATERIALS,0.031868097348
REAL ESTATE,0.038106133765
TECHNOLOGY,0.310584496716
UTILITIES,0.04385777358
