SECTOR,WEIGHT
COMMUNICATION SERVICES,0.029171321448
CONSUMER DISCRETIONARY,0.081007983268
CONSUMER STAPLES,0.076967888387
ENERGY,0.036932180478
FINANCIALS,0.16304537455
HEALTH CARE,0.097261203357
INDUSTRIALS,0.09136225674
MATERIALS,0.032042237356
REAL ESTATE,0.038432932895
TECHNOLOGY,0.309056035912
UTILITIES,0.04472058561
