SECTOR,WEIGHT
COMMUNICATION SERVICES,0.110698508884
CONSUMER DISCRETIONARY,0.107545488882
CONSUMER STAPLES,0.041795989753
ENERGY,0.031229472526
FINANCIALS,0.136099205176
HEALTH CARE,0.102102629159
INDUSTRIALS,0.08070992216
MATERIALS,0.030565408743
TECHNOLOGY,0.339509023878
UTILITIES,0.019744350839
