SECTOR,WEIGHT
COMMUNICATION SERVICES,0.112856201291
CONSUMER DISCRETIONARY,0.106942376292
CONSUMER STAPLES,0.054491673203
ENERGY,0.05220977734
FINANCIALS,0.131280122352
HEALTH CARE,0.117505962116
INDUSTRIALS,0.087909242103
REAL ESTATE,0.027340296477
TECHNOLOGY,0.309464348827
