SECTOR,WEIGHT
COMMUNICATION SERVICES,0.104286886717
CONSUMER DISCRETIONARY,0.104340317851
CONSUMER STAPLES,0.057318782967
ENERGY,0.053887435562
FINANCIALS,0.113417198841
HEALTH CARE,0.106293760098
INDUSTRIALS,0.094233284604
MATERIALS,0.011785839467
REAL ESTATE,0.028093021466
TECHNOLOGY,0.326343472425
