SECTOR,WEIGHT
COMMUNICATION SERVICES,0.112108061372
CONSUMER DISCRETIONARY,0.106794572822
CONSUMER STAPLES,0.049228489361
ENERGY,0.037754554864
FINANCIALS,0.116579788583
HEALTH CARE,0.111731866798
INDUSTRIALS,0.091397614802
MATERIALS,0.026467678443
REAL ESTATE,0.019803214905
TECHNOLOGY,0.328134158052
