SECTOR,WEIGHT
COMMUNICATION SERVICES,0.105426225949
CONSUMER DISCRETIONARY,0.10548024082
CONSUMER STAPLES,0.057944993416
ENERGY,0.054476158376
FINANCIALS,0.114656287169
HEALTH CARE,0.107455024517
INDUSTRIALS,0.084337739867
MATERIALS,0.011914600328
REAL ESTATE,0.028399939071
TECHNOLOGY,0.329908790488
