SECTOR,WEIGHT
COMMUNICATION SERVICES,0.114178619737
CONSUMER DISCRETIONARY,0.105551841992
CONSUMER STAPLES,0.048256857821
ENERGY,0.038850406574
FINANCIALS,0.11640116143
HEALTH CARE,0.109513171026
INDUSTRIALS,0.089903805289
MATERIALS,0.028120714026
REAL ESTATE,0.019703808018
TECHNOLOGY,0.329519614088
