SECTOR,WEIGHT
COMMUNICATION SERVICES,0.103575062389
CONSUMER DISCRETIONARY,0.102870818295
CONSUMER STAPLES,0.041499221032
ENERGY,0.036150855636
FINANCIALS,0.134125744421
HEALTH CARE,0.102101063122
INDUSTRIALS,0.085181803479
MATERIALS,0.018961362794
TECHNOLOGY,0.350923399124
UTILITIES,0.024610669707
