SECTOR,WEIGHT
COMMUNICATION SERVICES,0.032237673831
CONSUMER DISCRETIONARY,0.095010027629
CONSUMER STAPLES,0.064142762977
ENERGY,0.071035881079
FINANCIALS,0.228678015952
HEALTH CARE,0.110778749041
INDUSTRIALS,0.164675499528
REAL ESTATE,0.035384205433
TECHNOLOGY,0.134092735028
UTILITIES,0.063964449502
