SECTOR,WEIGHT
COMMUNICATION SERVICES,0.159028886696
CONSUMER STAPLES,0.035657470685
FINANCIALS,0.327804436433
HEALTH CARE,0.146618477007
INDUSTRIALS,0.206253682223
TECHNOLOGY,0.124637046955
