SECTOR,WEIGHT
COMMUNICATION SERVICES,0.160726650727
CONSUMER STAPLES,0.033591918242
FINANCIALS,0.322416085529
HEALTH CARE,0.130133634027
INDUSTRIALS,0.227274326127
TECHNOLOGY,0.125857385348
