SECTOR,WEIGHT
COMMUNICATION SERVICES,0.033292568966
CONSUMER DISCRETIONARY,0.098265160689
CONSUMER STAPLES,0.105285245402
FINANCIALS,0.207999431102
HEALTH CARE,0.129281134912
INDUSTRIALS,0.133204329636
TECHNOLOGY,0.223749300145
UTILITIES,0.068922829147
