SECTOR,WEIGHT
COMMUNICATION SERVICES,0.062320309056
CONSUMER DISCRETIONARY,0.033587833787
CONSUMER STAPLES,0.131331673708
ENERGY,0.117964625675
FINANCIALS,0.323547635235
HEALTH CARE,0.106547754736
INDUSTRIALS,0.09576554493
TECHNOLOGY,0.128934622874
