SECTOR,WEIGHT
COMMUNICATION SERVICES,0.152706585254
CONSUMER STAPLES,0.034013073703
FINANCIALS,0.322195732758
HEALTH CARE,0.143050123211
INDUSTRIALS,0.212347965339
TECHNOLOGY,0.135686519735
