SECTOR,WEIGHT
COMMUNICATION SERVICES,0.063871204026
CONSUMER DISCRETIONARY,0.033190349332
CONSUMER STAPLES,0.131604481169
ENERGY,0.102498958976
FINANCIALS,0.323440847268
HEALTH CARE,0.109054148292
INDUSTRIALS,0.099442613246
TECHNOLOGY,0.136897397691
