SECTOR,WEIGHT
COMMUNICATION SERVICES,0.033410743053
CONSUMER DISCRETIONARY,0.101928363616
CONSUMER STAPLES,0.105861632296
FINANCIALS,0.199784201204
HEALTH CARE,0.127992530196
INDUSTRIALS,0.13464883104
TECHNOLOGY,0.226920348805
UTILITIES,0.06945334979
