SECTOR,WEIGHT
COMMUNICATION SERVICES,0.041180675087
CONSUMER DISCRETIONARY,0.064956377296
CONSUMER STAPLES,0.031610045202
FINANCIALS,0.104063933853
HEALTH CARE,0.270350495373
INDUSTRIALS,0.192433117367
TECHNOLOGY,0.201625814135
UTILITIES,0.093779541688
