SECTOR,WEIGHT
COMMUNICATION SERVICES,0.042079344352
CONSUMER DISCRETIONARY,0.066387534036
CONSUMER STAPLES,0.032588968515
FINANCIALS,0.102826769073
HEALTH CARE,0.265946988184
INDUSTRIALS,0.193406243204
TECHNOLOGY,0.203219311863
UTILITIES,0.093544840773
