SECTOR,WEIGHT
COMMUNICATION SERVICES,0.180830259747
CONSUMER DISCRETIONARY,0.450252077557
FINANCIALS,0.12755164528
INDUSTRIALS,0.061276630774
TECHNOLOGY,0.180089386641
