SECTOR,WEIGHT
COMMUNICATION SERVICES,0.136716499136
CONSUMER DISCRETIONARY,0.242523128881
FINANCIALS,0.14638721269
HEALTH CARE,0.041892086561
INDUSTRIALS,0.064114620014
TECHNOLOGY,0.3211013029
UTILITIES,0.047265149818
