SECTOR,WEIGHT
COMMUNICATION SERVICES,0.139425094419
CONSUMER DISCRETIONARY,0.258602601762
FINANCIALS,0.156945027277
HEALTH CARE,0.042278640369
INDUSTRIALS,0.055812001679
TECHNOLOGY,0.346936634494
