SECTOR,WEIGHT
COMMUNICATION SERVICES,0.139924969121
CONSUMER DISCRETIONARY,0.600949816333
FINANCIALS,0.105224691615
INDUSTRIALS,0.034983999294
TECHNOLOGY,0.118916523636
