SECTOR,WEIGHT
COMMUNICATION SERVICES,0.130104843535
CONSUMER DISCRETIONARY,0.24500747453
FINANCIALS,0.139407480933
HEALTH CARE,0.041706274002
INDUSTRIALS,0.07151934072
TECHNOLOGY,0.327766626576
UTILITIES,0.044487959704
