SECTOR,WEIGHT
COMMUNICATION SERVICES,0.131254155419
CONSUMER DISCRETIONARY,0.553089228354
FINANCIALS,0.116771269736
INDUSTRIALS,0.035299029935
TECHNOLOGY,0.163586316557
