SECTOR,WEIGHT
COMMUNICATION SERVICES,0.07175082518
CONSUMER DISCRETIONARY,0.18485838376
CONSUMER STAPLES,0.033761969246
ENERGY,0.052123917844
FINANCIALS,0.064632174657
HEALTH CARE,0.181893448777
INDUSTRIALS,0.079368643257
MATERIALS,0.069043492729
REAL ESTATE,0.041515103828
TECHNOLOGY,0.193588804213
UTILITIES,0.02746323651
