SECTOR,WEIGHT
COMMUNICATION SERVICES,0.076424287668
CONSUMER DISCRETIONARY,0.18874698759
CONSUMER STAPLES,0.032848174517
ENERGY,0.048436051726
FINANCIALS,0.064606119514
HEALTH CARE,0.198573081953
INDUSTRIALS,0.082605929125
MATERIALS,0.066572140026
REAL ESTATE,0.043445846757
TECHNOLOGY,0.171917571434
UTILITIES,0.025823809691
