SECTOR,WEIGHT
COMMUNICATION SERVICES,0.073976065683
CONSUMER DISCRETIONARY,0.186970942628
CONSUMER STAPLES,0.033893751998
ENERGY,0.050336441647
FINANCIALS,0.065174355258
HEALTH CARE,0.193508325089
INDUSTRIALS,0.081303306681
MATERIALS,0.068444048847
REAL ESTATE,0.042201299658
TECHNOLOGY,0.176296826433
UTILITIES,0.027894636079
