SECTOR,WEIGHT
COMMUNICATION SERVICES,0.073083907807
CONSUMER DISCRETIONARY,0.176544403386
CONSUMER STAPLES,0.032985687597
ENERGY,0.054501977154
FINANCIALS,0.062703726124
HEALTH CARE,0.188737603262
INDUSTRIALS,0.075111757614
MATERIALS,0.06702244388
REAL ESTATE,0.038920661882
TECHNOLOGY,0.203234721607
UTILITIES,0.027153109688
