SECTOR,WEIGHT
COMMUNICATION SERVICES,0.076158940397
CONSUMER DISCRETIONARY,0.16004415011
CONSUMER STAPLES,0.026389725065
ENERGY,0.061810154525
FINANCIALS,0.059401966687
HEALTH CARE,0.182119205298
INDUSTRIALS,0.080072245635
MATERIALS,0.069837447321
REAL ESTATE,0.037828617299
TECHNOLOGY,0.221753963476
UTILITIES,0.024583584186
