SECTOR,WEIGHT
COMMUNICATION SERVICES,0.079066476657
CONSUMER DISCRETIONARY,0.197348560877
CONSUMER STAPLES,0.033615671792
ENERGY,0.04709867127
FINANCIALS,0.069125085304
HEALTH CARE,0.190807273895
INDUSTRIALS,0.082272891494
MATERIALS,0.059254947614
REAL ESTATE,0.044964072097
TECHNOLOGY,0.172029424752
UTILITIES,0.02441692425
