SECTOR,WEIGHT
COMMUNICATION SERVICES,0.079367311778
CONSUMER DISCRETIONARY,0.188316665578
CONSUMER STAPLES,0.03084279737
ENERGY,0.046292324461
FINANCIALS,0.069526387961
HEALTH CARE,0.19449185532
INDUSTRIALS,0.082440340153
MATERIALS,0.059549845043
REAL ESTATE,0.044262056287
TECHNOLOGY,0.180265913897
UTILITIES,0.024644502152
