SECTOR,WEIGHT
COMMUNICATION SERVICES,0.078879888105
CONSUMER DISCRETIONARY,0.189505457074
CONSUMER STAPLES,0.030365084373
ENERGY,0.046068113446
FINANCIALS,0.069293082347
HEALTH CARE,0.194954492565
INDUSTRIALS,0.081949554974
MATERIALS,0.059761540641
REAL ESTATE,0.044785987448
TECHNOLOGY,0.179126868176
UTILITIES,0.02530993085
