SECTOR,WEIGHT
COMMUNICATION SERVICES,0.074648558375
CONSUMER DISCRETIONARY,0.16852647786
CONSUMER STAPLES,0.029548680245
ENERGY,0.067833875813
FINANCIALS,0.062262968108
HEALTH CARE,0.182565085033
INDUSTRIALS,0.076057835531
MATERIALS,0.070697567116
REAL ESTATE,0.038583099708
TECHNOLOGY,0.202203688194
UTILITIES,0.027072164018
