SECTOR,WEIGHT
COMMUNICATION SERVICES,0.078836296801
CONSUMER DISCRETIONARY,0.168215869793
CONSUMER STAPLES,0.028446479505
ENERGY,0.060582955187
FINANCIALS,0.061805931082
HEALTH CARE,0.185977613221
INDUSTRIALS,0.083056015105
MATERIALS,0.069222040855
REAL ESTATE,0.039119176443
TECHNOLOGY,0.199177526137
UTILITIES,0.025560095872
