SECTOR,WEIGHT
COMMUNICATION SERVICES,0.079160348265
CONSUMER DISCRETIONARY,0.192697146671
CONSUMER STAPLES,0.03187782073
ENERGY,0.050428615671
FINANCIALS,0.065323173109
HEALTH CARE,0.194557337682
INDUSTRIALS,0.080493351521
MATERIALS,0.059117191031
REAL ESTATE,0.047499015281
TECHNOLOGY,0.168027566106
UTILITIES,0.030818433932
