SECTOR,WEIGHT
CONSUMER DISCRETIONARY,0.039247096516
CONSUMER STAPLES,0.233480176211
ENERGY,0.032839407289
FINANCIALS,0.125550660793
HEALTH CARE,0.098217861434
INDUSTRIALS,0.215258309972
MATERIALS,0.122647176612
REAL ESTATE,0.045554665599
TECHNOLOGY,0.024429315178
UTILITIES,0.062775330396
