SECTOR,WEIGHT
CONSUMER DISCRETIONARY,0.037834595321
CONSUMER STAPLES,0.234404245326
ENERGY,0.034287476829
FINANCIALS,0.125773491148
HEALTH CARE,0.097091102461
INDUSTRIALS,0.21506634073
MATERIALS,0.121867855315
REAL ESTATE,0.046429998488
TECHNOLOGY,0.02437817771
UTILITIES,0.062866716672
