SECTOR,WEIGHT
CONSUMER DISCRETIONARY,0.044533569248
CONSUMER STAPLES,0.244161662998
ENERGY,0.030757408318
FINANCIALS,0.118186436042
HEALTH CARE,0.100790400971
INDUSTRIALS,0.215839879932
MATERIALS,0.119423785769
REAL ESTATE,0.042761203525
TECHNOLOGY,0.023407450749
UTILITIES,0.060138202446
