SECTOR,WEIGHT
CONSUMER DISCRETIONARY,0.042407052291
CONSUMER STAPLES,0.22544042231
ENERGY,0.028236571597
FINANCIALS,0.127955067653
HEALTH CARE,0.107373437248
INDUSTRIALS,0.220571518435
MATERIALS,0.122334893064
REAL ESTATE,0.041757941046
TECHNOLOGYQ,0.027780815261
UTILITIES,0.056142281093
