SECTOR,WEIGHT
CONSUMER DISCRETIONARY,0.043560682112
CONSUMER STAPLES,0.224565357631
ENERGY,0.030265634903
FINANCIALS,0.12771308459
HEALTH CARE,0.10389135998
INDUSTRIALS,0.234083970125
MATERIALS,0.11536815566
REAL ESTATE,0.041041647135
TECHNOLOGY,0.025525605654
UTILITIES,0.053984502211
