SECTOR,WEIGHT
CONSUMER DISCRETIONARY,0.043043852696
CONSUMER STAPLES,0.223246711035
ENERGY,0.028371728161
FINANCIALS,0.129465217174
HEALTH CARE,0.105359000654
INDUSTRIALS,0.22572660701
MATERIALS,0.120409749703
REAL ESTATE,0.041539592537
TECHNOLOGY,0.027945835642
UTILITIES,0.054891705388
