SECTOR,WEIGHT
CONSUMER DISCRETIONARY,0.040660991487
CONSUMER STAPLES,0.23545317977
ENERGY,0.028943415123
FINANCIALS,0.127190786179
HEALTH CARE,0.101251877817
INDUSTRIALS,0.21912869304
MATERIALS,0.116374561843
REAL ESTATE,0.044867300951
TECHNOLOGY,0.027341011517
UTILITIES,0.058788182273
