SECTOR,WEIGHT
CONSUMER DISCRETIONARY,0.041876013047
CONSUMER STAPLES,0.220035664424
ENERGY,0.028396213053
FINANCIALS,0.130370383138
HEALTH CARE,0.104976990158
INDUSTRIALS,0.226633206562
MATERIALS,0.124257205986
REAL ESTATE,0.041773791341
TECHNOLOGY,0.027605577323
UTILITIES,0.054074954968
