SECTOR,WEIGHT
COMMUNICATION SERVICES,0.099484623014
CONSUMER DISCRETIONARY,0.130104079248
CONSUMER STAPLES,0.020536779085
ENERGY,0.01504069611
FINANCIALS,0.131184222678
HEALTH CARE,0.119271525572
INDUSTRIALS,0.127959854
MATERIALS,0.045105022868
TECHNOLOGY,0.286596383728
UTILITIES,0.024716813697
