SECTOR,WEIGHT
COMMUNICATION SERVICES,0.08744626468
CONSUMER DISCRETIONARY,0.140308166162
CONSUMER STAPLES,0.023081340366
ENERGY,0.005678224571
FINANCIALS,0.111655017739
HEALTH CARE,0.133049756748
INDUSTRIALS,0.126257170566
MATERIALS,0.027938350705
TECHNOLOGY,0.320714275675
UTILITIES,0.023871432788
