SECTOR,WEIGHT
COMMUNICATION SERVICES,0.094574767525
CONSUMER DISCRETIONARY,0.114506204188
CONSUMER STAPLES,0.039292685404
ENERGY,0.034390276033
FINANCIALS,0.103982365405
HEALTH CARE,0.114882306978
INDUSTRIALS,0.114873256376
MATERIALS,0.053144128824
TECHNOLOGY,0.291291611399
UTILITIES,0.039062397866
