SECTOR,WEIGHT
COMMUNICATION SERVICES,0.095414063592
CONSUMER DISCRETIONARY,0.11366147912
CONSUMER STAPLES,0.038525003092
ENERGY,0.045881485816
FINANCIALS,0.110870118261
HEALTH CARE,0.112420650842
INDUSTRIALS,0.117258272272
MATERIALS,0.035812073842
TECHNOLOGY,0.290515707941
UTILITIES,0.039641145222
