SECTOR,WEIGHT
COMMUNICATION SERVICES,0.090106436785
CONSUMER DISCRETIONARY,0.140023548592
CONSUMER STAPLES,0.023213782337
ENERGY,0.005802682341
FINANCIALS,0.10914884155
HEALTH CARE,0.128696004372
INDUSTRIALS,0.108494487859
MATERIALS,0.040803990031
TECHNOLOGY,0.329540863523
UTILITIES,0.024169362611
