SECTOR,WEIGHT
COMMUNICATION SERVICES,0.035205357071
CONSUMER DISCRETIONARY,0.064252205405
CONSUMER STAPLES,0.097889140833
ENERGY,0.047716674545
FINANCIALS,0.241543943849
HEALTH CARE,0.133583252542
INDUSTRIALS,0.137962013349
MATERIALS,0.030302787504
REAL ESTATE,0.055901311625
TECHNOLOGY,0.090575849111
UTILITIES,0.065067464165
