SECTOR,WEIGHT
COMMUNICATION SERVICES,0.039596040396
CONSUMER DISCRETIONARY,0.066793320668
CONSUMER STAPLES,0.103789621038
ENERGY,0.046495350465
FINANCIALS,0.245075492451
HEALTH CARE,0.11198880112
INDUSTRIALS,0.132286771323
MATERIALS,0.029697030297
REAL ESTATE,0.057694230577
TECHNOLOGY,0.108789121088
UTILITIES,0.057794220578
