SECTOR,WEIGHT
COMMUNICATION SERVICES,0.043857979297
CONSUMER DISCRETIONARY,0.065510946711
CONSUMER STAPLES,0.110716475572
ENERGY,0.049293262853
FINANCIALS,0.236121742337
HEALTH CARE,0.117160667984
INDUSTRIALS,0.127239737584
MATERIALS,0.027223506875
REAL ESTATE,0.055179399424
TECHNOLOGY,0.105829228901
UTILITIES,0.061867052463
