SECTOR,WEIGHT
COMMUNICATION SERVICES,0.042866679812
CONSUMER DISCRETIONARY,0.066263245393
CONSUMER STAPLES,0.112159588278
ENERGY,0.045670144057
FINANCIALS,0.235758231485
HEALTH CARE,0.115713712353
INDUSTRIALS,0.128215701602
MATERIALS,0.026335148596
REAL ESTATE,0.057607637113
TECHNOLOGY,0.106364494391
UTILITIES,0.063045416921
