SECTOR,WEIGHT
COMMUNICATION SERVICES,0.034568061845
CONSUMER DISCRETIONARY,0.065218283255
CONSUMER STAPLES,0.095933551825
ENERGY,0.04712416502
FINANCIALS,0.255221035251
HEALTH CARE,0.1303695179
INDUSTRIALS,0.137630782317
MATERIALS,0.029871656951
REAL ESTATE,0.050751795051
TECHNOLOGY,0.091813564835
UTILITIES,0.06149758575
