SECTOR,WEIGHT
COMMUNICATION SERVICES,0.034428268769
CONSUMER DISCRETIONARY,0.064416149522
CONSUMER STAPLES,0.09658969794
ENERGY,0.047229035754
FINANCIALS,0.254408113391
HEALTH CARE,0.131208111789
INDUSTRIALS,0.137827162125
MATERIALS,0.030005894498
REAL ESTATE,0.05205471775
TECHNOLOGY,0.091308668514
UTILITIES,0.060524179949
