SECTOR,WEIGHT
COMMUNICATION SERVICES,0.031714911082
CONSUMER DISCRETIONARY,0.065273328309
CONSUMER STAPLES,0.090315787999
ENERGY,0.043660670768
FINANCIALS,0.265412842292
HEALTH CARE,0.131346309935
INDUSTRIALS,0.133390980431
MATERIALS,0.02747144417
REAL ESTATE,0.051353956182
TECHNOLOGY,0.096004435624
UTILITIES,0.064055333207
