SECTOR,WEIGHT
COMMUNICATION SERVICES,0.122430562519
CONSUMER DISCRETIONARY,0.124235435676
CONSUMER STAPLES,0.008924095057
FINANCIALS,0.033189611952
HEALTH CARE,0.068885992179
INDUSTRIALS,0.085831745713
TECHNOLOGY,0.554597413015
UTILITIES,0.001905143888
