SECTOR,WEIGHT
COMMUNICATION SERVICES,0.126078223209
CONSUMER DISCRETIONARY,0.129852255774
CONSUMER STAPLES,0.008152272261
FINANCIALS,0.042081367901
HEALTH CARE,0.065940009571
INDUSTRIALS,0.074063127079
TECHNOLOGY,0.546507863741
UTILITIES,0.007324880466
