SECTOR,WEIGHT
COMMUNICATION SERVICES,0.132633295953
CONSUMER DISCRETIONARY,0.109287389132
CONSUMER STAPLES,0.008563564074
FINANCIALS,0.031093893363
HEALTH CARE,0.065755938424
INDUSTRIALS,0.092058313793
TECHNOLOGY,0.558772555816
UTILITIES,0.001835049444
