SECTOR,WEIGHT
COMMUNICATION SERVICES,0.124535925696
CONSUMER DISCRETIONARY,0.133246127657
CONSUMER STAPLES,0.009202740158
FINANCIALS,0.041940981686
HEALTH CARE,0.071846376233
INDUSTRIALS,0.082548799902
TECHNOLOGY,0.532150907283
UTILITIES,0.004528141386
