SECTOR,WEIGHT
COMMUNICATION SERVICES,0.120090795879
CONSUMER DISCRETIONARY,0.130693683324
CONSUMER STAPLES,0.007886436914
FINANCIALS,0.044338252781
HEALTH CARE,0.070088839071
INDUSTRIALS,0.074323571706
TECHNOLOGY,0.545805858582
UTILITIES,0.006772561742
