SECTOR,WEIGHT
COMMUNICATION SERVICES,0.12044893675
CONSUMER DISCRETIONARY,0.124946917616
CONSUMER STAPLES,0.010331033764
FINANCIALS,0.037285867667
HEALTH CARE,0.07856593433
INDUSTRIALS,0.090654696088
TECHNOLOGY,0.53555918786
UTILITIES,0.002207425925
