SECTOR,WEIGHT
COMMUNICATION SERVICES,0.121294994009
CONSUMER DISCRETIONARY,0.125371151742
CONSUMER STAPLES,0.009873337581
FINANCIALS,0.036878759101
HEALTH CARE,0.084653651813
INDUSTRIALS,0.085377923634
TECHNOLOGY,0.534300231206
UTILITIES,0.002249950914
