SECTOR,WEIGHT
COMMUNICATION SERVICES,0.125003381936
CONSUMER DISCRETIONARY,0.132327403505
CONSUMER STAPLES,0.00875395436
FINANCIALS,0.042880948826
HEALTH CARE,0.07097056062
INDUSTRIALS,0.07730354958
TECHNOLOGY,0.53565061942
UTILITIES,0.007109581752
