SECTOR,WEIGHT
COMMUNICATION SERVICES,0.126236493227
CONSUMER DISCRETIONARY,0.123676366302
CONSUMER STAPLES,0.00969462774
FINANCIALS,0.035431114957
HEALTH CARE,0.076330044031
INDUSTRIALS,0.088892294379
TECHNOLOGY,0.537463390986
UTILITIES,0.002275668377
