SECTOR,WEIGHT
COMMUNICATION SERVICES,0.123738907616
CONSUMER DISCRETIONARY,0.128824509039
CONSUMER STAPLES,0.007902443341
FINANCIALS,0.042157091482
HEALTH CARE,0.064447452473
INDUSTRIALS,0.073914696252
TECHNOLOGY,0.552191525137
UTILITIES,0.006823374659
