SECTOR,WEIGHT
COMMUNICATION SERVICES,0.126876039605
CONSUMER DISCRETIONARY,0.125621762409
CONSUMER STAPLES,0.009812168489
FINANCIALS,0.037429271869
HEALTH CARE,0.08336642398
INDUSTRIALS,0.088040456941
TECHNOLOGY,0.526725406315
UTILITIES,0.002128470392
