SECTOR,WEIGHT
COMMUNICATION SERVICES,0.122492782842
CONSUMER DISCRETIONARY,0.134355876786
CONSUMER STAPLES,0.008361983188
FINANCIALS,0.04485910885
HEALTH CARE,0.072342928488
INDUSTRIALS,0.075224781531
TECHNOLOGY,0.536073765818
UTILITIES,0.006288772497
