SECTOR,WEIGHT
COMMUNICATION SERVICES,0.10326201853
CONSUMER DISCRETIONARY,0.085554719492
CONSUMER STAPLES,0.059960142797
ENERGY,0.024049584044
FINANCIALS,0.136435275128
HEALTH CARE,0.087273047894
INDUSTRIALS,0.0982342798
MATERIALS,0.018357558591
REAL ESTATE,0.023038625818
TECHNOLOGY,0.344468234971
UTILITIES,0.019366512936
