SECTOR,WEIGHT
COMMUNICATION SERVICES,0.098719375723
CONSUMER DISCRETIONARY,0.096101873391
CONSUMER STAPLES,0.056353874304
ENERGY,0.02427120327
FINANCIALS,0.153153414664
HEALTH CARE,0.099316947001
INDUSTRIALS,0.093533417948
MATERIALS,0.018182382358
REAL ESTATE,0.022248269345
TECHNOLOGY,0.320400302689
UTILITIES,0.017718939306
