SECTOR,WEIGHT
COMMUNICATION SERVICES,0.099172974208
CONSUMER DISCRETIONARY,0.092432353377
CONSUMER STAPLES,0.054384759325
ENERGY,0.024675540632
FINANCIALS,0.14622809724
HEALTH CARE,0.097285720582
INDUSTRIALS,0.095964442699
MATERIALS,0.017543244554
REAL ESTATE,0.022006939964
TECHNOLOGY,0.332754669049
UTILITIES,0.017551258369
