SECTOR,WEIGHT
COMMUNICATION SERVICES,0.101976841597
CONSUMER DISCRETIONARY,0.093948768865
CONSUMER STAPLES,0.065200441589
ENERGY,0.023301528647
FINANCIALS,0.142078170869
HEALTH CARE,0.100371427227
INDUSTRIALS,0.101321264034
MATERIALS,0.021268737758
REAL ESTATE,0.024009152063
TECHNOLOGY,0.305353016007
UTILITIES,0.021170651344
