SECTOR,WEIGHT
COMMUNICATION SERVICES,0.10150304433
CONSUMER DISCRETIONARY,0.092677389064
CONSUMER STAPLES,0.057187563194
ENERGY,0.027090637157
FINANCIALS,0.139224311397
HEALTH CARE,0.095079016444
INDUSTRIALS,0.095160105155
MATERIALS,0.018393122076
REAL ESTATE,0.021467485429
TECHNOLOGY,0.32534092297
UTILITIES,0.017252874645
