SECTOR,WEIGHT
COMMUNICATION SERVICES,0.100937641154
CONSUMER DISCRETIONARY,0.09409555876
CONSUMER STAPLES,0.058311801304
ENERGY,0.026697358861
FINANCIALS,0.141330280282
HEALTH CARE,0.100384898713
INDUSTRIALS,0.097168483374
MATERIALS,0.018810421469
REAL ESTATE,0.021928818495
TECHNOLOGY,0.322787438701
UTILITIES,0.017547298888
