SECTOR,WEIGHT
COMMUNICATION SERVICES,0.101330232828
CONSUMER DISCRETIONARY,0.090506505953
CONSUMER STAPLES,0.057831028484
ENERGY,0.025445972999
FINANCIALS,0.147226920716
HEALTH CARE,0.103037713798
INDUSTRIALS,0.093973543559
MATERIALS,0.01861805203
REAL ESTATE,0.023569246115
TECHNOLOGY,0.319915837712
UTILITIES,0.018544945806
