SECTOR,WEIGHT
COMMUNICATION SERVICES,0.056081744507
CONSUMER DISCRETIONARY,0.107337208104
CONSUMER STAPLES,0.024161431189
FINANCIALS,0.077777989076
HEALTH CARE,0.064486199259
INDUSTRIALS,0.111768138339
MATERIALS,0.02207558104
REAL ESTATE,0.012357961512
TECHNOLOGY,0.523953746974
