SECTOR,WEIGHT
COMMUNICATION SERVICES,0.02935363414
CONSUMER DISCRETIONARY,0.122564314537
CONSUMER STAPLES,0.021557233467
FINANCIALS,0.081760375303
HEALTH CARE,0.094561079999
INDUSTRIALS,0.095891414228
MATERIALS,0.021705717227
REAL ESTATE,0.011361014184
TECHNOLOGY,0.521245216917
