SECTOR,WEIGHT
COMMUNICATION SERVICES,0.029916926407
CONSUMER DISCRETIONARY,0.123576106987
CONSUMER STAPLES,0.020787960198
FINANCIALS,0.081787511775
HEALTH CARE,0.094186854891
INDUSTRIALS,0.09582404971
MATERIALS,0.021427991015
REAL ESTATE,0.01156268841
TECHNOLOGY,0.520929910606
