SECTOR,WEIGHT
COMMUNICATION SERVICES,0.05783470082
CONSUMER DISCRETIONARY,0.101460876526
CONSUMER STAPLES,0.020912547529
FINANCIALS,0.070342205323
HEALTH CARE,0.056133680208
INDUSTRIALS,0.108565139083
MATERIALS,0.019711827096
REAL ESTATE,0.010706423854
TECHNOLOGY,0.55433259956
