SECTOR,WEIGHT
COMMUNICATION SERVICES,0.058045123035
CONSUMER DISCRETIONARY,0.105868280524
CONSUMER STAPLES,0.023105953505
FINANCIALS,0.078899135921
HEALTH CARE,0.068443554096
INDUSTRIALS,0.112733390685
MATERIALS,0.023067852996
REAL ESTATE,0.012282400974
TECHNOLOGY,0.517554308265
