SECTOR,WEIGHT
COMMUNICATION SERVICES,0.028731740447
CONSUMER DISCRETIONARY,0.115277079716
CONSUMER STAPLES,0.021612007139
FINANCIALS,0.077587737646
HEALTH CARE,0.098081173186
INDUSTRIALS,0.094132565281
MATERIALS,0.022093544688
REAL ESTATE,0.012020381077
TECHNOLOGY,0.53046377082
