SECTOR,WEIGHT
COMMUNICATION SERVICES,0.028585304863
CONSUMER DISCRETIONARY,0.111547612238
CONSUMER STAPLES,0.024646760208
FINANCIALS,0.073629210856
HEALTH CARE,0.094313343589
INDUSTRIALS,0.108897498497
MATERIALS,0.024270466133
REAL ESTATE,0.011760444167
TECHNOLOGY,0.522349359447
