SECTOR,WEIGHT
COMMUNICATION SERVICES,0.028876192846
CONSUMER DISCRETIONARY,0.108449803856
CONSUMER STAPLES,0.023878506033
FINANCIALS,0.073343562869
HEALTH CARE,0.093736734303
INDUSTRIALS,0.111523682312
MATERIALS,0.023821303593
REAL ESTATE,0.011733524945
TECHNOLOGY,0.524636689243
