SECTOR,WEIGHT
COMMUNICATION SERVICES,0.123491107611
CONSUMER DISCRETIONARY,0.041334263911
CONSUMER STAPLES,0.09722599115
ENERGY,0.039972443157
FINANCIALS,0.204194007388
HEALTH CARE,0.13183326107
INDUSTRIALS,0.134441748618
MATERIALS,0.019373902908
REAL ESTATE,0.025281801769
TECHNOLOGY,0.147139725813
UTILITIES,0.035711746605
