SECTOR,WEIGHT
COMMUNICATION SERVICES,0.127318630563
CONSUMER DISCRETIONARY,0.039213172806
CONSUMER STAPLES,0.09853866938
ENERGY,0.043335182696
FINANCIALS,0.203403562394
HEALTH CARE,0.128366157858
INDUSTRIALS,0.114463888349
MATERIALS,0.025363980684
REAL ESTATE,0.026763020484
TECHNOLOGY,0.153032120832
UTILITIES,0.040201613953
