SECTOR,WEIGHT
COMMUNICATION SERVICES,0.127888564402
CONSUMER DISCRETIONARY,0.039754904221
CONSUMER STAPLES,0.089681042759
ENERGY,0.035769191453
FINANCIALS,0.216518309024
HEALTH CARE,0.134063061853
INDUSTRIALS,0.131155706374
MATERIALS,0.017762829545
REAL ESTATE,0.024262036812
TECHNOLOGY,0.147691854394
UTILITIES,0.035452499163
