SECTOR,WEIGHT
COMMUNICATION SERVICES,0.127220610838
CONSUMER DISCRETIONARY,0.039959214651
CONSUMER STAPLES,0.088811399846
ENERGY,0.034679577348
FINANCIALS,0.218374060197
HEALTH CARE,0.132223533387
INDUSTRIALS,0.129623818323
MATERIALS,0.017536296253
REAL ESTATE,0.024303776655
TECHNOLOGY,0.152431731162
UTILITIES,0.03483598134
