SECTOR,WEIGHT
COMMUNICATION SERVICES,0.124270547599
CONSUMER DISCRETIONARY,0.039959019472
CONSUMER STAPLES,0.097664250097
ENERGY,0.040302526832
FINANCIALS,0.206057346701
HEALTH CARE,0.131709534983
INDUSTRIALS,0.134680923724
MATERIALS,0.019491789373
REAL ESTATE,0.025210235518
TECHNOLOGY,0.144960106077
UTILITIES,0.035693719624
