SECTOR,WEIGHT
COMMUNICATION SERVICES,0.126120303991
CONSUMER DISCRETIONARY,0.039909624219
CONSUMER STAPLES,0.088849812886
ENERGY,0.033295760254
FINANCIALS,0.224160993132
HEALTH CARE,0.134401410744
INDUSTRIALS,0.127470930961
MATERIALS,0.017952918426
REAL ESTATE,0.02427822114
TECHNOLOGY,0.148822459684
UTILITIES,0.034737564563
