SECTOR,WEIGHT
COMMUNICATION SERVICES,0.137486251375
CONSUMER DISCRETIONARY,0.038096190381
CONSUMER STAPLES,0.091590840916
ENERGY,0.03799620038
FINANCIALS,0.197280271973
HEALTH CARE,0.110688931107
INDUSTRIALS,0.110488951105
MATERIALS,0.025797420258
REAL ESTATE,0.026397360264
TECHNOLOGY,0.189681031897
UTILITIES,0.034496550345
