SECTOR,WEIGHT
COMMUNICATION SERVICES,0.126368047394
CONSUMER DISCRETIONARY,0.043193397941
CONSUMER STAPLES,0.092786792642
ENERGY,0.036876412843
FINANCIALS,0.207274048833
HEALTH CARE,0.133032264204
INDUSTRIALS,0.130987342746
MATERIALS,0.018527798278
REAL ESTATE,0.024591699036
TECHNOLOGY,0.152205933714
UTILITIES,0.034156262369
