SECTOR,WEIGHT
COMMUNICATION SERVICES,0.072475138144
CONSUMER DISCRETIONARY,0.147656110843
FINANCIALS,0.090584416234
HEALTH CARE,0.162809384763
INDUSTRIALS,0.219595886011
MATERIALS,0.026614044322
REAL ESTATE,0.024865859052
TECHNOLOGY,0.245329333288
UTILITIES,0.010069827343
