SECTOR,WEIGHT
COMMUNICATION SERVICES,0.072134557481
CONSUMER DISCRETIONARY,0.125999991992
FINANCIALS,0.086987291393
HEALTH CARE,0.177457037381
INDUSTRIALS,0.205591947212
MATERIALS,0.023529341106
REAL ESTATE,0.022691509978
TECHNOLOGY,0.273389202088
UTILITIES,0.012219121368
