SECTOR,WEIGHT
COMMUNICATION SERVICES,0.074141481488
CONSUMER DISCRETIONARY,0.142048110874
FINANCIALS,0.087772461936
HEALTH CARE,0.157786407262
INDUSTRIALS,0.203839019082
MATERIALS,0.022298506058
REAL ESTATE,0.02211430362
TECHNOLOGY,0.280451215886
UTILITIES,0.009548493795
