SECTOR,WEIGHT
COMMUNICATION SERVICES,0.072813075506
CONSUMER DISCRETIONARY,0.143665425575
FINANCIALS,0.088630995276
HEALTH CARE,0.157323444631
INDUSTRIALS,0.203501080951
MATERIALS,0.022485787493
REAL ESTATE,0.022157498599
TECHNOLOGY,0.278668228041
UTILITIES,0.010754463928
