SECTOR,WEIGHT
COMMUNICATION SERVICES,0.071431002042
CONSUMER DISCRETIONARY,0.14637195244
FINANCIALS,0.090897353777
HEALTH CARE,0.158541174587
INDUSTRIALS,0.212640618119
MATERIALS,0.023081388366
REAL ESTATE,0.022370791465
TECHNOLOGY,0.261846951439
UTILITIES,0.012818767765
