SECTOR,WEIGHT
COMMUNICATION SERVICES,0.053904123299
CONSUMER DISCRETIONARY,0.118638911129
CONSUMER STAPLES,0.000207165733
FINANCIALS,0.079463570857
HEALTH CARE,0.15232886309
INDUSTRIALS,0.273095476381
MATERIALS,0.022595076061
REAL ESTATE,0.020246196958
TECHNOLOGY,0.266848478783
UTILITIES,0.01267213771
