SECTOR,WEIGHT
COMMUNICATION SERVICES,0.055772205137
CONSUMER DISCRETIONARY,0.069102990698
CONSUMER STAPLES,0.092903320041
ENERGY,0.024827775254
FINANCIALS,0.155629543222
HEALTH CARE,0.088110239844
INDUSTRIALS,0.173666371205
MATERIALS,0.08273490695
REAL ESTATE,0.07507958454
TECHNOLOGY,0.106340151626
UTILITIES,0.075832911484
