SECTOR,WEIGHT
COMMUNICATION SERVICES,0.055394511733
CONSUMER DISCRETIONARY,0.061153024797
CONSUMER STAPLES,0.087202057799
ENERGY,0.023615012
FINANCIALS,0.175261532051
HEALTH CARE,0.089913537163
INDUSTRIALS,0.181301510095
MATERIALS,0.073391242332
REAL ESTATE,0.084257192883
TECHNOLOGY,0.09812309936
UTILITIES,0.070387279786
