SECTOR,WEIGHT
COMMUNICATION SERVICES,0.05543783472
CONSUMER DISCRETIONARY,0.061346129966
CONSUMER STAPLES,0.090368877905
ENERGY,0.02240345445
FINANCIALS,0.174318743516
HEALTH CARE,0.088067646976
INDUSTRIALS,0.175033747381
MATERIALS,0.0690459405
REAL ESTATE,0.086455383358
TECHNOLOGY,0.102771290892
UTILITIES,0.074750950334
