SECTOR,WEIGHT
COMMUNICATION SERVICES,0.054189302685
CONSUMER DISCRETIONARY,0.068527199761
CONSUMER STAPLES,0.092564174177
ENERGY,0.022299168836
FINANCIALS,0.163314683957
HEALTH CARE,0.095143854465
INDUSTRIALS,0.175676527913
MATERIALS,0.070947714676
REAL ESTATE,0.077484506402
TECHNOLOGY,0.099417294569
UTILITIES,0.08043557256
