SECTOR,WEIGHT
COMMUNICATION SERVICES,0.055460771356
CONSUMER DISCRETIONARY,0.05980115343
CONSUMER STAPLES,0.090311986864
ENERGY,0.025784973367
FINANCIALS,0.175511634427
HEALTH CARE,0.088944290921
INDUSTRIALS,0.173343946494
MATERIALS,0.069153750651
REAL ESTATE,0.083444471144
TECHNOLOGY,0.104580680043
UTILITIES,0.073662341303
