SECTOR,WEIGHT
COMMUNICATION SERVICES,0.054584691914
CONSUMER DISCRETIONARY,0.070678561817
CONSUMER STAPLES,0.096022955225
ENERGY,0.025615525992
FINANCIALS,0.153295961725
HEALTH CARE,0.086798444439
INDUSTRIALS,0.168070186321
MATERIALS,0.08290454032
REAL ESTATE,0.0763423314
TECHNOLOGY,0.10428899732
UTILITIES,0.081397803526
