SECTOR,WEIGHT
COMMUNICATION SERVICES,0.053534948107
CONSUMER DISCRETIONARY,0.066462009054
CONSUMER STAPLES,0.094818465628
ENERGY,0.021852388278
FINANCIALS,0.161092299115
HEALTH CARE,0.097796243896
INDUSTRIALS,0.175982191385
MATERIALS,0.071219447745
REAL ESTATE,0.079332016772
TECHNOLOGY,0.095741326658
UTILITIES,0.082168663363
