SECTOR,WEIGHT
COMMUNICATION SERVICES,0.054935386032
CONSUMER DISCRETIONARY,0.059768170489
CONSUMER STAPLES,0.088318435251
ENERGY,0.025130879571
FINANCIALS,0.177434660314
HEALTH CARE,0.089897999019
INDUSTRIALS,0.173821082872
MATERIALS,0.069412718591
REAL ESTATE,0.083302469445
TECHNOLOGY,0.105034984635
UTILITIES,0.072943213782
