SECTOR,WEIGHT
COMMUNICATION SERVICES,0.060953590309
CONSUMER DISCRETIONARY,0.067368808979
CONSUMER STAPLES,0.090072434088
ENERGY,0.02409963117
FINANCIALS,0.160578751666
HEALTH CARE,0.090956704785
INDUSTRIALS,0.170978696387
MATERIALS,0.07505986102
REAL ESTATE,0.075579607897
TECHNOLOGY,0.106108477883
UTILITIES,0.078243435817
