SECTOR,WEIGHT
COMMUNICATION SERVICES,0.065234758234
CONSUMER DISCRETIONARY,0.067711482631
CONSUMER STAPLES,0.0886775453
ENERGY,0.02109120032
FINANCIALS,0.163025327861
HEALTH CARE,0.094821303434
INDUSTRIALS,0.174095505056
MATERIALS,0.072538792672
REAL ESTATE,0.075072579838
TECHNOLOGY,0.09894183602
UTILITIES,0.078789668635
