SECTOR,WEIGHT
COMMUNICATION SERVICES,0.029184905966
CONSUMER DISCRETIONARY,0.117223978599
CONSUMER STAPLES,0.031726248379
ENERGY,0.031449619001
FINANCIALS,0.159094317445
HEALTH CARE,0.138062378405
INDUSTRIALS,0.17715122406
MATERIALS,0.069042842088
REAL ESTATE,0.067364826524
TECHNOLOGY,0.145710724708
UTILITIES,0.033988934825
