SECTOR,WEIGHT
COMMUNICATION SERVICES,0.026228518529
CONSUMER DISCRETIONARY,0.123404568917
CONSUMER STAPLES,0.038389279632
ENERGY,0.031961621825
FINANCIALS,0.163396977275
HEALTH CARE,0.127994887756
INDUSTRIALS,0.184067040663
MATERIALS,0.074031636554
REAL ESTATE,0.061364092945
TECHNOLOGY,0.13785190846
UTILITIES,0.031309467444
