SECTOR,WEIGHT
COMMUNICATION SERVICES,0.027372354728
CONSUMER DISCRETIONARY,0.125636689437
CONSUMER STAPLES,0.032935513715
ENERGY,0.028102015436
FINANCIALS,0.169724724412
HEALTH CARE,0.142005680066
INDUSTRIALS,0.172726008373
MATERIALS,0.067888680382
REAL ESTATE,0.062151168767
TECHNOLOGY,0.14210041502
UTILITIES,0.029356749664
