SECTOR,WEIGHT
COMMUNICATION SERVICES,0.027287546812
CONSUMER DISCRETIONARY,0.123813436438
CONSUMER STAPLES,0.034195696851
ENERGY,0.028610082641
FINANCIALS,0.166638502489
HEALTH CARE,0.140358794762
INDUSTRIALS,0.17700123349
MATERIALS,0.070173326061
REAL ESTATE,0.060401536853
TECHNOLOGY,0.141972753941
UTILITIES,0.029547089662
