SECTOR,WEIGHT
COMMUNICATION SERVICES,0.024807701277
CONSUMER DISCRETIONARY,0.124771604075
CONSUMER STAPLES,0.036921557533
ENERGY,0.030908736943
FINANCIALS,0.165434697524
HEALTH CARE,0.135872507924
INDUSTRIALS,0.181221139982
MATERIALS,0.072544224143
REAL ESTATE,0.060588546641
TECHNOLOGY,0.135892787252
UTILITIES,0.031036496706
