SECTOR,WEIGHT
COMMUNICATION SERVICES,0.032239098186
CONSUMER DISCRETIONARY,0.124166308198
CONSUMER STAPLES,0.034276341445
ENERGY,0.026754521735
FINANCIALS,0.168501224155
HEALTH CARE,0.137944585375
INDUSTRIALS,0.173467193047
MATERIALS,0.063509324886
REAL ESTATE,0.061834905907
TECHNOLOGY,0.147791093619
UTILITIES,0.029515403449
