SECTOR,WEIGHT
COMMUNICATION SERVICES,0.027823516824
CONSUMER DISCRETIONARY,0.123769692208
CONSUMER STAPLES,0.033138064721
ENERGY,0.025497774219
FINANCIALS,0.172378214975
HEALTH CARE,0.139666117798
INDUSTRIALS,0.173271340321
MATERIALS,0.066913071477
REAL ESTATE,0.062277660514
TECHNOLOGY,0.145284067106
UTILITIES,0.029980479836
