SECTOR,WEIGHT
COMMUNICATION SERVICES,0.027957561814
CONSUMER DISCRETIONARY,0.125047974039
CONSUMER STAPLES,0.035270714235
ENERGY,0.025383541137
FINANCIALS,0.173012970573
HEALTH CARE,0.137928124341
INDUSTRIALS,0.17141350105
MATERIALS,0.066817035556
REAL ESTATE,0.063400078366
TECHNOLOGY,0.143352455969
UTILITIES,0.03041604292
