SECTOR,WEIGHT
COMMUNICATION SERVICES,0.137045352581
CONSUMER DISCRETIONARY,0.096995088756
CONSUMER STAPLES,0.009786755919
FINANCIALS,0.047276185031
HEALTH CARE,0.083410753918
INDUSTRIALS,0.104889010644
MATERIALS,0.008911307773
TECHNOLOGY,0.511685545378
