SECTOR,WEIGHT
COMMUNICATION SERVICES,0.132498016617
CONSUMER DISCRETIONARY,0.102721633604
CONSUMER STAPLES,0.010592118957
FINANCIALS,0.059650301203
HEALTH CARE,0.067109228336
INDUSTRIALS,0.125946066064
MATERIALS,0.009587607201
TECHNOLOGY,0.491895028019
