SECTOR,WEIGHT
COMMUNICATION SERVICES,0.129337742354
CONSUMER DISCRETIONARY,0.104473681566
FINANCIALS,0.081865055833
HEALTH CARE,0.089122852864
INDUSTRIALS,0.081563527082
MATERIALS,0.010225845034
TECHNOLOGY,0.503411295267
