SECTOR,WEIGHT
COMMUNICATION SERVICES,0.122330645875
CONSUMER DISCRETIONARY,0.096534265093
CONSUMER STAPLES,0.014882604742
FINANCIALS,0.054487411591
HEALTH CARE,0.091951907371
INDUSTRIALS,0.12027884391
MATERIALS,0.010012592432
TECHNOLOGY,0.489521728985
