SECTOR,WEIGHT
COMMUNICATION SERVICES,0.129834882172
CONSUMER DISCRETIONARY,0.133800365766
FINANCIALS,0.056349702941
HEALTH CARE,0.087661129207
INDUSTRIALS,0.089986902436
MATERIALS,0.011049434753
TECHNOLOGY,0.491317582725
