SECTOR,WEIGHT
COMMUNICATION SERVICES,0.129914019728
CONSUMER DISCRETIONARY,0.104909799098
FINANCIALS,0.08362676764
HEALTH CARE,0.090636028909
INDUSTRIALS,0.08668170015
MATERIALS,0.010405863863
TECHNOLOGY,0.493825820611
