SECTOR,WEIGHT
COMMUNICATION SERVICES,0.047356965801
CONSUMER DISCRETIONARY,0.071316579674
CONSUMER STAPLES,0.097384172024
ENERGY,0.048594345136
FINANCIALS,0.09478648153
HEALTH CARE,0.106333004172
INDUSTRIALS,0.098835170593
MATERIALS,0.009552407247
REAL ESTATE,0.00235081921
TECHNOLOGY,0.4148505673
UTILITIES,0.008639487314
