SECTOR,WEIGHT
COMMUNICATION SERVICES,0.046723322941
CONSUMER DISCRETIONARY,0.059962787891
CONSUMER STAPLES,0.092597807503
ENERGY,0.03981595092
FINANCIALS,0.123710147843
HEALTH CARE,0.10258171578
INDUSTRIALS,0.113901237051
MATERIALS,0.009790807603
REAL ESTATE,0.015541587046
TECHNOLOGY,0.384538871568
UTILITIES,0.010835763854
