SECTOR,WEIGHT
COMMUNICATION SERVICES,0.046544474015
CONSUMER DISCRETIONARY,0.059209807489
CONSUMER STAPLES,0.09757970339
ENERGY,0.038508227204
FINANCIALS,0.112031314999
HEALTH CARE,0.103605134297
INDUSTRIALS,0.08688508979
MATERIALS,0.010149307592
REAL ESTATE,0.001506608327
TECHNOLOGY,0.434137759935
UTILITIES,0.009842572962
