SECTOR,WEIGHT
COMMUNICATION SERVICES,0.041102042744
CONSUMER DISCRETIONARY,0.068194948351
CONSUMER STAPLES,0.106959957962
ENERGY,0.055578385558
FINANCIALS,0.096747746109
HEALTH CARE,0.098374425664
INDUSTRIALS,0.103632247842
MATERIALS,0.010024324838
REAL ESTATE,0.002396312994
TECHNOLOGY,0.408167960944
UTILITIES,0.008821646995
