SECTOR,WEIGHT
COMMUNICATION SERVICES,0.049728694927
CONSUMER DISCRETIONARY,0.067756315606
CONSUMER STAPLES,0.088691746911
ENERGY,0.042891464886
FINANCIALS,0.101100016004
HEALTH CARE,0.105878930803
INDUSTRIALS,0.094286942229
MATERIALS,0.009031424284
REAL ESTATE,0.002211304932
TECHNOLOGY,0.430060058519
UTILITIES,0.0083631009
