SECTOR,WEIGHT
COMMUNICATION SERVICES,0.049161497818
CONSUMER DISCRETIONARY,0.070343703274
CONSUMER STAPLES,0.094393461255
ENERGY,0.044909540103
FINANCIALS,0.094603036422
HEALTH CARE,0.102368400901
INDUSTRIALS,0.096108350361
MATERIALS,0.009301913179
REAL ESTATE,0.002210614982
TECHNOLOGY,0.428148967641
UTILITIES,0.008450514064
