SECTOR,WEIGHT
COMMUNICATION SERVICES,0.048798268137
CONSUMER DISCRETIONARY,0.068688516337
CONSUMER STAPLES,0.090855359211
ENERGY,0.041829532296
FINANCIALS,0.100402758898
HEALTH CARE,0.103159643558
INDUSTRIALS,0.090561345215
MATERIALS,0.008890902683
REAL ESTATE,0.002154760107
TECHNOLOGY,0.436229169813
UTILITIES,0.008429743745
