SECTOR,WEIGHT
COMMUNICATION SERVICES,0.046917196915
CONSUMER DISCRETIONARY,0.06900491329
CONSUMER STAPLES,0.095962749756
ENERGY,0.049818587776
FINANCIALS,0.09279933017
HEALTH CARE,0.100875035389
INDUSTRIALS,0.096041057191
MATERIALS,0.009474195692
REAL ESTATE,0.002327136337
TECHNOLOGY,0.424134150676
UTILITIES,0.008745334182
