SECTOR,WEIGHT
COMMUNICATION SERVICES,0.094282267487
CONSUMER DISCRETIONARY,0.099280975207
FINANCIALS,0.134639561457
HEALTH CARE,0.089976477433
INDUSTRIALS,0.03097275982
MATERIALS,0.006029826098
REAL ESTATE,0.10624251042
TECHNOLOGY,0.421971076562
UTILITIES,0.016604545517
