SECTOR,WEIGHT
COMMUNICATION SERVICES,0.090585456497
CONSUMER DISCRETIONARY,0.096436729447
FINANCIALS,0.136635859539
HEALTH CARE,0.091990193185
INDUSTRIALS,0.028101582531
MATERIALS,0.005899324533
REAL ESTATE,0.109478432455
TECHNOLOGY,0.420877939523
UTILITIES,0.01999448229
