SECTOR,WEIGHT
COMMUNICATION SERVICES,0.096564448959
CONSUMER DISCRETIONARY,0.097040793084
FINANCIALS,0.132531618732
HEALTH CARE,0.089854032559
INDUSTRIALS,0.0284749715
MATERIALS,0.00562794919
REAL ESTATE,0.109142109545
TECHNOLOGY,0.42101845442
UTILITIES,0.01974562201
