SECTOR,WEIGHT
COMMUNICATION SERVICES,0.093533362617
CONSUMER DISCRETIONARY,0.094264416737
FINANCIALS,0.13544788108
HEALTH CARE,0.093284054365
INDUSTRIALS,0.027540668083
MATERIALS,0.006559466994
REAL ESTATE,0.117339040837
TECHNOLOGY,0.41405550894
UTILITIES,0.017975600349
