SECTOR,WEIGHT
COMMUNICATION SERVICES,0.10065228299
CONSUMER DISCRETIONARY,0.096036126443
FINANCIALS,0.121424987456
HEALTH CARE,0.080280983442
INDUSTRIALS,0.024184646262
MATERIALS,0.005117912694
REAL ESTATE,0.104867034621
TECHNOLOGY,0.451078775715
UTILITIES,0.016357250376
