SECTOR,WEIGHT
COMMUNICATION SERVICES,0.119190412323
CONSUMER DISCRETIONARY,0.097245088906
CONSUMER STAPLES,0.05255433124
ENERGY,0.029721557415
FINANCIALS,0.118516793292
HEALTH CARE,0.095000361405
INDUSTRIALS,0.083466517821
MATERIALS,0.017698812985
REAL ESTATE,0.014992290024
TECHNOLOGY,0.356328404838
UTILITIES,0.01458972485
