SECTOR,WEIGHT
COMMUNICATION SERVICES,0.11946619818
CONSUMER DISCRETIONARY,0.090532836973
CONSUMER STAPLES,0.058207434149
ENERGY,0.043038224038
FINANCIALS,0.128187011546
HEALTH CARE,0.092711784003
INDUSTRIALS,0.073379659409
MATERIALS,0.012411354646
REAL ESTATE,0.007519779372
TECHNOLOGY,0.357082984916
UTILITIES,0.017462732769
