SECTOR,WEIGHT
COMMUNICATION SERVICES,0.122327935243
CONSUMER DISCRETIONARY,0.096877500394
CONSUMER STAPLES,0.055552041827
ENERGY,0.031168776409
FINANCIALS,0.121874162352
HEALTH CARE,0.09580029174
INDUSTRIALS,0.086783061421
MATERIALS,0.017940091939
REAL ESTATE,0.015243556576
TECHNOLOGY,0.341722108277
UTILITIES,0.014710473821
