SECTOR,WEIGHT
COMMUNICATION SERVICES,0.11842922144
CONSUMER DISCRETIONARY,0.101865091763
CONSUMER STAPLES,0.044021813142
ENERGY,0.031343875418
FINANCIALS,0.129446941113
HEALTH CARE,0.098087044291
INDUSTRIALS,0.073811612314
MATERIALS,0.014864859452
REAL ESTATE,0.008882867511
TECHNOLOGY,0.362060713113
UTILITIES,0.017185960443
