SECTOR,WEIGHT
COMMUNICATION SERVICES,0.113440320963
CONSUMER DISCRETIONARY,0.09518555667
CONSUMER STAPLES,0.050451354062
ENERGY,0.035606820461
FINANCIALS,0.117251755266
HEALTH CARE,0.08555667001
INDUSTRIALS,0.085957873621
MATERIALS,0.020260782347
REAL ESTATE,0.016549648947
TECHNOLOGY,0.357271815446
UTILITIES,0.022467402207
