SECTOR,WEIGHT
COMMUNICATION SERVICES,0.118865974011
CONSUMER DISCRETIONARY,0.102059133473
CONSUMER STAPLES,0.043101962968
ENERGY,0.03165532053
FINANCIALS,0.129467165656
HEALTH CARE,0.100199943102
INDUSTRIALS,0.074787335067
MATERIALS,0.015218114284
REAL ESTATE,0.008814125039
TECHNOLOGY,0.359097210814
UTILITIES,0.016733715055
