SECTOR,WEIGHT
COMMUNICATION SERVICES,0.125367843935
CONSUMER DISCRETIONARY,0.090807342712
CONSUMER STAPLES,0.058187912113
ENERGY,0.039260464149
FINANCIALS,0.123700050335
HEALTH CARE,0.091172046976
INDUSTRIALS,0.073254317425
MATERIALS,0.011892573998
REAL ESTATE,0.007697972626
TECHNOLOGY,0.361295333092
UTILITIES,0.017364142639
