SECTOR,WEIGHT
COMMUNICATION SERVICES,0.131106405388
CONSUMER DISCRETIONARY,0.093263935669
CONSUMER STAPLES,0.05357576197
ENERGY,0.017901214056
FINANCIALS,0.11793675871
HEALTH CARE,0.112075415082
INDUSTRIALS,0.069691687888
MATERIALS,0.01491767838
REAL ESTATE,0.012249312015
TECHNOLOGYQ,0.365527928733
UTILITIES,0.011753902108
