SECTOR,WEIGHT
COMMUNICATION SERVICES,0.021417045621
CONSUMER DISCRETIONARY,0.134956725832
CONSUMER STAPLES,0.048848467068
ENERGY,0.051929001027
FINANCIALS,0.321695760599
HEALTH CARE,0.16913598357
INDUSTRIALS,0.075546428048
MATERIALS,0.042980783336
REAL ESTATE,0.033885873551
TECHNOLOGY,0.083614493179
UTILITIES,0.015989438169
