SECTOR,WEIGHT
COMMUNICATION SERVICES,0.018144961498
CONSUMER DISCRETIONARY,0.141560137337
CONSUMER STAPLES,0.040345615538
ENERGY,0.087706719363
FINANCIALS,0.311816157483
HEALTH CARE,0.204103492297
INDUSTRIALS,0.079631767017
MATERIALS,0.038078041842
REAL ESTATE,0.030607872969
TECHNOLOGY,0.033560382165
UTILITIES,0.014444852491
