SECTOR,WEIGHT
COMMUNICATION SERVICES,0.019325561495
CONSUMER DISCRETIONARY,0.125618347634
CONSUMER STAPLES,0.047630351198
ENERGY,0.089587143058
FINANCIALS,0.311066957378
HEALTH CARE,0.190395390819
INDUSTRIALS,0.081882707366
MATERIALS,0.039275331739
REAL ESTATE,0.026991899939
TECHNOLOGY,0.05346362592
UTILITIES,0.014762683453
