SECTOR,WEIGHT
COMMUNICATION SERVICES,0.018098399661
CONSUMER DISCRETIONARY,0.141528785553
CONSUMER STAPLES,0.040273094267
ENERGY,0.087946500816
FINANCIALS,0.305036906798
HEALTH CARE,0.212312860011
INDUSTRIALS,0.079468798703
MATERIALS,0.037918581986
REAL ESTATE,0.031006666987
TECHNOLOGY,0.032487895766
UTILITIES,0.013921509454
