SECTOR,WEIGHT
COMMUNICATION SERVICES,0.016997146282
CONSUMER DISCRETIONARY,0.126813760282
CONSUMER STAPLES,0.044739174866
ENERGY,0.056454439166
FINANCIALS,0.322929581779
HEALTH CARE,0.174471443675
INDUSTRIALS,0.082404426945
MATERIALS,0.037291235345
REAL ESTATE,0.033237424055
TECHNOLOGY,0.089285451338
UTILITIES,0.015375916267
