SECTOR,WEIGHT
COMMUNICATION SERVICES,0.018939998448
CONSUMER DISCRETIONARY,0.124525804577
CONSUMER STAPLES,0.047490552695
ENERGY,0.08912165318
FINANCIALS,0.312808657114
HEALTH CARE,0.196916832968
INDUSTRIALS,0.080768785899
MATERIALS,0.038616454783
REAL ESTATE,0.026957579733
TECHNOLOGY,0.049458344741
UTILITIES,0.014395335864
