SECTOR,WEIGHT
COMMUNICATION SERVICES,0.021485268753
CONSUMER DISCRETIONARY,0.114258098959
CONSUMER STAPLES,0.053141903387
ENERGY,0.096383775095
FINANCIALS,0.312813134335
HEALTH CARE,0.181084046136
INDUSTRIALS,0.067978750865
MATERIALS,0.03872599059
REAL ESTATE,0.03282703838
TECHNOLOGY,0.063851537658
UTILITIES,0.017450455841
