SECTOR,WEIGHT
COMMUNICATION SERVICES,0.019867686157
CONSUMER DISCRETIONARY,0.125552411769
CONSUMER STAPLES,0.048744726142
ENERGY,0.092397400831
FINANCIALS,0.303631417324
HEALTH CARE,0.195290993296
INDUSTRIALS,0.081097433512
MATERIALS,0.040561229747
REAL ESTATE,0.025003901109
TECHNOLOGY,0.051125138747
UTILITIES,0.016727661366
