SECTOR,WEIGHT
COMMUNICATION SERVICES,0.018670899049
CONSUMER DISCRETIONARY,0.14416944368
CONSUMER STAPLES,0.042425342759
ENERGY,0.091417418754
FINANCIALS,0.297614306547
HEALTH CARE,0.208691807177
INDUSTRIALS,0.080036545298
MATERIALS,0.038870375468
REAL ESTATE,0.030930265246
TECHNOLOGY,0.032893696522
UTILITIES,0.0142798995
