SECTOR,WEIGHT
COMMUNICATION SERVICES,0.017542132417
CONSUMER DISCRETIONARY,0.148825993743
CONSUMER STAPLES,0.036411165954
ENERGY,0.09121232916
FINANCIALS,0.295202436913
HEALTH CARE,0.216437703976
INDUSTRIALS,0.083779919563
MATERIALS,0.039505799131
REAL ESTATE,0.023237668122
TECHNOLOGYQ,0.033187222368
UTILITIES,0.014657628653
