SECTOR,WEIGHT
COMMUNICATION SERVICES,0.022588485975
CONSUMER STAPLES,0.124848745692
ENERGY,0.124724096854
FINANCIALS,0.275523319328
HEALTH CARE,0.088379553357
INDUSTRIALS,0.1299805148
MATERIALS,0.19939110219
TECHNOLOGY,0.018682038455
UTILITIES,0.015882143349
