SECTOR,WEIGHT
COMMUNICATION SERVICES,0.065872713214
CONSUMER STAPLES,0.105595005359
ENERGY,0.131816270268
FINANCIALS,0.301785716977
HEALTH CARE,0.058566753739
INDUSTRIALS,0.145983531068
MATERIALS,0.190380009376
