SECTOR,WEIGHT
COMMUNICATION SERVICES,0.076068850639
CONSUMER STAPLES,0.092171016102
ENERGY,0.148991301129
FINANCIALS,0.373126041088
HEALTH CARE,0.079215250787
INDUSTRIALS,0.193596150287
MATERIALS,0.036831389969
