SECTOR,WEIGHT
COMMUNICATION SERVICES,0.034421561226
CONSUMER STAPLES,0.123468794332
ENERGY,0.120224574904
FINANCIALS,0.276307833183
HEALTH CARE,0.083111444603
INDUSTRIALS,0.130856735224
MATERIALS,0.198660458792
TECHNOLOGY,0.017481324927
UTILITIES,0.015467272809
