SECTOR,WEIGHT
COMMUNICATION SERVICES,0.052063899254
CONSUMER STAPLES,0.154035755399
ENERGY,0.092313532074
FINANCIALS,0.282443335186
HEALTH CARE,0.080292106621
INDUSTRIALS,0.154329747539
MATERIALS,0.17340698436
UTILITIES,0.011114639568
