SECTOR,WEIGHT
COMMUNICATION SERVICES,0.028293503014
CONSUMER DISCRETIONARY,0.129832513283
CONSUMER STAPLES,0.052390069622
ENERGY,0.018956847398
FINANCIALS,0.061642566092
HEALTH CARE,0.158786264827
INDUSTRIALS,0.166398659866
MATERIALS,0.035718543766
TECHNOLOGY,0.347981032132
