SECTOR,WEIGHT
COMMUNICATION SERVICES,0.029655050685
CONSUMER DISCRETIONARY,0.128261855
CONSUMER STAPLES,0.048439925707
ENERGY,0.016236566473
FINANCIALS,0.064446833519
HEALTH CARE,0.15855473498
INDUSTRIALS,0.161960502722
MATERIALS,0.03187040432
TECHNOLOGY,0.360574126595
