SECTOR,WEIGHT
COMMUNICATION SERVICES,0.02812125508
CONSUMER DISCRETIONARY,0.094593498743
CONSUMER STAPLES,0.077058385969
ENERGY,0.023309736267
FINANCIALS,0.032567354756
HEALTH CARE,0.168511282441
INDUSTRIALS,0.219014209298
MATERIALS,0.037123580747
TECHNOLOGY,0.319700696699
