SECTOR,WEIGHT
COMMUNICATION SERVICES,0.013421037875
CONSUMER DISCRETIONARY,0.07324644322
CONSUMER STAPLES,0.078189086132
ENERGY,0.064808102089
FINANCIALS,0.032659894899
HEALTH CARE,0.147552310305
INDUSTRIALS,0.234380006729
MATERIALS,0.035977353563
TECHNOLOGY,0.319765765188
