SECTOR,WEIGHT
COMMUNICATION SERVICES,0.032012042349
CONSUMER DISCRETIONARY,0.121577010499
CONSUMER STAPLES,0.047037918967
ENERGY,0.01675666358
FINANCIALS,0.060882210276
HEALTH CARE,0.163732246155
INDUSTRIALS,0.169423699054
MATERIALS,0.029307123987
TECHNOLOGYQ,0.359271085134
