SECTOR,WEIGHT
COMMUNICATION SERVICES,0.012450158678
CONSUMER DISCRETIONARY,0.050711817956
CONSUMER STAPLES,0.073038318922
ENERGY,0.079484915246
FINANCIALS,0.027563544232
HEALTH CARE,0.125693056824
INDUSTRIALS,0.248186423872
MATERIALS,0.043164166689
TECHNOLOGY,0.33970759758
