SECTOR,WEIGHT
COMMUNICATION SERVICES,0.028386906736
CONSUMER DISCRETIONARY,0.129299539826
CONSUMER STAPLES,0.047993138971
ENERGY,0.017779763771
FINANCIALS,0.064740943051
HEALTH CARE,0.159656187099
INDUSTRIALS,0.163543569238
MATERIALS,0.033072805257
TECHNOLOGY,0.35552714605
