SECTOR,WEIGHT
COMMUNICATION SERVICES,0.116626568871
CONSUMER DISCRETIONARY,0.158236888124
ENERGY,0.027283957083
FINANCIALS,0.154976696044
HEALTH CARE,0.081878568883
INDUSTRIALS,0.128934179032
TECHNOLOGY,0.315452078257
UTILITIES,0.016611063706
