SECTOR,WEIGHT
COMMUNICATION SERVICES,0.115578286409
CONSUMER DISCRETIONARY,0.156917156168
CONSUMER STAPLES,0.014780230909
ENERGY,0.027637229086
FINANCIALS,0.116365201539
HEALTH CARE,0.095736277091
INDUSTRIALS,0.143902167308
TECHNOLOGY,0.312843832287
UTILITIES,0.016239619202
