SECTOR,WEIGHT
COMMUNICATION SERVICES,0.115809998331
CONSUMER DISCRETIONARY,0.160218756742
ENERGY,0.020001139782
FINANCIALS,0.146833441206
HEALTH CARE,0.084758060905
INDUSTRIALS,0.09563789124
TECHNOLOGYQ,0.362463923863
UTILITIES,0.014276787931
