SECTOR,WEIGHT
COMMUNICATION SERVICES,0.114396088758
CONSUMER DISCRETIONARY,0.158788159395
ENERGY,0.020452640231
FINANCIALS,0.150637698127
HEALTH CARE,0.081939059189
INDUSTRIALS,0.096731656873
TECHNOLOGY,0.364020282329
UTILITIES,0.013034415098
