SECTOR,WEIGHT
COMMUNICATION SERVICES,0.024825914921
CONSUMER DISCRETIONARY,0.094021528731
CONSUMER STAPLES,0.0257982775
ENERGY,0.015732766206
FINANCIALS,0.203072947304
HEALTH CARE,0.208961422244
INDUSTRIALS,0.156560430776
TECHNOLOGY,0.271026712318
