SECTOR,WEIGHT
COMMUNICATION SERVICES,0.008664752081
CONSUMER DISCRETIONARY,0.09372948211
CONSUMER STAPLES,0.035390760872
ENERGY,0.027275324402
FINANCIALS,0.245050896898
HEALTH CARE,0.203962490164
INDUSTRIALS,0.217924930208
TECHNOLOGY,0.168001363265
