SECTOR,WEIGHT
COMMUNICATION SERVICES,0.021505085885
CONSUMER DISCRETIONARY,0.099515672851
CONSUMER STAPLES,0.025505962296
ENERGY,0.017349136745
FINANCIALS,0.208861956257
HEALTH CARE,0.198460077776
INDUSTRIALS,0.185013771459
TECHNOLOGY,0.24378833673
