SECTOR,WEIGHT
COMMUNICATION SERVICES,0.024645345505
CONSUMER DISCRETIONARY,0.092911937102
CONSUMER STAPLES,0.025166142184
ENERGY,0.015256929713
FINANCIALS,0.200935021063
HEALTH CARE,0.206700984286
INDUSTRIALS,0.162264359611
TECHNOLOGY,0.272119280536
