SECTOR,WEIGHT
COMMUNICATION SERVICES,0.018462643534
CONSUMER DISCRETIONARY,0.103076673743
CONSUMER STAPLES,0.027706470479
ENERGY,0.018208538335
FINANCIALS,0.206146344587
HEALTH CARE,0.204733759777
INDUSTRIALS,0.194868675632
TECHNOLOGY,0.226796893914
