SECTOR,WEIGHT
COMMUNICATION SERVICES,0.016908019255
CONSUMER DISCRETIONARY,0.101603170729
CONSUMER STAPLES,0.027803898188
ENERGY,0.018619628588
FINANCIALS,0.2084952243
HEALTH CARE,0.200262293376
INDUSTRIALS,0.196495952559
TECHNOLOGY,0.229811813005
