SECTOR,WEIGHT
COMMUNICATION SERVICES,0.008544428521
CONSUMER DISCRETIONARY,0.095776825945
CONSUMER STAPLES,0.035646914529
ENERGY,0.028749193945
FINANCIALS,0.246989141957
HEALTH CARE,0.206845370915
INDUSTRIALS,0.214985643956
TECHNOLOGY,0.162462480231
