SECTOR,WEIGHT
COMMUNICATION SERVICES,0.007885304659
CONSUMER DISCRETIONARY,0.091244239631
CONSUMER STAPLES,0.032053251408
ENERGY,0.027342549923
FINANCIALS,0.237275985663
HEALTH CARE,0.19743983615
INDUSTRIALS,0.258371735791
TECHNOLOGY,0.148387096774
