SECTOR,WEIGHT
CONSUMER DISCRETIONARY,0.163056769129
CONSUMER STAPLES,0.027223812922
ENERGY,0.037533506231
FINANCIALS,0.084666330154
INDUSTRIALS,0.349704971106
MATERIALS,0.086421055838
TECHNOLOGY,0.13898341224
UTILITIES,0.11241014238
