SECTOR,WEIGHT
CONSUMER DISCRETIONARY,0.110949688183
CONSUMER STAPLES,0.032487116245
ENERGY,0.048711624456
FINANCIALS,0.086276043233
INDUSTRIALS,0.309354508813
MATERIALS,0.061885139064
TECHNOLOGY,0.13949948866
UTILITIES,0.210836391345
