SECTOR,WEIGHT
CONSUMER DISCRETIONARY,0.118610129564
CONSUMER STAPLES,0.034157832744
ENERGY,0.050412249706
FINANCIALS,0.062190812721
INDUSTRIALS,0.382685512367
MATERIALS,0.076325088339
TECHNOLOGY,0.152532391048
UTILITIES,0.12308598351
