SECTOR,WEIGHT
CONSUMER DISCRETIONARY,0.122557689022
CONSUMER STAPLES,0.029899101074
ENERGY,0.03685684424
FINANCIALS,0.089837101602
INDUSTRIALS,0.36037692306
MATERIALS,0.07974055196
TECHNOLOGY,0.166184769077
UTILITIES,0.114547019965
