SECTOR,WEIGHT
CONSUMER DISCRETIONARY,0.155903004661
CONSUMER STAPLES,0.024884776513
ENERGY,0.039108239053
FINANCIALS,0.083624169287
INDUSTRIALS,0.373108837844
MATERIALS,0.073935343725
TECHNOLOGY,0.135606406623
UTILITIES,0.113829222293
