SECTOR,WEIGHT
CONSUMER DISCRETIONARY,0.115222259744
CONSUMER STAPLES,0.027900218616
ENERGY,0.037206956614
FINANCIALS,0.08482706219
INDUSTRIALS,0.356737553988
MATERIALS,0.090973419476
TECHNOLOGY,0.175617190694
UTILITIES,0.111515338677
