SECTOR,WEIGHT
COMMUNICATION SERVICES,0.116577868315
CONSUMER DISCRETIONARY,0.130834394943
CONSUMER STAPLES,0.003922740386
ENERGY,0.001951275648
FINANCIALS,0.072851325515
HEALTH CARE,0.067046961845
INDUSTRIALS,0.051012785751
MATERIALS,0.005009922938
REAL ESTATE,0.005258248758
TECHNOLOGY,0.545534475901
