SECTOR,WEIGHT
COMMUNICATION SERVICES,0.021563801297
CONSUMER DISCRETIONARY,0.100457695424
CONSUMER STAPLES,0.016473939225
ENERGY,0.024559719707
FINANCIALS,0.087306821055
HEALTH CARE,0.250477561572
INDUSTRIALS,0.227360588657
MATERIALS,0.035965469022
REAL ESTATE,0.013774207031
TECHNOLOGY,0.214996104171
UTILITIES,0.007064092839
