SECTOR,WEIGHT
COMMUNICATION SERVICES,0.021017593121
CONSUMER DISCRETIONARY,0.103911063711
CONSUMER STAPLES,0.014922699417
ENERGY,0.023508875715
FINANCIALS,0.073854239138
HEALTH CARE,0.247450393064
INDUSTRIALS,0.25137582956
MATERIALS,0.039487662319
REAL ESTATE,0.013505209614
TECHNOLOGY,0.20209800989
UTILITIES,0.008868424451
