SECTOR,WEIGHT
COMMUNICATION SERVICES,0.020364943783
CONSUMER DISCRETIONARY,0.10609763701
CONSUMER STAPLES,0.015013404826
ENERGY,0.023047987198
FINANCIALS,0.081408857576
HEALTH CARE,0.253070640314
INDUSTRIALS,0.244477003969
MATERIALS,0.037589625288
REAL ESTATE,0.014422137706
TECHNOLOGY,0.1964960409
UTILITIES,0.008011721429
