SECTOR,WEIGHT
COMMUNICATION SERVICES,0.022388860569
CONSUMER DISCRETIONARY,0.100746260956
CONSUMER STAPLES,0.016236747986
ENERGY,0.024184344617
FINANCIALS,0.087620653432
HEALTH CARE,0.251750596947
INDUSTRIALS,0.222776231093
MATERIALS,0.035657900439
REAL ESTATE,0.013841737368
TECHNOLOGY,0.217665292881
UTILITIES,0.00713137371
