SECTOR,WEIGHT
COMMUNICATION SERVICES,0.205315982113
CONSUMER DISCRETIONARY,0.252882880265
CONSUMER STAPLES,0.084449930715
FINANCIALS,0.16709333328
HEALTH CARE,0.061472054923
INDUSTRIALS,0.047613990123
TECHNOLOGY,0.140994361989
UTILITIES,0.040177466592
