SECTOR,WEIGHT
COMMUNICATION SERVICES,0.230439616901
CONSUMER DISCRETIONARY,0.24892423914
CONSUMER STAPLES,0.095324253591
FINANCIALS,0.151388253334
HEALTH CARE,0.037237181185
INDUSTRIALS,0.05545286321
TECHNOLOGY,0.134700914397
UTILITIES,0.046532678243
