SECTOR,WEIGHT
COMMUNICATION SERVICES,0.22372764359
CONSUMER DISCRETIONARY,0.275015200252
CONSUMER STAPLES,0.091099173869
FINANCIALS,0.139116920539
HEALTH CARE,0.044016518611
INDUSTRIALS,0.053263087768
TECHNOLOGY,0.131843875854
UTILITIES,0.041917579518
