SECTOR,WEIGHT
COMMUNICATION SERVICES,0.220887516125
CONSUMER DISCRETIONARY,0.259895119743
CONSUMER STAPLES,0.093095249541
FINANCIALS,0.162039596503
HEALTH CARE,0.036770184842
INDUSTRIALS,0.061500973487
TECHNOLOGY,0.123952399266
UTILITIES,0.041858960492
