SECTOR,WEIGHT
COMMUNICATION SERVICES,0.222474758863
CONSUMER DISCRETIONARY,0.260946511337
CONSUMER STAPLES,0.094137041213
FINANCIALS,0.154433170487
HEALTH CARE,0.036522610547
INDUSTRIALS,0.061564825254
TECHNOLOGY,0.124764123763
UTILITIES,0.045156958537
