SECTOR,WEIGHT
COMMUNICATION SERVICES,0.220855713166
CONSUMER DISCRETIONARY,0.275563680805
CONSUMER STAPLES,0.091684986941
FINANCIALS,0.142021173588
HEALTH CARE,0.045034260836
INDUSTRIALS,0.054452102559
TECHNOLOGY,0.127915482245
UTILITIES,0.04247259986
