SECTOR,WEIGHT
COMMUNICATION SERVICES,0.224960486858
CONSUMER DISCRETIONARY,0.262999272838
CONSUMER STAPLES,0.091852780744
FINANCIALS,0.159755288952
HEALTH CARE,0.037741310614
INDUSTRIALS,0.059378887462
TECHNOLOGY,0.121794627815
UTILITIES,0.041517344717
