SECTOR,WEIGHT
COMMUNICATION SERVICES,0.012746203756
CONSUMER DISCRETIONARY,0.128510387417
CONSUMER STAPLES,0.024845489128
ENERGY,0.093518441198
FINANCIALS,0.333223333732
HEALTH CARE,0.061162461026
INDUSTRIALS,0.146139164922
MATERIALS,0.054450808547
REAL ESTATE,0.069577430497
TECHNOLOGY,0.071507118617
UTILITIES,0.004319161159
