SECTOR,WEIGHT
COMMUNICATION SERVICES,0.012508710346
CONSUMER DISCRETIONARY,0.129461129987
CONSUMER STAPLES,0.02417378661
ENERGY,0.085472500445
FINANCIALS,0.355351948252
HEALTH CARE,0.067355986433
INDUSTRIALS,0.121314379889
MATERIALS,0.048817152619
REAL ESTATE,0.07312970145
TECHNOLOGY,0.072908486315
UTILITIES,0.009506217654
