SECTOR,WEIGHT
COMMUNICATION SERVICES,0.010198462975
CONSUMER DISCRETIONARY,0.104345642367
CONSUMER STAPLES,0.032274033904
ENERGY,0.125476396564
FINANCIALS,0.323025430802
HEALTH CARE,0.062025468883
INDUSTRIALS,0.141116304058
MATERIALS,0.051919635
REAL ESTATE,0.066107324182
TECHNOLOGY,0.078974534204
UTILITIES,0.004536767059
