SECTOR,WEIGHT
COMMUNICATION SERVICES,0.012728068014
CONSUMER DISCRETIONARY,0.129645699576
CONSUMER STAPLES,0.024455628233
ENERGY,0.085742009764
FINANCIALS,0.352870552391
HEALTH CARE,0.067342721683
INDUSTRIALS,0.121562199911
MATERIALS,0.048816736132
REAL ESTATE,0.074404597308
TECHNOLOGY,0.072896294099
UTILITIES,0.009535492888
