SECTOR,WEIGHT
COMMUNICATION SERVICES,0.010308758483
CONSUMER DISCRETIONARY,0.107105294032
CONSUMER STAPLES,0.033587596146
ENERGY,0.119457897413
FINANCIALS,0.322339862797
HEALTH CARE,0.063035017053
INDUSTRIALS,0.142785104014
MATERIALS,0.050131831083
REAL ESTATE,0.070443697527
TECHNOLOGY,0.076164610815
UTILITIES,0.004640330638
