SECTOR,WEIGHT
COMMUNICATION SERVICES,0.042129493751
CONSUMER DISCRETIONARY,0.121922903167
CONSUMER STAPLES,0.06298789045
ENERGY,0.033133227086
FINANCIALS,0.129905449548
HEALTH CARE,0.092890635408
INDUSTRIALS,0.121147587456
MATERIALS,0.018394214983
REAL ESTATE,0.016566112693
TECHNOLOGY,0.339951898372
UTILITIES,0.020970587086
