SECTOR,WEIGHT
COMMUNICATION SERVICES,0.042207587266
CONSUMER DISCRETIONARY,0.11971140214
CONSUMER STAPLES,0.062759313753
ENERGY,0.032918631715
FINANCIALS,0.123804313738
HEALTH CARE,0.092605005476
INDUSTRIALS,0.122755285968
MATERIALS,0.018454672883
REAL ESTATE,0.017422678037
TECHNOLOGY,0.345635112673
UTILITIES,0.021725996351
