SECTOR,WEIGHT
COMMUNICATION SERVICES,0.044232131283
CONSUMER DISCRETIONARY,0.118517026961
CONSUMER STAPLES,0.06252986593
ENERGY,0.034491705661
FINANCIALS,0.122565269267
HEALTH CARE,0.092527531754
INDUSTRIALS,0.123426810564
MATERIALS,0.018298736439
REAL ESTATE,0.017365066103
TECHNOLOGY,0.343719914928
UTILITIES,0.022325941109
