SECTOR,WEIGHT
COMMUNICATION SERVICES,0.043826027324
CONSUMER DISCRETIONARY,0.117809831556
CONSUMER STAPLES,0.06172117892
ENERGY,0.035822385933
FINANCIALS,0.11993130283
HEALTH CARE,0.090395129038
INDUSTRIALS,0.119551322862
MATERIALS,0.018037518761
REAL ESTATE,0.017116142532
TECHNOLOGY,0.353005400929
UTILITIES,0.022783759315
