SECTOR,WEIGHT
COMMUNICATION SERVICES,0.044877381303
CONSUMER DISCRETIONARY,0.117473940647
CONSUMER STAPLES,0.062114719252
ENERGY,0.040982752645
FINANCIALS,0.121787281954
HEALTH CARE,0.089278952778
INDUSTRIALS,0.119463326582
MATERIALS,0.018487465667
REAL ESTATE,0.017081071985
TECHNOLOGY,0.345204538124
UTILITIES,0.023248569065
