SECTOR,WEIGHT
COMMUNICATION SERVICES,0.044962282696
CONSUMER DISCRETIONARY,0.12570123232
CONSUMER STAPLES,0.057370903909
ENERGY,0.027161885926
FINANCIALS,0.13064779696
HEALTH CARE,0.093820914662
INDUSTRIALS,0.112181091299
MATERIALS,0.01550600281
REAL ESTATE,0.016033622972
TECHNOLOGY,0.356081299734
UTILITIES,0.020532966713
