SECTOR,WEIGHT
COMMUNICATION SERVICES,0.039480014915
CONSUMER DISCRETIONARY,0.112196334564
CONSUMER STAPLES,0.058057784139
ENERGY,0.034885189506
FINANCIALS,0.119882443036
HEALTH CARE,0.079642638055
INDUSTRIALS,0.114670162904
MATERIALS,0.017260666129
REAL ESTATE,0.017046160755
TECHNOLOGY,0.385675651836
UTILITIES,0.02120295416
