SECTOR,WEIGHT
COMMUNICATION SERVICES,0.097017872008
CONSUMER DISCRETIONARY,0.135001740185
ENERGY,0.032183250666
FINANCIALS,0.272614775903
HEALTH CARE,0.169867522037
INDUSTRIALS,0.105597697664
MATERIALS,0.101686860278
TECHNOLOGY,0.086030281259
