SECTOR,WEIGHT
COMMUNICATION SERVICES,0.091590690369
CONSUMER DISCRETIONARY,0.134484659943
FINANCIALS,0.208861403362
HEALTH CARE,0.171432437217
INDUSTRIALS,0.098717982628
MATERIALS,0.0982886767
TECHNOLOGY,0.154487060801
UTILITIES,0.04213708898
