SECTOR,WEIGHT
COMMUNICATION SERVICES,0.080768058519
CONSUMER DISCRETIONARY,0.087676521386
ENERGY,0.224829828304
FINANCIALS,0.08178400894
HEALTH CARE,0.123844356395
INDUSTRIALS,0.038301330895
MATERIALS,0.115208777812
REAL ESTATE,0.041247587118
TECHNOLOGY,0.130244844052
UTILITIES,0.076094686579
