SECTOR,WEIGHT
COMMUNICATION SERVICES,0.094998040742
CONSUMER DISCRETIONARY,0.131344559625
FINANCIALS,0.245120939629
HEALTH CARE,0.167131290616
INDUSTRIALS,0.134609649725
MATERIALS,0.099965903828
TECHNOLOGY,0.126829615833
