SECTOR,WEIGHT
COMMUNICATION SERVICES,0.074950107402
CONSUMER DISCRETIONARY,0.079464562291
ENERGY,0.23778532726
FINANCIALS,0.083267063776
HEALTH CARE,0.117549499043
INDUSTRIALS,0.038052436739
MATERIALS,0.110351761856
REAL ESTATE,0.079312218481
TECHNOLOGY,0.145378650539
UTILITIES,0.033888372613
