SECTOR,WEIGHT
COMMUNICATION SERVICES,0.072886001421
CONSUMER DISCRETIONARY,0.073799614252
ENERGY,0.229621358238
FINANCIALS,0.078672216019
HEALTH CARE,0.114607654045
INDUSTRIALS,0.036646025784
MATERIALS,0.112069840625
REAL ESTATE,0.078164653335
TECHNOLOGY,0.171454674652
UTILITIES,0.032077961628
