SECTOR,WEIGHT
COMMUNICATION SERVICES,0.091337577417
CONSUMER DISCRETIONARY,0.095794779635
ENERGY,0.205410443779
FINANCIALS,0.035165648337
HEALTH CARE,0.174001652773
INDUSTRIALS,0.072414034952
MATERIALS,0.121430045304
REAL ESTATE,0.03324961044
TECHNOLOGY,0.171196207363
