SECTOR,WEIGHT
COMMUNICATION SERVICES,0.149873901849
CONSUMER DISCRETIONARY,0.108586664282
FINANCIALS,0.286117823024
HEALTH CARE,0.071152482233
INDUSTRIALS,0.152174354827
MATERIALS,0.121729932511
TECHNOLOGY,0.07890431782
UTILITIES,0.031460523455
