SECTOR,WEIGHT
COMMUNICATION SERVICES,0.089403329576
CONSUMER DISCRETIONARY,0.129121625956
ENERGY,0.121606610688
FINANCIALS,0.176930196189
HEALTH CARE,0.22755906073
INDUSTRIALS,0.071006254537
MATERIALS,0.06654570964
TECHNOLOGY,0.07991818092
UTILITIES,0.037909031763
