SECTOR,WEIGHT
COMMUNICATION SERVICES,0.150129276408
CONSUMER DISCRETIONARY,0.076335559901
FINANCIALS,0.280017270719
HEALTH CARE,0.075959667793
INDUSTRIALS,0.117508952836
MATERIALS,0.124393873975
TECHNOLOGY,0.103824448226
UTILITIES,0.071830950143
