SECTOR,WEIGHT
COMMUNICATION SERVICES,0.094430524955
CONSUMER DISCRETIONARY,0.094724819544
CONSUMER STAPLES,0.046715762478
ENERGY,0.032282314597
FINANCIALS,0.105872978852
HEALTH CARE,0.093466560027
INDUSTRIALS,0.103915018934
MATERIALS,0.038832871705
REAL ESTATE,0.034589624214
TECHNOLOGY,0.31191923115
UTILITIES,0.043250293544
