SECTOR,WEIGHT
COMMUNICATION SERVICES,0.10257063025
CONSUMER DISCRETIONARY,0.10233528871
CONSUMER STAPLES,0.041422308575
ENERGY,0.026843975452
FINANCIALS,0.110813302247
HEALTH CARE,0.089535634486
INDUSTRIALS,0.096314939953
MATERIALS,0.034343075623
REAL ESTATE,0.033078801963
TECHNOLOGY,0.323417527289
UTILITIES,0.039324515452
