SECTOR,WEIGHT
COMMUNICATION SERVICES,0.087528465988
CONSUMER DISCRETIONARY,0.092340507814
CONSUMER STAPLES,0.048526180694
ENERGY,0.037806037545
FINANCIALS,0.108427735715
HEALTH CARE,0.086465468616
INDUSTRIALS,0.100881556445
MATERIALS,0.042285454369
REAL ESTATE,0.039259769106
TECHNOLOGY,0.310918215327
UTILITIES,0.045560608383
