SECTOR,WEIGHT
COMMUNICATION SERVICES,0.110586582054
CONSUMER DISCRETIONARY,0.094602201292
CONSUMER STAPLES,0.045520824883
ENERGY,0.02333121591
FINANCIALS,0.112154957554
HEALTH CARE,0.098460518171
INDUSTRIALS,0.084459979263
MATERIALS,0.028468813448
REAL ESTATE,0.026630511802
TECHNOLOGY,0.333262775698
UTILITIES,0.042521619925
