SECTOR,WEIGHT
COMMUNICATION SERVICES,0.014075795517
CONSUMER DISCRETIONARY,0.139340767563
CONSUMER STAPLES,0.037187162842
ENERGY,0.03294560842
FINANCIALS,0.150881438646
HEALTH CARE,0.102021494012
INDUSTRIALS,0.238748070883
MATERIALS,0.044683444727
REAL ESTATE,0.056112021874
TECHNOLOGY,0.154615567846
UTILITIES,0.02938862767
