SECTOR,WEIGHT
COMMUNICATION SERVICES,0.01383181317
CONSUMER DISCRETIONARY,0.115064648692
CONSUMER STAPLES,0.042397514283
ENERGY,0.044101433297
FINANCIALS,0.137816979052
HEALTH CARE,0.095519695299
INDUSTRIALS,0.244762954796
MATERIALS,0.04560489125
REAL ESTATE,0.060338779192
TECHNOLOGY,0.177007116368
UTILITIES,0.023554174602
