SECTOR,WEIGHT
COMMUNICATION SERVICES,0.014781162081
CONSUMER DISCRETIONARY,0.120650058642
CONSUMER STAPLES,0.0454041483
ENERGY,0.047629635639
FINANCIALS,0.142714633831
HEALTH CARE,0.099396754715
INDUSTRIALS,0.241159897559
MATERIALS,0.048155459605
REAL ESTATE,0.065418510806
TECHNOLOGY,0.147306829802
UTILITIES,0.027382909018
