SECTOR,WEIGHT
COMMUNICATION SERVICES,0.014847111315
CONSUMER DISCRETIONARY,0.143802570318
CONSUMER STAPLES,0.035003077499
ENERGY,0.02667100417
FINANCIALS,0.161429364776
HEALTH CARE,0.105354435705
INDUSTRIALS,0.228703944975
MATERIALS,0.040020120388
REAL ESTATE,0.057522536051
TECHNOLOGY,0.154762098365
UTILITIES,0.031883736439
