SECTOR,WEIGHT
COMMUNICATION SERVICES,0.01488700803
CONSUMER DISCRETIONARY,0.120480622208
CONSUMER STAPLES,0.044606845736
ENERGY,0.053442934139
FINANCIALS,0.143226501643
HEALTH CARE,0.098123020985
INDUSTRIALS,0.2357872115
MATERIALS,0.046334533284
REAL ESTATE,0.062396408978
TECHNOLOGY,0.152909377671
UTILITIES,0.027805535824
