SECTOR,WEIGHT
COMMUNICATION SERVICES,0.012925350568
CONSUMER DISCRETIONARY,0.126745332846
CONSUMER STAPLES,0.043591142796
ENERGY,0.043126555092
FINANCIALS,0.141716271083
HEALTH CARE,0.100019524699
INDUSTRIALS,0.245814955919
MATERIALS,0.047166665832
REAL ESTATE,0.063318097393
TECHNOLOGY,0.148653046103
UTILITIES,0.026923057668
