SECTOR,WEIGHT
COMMUNICATION SERVICES,0.056194869001
CONSUMER DISCRETIONARY,0.061799951778
ENERGY,0.037641731877
FINANCIALS,0.071528997692
HEALTH CARE,0.10863527194
INDUSTRIALS,0.207855674859
MATERIALS,0.13295318973
TECHNOLOGY,0.300093209291
UTILITIES,0.023297103832
