SECTOR,WEIGHT
COMMUNICATION SERVICES,0.048552390068
CONSUMER DISCRETIONARY,0.025465312584
ENERGY,0.063620155569
FINANCIALS,0.057216486712
HEALTH CARE,0.103014079026
INDUSTRIALS,0.245119148421
MATERIALS,0.118838125391
TECHNOLOGY,0.310087776966
UTILITIES,0.028086525263
