SECTOR,WEIGHT
COMMUNICATION SERVICES,0.048435458721
CONSUMER DISCRETIONARY,0.025792279489
ENERGY,0.067671414725
FINANCIALS,0.058927894138
HEALTH CARE,0.106403556829
INDUSTRIALS,0.241236461714
MATERIALS,0.119958700324
TECHNOLOGY,0.302405284673
UTILITIES,0.029168949387
