SECTOR,WEIGHT
COMMUNICATION SERVICES,0.054585837255
CONSUMER DISCRETIONARY,0.062869917056
ENERGY,0.037775362648
FINANCIALS,0.059929140906
HEALTH CARE,0.113846807422
INDUSTRIALS,0.21942912647
MATERIALS,0.125214990122
TECHNOLOGY,0.303455721315
UTILITIES,0.022893096806
