SECTOR,WEIGHT
COMMUNICATION SERVICES,0.05474979692
CONSUMER DISCRETIONARY,0.064153652957
ENERGY,0.040993186452
FINANCIALS,0.062211957693
HEALTH CARE,0.115950498168
INDUSTRIALS,0.219974179805
MATERIALS,0.128282438952
TECHNOLOGY,0.289700104441
UTILITIES,0.023984184612
