SECTOR,WEIGHT
COMMUNICATION SERVICES,0.020961889404
CONSUMER DISCRETIONARY,0.114797735011
CONSUMER STAPLES,0.033779610102
ENERGY,0.041351626325
FINANCIALS,0.149024802223
HEALTH CARE,0.181812942537
INDUSTRIALS,0.196711246658
MATERIALS,0.063155748498
REAL ESTATE,0.038387177506
TECHNOLOGY,0.157175099218
UTILITIES,0.002842122517
