SECTOR,WEIGHT
COMMUNICATION SERVICES,0.022624822108
CONSUMER DISCRETIONARY,0.117030583105
CONSUMER STAPLES,0.034169683805
ENERGY,0.040449561944
FINANCIALS,0.155417002516
HEALTH CARE,0.190797508091
INDUSTRIALS,0.18335787326
MATERIALS,0.055171992393
REAL ESTATE,0.038602109715
TECHNOLOGY,0.159582000079
UTILITIES,0.002796862983
