SECTOR,WEIGHT
COMMUNICATION SERVICES,0.024093966469
CONSUMER DISCRETIONARY,0.100090352374
CONSUMER STAPLES,0.027507278386
ENERGY,0.057423953418
FINANCIALS,0.152695512499
HEALTH CARE,0.180805140046
INDUSTRIALS,0.189037245257
MATERIALS,0.056018472041
REAL ESTATE,0.035237425961
TECHNOLOGY,0.173576950105
UTILITIES,0.003513703443
