SECTOR,WEIGHT
COMMUNICATION SERVICES,0.020649733892
CONSUMER DISCRETIONARY,0.098442067
CONSUMER STAPLES,0.030479597016
ENERGY,0.056903873969
FINANCIALS,0.152117131847
HEALTH CARE,0.185576782265
INDUSTRIALS,0.192263095283
MATERIALS,0.061015364678
REAL ESTATE,0.038348502751
TECHNOLOGY,0.160416344856
UTILITIES,0.003787506445
