SECTOR,WEIGHT
COMMUNICATION SERVICES,0.021845182609
CONSUMER DISCRETIONARY,0.118703277426
CONSUMER STAPLES,0.03227616174
ENERGY,0.040847602914
FINANCIALS,0.152525710395
HEALTH CARE,0.189891965208
INDUSTRIALS,0.187242906194
MATERIALS,0.060759292316
REAL ESTATE,0.038228487812
TECHNOLOGY,0.154884446186
UTILITIES,0.0027949672
