SECTOR,WEIGHT
COMMUNICATION SERVICES,0.021992179318
CONSUMER DISCRETIONARY,0.116499455601
CONSUMER STAPLES,0.032751017937
ENERGY,0.03860745321
FINANCIALS,0.15389607669
HEALTH CARE,0.193895592188
INDUSTRIALS,0.184342437702
MATERIALS,0.059487132041
REAL ESTATE,0.03804364272
TECHNOLOGY,0.157720769345
UTILITIES,0.002764243248
