SECTOR,WEIGHT
COMMUNICATION SERVICES,0.133542232799
CONSUMER DISCRETIONARY,0.091840057243
CONSUMER STAPLES,0.011154146098
FINANCIALS,0.061518145712
HEALTH CARE,0.090366773327
INDUSTRIALS,0.095365486968
MATERIALS,0.010774267981
TECHNOLOGY,0.505438889872
