SECTOR,WEIGHT
COMMUNICATION SERVICES,0.137547271419
CONSUMER DISCRETIONARY,0.09561586471
CONSUMER STAPLES,0.009880279228
FINANCIALS,0.066755683622
HEALTH CARE,0.1113586037
INDUSTRIALS,0.074077981264
MATERIALS,0.010870919386
TECHNOLOGY,0.49389339667
