SECTOR,WEIGHT
COMMUNICATION SERVICES,0.148659796711
CONSUMER DISCRETIONARY,0.097609833644
CONSUMER STAPLES,0.011746098015
FINANCIALS,0.06552484103
HEALTH CARE,0.10696335667
INDUSTRIALS,0.084881214272
MATERIALS,0.012012051191
TECHNOLOGY,0.472602808466
