SECTOR,WEIGHT
COMMUNICATION SERVICES,0.139692156213
CONSUMER DISCRETIONARY,0.088087128633
CONSUMER STAPLES,0.012612150988
FINANCIALS,0.064255357627
HEALTH CARE,0.107025951714
INDUSTRIALS,0.09234911736
MATERIALS,0.012953753102
TECHNOLOGY,0.483024384363
