SECTOR,WEIGHT
COMMUNICATION SERVICES,0.143560675334
CONSUMER DISCRETIONARY,0.089471071623
CONSUMER STAPLES,0.011635057708
FINANCIALS,0.063552194473
HEALTH CARE,0.102957047053
INDUSTRIALS,0.094713328818
MATERIALS,0.012027950666
TECHNOLOGY,0.482082674325
