SECTOR,WEIGHT
COMMUNICATION SERVICES,0.131189600014
CONSUMER DISCRETIONARY,0.089399774114
CONSUMER STAPLES,0.011957047558
FINANCIALS,0.065609382999
HEALTH CARE,0.103159078315
INDUSTRIALS,0.096277917629
MATERIALS,0.012045551232
TECHNOLOGY,0.49036164814
