SECTOR,WEIGHT
COMMUNICATION SERVICES,0.143318214064
CONSUMER DISCRETIONARY,0.089812278562
CONSUMER STAPLES,0.011990578759
FINANCIALS,0.065523644541
HEALTH CARE,0.106007045834
INDUSTRIALS,0.097497181465
MATERIALS,0.012859752532
TECHNOLOGY,0.472991304243
