SECTOR,WEIGHT
COMMUNICATION SERVICES,0.128901129963
CONSUMER DISCRETIONARY,0.08993937248
CONSUMER STAPLES,0.012135563417
FINANCIALS,0.066894476729
HEALTH CARE,0.104907640355
INDUSTRIALS,0.094478137577
MATERIALS,0.012117456642
TECHNOLOGY,0.490626222836
