SECTOR,WEIGHT
COMMUNICATION SERVICES,0.143182603525
CONSUMER DISCRETIONARY,0.095668359598
CONSUMER STAPLES,0.010363511439
FINANCIALS,0.065257877354
HEALTH CARE,0.106637589502
INDUSTRIALS,0.079072879081
MATERIALS,0.011602070091
TECHNOLOGY,0.488215109411
