SECTOR,WEIGHT
COMMUNICATION SERVICES,0.139397392189
CONSUMER DISCRETIONARY,0.098063685077
CONSUMER STAPLES,0.010858676441
FINANCIALS,0.067143536088
HEALTH CARE,0.111704602202
INDUSTRIALS,0.078787951863
MATERIALS,0.011749917859
TECHNOLOGY,0.48229423828
