SECTOR,WEIGHT
COMMUNICATION SERVICES,0.125858816009
CONSUMER DISCRETIONARY,0.090488171209
CONSUMER STAPLES,0.056942119032
ENERGY,0.033053081518
FINANCIALS,0.118611546134
HEALTH CARE,0.098065090163
INDUSTRIALS,0.103697179747
MATERIALS,0.024203657001
REAL ESTATE,0.008065881721
TECHNOLOGY,0.327933701458
UTILITIES,0.013080756009
