SECTOR,WEIGHT
COMMUNICATION SERVICES,0.122205515292
CONSUMER DISCRETIONARY,0.092160105855
CONSUMER STAPLES,0.053806674085
ENERGY,0.037967501679
FINANCIALS,0.119704487816
HEALTH CARE,0.096855421566
INDUSTRIALS,0.099227137401
MATERIALS,0.026478813942
REAL ESTATE,0.008100522259
TECHNOLOGY,0.330530578695
UTILITIES,0.012963241412
