SECTOR,WEIGHT
COMMUNICATION SERVICES,0.071653377674
CONSUMER DISCRETIONARY,0.207177057457
CONSUMER STAPLES,0.007268210594
ENERGY,0.014766808238
FINANCIALS,0.075397668082
HEALTH CARE,0.11880659508
INDUSTRIALS,0.052916900393
MATERIALS,0.046491105056
REAL ESTATE,0.0662272618
TECHNOLOGY,0.333242847985
UTILITIES,0.006052167642
