SECTOR,WEIGHT
COMMUNICATION SERVICES,0.116211656735
CONSUMER DISCRETIONARY,0.081590309198
CONSUMER STAPLES,0.059868194318
ENERGY,0.026390274634
FINANCIALS,0.12875218663
HEALTH CARE,0.10047495461
INDUSTRIALS,0.090923614398
MATERIALS,0.022441529943
REAL ESTATE,0.021385517049
TECHNOLOGY,0.324055290464
UTILITIES,0.027906472023
