SECTOR,WEIGHT
COMMUNICATION SERVICES,0.122050146016
CONSUMER DISCRETIONARY,0.100339100512
CONSUMER STAPLES,0.071061887346
ENERGY,0.032515993607
FINANCIALS,0.150234746486
HEALTH CARE,0.059711133633
INDUSTRIALS,0.093333760631
MATERIALS,0.026412985567
REAL ESTATE,0.010339260749
TECHNOLOGY,0.32636371284
UTILITIES,0.007637272614
