SECTOR,WEIGHT
COMMUNICATION SERVICES,0.117007374031
CONSUMER DISCRETIONARY,0.082946325311
CONSUMER STAPLES,0.063284580678
ENERGY,0.028964969844
FINANCIALS,0.12024441135
HEALTH CARE,0.096391555241
INDUSTRIALS,0.092540182356
MATERIALS,0.02373359684
REAL ESTATE,0.021682136966
TECHNOLOGY,0.32208020236
UTILITIES,0.028815645213
