SECTOR,WEIGHT
COMMUNICATION SERVICES,0.074230173145
CONSUMER DISCRETIONARY,0.207306505146
CONSUMER STAPLES,0.007542735321
ENERGY,0.015296855574
FINANCIALS,0.075046659968
HEALTH CARE,0.119051793316
INDUSTRIALS,0.052794138126
MATERIALS,0.048016437933
REAL ESTATE,0.069262126332
TECHNOLOGY,0.325306382923
UTILITIES,0.006146192216
