SECTOR,WEIGHT
COMMUNICATION SERVICES,0.099380289827
CONSUMER DISCRETIONARY,0.100138504572
CONSUMER STAPLES,0.049445430101
ENERGY,0.030406818316
FINANCIALS,0.099152624817
HEALTH CARE,0.105112032246
INDUSTRIALS,0.09853381728
MATERIALS,0.030176144518
REAL ESTATE,0.016145160012
TECHNOLOGY,0.357476187945
UTILITIES,0.014032990365
