SECTOR,WEIGHT
COMMUNICATION SERVICES,0.118897243108
CONSUMER DISCRETIONARY,0.099448621554
CONSUMER STAPLES,0.048220551378
ENERGY,0.031478696742
FINANCIALS,0.12320802005
HEALTH CARE,0.068972431078
INDUSTRIALS,0.124010025063
MATERIALS,0.031478696742
REAL ESTATE,0.002305764411
TECHNOLOGY,0.348370927318
UTILITIES,0.003609022556
