SECTOR,WEIGHT
FINANCIALS,0.080316499679
INDUSTRIALS,0.919683500321
