SECTOR,WEIGHT
FINANCIALS,0.087923985763
INDUSTRIALS,0.912076014237
