SECTOR,WEIGHT
FINANCIALS,0.084396301073
INDUSTRIALS,0.915603698927
