SECTOR,WEIGHT
FINANCIALS,0.087027350391
INDUSTRIALS,0.912972649609
