SECTOR,WEIGHT
FINANCIALS,0.079027377048
INDUSTRIALS,0.920972622952
