SECTOR,WEIGHT
FINANCIALS,0.070782979588
INDUSTRIALS,0.929217020412
