SECTOR,WEIGHT
FINANCIALS,0.076419657982
INDUSTRIALS,0.923580342018
