SECTOR,WEIGHT
FINANCIALS,0.078456822208
INDUSTRIALS,0.921543177792
