SECTOR,WEIGHT
FINANCIALS,0.080314553563
INDUSTRIALS,0.919685446437
