SECTOR,WEIGHT
FINANCIALS,0.088791456958
INDUSTRIALS,0.911208543042
