SECTOR,WEIGHT
COMMUNICATION SERVICES,0.048229400517
CONSUMER DISCRETIONARY,0.0470819079
CONSUMER STAPLES,0.090453861915
ENERGY,0.037141395796
FINANCIALS,0.177891982559
HEALTH CARE,0.097012129324
INDUSTRIALS,0.188316401692
MATERIALS,0.053472747561
REAL ESTATE,0.009110519669
TECHNOLOGY,0.154945192935
UTILITIES,0.096344460132
