SECTOR,WEIGHT
COMMUNICATION SERVICES,0.042921075907
CONSUMER DISCRETIONARY,0.053368902424
CONSUMER STAPLES,0.092098633996
ENERGY,0.051891041332
FINANCIALS,0.192554511395
HEALTH CARE,0.122096567841
INDUSTRIALS,0.191229321904
MATERIALS,0.036742965147
REAL ESTATE,0.024854936534
TECHNOLOGY,0.100007022894
UTILITIES,0.092235020626
