SECTOR,WEIGHT
COMMUNICATION SERVICES,0.049878220962
CONSUMER DISCRETIONARY,0.046164543093
CONSUMER STAPLES,0.092926072066
ENERGY,0.037234080292
FINANCIALS,0.177872399083
HEALTH CARE,0.096075197923
INDUSTRIALS,0.189643865995
MATERIALS,0.054035837397
REAL ESTATE,0.014597267649
TECHNOLOGY,0.145101016295
UTILITIES,0.096471499245
