SECTOR,WEIGHT
COMMUNICATION SERVICES,0.035770019123
CONSUMER DISCRETIONARY,0.052311290433
CONSUMER STAPLES,0.066721986165
ENERGY,0.051613900894
FINANCIALS,0.233679063355
HEALTH CARE,0.121860231008
INDUSTRIALS,0.184380697875
MATERIALS,0.025041338018
REAL ESTATE,0.023707201507
TECHNOLOGY,0.127134113062
UTILITIES,0.07778015856
