SECTOR,WEIGHT
COMMUNICATION SERVICES,0.043489423138
CONSUMER DISCRETIONARY,0.051564908437
CONSUMER STAPLES,0.091130859912
ENERGY,0.054618511094
FINANCIALS,0.188302476811
HEALTH CARE,0.118931430361
INDUSTRIALS,0.189571035778
MATERIALS,0.037394299338
REAL ESTATE,0.023706950797
TECHNOLOGY,0.098082764411
UTILITIES,0.091433904554
