SECTOR,WEIGHT
COMMUNICATION SERVICES,0.037692492855
CONSUMER DISCRETIONARY,0.05328610815
CONSUMER STAPLES,0.067379831664
ENERGY,0.050205413365
FINANCIALS,0.235919930255
HEALTH CARE,0.120496026248
INDUSTRIALS,0.184647500147
MATERIALS,0.024674888595
REAL ESTATE,0.02345009497
TECHNOLOGY,0.12291122623
UTILITIES,0.079336487522
