SECTOR,WEIGHT
COMMUNICATION SERVICES,0.043002980115
CONSUMER DISCRETIONARY,0.051482597176
CONSUMER STAPLES,0.058741334882
ENERGY,0.052604677047
FINANCIALS,0.221391500018
HEALTH CARE,0.134496344419
INDUSTRIALS,0.182905067809
MATERIALS,0.023260221714
REAL ESTATE,0.02367860729
TECHNOLOGY,0.136869548386
UTILITIES,0.071567121144
