SECTOR,WEIGHT
COMMUNICATION SERVICES,0.04831143568
CONSUMER DISCRETIONARY,0.039182183308
CONSUMER STAPLES,0.092879344248
ENERGY,0.063977260942
FINANCIALS,0.182415893981
HEALTH CARE,0.104847958227
INDUSTRIALS,0.19533297556
MATERIALS,0.054574141068
REAL ESTATE,0.014894566046
TECHNOLOGY,0.106508279961
UTILITIES,0.097075960978
