SECTOR,WEIGHT
COMMUNICATION SERVICES,0.048238248178
CONSUMER DISCRETIONARY,0.04731783858
CONSUMER STAPLES,0.090222614494
ENERGY,0.039535729463
FINANCIALS,0.180968258638
HEALTH CARE,0.098390866595
INDUSTRIALS,0.188821875715
MATERIALS,0.055504478441
REAL ESTATE,0.008916021052
TECHNOLOGY,0.146691428852
UTILITIES,0.095392639992
