SECTOR,WEIGHT
COMMUNICATION SERVICES,0.02339058055
CONSUMER DISCRETIONARY,0.130860815509
CONSUMER STAPLES,0.025181751133
ENERGY,0.04909914656
FINANCIALS,0.177220524708
HEALTH CARE,0.108523864714
INDUSTRIALS,0.252765778106
MATERIALS,0.051522494995
TECHNOLOGY,0.162785797071
UTILITIES,0.018649246655
