SECTOR,WEIGHT
COMMUNICATION SERVICES,0.021632410578
CONSUMER DISCRETIONARY,0.148079147056
CONSUMER STAPLES,0.006518558207
ENERGY,0.024795061643
FINANCIALS,0.213154297085
HEALTH CARE,0.106591463807
INDUSTRIALS,0.24007722063
MATERIALS,0.033591792036
REAL ESTATE,0.059242702027
TECHNOLOGY,0.12660727195
UTILITIES,0.019710074981
