SECTOR,WEIGHT
COMMUNICATION SERVICES,0.023585771429
CONSUMER DISCRETIONARY,0.140359026259
CONSUMER STAPLES,0.009257123053
ENERGY,0.029685752049
FINANCIALS,0.209079937534
HEALTH CARE,0.124661496705
INDUSTRIALS,0.218289893145
MATERIALS,0.04395902995
REAL ESTATE,0.058903931201
TECHNOLOGY,0.1217883843
UTILITIES,0.020429654375
