SECTOR,WEIGHT
COMMUNICATION SERVICES,0.018650247584
CONSUMER DISCRETIONARY,0.140669614991
CONSUMER STAPLES,0.006600528574
ENERGY,0.024367096043
FINANCIALS,0.218997385737
HEALTH CARE,0.109052255632
INDUSTRIALS,0.241252843866
MATERIALS,0.031412018663
REAL ESTATE,0.065766232386
TECHNOLOGY,0.124777675278
UTILITIES,0.018454101246
