SECTOR,WEIGHT
COMMUNICATION SERVICES,0.10509993387
CONSUMER DISCRETIONARY,0.111520859413
CONSUMER STAPLES,0.030361371712
ENERGY,0.039414371144
FINANCIALS,0.157785903085
HEALTH CARE,0.074468579934
INDUSTRIALS,0.113456237601
MATERIALS,0.008426074418
TECHNOLOGY,0.359466668824
