SECTOR,WEIGHT
COMMUNICATION SERVICES,0.11228081929
CONSUMER DISCRETIONARY,0.111764144604
CONSUMER STAPLES,0.024682635873
ENERGY,0.051910072213
FINANCIALS,0.141906884868
HEALTH CARE,0.056719511626
INDUSTRIALS,0.119296023128
MATERIALS,0.008174422877
TECHNOLOGY,0.373265485522
