SECTOR,WEIGHT
COMMUNICATION SERVICES,0.108008371331
CONSUMER DISCRETIONARY,0.110155799776
CONSUMER STAPLES,0.028556551982
ENERGY,0.040210698723
FINANCIALS,0.147084694012
HEALTH CARE,0.077815972257
INDUSTRIALS,0.108704971236
MATERIALS,0.011459017885
TECHNOLOGY,0.368003922798
