SECTOR,WEIGHT
COMMUNICATION SERVICES,0.121014964216
CONSUMER DISCRETIONARY,0.118846237259
CONSUMER STAPLES,0.026566905227
FINANCIALS,0.132075471698
HEALTH CARE,0.062134027326
INDUSTRIALS,0.124701800043
MATERIALS,0.008349598786
TECHNOLOGY,0.406310995446
