SECTOR,WEIGHT
COMMUNICATION SERVICES,0.027851897302
CONSUMER DISCRETIONARY,0.06016049607
CONSUMER STAPLES,0.146269582984
ENERGY,0.01086370479
FINANCIALS,0.175776056743
HEALTH CARE,0.08178715382
INDUSTRIALS,0.108396565048
MATERIALS,0.023259106002
REAL ESTATE,0.117289865388
TECHNOLOGY,0.027075033021
UTILITIES,0.221270538832
