SECTOR,WEIGHT
COMMUNICATION SERVICES,0.027944754707
CONSUMER DISCRETIONARY,0.060255801333
CONSUMER STAPLES,0.147134667411
ENERGY,0.010649077784
FINANCIALS,0.183296643741
HEALTH CARE,0.081525518897
INDUSTRIALS,0.110258601324
MATERIALS,0.022284839426
REAL ESTATE,0.114848771631
TECHNOLOGY,0.027642070793
UTILITIES,0.214159252954
