SECTOR,WEIGHT
COMMUNICATION SERVICES,0.028216802374
CONSUMER DISCRETIONARY,0.061066323461
CONSUMER STAPLES,0.149066544061
ENERGY,0.010857569926
FINANCIALS,0.175075262937
HEALTH CARE,0.081774350939
INDUSTRIALS,0.107017143251
MATERIALS,0.022970276632
REAL ESTATE,0.117436903104
TECHNOLOGY,0.026240050503
UTILITIES,0.220278772813
