SECTOR,WEIGHT
COMMUNICATION SERVICES,0.02994126578
CONSUMER DISCRETIONARY,0.139766307272
CONSUMER STAPLES,0.010030417601
ENERGY,0.017361474181
FINANCIALS,0.181595120703
HEALTH CARE,0.019536602234
INDUSTRIALS,0.1064496348
MATERIALS,0.060021314253
TECHNOLOGY,0.407529968259
UTILITIES,0.027767894917
