SECTOR,WEIGHT
COMMUNICATION SERVICES,0.009470994949
CONSUMER DISCRETIONARY,0.048860588249
CONSUMER STAPLES,0.107367375844
ENERGY,0.009763234263
FINANCIALS,0.176439747393
HEALTH CARE,0.071713414533
INDUSTRIALS,0.127516708048
MATERIALS,0.020742307872
REAL ESTATE,0.140837989339
TECHNOLOGY,0.01940241115
UTILITIES,0.267885228361
