SECTOR,WEIGHT
COMMUNICATION SERVICES,0.027058931056
CONSUMER DISCRETIONARY,0.060706474892
CONSUMER STAPLES,0.138469517106
ENERGY,0.008918564098
FINANCIALS,0.190266546335
HEALTH CARE,0.084233326573
INDUSTRIALS,0.111663705542
MATERIALS,0.021434389381
REAL ESTATE,0.116318515167
TECHNOLOGY,0.028438990949
UTILITIES,0.212491038902
