SECTOR,WEIGHT
COMMUNICATION SERVICES,0.029009046277
CONSUMER DISCRETIONARY,0.132334745667
CONSUMER STAPLES,0.010259428758
ENERGY,0.018548947893
FINANCIALS,0.16560941203
HEALTH CARE,0.018597511683
INDUSTRIALS,0.106152946584
MATERIALS,0.064729223587
TECHNOLOGY,0.427174576314
UTILITIES,0.027584161206
