SECTOR,WEIGHT
CONSUMER DISCRETIONARY,0.145870720819
CONSUMER STAPLES,0.027264302936
ENERGY,0.022917476264
FINANCIALS,0.180115509935
HEALTH CARE,0.133094122146
INDUSTRIALS,0.293038171055
MATERIALS,0.019953965075
REAL ESTATE,0.038900851739
TECHNOLOGY,0.104082636092
UTILITIES,0.03476224394
