SECTOR,WEIGHT
CONSUMER DISCRETIONARY,0.140844883084
CONSUMER STAPLES,0.022895210187
ENERGY,0.017861272031
FINANCIALS,0.194652770815
HEALTH CARE,0.166800359333
INDUSTRIALS,0.235757126808
REAL ESTATE,0.043504685041
TECHNOLOGY,0.150728590927
UTILITIES,0.026955101774
