SECTOR,WEIGHT
CONSUMER DISCRETIONARY,0.141438883251
CONSUMER STAPLES,0.022382901421
ENERGY,0.016771303847
FINANCIALS,0.206115617342
HEALTH CARE,0.151659568542
INDUSTRIALS,0.236784841314
REAL ESTATE,0.045168240406
TECHNOLOGY,0.153565258886
UTILITIES,0.026113384991
