SECTOR,WEIGHT
CONSUMER DISCRETIONARY,0.159614730949
CONSUMER STAPLES,0.028662337622
ENERGY,0.021448417875
FINANCIALS,0.18339675831
HEALTH CARE,0.134547919034
INDUSTRIALS,0.307143547648
REAL ESTATE,0.038571602311
TECHNOLOGY,0.098595780377
UTILITIES,0.028018905875
