SECTOR,WEIGHT
CONSUMER DISCRETIONARY,0.144258449728
CONSUMER STAPLES,0.027188399616
ENERGY,0.024949354942
FINANCIALS,0.164196609447
HEALTH CARE,0.09190745282
INDUSTRIALS,0.350143938586
MATERIALS,0.035611472438
TECHNOLOGY,0.131250666382
UTILITIES,0.03049365604
