SECTOR,WEIGHT
CONSUMER DISCRETIONARY,0.142401051789
CONSUMER STAPLES,0.022331055413
ENERGY,0.016885755185
FINANCIALS,0.204773187579
HEALTH CARE,0.151909336468
INDUSTRIALS,0.236061649236
REAL ESTATE,0.045550888675
TECHNOLOGY,0.153447290763
UTILITIES,0.026639784891
