SECTOR,WEIGHT
ENERGY,0.974616997381
UTILITIES,0.025383002619
