SECTOR,WEIGHT
ENERGY,0.974946824659
UTILITIES,0.025053175341
