SECTOR,WEIGHT
ENERGY,0.975067261672
UTILITIES,0.024932738328
