SECTOR,WEIGHT
ENERGY,0.975760742072
UTILITIES,0.024239257928
