SECTOR,WEIGHT
ENERGY,0.975372022679
UTILITIES,0.024627977321
