SECTOR,WEIGHT
ENERGY,0.975103231897
UTILITIES,0.024896768103
