SECTOR,WEIGHT
ENERGY,0.975387821772
UTILITIES,0.024612178228
