SECTOR,WEIGHT
ENERGY,0.9744966569
UTILITIES,0.0255033431
