SECTOR,WEIGHT
ENERGY,0.974658109575
UTILITIES,0.025341890425
