SECTOR,WEIGHT
ENERGY,0.977711181869
UTILITIES,0.022288818131
