SECTOR,WEIGHT
COMMUNICATION SERVICES,0.096961135135
CONSUMER DISCRETIONARY,0.116361984762
ENERGY,0.010452395729
FINANCIALS,0.111961450963
HEALTH CARE,0.078070623103
INDUSTRIALS,0.149685325237
MATERIALS,0.018344079833
REAL ESTATE,0.018482442482
TECHNOLOGY,0.363433559359
UTILITIES,0.036247003396
