SECTOR,WEIGHT
COMMUNICATION SERVICES,0.143722060087
CONSUMER DISCRETIONARY,0.058933102612
ENERGY,0.011564454666
FINANCIALS,0.062767869764
HEALTH CARE,0.075261691528
INDUSTRIALS,0.141755050113
MATERIALS,0.026850387938
REAL ESTATE,0.018651505384
TECHNOLOGY,0.42333423229
UTILITIES,0.037159645617
