SECTOR,WEIGHT
COMMUNICATION SERVICES,0.158587141837
CONSUMER DISCRETIONARY,0.081950538752
ENERGY,0.018390542236
FINANCIALS,0.036717012903
HEALTH CARE,0.068451460281
INDUSTRIALS,0.13568055518
MATERIALS,0.015765610187
REAL ESTATE,0.015201980612
TECHNOLOGY,0.43679089543
UTILITIES,0.032464262581
