SECTOR,WEIGHT
COMMUNICATION SERVICES,0.131168058825
CONSUMER DISCRETIONARY,0.035283156811
CONSUMER STAPLES,0.050283161825
ENERGY,0.0522407743
FINANCIALS,0.039526321965
HEALTH CARE,0.08265998618
INDUSTRIALS,0.137222416669
MATERIALS,0.023858402039
REAL ESTATE,0.019026549116
TECHNOLOGY,0.391410172966
UTILITIES,0.037320999305
