SECTOR,WEIGHT
COMMUNICATION SERVICES,0.139673927754
CONSUMER DISCRETIONARY,0.034411719594
CONSUMER STAPLES,0.047198571642
ENERGY,0.04765370538
FINANCIALS,0.037454298658
HEALTH CARE,0.081823823143
INDUSTRIALS,0.135115572892
MATERIALS,0.023104553443
REAL ESTATE,0.019227896691
TECHNOLOGY,0.396528753124
UTILITIES,0.03780717768
