SECTOR,WEIGHT
COMMUNICATION SERVICES,0.133140186147
CONSUMER DISCRETIONARY,0.035930791934
CONSUMER STAPLES,0.049367859145
ENERGY,0.051730552656
FINANCIALS,0.039886999871
HEALTH CARE,0.082873781423
INDUSTRIALS,0.137231777626
MATERIALS,0.023309034495
REAL ESTATE,0.018766164544
TECHNOLOGY,0.391585361329
UTILITIES,0.036177490832
