SECTOR,WEIGHT
COMMUNICATION SERVICES,0.179310441587
CONSUMER DISCRETIONARY,0.105698617837
FINANCIALS,0.050685670077
HEALTH CARE,0.01242062983
INDUSTRIALS,0.164884512395
MATERIALS,0.016935309303
TECHNOLOGYQ,0.431845877561
UTILITIES,0.03821894141
