SECTOR,WEIGHT
ENERGY,0.998305084746
UTILITIES,0.001694915254
