SECTOR,WEIGHT
ENERGY,0.99829010948
UTILITIES,0.00170989052
