SECTOR,WEIGHT
ENERGY,0.998249531592
UTILITIES,0.001750468408
