SECTOR,WEIGHT
ENERGY,0.998331778659
UTILITIES,0.001668221341
