SECTOR,WEIGHT
ENERGY,0.998165134481
UTILITIES,0.001834865519
