SECTOR,WEIGHT
ENERGY,0.998200419333
UTILITIES,0.001799580667
