SECTOR,WEIGHT
ENERGY,0.998195086899
UTILITIES,0.001804913101
