SECTOR,WEIGHT
ENERGY,0.99828893018
UTILITIES,0.00171106982
