SECTOR,WEIGHT
ENERGY,0.998287347761
UTILITIES,0.001712652239
