SECTOR,WEIGHT
ENERGY,0.998231541877
UTILITIES,0.001768458123
