SECTOR,WEIGHT
ENERGY,0.998234621564
UTILITIES,0.001765378436
