SECTOR,WEIGHT
ENERGY,0.998325782287
UTILITIES,0.001674217713
