SECTOR,WEIGHT
ENERGY,0.998241736033
UTILITIES,0.001758263967
