SECTOR,WEIGHT
COMMUNICATION SERVICES,0.105499721274
CONSUMER DISCRETIONARY,0.088113447417
FINANCIALS,0.252884511267
HEALTH CARE,0.003583330994
TECHNOLOGY,0.549918989047
