SECTOR,WEIGHT
COMMUNICATION SERVICES,0.102271884106
CONSUMER DISCRETIONARY,0.087730943467
FINANCIALS,0.256307391194
HEALTH CARE,0.00375505604
TECHNOLOGY,0.549934725194
