SECTOR,WEIGHT
COMMUNICATION SERVICES,0.10589939888
CONSUMER DISCRETIONARY,0.088249833301
FINANCIALS,0.256515308757
HEALTH CARE,0.003499430966
TECHNOLOGY,0.545836028096
