SECTOR,WEIGHT
COMMUNICATION SERVICES,0.12404476092
CONSUMER DISCRETIONARY,0.086448635602
FINANCIALS,0.218502169084
HEALTH CARE,0.003149382152
INDUSTRIALS,0.004712045034
TECHNOLOGY,0.563143007209
