SECTOR,WEIGHT
COMMUNICATION SERVICES,0.122670186505
CONSUMER DISCRETIONARY,0.08563671296
FINANCIALS,0.209236970734
HEALTH CARE,0.003065827598
INDUSTRIALS,0.006228871697
TECHNOLOGY,0.573161430506
