SECTOR,WEIGHT
COMMUNICATION SERVICES,0.122712251078
CONSUMER DISCRETIONARY,0.087700007317
FINANCIALS,0.213902456871
HEALTH CARE,0.003153407354
INDUSTRIALS,0.005938950595
TECHNOLOGY,0.566592926785
