SECTOR,WEIGHT
COMMUNICATION SERVICES,0.118323137841
CONSUMER DISCRETIONARY,0.08621109327
FINANCIALS,0.207510239733
HEALTH CARE,0.003221421653
INDUSTRIALS,0.006816472123
TECHNOLOGY,0.57791763538
