SECTOR,WEIGHT
COMMUNICATION SERVICES,0.12220763472
CONSUMER DISCRETIONARY,0.086382176968
FINANCIALS,0.206907126607
HEALTH CARE,0.003286196771
INDUSTRIALS,0.006461149918
TECHNOLOGY,0.574755715016
