SECTOR,WEIGHT
COMMUNICATION SERVICES,0.100812844957
CONSUMER DISCRETIONARY,0.099751234584
CONSUMER STAPLES,0.050962579555
ENERGY,0.027086381282
FINANCIALS,0.121541183616
HEALTH CARE,0.098912509573
INDUSTRIALS,0.10247339372
MATERIALS,0.022234663427
REAL ESTATE,0.02029524388
TECHNOLOGY,0.336735416061
UTILITIES,0.019194549344
