SECTOR,WEIGHT
COMMUNICATION SERVICES,0.1031638765
CONSUMER DISCRETIONARY,0.102865288096
CONSUMER STAPLES,0.049999314196
ENERGY,0.030249221085
FINANCIALS,0.118941583236
HEALTH CARE,0.097103481456
INDUSTRIALS,0.100478691022
MATERIALS,0.019888308945
REAL ESTATE,0.020560396627
TECHNOLOGY,0.33692377977
UTILITIES,0.019826059066
