SECTOR,WEIGHT
COMMUNICATION SERVICES,0.103237015941
CONSUMER DISCRETIONARY,0.099746240582
CONSUMER STAPLES,0.050254709433
ENERGY,0.026797796811
FINANCIALS,0.1250409034
HEALTH CARE,0.09764565305
INDUSTRIALS,0.101913329125
MATERIALS,0.022060391364
REAL ESTATE,0.019789856801
TECHNOLOGY,0.335892390806
UTILITIES,0.017621712686
