SECTOR,WEIGHT
COMMUNICATION SERVICES,0.106389708984
CONSUMER DISCRETIONARY,0.104280894137
CONSUMER STAPLES,0.047132011809
ENERGY,0.030788696752
FINANCIALS,0.115668494306
HEALTH CARE,0.085301560523
INDUSTRIALS,0.095212990299
MATERIALS,0.020350063264
REAL ESTATE,0.018557570645
TECHNOLOGY,0.357549557149
UTILITIES,0.01876845213
