SECTOR,WEIGHT
COMMUNICATION SERVICES,0.16058263636
CONSUMER DISCRETIONARY,0.147602161583
FINANCIALS,0.362895791881
REAL ESTATE,0.018528805332
TECHNOLOGY,0.310390604844
