SECTOR,WEIGHT
COMMUNICATION SERVICES,0.162831272335
CONSUMER DISCRETIONARY,0.152884555416
FINANCIALS,0.349747799725
REAL ESTATE,0.01762689195
TECHNOLOGY,0.316909480575
