SECTOR,WEIGHT
COMMUNICATION SERVICES,0.142272785376
CONSUMER DISCRETIONARY,0.152499041289
FINANCIALS,0.285951680941
REAL ESTATE,0.011248881503
TECHNOLOGY,0.408027610891
