SECTOR,WEIGHT
HEALTH CARE,0.983600230699
INDUSTRIALS,0.006565989424
TECHNOLOGYQ,0.009833779876
