SECTOR,WEIGHT
HEALTH CARE,0.982789319487
INDUSTRIALS,0.008913744212
TECHNOLOGY,0.008296936302
