SECTOR,WEIGHT
HEALTH CARE,0.981833004593
INDUSTRIALS,0.007520984053
TECHNOLOGY,0.010646011354
