SECTOR,WEIGHT
HEALTH CARE,0.989044713777
TECHNOLOGY,0.010955286223
