SECTOR,WEIGHT
HEALTH CARE,0.988972741525
TECHNOLOGY,0.011027258475
