SECTOR,WEIGHT
HEALTH CARE,0.981744538349
INDUSTRIALS,0.009383417419
TECHNOLOGY,0.008872044233
