SECTOR,WEIGHT
HEALTH CARE,0.988970387973
TECHNOLOGY,0.011029612027
