SECTOR,WEIGHT
HEALTH CARE,0.982300601381
INDUSTRIALS,0.009141180171
TECHNOLOGY,0.008558218448
