SECTOR,WEIGHT
HEALTH CARE,0.983075313523
INDUSTRIALS,0.006143100145
TECHNOLOGY,0.010781586332
