SECTOR,WEIGHT
HEALTH CARE,0.988869431199
INDUSTRIALS,0.000001572067
TECHNOLOGY,0.011128996734
