SECTOR,WEIGHT
COMMUNICATION SERVICES,0.127381459181
CONSUMER DISCRETIONARY,0.163282865831
FINANCIALS,0.109625975845
HEALTH CARE,0.282852886314
INDUSTRIALS,0.062586040179
TECHNOLOGY,0.254270772649
