SECTOR,WEIGHT
COMMUNICATION SERVICES,0.125510297971
CONSUMER DISCRETIONARY,0.176858799827
FINANCIALS,0.116406469004
HEALTH CARE,0.27941427085
INDUSTRIALS,0.057185511917
TECHNOLOGY,0.244624650432
