SECTOR,WEIGHT
COMMUNICATION SERVICES,0.117439354626
CONSUMER DISCRETIONARY,0.142656460892
FINANCIALS,0.102963299434
HEALTH CARE,0.290549290016
INDUSTRIALS,0.05970274482
TECHNOLOGY,0.286688850213
