SECTOR,WEIGHT
COMMUNICATION SERVICES,0.133989587853
CONSUMER DISCRETIONARY,0.173618258918
FINANCIALS,0.111646811325
HEALTH CARE,0.271910417099
INDUSTRIALS,0.056606523499
TECHNOLOGY,0.252228401306
