SECTOR,WEIGHT
COMMUNICATION SERVICES,0.102127623397
CONSUMER DISCRETIONARY,0.135797084579
FINANCIALS,0.102310550436
HEALTH CARE,0.302747184227
INDUSTRIALS,0.053369720629
TECHNOLOGY,0.30364783673
