SECTOR,WEIGHT
COMMUNICATION SERVICES,0.119833206595
CONSUMER DISCRETIONARY,0.139124726889
FINANCIALS,0.103919570488
HEALTH CARE,0.302847318014
INDUSTRIALS,0.057155398809
TECHNOLOGY,0.277119779205
