SECTOR,WEIGHT
COMMUNICATION SERVICES,0.121110378051
CONSUMER DISCRETIONARY,0.141115441559
FINANCIALS,0.092460040024
HEALTH CARE,0.316970827175
INDUSTRIALS,0.063708151321
TECHNOLOGY,0.264635161869
