SECTOR,WEIGHT
COMMUNICATION SERVICES,0.111520602445
CONSUMER DISCRETIONARY,0.141335516183
FINANCIALS,0.101288257384
HEALTH CARE,0.283216987539
INDUSTRIALS,0.051167661757
TECHNOLOGY,0.311470974692
