SECTOR,WEIGHT
COMMUNICATION SERVICES,0.122943255654
CONSUMER DISCRETIONARY,0.164440389543
FINANCIALS,0.083931033684
HEALTH CARE,0.306121593137
INDUSTRIALS,0.065459106973
TECHNOLOGY,0.257104621009
