SECTOR,WEIGHT
COMMUNICATION SERVICES,0.075994813361
CONSUMER DISCRETIONARY,0.139850779053
ENERGY,0.021196266819
HEALTH CARE,0.015905681236
INDUSTRIALS,0.428832308581
TECHNOLOGY,0.308490982907
UTILITIES,0.009729168043
