SECTOR,WEIGHT
COMMUNICATION SERVICES,0.065821147125
CONSUMER DISCRETIONARY,0.174317861393
ENERGY,0.018241942169
HEALTH CARE,0.013603511995
INDUSTRIALS,0.384484001916
TECHNOLOGY,0.335674440626
UTILITIES,0.007857094777
