SECTOR,WEIGHT
COMMUNICATION SERVICES,0.063576938558
CONSUMER DISCRETIONARY,0.144121964213
ENERGY,0.019074285312
HEALTH CARE,0.013171158867
INDUSTRIALS,0.446740217365
TECHNOLOGY,0.302399582182
UTILITIES,0.010915853503
