SECTOR,WEIGHT
COMMUNICATION SERVICES,0.090466710905
CONSUMER DISCRETIONARY,0.15704490157
ENERGY,0.020791860208
HEALTH CARE,0.013934970139
INDUSTRIALS,0.369387303694
TECHNOLOGY,0.333775713338
UTILITIES,0.014598540146
