SECTOR,WEIGHT
COMMUNICATION SERVICES,0.069060792771
CONSUMER DISCRETIONARY,0.172352648841
ENERGY,0.018015671448
HEALTH CARE,0.014374138815
INDUSTRIALS,0.38793473191
TECHNOLOGYQ,0.331729393979
UTILITIES,0.006532622235
