SECTOR,WEIGHT
COMMUNICATION SERVICES,0.068889905357
CONSUMER DISCRETIONARY,0.149054686135
ENERGY,0.020993451003
HEALTH CARE,0.013037211373
INDUSTRIALS,0.428211946882
TECHNOLOGY,0.307160724027
UTILITIES,0.012652075222
