SECTOR,WEIGHT
COMMUNICATION SERVICES,0.077983237185
CONSUMER DISCRETIONARY,0.15141782943
ENERGY,0.020586372097
HEALTH CARE,0.014380440336
INDUSTRIALS,0.405718160721
TECHNOLOGY,0.317861244439
UTILITIES,0.012052715791
