SECTOR,WEIGHT
COMMUNICATION SERVICES,0.08029592485
CONSUMER DISCRETIONARY,0.147592338988
ENERGY,0.021861420241
HEALTH CARE,0.016073970009
INDUSTRIALS,0.403189410486
TECHNOLOGY,0.321289237941
UTILITIES,0.009697697485
