SECTOR,WEIGHT
COMMUNICATION SERVICES,0.064060323904
CONSUMER DISCRETIONARY,0.151641096368
ENERGY,0.018701018157
HEALTH CARE,0.014891073038
INDUSTRIALS,0.432922193172
TECHNOLOGY,0.305597807243
UTILITIES,0.012186488118
