SECTOR,WEIGHT
COMMUNICATION SERVICES,0.088056127385
CONSUMER DISCRETIONARY,0.154855599083
ENERGY,0.021163185254
HEALTH CARE,0.014435643686
INDUSTRIALS,0.386866722175
TECHNOLOGY,0.320947567729
UTILITIES,0.013675154687
