SECTOR,WEIGHT
COMMUNICATION SERVICES,0.075468360038
CONSUMER DISCRETIONARY,0.147234478904
ENERGY,0.021462267997
HEALTH CARE,0.01549907287
INDUSTRIALS,0.405216156674
TECHNOLOGY,0.325392720655
UTILITIES,0.009726942862
