SECTOR,WEIGHT
COMMUNICATION SERVICES,0.063346670162
CONSUMER DISCRETIONARY,0.173788634309
ENERGY,0.017563307312
HEALTH CARE,0.015631177666
INDUSTRIALS,0.397981586356
TECHNOLOGY,0.320885185266
UTILITIES,0.010803438928
