SECTOR,WEIGHT
COMMUNICATION SERVICES,0.022028301221
CONSUMER DISCRETIONARY,0.105299977219
ENERGY,0.051978646065
FINANCIALS,0.201233415521
HEALTH CARE,0.128476415313
INDUSTRIALS,0.181504412112
MATERIALS,0.096546315579
REAL ESTATE,0.063079990565
TECHNOLOGY,0.12794821187
UTILITIES,0.021904314535
