SECTOR,WEIGHT
COMMUNICATION SERVICES,0.028399096767
CONSUMER DISCRETIONARY,0.108797460967
ENERGY,0.04121602312
FINANCIALS,0.207075321706
HEALTH CARE,0.134667788328
INDUSTRIALS,0.193081053449
MATERIALS,0.085688352567
REAL ESTATE,0.05878759947
TECHNOLOGY,0.12410089317
UTILITIES,0.018186410456
