SECTOR,WEIGHT
COMMUNICATION SERVICES,0.023124683862
CONSUMER DISCRETIONARY,0.105983600115
ENERGY,0.052839146916
FINANCIALS,0.201768156655
HEALTH CARE,0.130566297814
INDUSTRIALS,0.181531287345
MATERIALS,0.098946441418
REAL ESTATE,0.063050281829
TECHNOLOGY,0.121436330037
UTILITIES,0.020753774009
