SECTOR,WEIGHT
COMMUNICATION SERVICES,0.021572970361
CONSUMER DISCRETIONARY,0.105472777062
ENERGY,0.048702279317
FINANCIALS,0.204868717784
HEALTH CARE,0.130027786727
INDUSTRIALS,0.194893685567
MATERIALS,0.093760067655
REAL ESTATE,0.060756282216
TECHNOLOGY,0.120980992268
UTILITIES,0.018964441044
