SECTOR,WEIGHT
COMMUNICATION SERVICES,0.025336543393
CONSUMER DISCRETIONARY,0.107304696221
ENERGY,0.060062913954
FINANCIALS,0.182891950111
HEALTH CARE,0.140664377789
INDUSTRIALS,0.16707295243
MATERIALS,0.070145639367
REAL ESTATE,0.040857866356
TECHNOLOGY,0.184160084636
UTILITIES,0.021502975742
