SECTOR,WEIGHT
COMMUNICATION SERVICES,0.035605519986
CONSUMER DISCRETIONARY,0.126033992341
CONSUMER STAPLES,0.011589760084
ENERGY,0.042961816409
FINANCIALS,0.183956660268
HEALTH CARE,0.159903711819
INDUSTRIALS,0.209447900857
MATERIALS,0.026057109545
REAL ESTATE,0.058561908878
TECHNOLOGY,0.126987828289
UTILITIES,0.018893791523
