SECTOR,WEIGHT
COMMUNICATION SERVICES,0.05638490941
CONSUMER DISCRETIONARY,0.089974754388
CONSUMER STAPLES,0.060543845241
ENERGY,0.070192941367
FINANCIALS,0.186181829242
HEALTH CARE,0.119269803611
INDUSTRIALS,0.164203952104
MATERIALS,0.05811154708
REAL ESTATE,0.034061299186
TECHNOLOGY,0.116752339528
UTILITIES,0.044322778842
