SECTOR,WEIGHT
COMMUNICATION SERVICES,0.049168384572
CONSUMER DISCRETIONARY,0.081992417474
CONSUMER STAPLES,0.063001507958
ENERGY,0.075406039565
FINANCIALS,0.195967382523
HEALTH CARE,0.131949376568
INDUSTRIALS,0.161702547655
MATERIALS,0.068062630115
REAL ESTATE,0.0319448995
TECHNOLOGY,0.097321288663
UTILITIES,0.043483525406
