SECTOR,WEIGHT
COMMUNICATION SERVICES,0.057902068357
CONSUMER DISCRETIONARY,0.120183891121
CONSUMER STAPLES,0.06882217235
ENERGY,0.058848505257
FINANCIALS,0.209695906164
HEALTH CARE,0.146963349362
INDUSTRIALS,0.129397271334
MATERIALS,0.030167806923
REAL ESTATE,0.025247380827
TECHNOLOGY,0.115406737794
UTILITIES,0.037364910512
