SECTOR,WEIGHT
COMMUNICATION SERVICES,0.060640542029
CONSUMER DISCRETIONARY,0.123541270485
CONSUMER STAPLES,0.077050015068
ENERGY,0.057086593717
FINANCIALS,0.206285916181
HEALTH CARE,0.152378131787
INDUSTRIALS,0.128026311688
MATERIALS,0.030135819019
REAL ESTATE,0.021674928038
TECHNOLOGY,0.103128929347
UTILITIES,0.040051542642
