SECTOR,WEIGHT
COMMUNICATION SERVICES,0.057263939772
CONSUMER DISCRETIONARY,0.118673552368
CONSUMER STAPLES,0.071666904201
ENERGY,0.057973398949
FINANCIALS,0.211334998868
HEALTH CARE,0.144457206093
INDUSTRIALS,0.134190482977
MATERIALS,0.030020497816
REAL ESTATE,0.024303954528
TECHNOLOGY,0.111993947066
UTILITIES,0.038121117362
