SECTOR,WEIGHT
COMMUNICATION SERVICES,0.055815811786
CONSUMER DISCRETIONARY,0.097603202778
CONSUMER STAPLES,0.073646413445
ENERGY,0.06329817841
FINANCIALS,0.201253296409
HEALTH CARE,0.138345502345
INDUSTRIALS,0.140619694484
MATERIALS,0.058219115413
REAL ESTATE,0.025289585888
TECHNOLOGY,0.105889720489
UTILITIES,0.040019478552
