SECTOR,WEIGHT
COMMUNICATION SERVICES,0.167827080952
CONSUMER DISCRETIONARY,0.104956874156
FINANCIALS,0.024628494233
HEALTH CARE,0.079081367557
INDUSTRIALS,0.048113893796
TECHNOLOGY,0.5498285358
UTILITIES,0.025563753507
