SECTOR,WEIGHT
COMMUNICATION SERVICES,0.169370878258
CONSUMER DISCRETIONARY,0.10143410447
FINANCIALS,0.023552810635
HEALTH CARE,0.073484769182
INDUSTRIALS,0.04459332147
TECHNOLOGY,0.558986705747
UTILITIES,0.028577410238
