SECTOR,WEIGHT
COMMUNICATION SERVICES,0.111368526898
CONSUMER DISCRETIONARY,0.080271493213
CONSUMER STAPLES,0.084359979889
ENERGY,0.044110608346
FINANCIALS,0.209041729512
HEALTH CARE,0.11942081448
INDUSTRIALS,0.136209150327
MATERIALS,0.045321266968
REAL ESTATE,0.023221719457
TECHNOLOGY,0.104806435395
UTILITIES,0.041868275515
