SECTOR,WEIGHT
COMMUNICATION SERVICES,0.112295164371
CONSUMER DISCRETIONARY,0.078013471398
CONSUMER STAPLES,0.083040112597
ENERGY,0.048758419624
FINANCIALS,0.211420528803
HEALTH CARE,0.114205288027
INDUSTRIALS,0.123052176536
MATERIALS,0.046044033377
REAL ESTATE,0.022619885393
TECHNOLOGY,0.120237257465
UTILITIES,0.040313662411
