SECTOR,WEIGHT
COMMUNICATION SERVICES,0.111826623769
CONSUMER DISCRETIONARY,0.081210072686
CONSUMER STAPLES,0.085369848259
ENERGY,0.044188070085
FINANCIALS,0.207981745217
HEALTH CARE,0.118938433312
INDUSTRIALS,0.135562463954
MATERIALS,0.045939395888
REAL ESTATE,0.022673791203
TECHNOLOGY,0.104896678811
UTILITIES,0.041412876816
