SECTOR,WEIGHT
COMMUNICATION SERVICES,0.085047607323
CONSUMER DISCRETIONARY,0.097271474341
CONSUMER STAPLES,0.073203077536
ENERGY,0.040776250086
FINANCIALS,0.227033833078
HEALTH CARE,0.116997010342
INDUSTRIALS,0.141459757725
MATERIALS,0.048942509891
REAL ESTATE,0.018714637313
TECHNOLOGY,0.110572298774
UTILITIES,0.039981543592
