SECTOR,WEIGHT
COMMUNICATION SERVICES,0.077542981913
CONSUMER DISCRETIONARY,0.09761337733
CONSUMER STAPLES,0.071027555035
ENERGY,0.040621896195
FINANCIALS,0.221142430192
HEALTH CARE,0.115416276164
INDUSTRIALS,0.143120343355
MATERIALS,0.047272352645
REAL ESTATE,0.019172198712
TECHNOLOGY,0.115083203222
UTILITIES,0.040079777471
