SECTOR,WEIGHT
COMMUNICATION SERVICES,0.114601125352
CONSUMER DISCRETIONARY,0.075642070913
CONSUMER STAPLES,0.083738895016
ENERGY,0.048428136413
FINANCIALS,0.202155198847
HEALTH CARE,0.116386568561
INDUSTRIALS,0.139865749951
MATERIALS,0.045911827656
REAL ESTATE,0.023505319636
TECHNOLOGY,0.107716713699
UTILITIES,0.042048393956
