SECTOR,WEIGHT
COMMUNICATION SERVICES,0.096933688425
CONSUMER DISCRETIONARY,0.096713673243
CONSUMER STAPLES,0.067051626562
ENERGY,0.037608594993
FINANCIALS,0.240489593782
HEALTH CARE,0.113385823622
INDUSTRIALS,0.132462139888
MATERIALS,0.042988966239
REAL ESTATE,0.019716360429
TECHNOLOGY,0.114183878688
UTILITIES,0.03846565413
