SECTOR,WEIGHT
COMMUNICATION SERVICES,0.105740181269
CONSUMER DISCRETIONARY,0.07693856999
CONSUMER STAPLES,0.085397784491
ENERGY,0.050654582075
FINANCIALS,0.214400805639
HEALTH CARE,0.11329305136
INDUSTRIALS,0.120543806647
MATERIALS,0.046727089627
REAL ESTATE,0.022960725076
TECHNOLOGY,0.122960725076
UTILITIES,0.040382678751
