SECTOR,WEIGHT
COMMUNICATION SERVICES,0.115606686483
CONSUMER DISCRETIONARY,0.076115855056
CONSUMER STAPLES,0.082466887351
ENERGY,0.052553887242
FINANCIALS,0.202265697588
HEALTH CARE,0.116417157038
INDUSTRIALS,0.136463733957
MATERIALS,0.046044984132
REAL ESTATE,0.022187385619
TECHNOLOGY,0.108449205819
UTILITIES,0.041428519715
