SECTOR,WEIGHT
CONSUMER STAPLES,0.151918918131
ENERGY,0.319032140986
FINANCIALS,0.158761532963
HEALTH CARE,0.26103278644
INDUSTRIALS,0.004458859356
MATERIALS,0.100281606878
REAL ESTATE,0.004151213142
TECHNOLOGY,0.000362942103
