SECTOR,WEIGHT
CONSUMER STAPLES,0.172693985251
ENERGY,0.297302474478
FINANCIALS,0.152498397852
HEALTH CARE,0.264596594721
INDUSTRIALS,0.004473979013
MATERIALS,0.102899511483
REAL ESTATE,0.005047643213
TECHNOLOGY,0.000487413988
