SECTOR,WEIGHT
CONSUMER STAPLES,0.150067682065
ENERGY,0.256061806259
FINANCIALS,0.179330398773
HEALTH CARE,0.3028496656
INDUSTRIALS,0.003919543572
MATERIALS,0.102581945433
REAL ESTATE,0.00456327521
TECHNOLOGY,0.000625683088
