SECTOR,WEIGHT
CONSUMER STAPLES,0.160796942246
ENERGY,0.291032393335
FINANCIALS,0.16177907525
HEALTH CARE,0.272983818381
INDUSTRIALS,0.004609704959
MATERIALS,0.104113120856
REAL ESTATE,0.004308744896
TECHNOLOGY,0.000376200078
