SECTOR,WEIGHT
CONSUMER STAPLES,0.173799477597
ENERGY,0.293148483022
FINANCIALS,0.149387181033
HEALTH CARE,0.267430178823
INDUSTRIALS,0.004822182037
MATERIALS,0.105987542696
REAL ESTATE,0.004822182037
TECHNOLOGY,0.000602772755
