SECTOR,WEIGHT
CONSUMER STAPLES,0.162861313342
ENERGY,0.276942822589
FINANCIALS,0.168296531232
HEALTH CARE,0.276827690878
INDUSTRIALS,0.003831383102
MATERIALS,0.106074349055
REAL ESTATE,0.00471138983
TECHNOLOGY,0.000454519971
