SECTOR,WEIGHT
COMMUNICATION SERVICES,0.088913392141
CONSUMER DISCRETIONARY,0.104250200481
CONSUMER STAPLES,0.048215717723
ENERGY,0.066860465116
FINANCIALS,0.131716118685
HEALTH CARE,0.072574178027
INDUSTRIALS,0.11808340016
MATERIALS,0.027666399358
REAL ESTATE,0.001704089816
TECHNOLOGY,0.316459502807
UTILITIES,0.023556535686
