SECTOR,WEIGHT
COMMUNICATION SERVICES,0.106945354108
CONSUMER DISCRETIONARY,0.113871480104
CONSUMER STAPLES,0.045310243576
ENERGY,0.049140843914
FINANCIALS,0.147918256491
HEALTH CARE,0.07803809169
INDUSTRIALS,0.110501553271
MATERIALS,0.025468234559
REAL ESTATE,0.001603344089
TECHNOLOGY,0.297129403187
UTILITIES,0.024073195011
