SECTOR,WEIGHT
COMMUNICATION SERVICES,0.0966488888
CONSUMER DISCRETIONARY,0.107742878013
CONSUMER STAPLES,0.051010136386
ENERGY,0.066252739226
FINANCIALS,0.13809600048
HEALTH CARE,0.081586399432
INDUSTRIALS,0.118194462511
MATERIALS,0.028013648599
REAL ESTATE,0.001738095
TECHNOLOGY,0.284775408507
UTILITIES,0.025941343046
