SECTOR,WEIGHT
COMMUNICATION SERVICES,0.087676947642
CONSUMER DISCRETIONARY,0.104708064975
CONSUMER STAPLES,0.048990560804
ENERGY,0.072889801811
FINANCIALS,0.135810484328
HEALTH CARE,0.073055837806
INDUSTRIALS,0.117652907221
MATERIALS,0.028170442411
REAL ESTATE,0.001691181003
TECHNOLOGY,0.304883844399
UTILITIES,0.0244699276
