SECTOR,WEIGHT
COMMUNICATION SERVICES,0.104084853121
CONSUMER DISCRETIONARY,0.114422146881
CONSUMER STAPLES,0.045045929065
ENERGY,0.047580188122
FINANCIALS,0.152317880795
HEALTH CARE,0.079165807228
INDUSTRIALS,0.109864285471
MATERIALS,0.026059512533
REAL ESTATE,0.001432842636
TECHNOLOGY,0.295932569284
UTILITIES,0.024093984865
