SECTOR,WEIGHT
COMMUNICATION SERVICES,0.109058065705
CONSUMER DISCRETIONARY,0.113931503516
CONSUMER STAPLES,0.044669007759
ENERGY,0.048166628116
FINANCIALS,0.148042564227
HEALTH CARE,0.079854487778
INDUSTRIALS,0.110660182101
MATERIALS,0.025012040906
REAL ESTATE,0.001227621688
TECHNOLOGYQ,0.294440956504
UTILITIES,0.0249369417
