SECTOR,WEIGHT
COMMUNICATION SERVICES,0.07998715098
CONSUMER DISCRETIONARY,0.148772438252
CONSUMER STAPLES,0.079253636053
ENERGY,0.155077864661
FINANCIALS,0.154734623706
HEALTH CARE,0.057861618856
INDUSTRIALS,0.156097580502
MATERIALS,0.025634995767
REAL ESTATE,0.000681478398
TECHNOLOGY,0.139537955645
UTILITIES,0.002360657181
