SECTOR,WEIGHT
COMMUNICATION SERVICES,0.107705794231
CONSUMER DISCRETIONARY,0.171497277559
CONSUMER STAPLES,0.059381338895
ENERGY,0.109529094244
FINANCIALS,0.163766765704
HEALTH CARE,0.056261114174
INDUSTRIALS,0.172285839804
MATERIALS,0.021575383248
REAL ESTATE,0.001473050285
TECHNOLOGY,0.131955083975
UTILITIES,0.004569257881
