SECTOR,WEIGHT
COMMUNICATION SERVICES,0.113036080669
CONSUMER DISCRETIONARY,0.174544362708
CONSUMER STAPLES,0.058044337687
ENERGY,0.109104739028
FINANCIALS,0.16361207026
HEALTH CARE,0.056537056498
INDUSTRIALS,0.172738828004
MATERIALS,0.021433218236
REAL ESTATE,0.00134214082
TECHNOLOGYQ,0.124762047741
UTILITIES,0.004845118351
