SECTOR,WEIGHT
COMMUNICATION SERVICES,0.105584974284
CONSUMER DISCRETIONARY,0.171132216045
CONSUMER STAPLES,0.058481406117
ENERGY,0.109165959015
FINANCIALS,0.163844070947
HEALTH CARE,0.054246511144
INDUSTRIALS,0.173525547562
MATERIALS,0.021485908384
REAL ESTATE,0.001440004486
TECHNOLOGY,0.136727324436
UTILITIES,0.00436607758
