SECTOR,WEIGHT
COMMUNICATION SERVICES,0.090789563213
CONSUMER DISCRETIONARY,0.164810864249
CONSUMER STAPLES,0.077551461494
ENERGY,0.122809159205
FINANCIALS,0.156959058944
HEALTH CARE,0.060836231774
INDUSTRIALS,0.168385051652
MATERIALS,0.024599054621
REAL ESTATE,0.000702429887
TECHNOLOGY,0.130299743443
UTILITIES,0.002257381517
