SECTOR,WEIGHT
COMMUNICATION SERVICES,0.036230036951
CONSUMER DISCRETIONARY,0.118595115137
CONSUMER STAPLES,0.07163816929
ENERGY,0.060671412773
FINANCIALS,0.177087828386
HEALTH CARE,0.111246143872
INDUSTRIALS,0.188975840621
MATERIALS,0.064099527731
REAL ESTATE,0.00527162994
TECHNOLOGY,0.109596313371
UTILITIES,0.056587981928
