SECTOR,WEIGHT
COMMUNICATION SERVICES,0.032234048834
CONSUMER DISCRETIONARY,0.115805621071
CONSUMER STAPLES,0.075344199762
ENERGY,0.070917309003
FINANCIALS,0.166478710598
HEALTH CARE,0.097694794701
INDUSTRIALS,0.197204774718
MATERIALS,0.06971352293
REAL ESTATE,0.004878185455
TECHNOLOGY,0.114029461238
UTILITIES,0.05569937169
