SECTOR,WEIGHT
COMMUNICATION SERVICES,0.033455962173
CONSUMER DISCRETIONARY,0.108963244365
CONSUMER STAPLES,0.073320173328
ENERGY,0.086664939124
FINANCIALS,0.155922052481
HEALTH CARE,0.099774585715
INDUSTRIALS,0.192011349754
MATERIALS,0.068855909946
REAL ESTATE,0.006158122168
TECHNOLOGY,0.117640643806
UTILITIES,0.05723301714
