SECTOR,WEIGHT
COMMUNICATION SERVICES,0.038204745539
CONSUMER DISCRETIONARY,0.11731681989
CONSUMER STAPLES,0.072956692384
ENERGY,0.06328724915
FINANCIALS,0.176582834027
HEALTH CARE,0.106789700657
INDUSTRIALS,0.191206511107
MATERIALS,0.062591266167
REAL ESTATE,0.00544935594
TECHNOLOGYQ,0.106349815308
UTILITIES,0.059265009832
