SECTOR,WEIGHT
COMMUNICATION SERVICES,0.0317338298
CONSUMER DISCRETIONARY,0.11747342502
CONSUMER STAPLES,0.076366784778
ENERGY,0.071105839489
FINANCIALS,0.16861649951
HEALTH CARE,0.100684643565
INDUSTRIALS,0.196365583649
MATERIALS,0.069894701019
REAL ESTATE,0.004827537886
TECHNOLOGY,0.106749344384
UTILITIES,0.056181810902
