SECTOR,WEIGHT
COMMUNICATION SERVICES,0.034312459328
CONSUMER DISCRETIONARY,0.112260099114
CONSUMER STAPLES,0.07618160885
ENERGY,0.077321920208
FINANCIALS,0.159298192922
HEALTH CARE,0.098979826801
INDUSTRIALS,0.194153276268
MATERIALS,0.070044551234
REAL ESTATE,0.006195124393
TECHNOLOGY,0.111188867197
UTILITIES,0.060064073685
