SECTOR,WEIGHT
COMMUNICATION SERVICES,0.033800778451
CONSUMER DISCRETIONARY,0.118092454569
CONSUMER STAPLES,0.074062215834
ENERGY,0.068022096919
FINANCIALS,0.16870178594
HEALTH CARE,0.105279533652
INDUSTRIALS,0.195059307183
MATERIALS,0.066960208283
REAL ESTATE,0.005124766896
TECHNOLOGY,0.108056703649
UTILITIES,0.056840148624
