SECTOR,WEIGHT
COMMUNICATION SERVICES,0.031792714983
CONSUMER DISCRETIONARY,0.116495180874
CONSUMER STAPLES,0.076858680686
ENERGY,0.072448616848
FINANCIALS,0.161854550006
HEALTH CARE,0.097567154838
INDUSTRIALS,0.194961071473
MATERIALS,0.07105870572
REAL ESTATE,0.004040555764
TECHNOLOGY,0.113094504944
UTILITIES,0.059828263863
