SECTOR,WEIGHT
COMMUNICATION SERVICES,0.036938929964
CONSUMER DISCRETIONARY,0.117923325698
CONSUMER STAPLES,0.073411117111
ENERGY,0.061406291091
FINANCIALS,0.179316568065
HEALTH CARE,0.10865572046
INDUSTRIALS,0.187024348919
MATERIALS,0.063895586119
REAL ESTATE,0.00526164699
TECHNOLOGY,0.10783967334
UTILITIES,0.058326792242
