SECTOR,WEIGHT
COMMUNICATION SERVICES,0.012090886588
CONSUMER DISCRETIONARY,0.168681146334
CONSUMER STAPLES,0.097658085962
ENERGY,0.124350233851
FINANCIALS,0.239686168086
HEALTH CARE,0.063780554166
INDUSTRIALS,0.171258664801
MATERIALS,0.054353370566
REAL ESTATE,0.003913378543
TECHNOLOGY,0.059731885968
UTILITIES,0.004495625133
