SECTOR,WEIGHT
COMMUNICATION SERVICES,0.012323658181
CONSUMER DISCRETIONARY,0.177495911132
CONSUMER STAPLES,0.090985071878
ENERGY,0.121137596166
FINANCIALS,0.234229581184
HEALTH CARE,0.068463766723
INDUSTRIALS,0.170796573559
MATERIALS,0.057388289322
REAL ESTATE,0.002884728954
TECHNOLOGY,0.057895769398
UTILITIES,0.006399053505
