SECTOR,WEIGHT
COMMUNICATION SERVICES,0.012701278946
CONSUMER DISCRETIONARY,0.152811166303
CONSUMER STAPLES,0.095839291494
ENERGY,0.161564276488
FINANCIALS,0.230940816549
HEALTH CARE,0.05871448026
INDUSTRIALS,0.160644373208
MATERIALS,0.055449725482
REAL ESTATE,0.013172253392
TECHNOLOGY,0.05350269708
UTILITIES,0.004659640797
