SECTOR,WEIGHT
COMMUNICATION SERVICES,0.010649533445
CONSUMER DISCRETIONARY,0.179888819592
CONSUMER STAPLES,0.088104417084
ENERGY,0.128023649613
FINANCIALS,0.231191380265
HEALTH CARE,0.070275107942
INDUSTRIALS,0.172642972339
MATERIALS,0.057226976816
REAL ESTATE,0.002200383015
TECHNOLOGY,0.052628997204
UTILITIES,0.007167762687
