SECTOR,WEIGHT
COMMUNICATION SERVICES,0.032815416818
CONSUMER DISCRETIONARY,0.139064273463
CONSUMER STAPLES,0.036815768542
ENERGY,0.100252371861
FINANCIALS,0.231957736557
HEALTH CARE,0.113595637009
INDUSTRIALS,0.15418434971
MATERIALS,0.059869842017
REAL ESTATE,0.010225254772
TECHNOLOGY,0.103171274281
UTILITIES,0.01804807497
