SECTOR,WEIGHT
COMMUNICATION SERVICES,0.029931555828
CONSUMER DISCRETIONARY,0.135662478292
CONSUMER STAPLES,0.037286750434
ENERGY,0.092246399019
FINANCIALS,0.232199407498
HEALTH CARE,0.115946470528
INDUSTRIALS,0.158443150475
MATERIALS,0.060986821943
REAL ESTATE,0.010419859025
TECHNOLOGY,0.108489120441
UTILITIES,0.018285831035
