SECTOR,WEIGHT
COMMUNICATION SERVICES,0.029704496788
CONSUMER DISCRETIONARY,0.128997606751
CONSUMER STAPLES,0.035996473107
ENERGY,0.093263131377
FINANCIALS,0.229124071042
HEALTH CARE,0.123296133014
INDUSTRIALS,0.170566570097
MATERIALS,0.062296007054
REAL ESTATE,0.009597178486
TECHNOLOGY,0.100095226099
UTILITIES,0.017063106185
