SECTOR,WEIGHT
COMMUNICATION SERVICES,0.036669864405
CONSUMER DISCRETIONARY,0.129465077471
CONSUMER STAPLES,0.03647437241
ENERGY,0.080505417345
FINANCIALS,0.240055100527
HEALTH CARE,0.137149726714
INDUSTRIALS,0.161547933831
MATERIALS,0.05813770698
REAL ESTATE,0.009337261983
TECHNOLOGY,0.095202586137
UTILITIES,0.015454952195
