SECTOR,WEIGHT
COMMUNICATION SERVICES,0.030160515285
CONSUMER DISCRETIONARY,0.1425212146
CONSUMER STAPLES,0.036908291586
ENERGY,0.086085267355
FINANCIALS,0.233718433698
HEALTH CARE,0.120744300174
INDUSTRIALS,0.155096615888
MATERIALS,0.060014313465
REAL ESTATE,0.010326142521
TECHNOLOGY,0.106328596258
UTILITIES,0.017891831101
