SECTOR,WEIGHT
COMMUNICATION SERVICES,0.034312118531
CONSUMER DISCRETIONARY,0.131046127745
CONSUMER STAPLES,0.034172921296
ENERGY,0.082480414041
FINANCIALS,0.229122684207
HEALTH CARE,0.14095434835
INDUSTRIALS,0.162181926752
MATERIALS,0.060082771921
REAL ESTATE,0.009546106058
TECHNOLOGY,0.100283538717
UTILITIES,0.015817042382
