SECTOR,WEIGHT
COMMUNICATION SERVICES,0.037925766606
CONSUMER DISCRETIONARY,0.125616852769
CONSUMER STAPLES,0.035214127059
ENERGY,0.081939153944
FINANCIALS,0.234015095933
HEALTH CARE,0.142902801089
INDUSTRIALS,0.160048041649
MATERIALS,0.056763520508
REAL ESTATE,0.009184196508
TECHNOLOGY,0.101888499151
UTILITIES,0.014501944782
