SECTOR,WEIGHT
COMMUNICATION SERVICES,0.111860939058
CONSUMER DISCRETIONARY,0.133452580667
CONSUMER STAPLES,0.05109584763
ENERGY,0.000375358843
FINANCIALS,0.195480879721
HEALTH CARE,0.095055873415
INDUSTRIALS,0.107292571699
MATERIALS,0.018315509627
REAL ESTATE,0.003111975048
TECHNOLOGY,0.28159720693
UTILITIES,0.002361257362
