SECTOR,WEIGHT
COMMUNICATION SERVICES,0.112077836841
CONSUMER DISCRETIONARY,0.13247293296
CONSUMER STAPLES,0.046172036654
ENERGY,0.000277559282
FINANCIALS,0.199191370612
HEALTH CARE,0.090731824627
INDUSTRIALS,0.100998512002
MATERIALS,0.016036313171
REAL ESTATE,0.003467987996
TECHNOLOGY,0.296334113238
UTILITIES,0.002239512618
