SECTOR,WEIGHT
COMMUNICATION SERVICES,0.108137367716
CONSUMER DISCRETIONARY,0.128435469802
CONSUMER STAPLES,0.052035168154
ENERGY,0.000397589625
FINANCIALS,0.186738933839
HEALTH CARE,0.097083975536
INDUSTRIALS,0.108433807336
MATERIALS,0.017587081642
REAL ESTATE,0.002707014503
TECHNOLOGY,0.295695516451
UTILITIES,0.002748075396
