SECTOR,WEIGHT
COMMUNICATION SERVICES,0.107758482554
CONSUMER DISCRETIONARY,0.12971597965
CONSUMER STAPLES,0.053412049834
ENERGY,0.00037455434
FINANCIALS,0.189207026399
HEALTH CARE,0.097585426431
INDUSTRIALS,0.110156030926
MATERIALS,0.018519408725
REAL ESTATE,0.002635901134
TECHNOLOGY,0.287926130673
UTILITIES,0.002709009334
