SECTOR,WEIGHT
COMMUNICATION SERVICES,0.110111569304
CONSUMER DISCRETIONARY,0.128007141397
CONSUMER STAPLES,0.047373873386
ENERGY,0.000290545063
FINANCIALS,0.187355478878
HEALTH CARE,0.08807522913
INDUSTRIALS,0.094314934818
MATERIALS,0.015870773571
REAL ESTATE,0.002798249516
TECHNOLOGY,0.323139209156
UTILITIES,0.00266299578
