SECTOR,WEIGHT
COMMUNICATION SERVICES,0.11873747495
CONSUMER DISCRETIONARY,0.145591182365
CONSUMER STAPLES,0.032064128257
ENERGY,0.023947895792
FINANCIALS,0.056412825651
HEALTH CARE,0.052705410822
INDUSTRIALS,0.085771543086
MATERIALS,0.012224448898
REAL ESTATE,0.001102204409
TECHNOLOGY,0.464228456914
UTILITIES,0.007214428858
