SECTOR,WEIGHT
COMMUNICATION SERVICES,0.120310879271
CONSUMER DISCRETIONARY,0.14763859032
CONSUMER STAPLES,0.033803861437
ENERGY,0.025055746807
FINANCIALS,0.061129568106
HEALTH CARE,0.057645956415
INDUSTRIALS,0.088447257257
MATERIALS,0.014353362096
REAL ESTATE,0.001055305843
TECHNOLOGY,0.442482824973
UTILITIES,0.008076647475
