SECTOR,WEIGHT
COMMUNICATION SERVICES,0.145199860263
CONSUMER DISCRETIONARY,0.148779357432
CONSUMER STAPLES,0.03227853613
ENERGY,0.016320945564
FINANCIALS,0.060671275836
HEALTH CARE,0.043786779684
INDUSTRIALS,0.082799895498
MATERIALS,0.01851609022
REAL ESTATE,0.000728711952
TECHNOLOGY,0.44069656054
UTILITIES,0.010221986881
