SECTOR,WEIGHT
COMMUNICATION SERVICES,0.116327960757
CONSUMER DISCRETIONARY,0.148162979277
CONSUMER STAPLES,0.033036339974
ENERGY,0.025027530283
FINANCIALS,0.057663429773
HEALTH CARE,0.054259685654
INDUSTRIALS,0.087296025628
MATERIALS,0.013014315747
REAL ESTATE,0.001301431575
TECHNOLOGY,0.456802482731
UTILITIES,0.0071078186
