SECTOR,WEIGHT
COMMUNICATION SERVICES,0.103948999646
CONSUMER DISCRETIONARY,0.125339122086
CONSUMER STAPLES,0.04481172022
ENERGY,0.059512105168
FINANCIALS,0.16222438031
HEALTH CARE,0.077521780482
INDUSTRIALS,0.117727353359
MATERIALS,0.030703640119
REAL ESTATE,0.00138404906
TECHNOLOGY,0.251797710356
UTILITIES,0.025029139194
