SECTOR,WEIGHT
COMMUNICATION SERVICES,0.106407780991
CONSUMER DISCRETIONARY,0.124034586635
CONSUMER STAPLES,0.04342357211
ENERGY,0.05871996603
FINANCIALS,0.165313018259
HEALTH CARE,0.076200557616
INDUSTRIALS,0.115049432369
MATERIALS,0.028428619499
REAL ESTATE,0.001550269595
TECHNOLOGY,0.255030364454
UTILITIES,0.025841832443
