SECTOR,WEIGHT
COMMUNICATION SERVICES,0.10163262974
CONSUMER DISCRETIONARY,0.124523728615
CONSUMER STAPLES,0.045291015474
ENERGY,0.060592846983
FINANCIALS,0.161313281068
HEALTH CARE,0.077874443786
INDUSTRIALS,0.11999482755
MATERIALS,0.031227163783
REAL ESTATE,0.001421421361
TECHNOLOGY,0.251229709912
UTILITIES,0.024898931729
