SECTOR,WEIGHT
COMMUNICATION SERVICES,0.108380749348
CONSUMER DISCRETIONARY,0.123847127766
CONSUMER STAPLES,0.043238401217
ENERGY,0.057341600484
FINANCIALS,0.165128836444
HEALTH CARE,0.079179490259
INDUSTRIALS,0.114639162876
MATERIALS,0.028228417581
REAL ESTATE,0.001447251873
TECHNOLOGY,0.251852852718
UTILITIES,0.026716109435
