SECTOR,WEIGHT
COMMUNICATION SERVICES,0.104740459208
CONSUMER DISCRETIONARY,0.123994256902
CONSUMER STAPLES,0.042637700197
ENERGY,0.05616542046
FINANCIALS,0.169161083099
HEALTH CARE,0.077289529859
INDUSTRIALS,0.11385872939
MATERIALS,0.028955789356
REAL ESTATE,0.001388716454
TECHNOLOGY,0.256649218434
UTILITIES,0.025159096643
