SECTOR,WEIGHT
COMMUNICATION SERVICES,0.099662789787
CONSUMER DISCRETIONARY,0.116435935081
CONSUMER STAPLES,0.047928436722
ENERGY,0.073004303999
FINANCIALS,0.15195146101
HEALTH CARE,0.07793894065
INDUSTRIALS,0.122183973377
MATERIALS,0.030802817382
REAL ESTATE,0.001616761296
TECHNOLOGY,0.252266980513
UTILITIES,0.026207600184
