SECTOR,WEIGHT
COMMUNICATION SERVICES,0.098513096764
CONSUMER DISCRETIONARY,0.117761735021
CONSUMER STAPLES,0.047261494713
ENERGY,0.066340916373
FINANCIALS,0.154830182634
HEALTH CARE,0.078719761294
INDUSTRIALS,0.125186238385
MATERIALS,0.031621475489
REAL ESTATE,0.001228572573
TECHNOLOGY,0.252229854213
UTILITIES,0.026306672541
