SECTOR,WEIGHT
COMMUNICATION SERVICES,0.101016390587
CONSUMER DISCRETIONARY,0.119245950905
CONSUMER STAPLES,0.04650790298
ENERGY,0.064652371995
FINANCIALS,0.160995748438
HEALTH CARE,0.077264905243
INDUSTRIALS,0.1236226471
MATERIALS,0.031650961482
REAL ESTATE,0.001356455477
TECHNOLOGY,0.249457668078
UTILITIES,0.024228997715
