SECTOR,WEIGHT
COMMUNICATION SERVICES,0.098772724815
CONSUMER DISCRETIONARY,0.117009645594
CONSUMER STAPLES,0.048520321426
ENERGY,0.07139782018
FINANCIALS,0.155890380237
HEALTH CARE,0.078672564422
INDUSTRIALS,0.125441781021
MATERIALS,0.031530900142
REAL ESTATE,0.001681020587
TECHNOLOGY,0.244624038094
UTILITIES,0.026458803482
