SECTOR,WEIGHT
COMMUNICATION SERVICES,0.092743457458
CONSUMER DISCRETIONARY,0.116100275428
CONSUMER STAPLES,0.047923076384
ENERGY,0.081958612708
FINANCIALS,0.156350213104
HEALTH CARE,0.078516513167
INDUSTRIALS,0.12159081466
MATERIALS,0.031369360909
REAL ESTATE,0.001689011613
TECHNOLOGY,0.245072881802
UTILITIES,0.026685782767
