SECTOR,WEIGHT
COMMUNICATION SERVICES,0.105404038634
CONSUMER DISCRETIONARY,0.123532327597
CONSUMER STAPLES,0.042505294886
ENERGY,0.058290314989
FINANCIALS,0.166024604323
HEALTH CARE,0.074768301781
INDUSTRIALS,0.11605189239
MATERIALS,0.028147265435
REAL ESTATE,0.00151311079
TECHNOLOGY,0.258739942219
UTILITIES,0.025022906955
