SECTOR,WEIGHT
COMMUNICATION SERVICES,0.022312609532
CONSUMER DISCRETIONARY,0.17914463476
CONSUMER STAPLES,0.035884766223
ENERGY,0.167758846658
FINANCIALS,0.261222337717
HEALTH CARE,0.033931396032
INDUSTRIALS,0.171420537001
MATERIALS,0.059145438203
REAL ESTATE,0.007247053625
TECHNOLOGY,0.06121430329
UTILITIES,0.00071807696
