SECTOR,WEIGHT
COMMUNICATION SERVICES,0.026392961877
CONSUMER DISCRETIONARY,0.171705935888
CONSUMER STAPLES,0.04176357569
ENERGY,0.179492365254
FINANCIALS,0.266862170088
HEALTH CARE,0.03599959551
INDUSTRIALS,0.155020730104
MATERIALS,0.051066841946
REAL ESTATE,0.006067347558
TECHNOLOGY,0.065021741329
UTILITIES,0.000606734756
