SECTOR,WEIGHT
COMMUNICATION SERVICES,0.024402155744
CONSUMER DISCRETIONARY,0.168105305981
CONSUMER STAPLES,0.041323454184
ENERGY,0.197095264373
FINANCIALS,0.258228036751
HEALTH CARE,0.033892945901
INDUSTRIALS,0.160416003738
MATERIALS,0.051797057201
REAL ESTATE,0.006650098483
TECHNOLOGY,0.057281072394
UTILITIES,0.000808605252
