SECTOR,WEIGHT
COMMUNICATION SERVICES,0.023473105495
CONSUMER DISCRETIONARY,0.173991525279
CONSUMER STAPLES,0.039555746612
ENERGY,0.187150598959
FINANCIALS,0.257164199991
HEALTH CARE,0.03397237712
INDUSTRIALS,0.168932666336
MATERIALS,0.052275882481
REAL ESTATE,0.006402854304
TECHNOLOGY,0.05636827285
UTILITIES,0.000712770573
