SECTOR,WEIGHT
COMMUNICATION SERVICES,0.022980068031
CONSUMER DISCRETIONARY,0.177854106123
CONSUMER STAPLES,0.038886170069
ENERGY,0.179565955544
FINANCIALS,0.257473229696
HEALTH CARE,0.034515919193
INDUSTRIALS,0.17053544636
MATERIALS,0.052089563962
REAL ESTATE,0.006367072878
TECHNOLOGY,0.059003421685
UTILITIES,0.00072904646
