SECTOR,WEIGHT
COMMUNICATION SERVICES,0.022340352865
CONSUMER DISCRETIONARY,0.179132663926
CONSUMER STAPLES,0.038118227076
ENERGY,0.174234662102
FINANCIALS,0.257415309571
HEALTH CARE,0.033689332482
INDUSTRIALS,0.171289432129
MATERIALS,0.057485223625
REAL ESTATE,0.006474081574
TECHNOLOGY,0.059071348497
UTILITIES,0.000749366153
