SECTOR,WEIGHT
COMMUNICATION SERVICES,0.020564454676
CONSUMER DISCRETIONARY,0.192599002158
CONSUMER STAPLES,0.034147422374
ENERGY,0.164728200274
FINANCIALS,0.269956845727
HEALTH CARE,0.031744058266
INDUSTRIALS,0.167756218467
MATERIALS,0.054153398198
REAL ESTATE,0.008745157176
TECHNOLOGYQ,0.055055787726
UTILITIES,0.000549454957
