SECTOR,WEIGHT
COMMUNICATION SERVICES,0.020586248574
CONSUMER DISCRETIONARY,0.193528375369
CONSUMER STAPLES,0.032464356656
ENERGY,0.165573931501
FINANCIALS,0.267598180801
HEALTH CARE,0.028552758964
INDUSTRIALS,0.168652698632
MATERIALS,0.055339636521
REAL ESTATE,0.007946466333
TECHNOLOGY,0.059161035957
UTILITIES,0.000596310691
