SECTOR,WEIGHT
COMMUNICATION SERVICES,0.065772795389
CONSUMER DISCRETIONARY,0.020876585578
CONSUMER STAPLES,0.031545894748
ENERGY,0.105741668972
FINANCIALS,0.293533669118
HEALTH CARE,0.185261965483
INDUSTRIALS,0.048664411217
MATERIALS,0.041867666116
REAL ESTATE,0.077006473525
TECHNOLOGY,0.046821346319
UTILITIES,0.082907523535
