SECTOR,WEIGHT
COMMUNICATION SERVICES,0.060621700832
CONSUMER DISCRETIONARY,0.021064072671
CONSUMER STAPLES,0.019972108877
ENERGY,0.102255983031
FINANCIALS,0.300571383464
HEALTH CARE,0.196110220538
INDUSTRIALS,0.026151470255
MATERIALS,0.041461227695
REAL ESTATE,0.097285979144
TECHNOLOGY,0.059864713883
UTILITIES,0.074641139609
