SECTOR,WEIGHT
COMMUNICATION SERVICES,0.062840806009
CONSUMER DISCRETIONARY,0.010464464444
CONSUMER STAPLES,0.019767003353
ENERGY,0.107146861272
FINANCIALS,0.29302131216
HEALTH CARE,0.192079540937
INDUSTRIALS,0.049048546064
MATERIALS,0.043097245013
REAL ESTATE,0.086665375638
TECHNOLOGY,0.05751021781
UTILITIES,0.078358627297
