SECTOR,WEIGHT
COMMUNICATION SERVICES,0.048764487208
CONSUMER DISCRETIONARY,0.02492893068
CONSUMER STAPLES,0.04132954297
ENERGY,0.079269626066
FINANCIALS,0.315985130112
HEALTH CARE,0.178985348786
INDUSTRIALS,0.051607260004
MATERIALS,0.023944893943
REAL ESTATE,0.094358189372
TECHNOLOGY,0.050513885852
UTILITIES,0.090312705008
