SECTOR,WEIGHT
COMMUNICATION SERVICES,0.064702756055
CONSUMER DISCRETIONARY,0.024982157771
CONSUMER STAPLES,0.030661301344
ENERGY,0.129312378205
FINANCIALS,0.271372965859
HEALTH CARE,0.18110292815
INDUSTRIALS,0.048057095133
MATERIALS,0.043134158378
REAL ESTATE,0.083487459823
TECHNOLOGY,0.036767646091
UTILITIES,0.08641915319
