SECTOR,WEIGHT
COMMUNICATION SERVICES,0.06052844732
CONSUMER DISCRETIONARY,0.02167256142
CONSUMER STAPLES,0.019784961006
ENERGY,0.095619231911
FINANCIALS,0.303996582322
HEALTH CARE,0.203129639467
INDUSTRIALS,0.028722026853
MATERIALS,0.036803663298
REAL ESTATE,0.095123345446
TECHNOLOGY,0.061955509592
UTILITIES,0.072664031365
