SECTOR,WEIGHT
COMMUNICATION SERVICES,0.061646484691
CONSUMER DISCRETIONARY,0.01986270857
CONSUMER STAPLES,0.020276810303
ENERGY,0.103308763972
FINANCIALS,0.299669933582
HEALTH CARE,0.198225133647
INDUSTRIALS,0.024474526162
MATERIALS,0.043146565689
REAL ESTATE,0.097181273287
TECHNOLOGY,0.059883768022
UTILITIES,0.072324032075
