SECTOR,WEIGHT
COMMUNICATION SERVICES,0.066652216322
CONSUMER DISCRETIONARY,0.027202774466
CONSUMER STAPLES,0.030237346917
ENERGY,0.074780535385
FINANCIALS,0.319280372819
HEALTH CARE,0.183049745313
INDUSTRIALS,0.05191286442
MATERIALS,0.022325783028
REAL ESTATE,0.09244608215
TECHNOLOGY,0.044759943644
UTILITIES,0.087352335537
