SECTOR,WEIGHT
COMMUNICATION SERVICES,0.10283142306
CONSUMER DISCRETIONARY,0.089990259256
CONSUMER STAPLES,0.060230434169
ENERGY,0.050082240712
FINANCIALS,0.120397798772
HEALTH CARE,0.088485599616
INDUSTRIALS,0.057992966242
MATERIALS,0.01176998229
REAL ESTATE,0.040219361956
TECHNOLOGY,0.351120285675
UTILITIES,0.026879648252
