SECTOR,WEIGHT
COMMUNICATION SERVICES,0.103200951765
CONSUMER DISCRETIONARY,0.089909204545
CONSUMER STAPLES,0.057761021861
ENERGY,0.045698168416
FINANCIALS,0.122730616035
HEALTH CARE,0.086747038798
INDUSTRIALS,0.055262036728
MATERIALS,0.010620938019
REAL ESTATE,0.03884329243
TECHNOLOGY,0.362917552582
UTILITIES,0.026309178822
