SECTOR,WEIGHT
COMMUNICATION SERVICES,0.105165218388
CONSUMER DISCRETIONARY,0.086207676964
CONSUMER STAPLES,0.064811918296
ENERGY,0.049387981319
FINANCIALS,0.12567179222
HEALTH CARE,0.082757559328
INDUSTRIALS,0.067284334957
MATERIALS,0.01302595434
REAL ESTATE,0.039327317589
TECHNOLOGY,0.335138190791
UTILITIES,0.031222055807
