SECTOR,WEIGHT
COMMUNICATION SERVICES,0.104916733625
CONSUMER DISCRETIONARY,0.083409463639
CONSUMER STAPLES,0.065000105065
ENERGY,0.057761638931
FINANCIALS,0.111862018866
HEALTH CARE,0.091205273654
INDUSTRIALS,0.061646035604
MATERIALS,0.012606778382
REAL ESTATE,0.043158628874
TECHNOLOGY,0.339324363132
UTILITIES,0.029108960228
