SECTOR,WEIGHT
COMMUNICATION SERVICES,0.103751366347
CONSUMER DISCRETIONARY,0.08886830965
CONSUMER STAPLES,0.057979116517
ENERGY,0.046596308338
FINANCIALS,0.121493626047
HEALTH CARE,0.087003177226
INDUSTRIALS,0.054998904922
MATERIALS,0.010760764014
REAL ESTATE,0.039298790214
TECHNOLOGY,0.362730753884
UTILITIES,0.026518882841
