SECTOR,WEIGHT
COMMUNICATION SERVICES,0.093510552139
CONSUMER DISCRETIONARY,0.08933766746
CONSUMER STAPLES,0.05922324933
ENERGY,0.045911767274
FINANCIALS,0.127163592535
HEALTH CARE,0.08190816643
INDUSTRIALS,0.056260681852
MATERIALS,0.009718666483
REAL ESTATE,0.04071623481
TECHNOLOGY,0.371610534778
UTILITIES,0.02463888691
