SECTOR,WEIGHT
COMMUNICATION SERVICES,0.102153975473
CONSUMER DISCRETIONARY,0.083639292916
CONSUMER STAPLES,0.065457838619
ENERGY,0.055465994206
FINANCIALS,0.114718582229
HEALTH CARE,0.09113943051
INDUSTRIALS,0.061347022711
MATERIALS,0.013269089326
REAL ESTATE,0.042577165358
TECHNOLOGY,0.341429879467
UTILITIES,0.028801729184
