SECTOR,WEIGHT
COMMUNICATION SERVICES,0.092769030188
CONSUMER DISCRETIONARY,0.091766121753
CONSUMER STAPLES,0.061277705346
ENERGY,0.046033497142
FINANCIALS,0.126767626116
HEALTH CARE,0.077524821984
INDUSTRIALS,0.056864908234
MATERIALS,0.011332865309
REAL ESTATE,0.043726807742
TECHNOLOGY,0.366161869421
UTILITIES,0.025774746766
