SECTOR,WEIGHT
COMMUNICATION SERVICES,0.043200530331
CONSUMER DISCRETIONARY,0.041143696013
CONSUMER STAPLES,0.079462499324
ENERGY,0.02979205345
FINANCIALS,0.176431122086
HEALTH CARE,0.124532605931
INDUSTRIALS,0.147072666134
MATERIALS,0.05347468812
REAL ESTATE,0.071840996894
TECHNOLOGY,0.126752665173
UTILITIES,0.106296476545
