SECTOR,WEIGHT
COMMUNICATION SERVICES,0.035216213505
CONSUMER DISCRETIONARY,0.048660579914
CONSUMER STAPLES,0.046954951339
ENERGY,0.032908598375
FINANCIALS,0.24490819705
HEALTH CARE,0.099227450587
INDUSTRIALS,0.134142670814
MATERIALS,0.047255944617
REAL ESTATE,0.077656265677
TECHNOLOGY,0.107253937995
UTILITIES,0.125815190127
