SECTOR,WEIGHT
COMMUNICATION SERVICES,0.042625270159
CONSUMER DISCRETIONARY,0.042831678228
CONSUMER STAPLES,0.07832985813
ENERGY,0.027039457007
FINANCIALS,0.180735313715
HEALTH CARE,0.12592094571
INDUSTRIALS,0.15068991396
MATERIALS,0.050662159089
REAL ESTATE,0.071599552315
TECHNOLOGY,0.125340798759
UTILITIES,0.10422505293
