SECTOR,WEIGHT
COMMUNICATION SERVICES,0.034336879287
CONSUMER DISCRETIONARY,0.050333240836
CONSUMER STAPLES,0.0489067116
ENERGY,0.038985120619
FINANCIALS,0.244502502938
HEALTH CARE,0.103657785253
INDUSTRIALS,0.13314306265
MATERIALS,0.045046868097
REAL ESTATE,0.078150560945
TECHNOLOGY,0.083083306703
UTILITIES,0.139853961073
