SECTOR,WEIGHT
COMMUNICATION SERVICES,0.034676287833
CONSUMER DISCRETIONARY,0.051112447384
CONSUMER STAPLES,0.046101423131
ENERGY,0.032772098617
FINANCIALS,0.254459811585
HEALTH CARE,0.099518941672
INDUSTRIALS,0.13409500902
MATERIALS,0.045800761676
REAL ESTATE,0.077370214472
TECHNOLOGY,0.095209460814
UTILITIES,0.128883543796
