SECTOR,WEIGHT
COMMUNICATION SERVICES,0.041547276502
CONSUMER DISCRETIONARY,0.044463718243
CONSUMER STAPLES,0.077948715894
ENERGY,0.025134279508
FINANCIALS,0.183345234793
HEALTH CARE,0.123514111993
INDUSTRIALS,0.148943841471
MATERIALS,0.049534440954
REAL ESTATE,0.070417245465
TECHNOLOGY,0.132808266991
UTILITIES,0.102342868188
