SECTOR,WEIGHT
COMMUNICATION SERVICES,0.06440241995
CONSUMER DISCRETIONARY,0.0503246508
CONSUMER STAPLES,0.096112146784
ENERGY,0.048706180703
FINANCIALS,0.205510452577
HEALTH CARE,0.129944919646
INDUSTRIALS,0.106285243521
MATERIALS,0.035090687704
REAL ESTATE,0.063584624232
TECHNOLOGY,0.09707698459
UTILITIES,0.102961689493
