SECTOR,WEIGHT
COMMUNICATION SERVICES,0.04639427679
CONSUMER DISCRETIONARY,0.045713134163
CONSUMER STAPLES,0.075144339765
ENERGY,0.023233412263
FINANCIALS,0.20229129931
HEALTH CARE,0.123511511915
INDUSTRIALS,0.143661645423
MATERIALS,0.045138797924
REAL ESTATE,0.068294624414
TECHNOLOGY,0.12895259207
UTILITIES,0.097664365963
