SECTOR,WEIGHT
COMMUNICATION SERVICES,0.034183728149
CONSUMER DISCRETIONARY,0.05106976269
CONSUMER STAPLES,0.048022884638
ENERGY,0.037740422416
FINANCIALS,0.247408100369
HEALTH CARE,0.10434906285
INDUSTRIALS,0.134068643899
MATERIALS,0.04442111821
REAL ESTATE,0.077842626044
TECHNOLOGY,0.083261301343
UTILITIES,0.137632349391
