SECTOR,WEIGHT
COMMUNICATION SERVICES,0.064650023529
CONSUMER DISCRETIONARY,0.050161685389
CONSUMER STAPLES,0.096463232662
ENERGY,0.045352349466
FINANCIALS,0.213060720505
HEALTH CARE,0.123392698417
INDUSTRIALS,0.109990306921
MATERIALS,0.036150962672
REAL ESTATE,0.062187538963
TECHNOLOGY,0.10030728268
UTILITIES,0.098283198797
