SECTOR,WEIGHT
COMMUNICATION SERVICES,0.021009999774
CONSUMER DISCRETIONARY,0.103657547273
CONSUMER STAPLES,0.181167605579
FINANCIALS,0.042915440399
HEALTH CARE,0.101037972032
INDUSTRIALS,0.369685630433
TECHNOLOGY,0.105298504244
UTILITIES,0.075227300266
