SECTOR,WEIGHT
CONSUMER DISCRETIONARY,0.177949678919
CONSUMER STAPLES,0.152166174362
FINANCIALS,0.021148773371
HEALTH CARE,0.060418495727
INDUSTRIALS,0.317712572671
MATERIALS,0.019443872255
TECHNOLOGY,0.185795223877
UTILITIES,0.065365208818
