SECTOR,WEIGHT
COMMUNICATION SERVICES,0.021033701306
CONSUMER DISCRETIONARY,0.102672372687
CONSUMER STAPLES,0.218213279992
FINANCIALS,0.031087212737
HEALTH CARE,0.094979042272
INDUSTRIALS,0.375867573952
TECHNOLOGY,0.078569736302
UTILITIES,0.077577080753
