SECTOR,WEIGHT
COMMUNICATION SERVICES,0.014849093722
CONSUMER DISCRETIONARY,0.177579038644
CONSUMER STAPLES,0.090595774004
HEALTH CARE,0.1055758862
INDUSTRIALS,0.272135371087
MATERIALS,0.033653745178
TECHNOLOGY,0.224284624132
UTILITIES,0.081326467032
