SECTOR,WEIGHT
COMMUNICATION SERVICES,0.014807817583
CONSUMER DISCRETIONARY,0.17778487137
CONSUMER STAPLES,0.088375593018
HEALTH CARE,0.101711434681
INDUSTRIALS,0.275330544151
MATERIALS,0.03312496185
TECHNOLOGY,0.231364394594
UTILITIES,0.077500382754
