SECTOR,WEIGHT
COMMUNICATION SERVICES,0.018177070161
CONSUMER DISCRETIONARY,0.105156612732
CONSUMER STAPLES,0.185782405665
FINANCIALS,0.041392931094
HEALTH CARE,0.0987062203
INDUSTRIALS,0.382855568373
TECHNOLOGY,0.09314617531
UTILITIES,0.074783016366
