SECTOR,WEIGHT
COMMUNICATION SERVICES,0.017519271198
CONSUMER DISCRETIONARY,0.171488637501
CONSUMER STAPLES,0.089998998899
HEALTH CARE,0.098508359195
INDUSTRIALS,0.269496446091
MATERIALS,0.033937331064
TECHNOLOGY,0.237461207328
UTILITIES,0.081589748724
