SECTOR,WEIGHT
CONSUMER DISCRETIONARY,0.081446573097
ENERGY,0.057780965065
INDUSTRIALS,0.669808421268
MATERIALS,0.087695932794
TECHNOLOGY,0.038008400779
UTILITIES,0.065259706997
