SECTOR,WEIGHT
CONSUMER DISCRETIONARY,0.122834218405
ENERGY,0.043496550279
INDUSTRIALS,0.630996962213
MATERIALS,0.113465817364
TECHNOLOGY,0.044751360297
UTILITIES,0.044455091442
