SECTOR,WEIGHT
CONSUMER DISCRETIONARY,0.126407540449
ENERGY,0.047061466515
INDUSTRIALS,0.629651843327
MATERIALS,0.110513755199
TECHNOLOGY,0.043545612458
UTILITIES,0.042819782052
