SECTOR,WEIGHT
CONSUMER DISCRETIONARY,0.089840734367
ENERGY,0.068282521544
INDUSTRIALS,0.627657898973
MATERIALS,0.103341196253
TECHNOLOGY,0.040978803143
UTILITIES,0.069898845721
