SECTOR,WEIGHT
CONSUMER DISCRETIONARY,0.087481839787
ENERGY,0.069764511565
INDUSTRIALS,0.627189059592
MATERIALS,0.102461070885
TECHNOLOGY,0.040999775942
UTILITIES,0.072103742229
