SECTOR,WEIGHT
CONSUMER DISCRETIONARY,0.089581583395
ENERGY,0.070801930224
INDUSTRIALS,0.626765437951
MATERIALS,0.102109242031
TECHNOLOGY,0.040504751207
UTILITIES,0.070237055191
