SECTOR,WEIGHT
CONSUMER DISCRETIONARY,0.077681848141
ENERGY,0.059435046864
INDUSTRIALS,0.654608338531
MATERIALS,0.110137945868
TECHNOLOGY,0.036329320114
UTILITIES,0.061807500481
