SECTOR,WEIGHT
ENERGY,0.926248224253
FINANCIALS,0.028531685926
UTILITIES,0.045220089821
