SECTOR,WEIGHT
ENERGY,0.94520544928
FINANCIALS,0.018604623939
UTILITIES,0.036189926781
