SECTOR,WEIGHT
ENERGY,0.92576076661
FINANCIALS,0.03170071403
UTILITIES,0.04253851936
