SECTOR,WEIGHT
ENERGY,0.927603822317
FINANCIALS,0.028440555041
UTILITIES,0.043955622642
