SECTOR,WEIGHT
ENERGY,0.928338255759
FINANCIALS,0.029325143169
UTILITIES,0.042336601072
