SECTOR,WEIGHT
ENERGY,0.924650468613
FINANCIALS,0.031810183791
UTILITIES,0.043539347596
