SECTOR,WEIGHT
ENERGY,0.925939457663
FINANCIALS,0.030166883962
UTILITIES,0.043893658375
