SECTOR,WEIGHT
COMMUNICATION SERVICES,0.120818364776
CONSUMER DISCRETIONARY,0.123655901313
CONSUMER STAPLES,0.04598548229
ENERGY,0.027675352096
FINANCIALS,0.147240520958
HEALTH CARE,0.116882200699
INDUSTRIALS,0.072201797583
MATERIALS,0.020871911865
REAL ESTATE,0.017339200997
TECHNOLOGY,0.284522573356
UTILITIES,0.022806694067
