SECTOR,WEIGHT
COMMUNICATION SERVICES,0.121177652167
CONSUMER DISCRETIONARY,0.121695763888
CONSUMER STAPLES,0.044331810915
ENERGY,0.026189513345
FINANCIALS,0.149852087429
HEALTH CARE,0.115815852896
INDUSTRIALS,0.068805994689
MATERIALS,0.019834385548
REAL ESTATE,0.016648772311
TECHNOLOGY,0.293113788949
UTILITIES,0.022534377862
