SECTOR,WEIGHT
COMMUNICATION SERVICES,0.12691377921
CONSUMER DISCRETIONARY,0.119057211926
CONSUMER STAPLES,0.046635777599
ENERGY,0.032232070911
FINANCIALS,0.134669621273
HEALTH CARE,0.104754230459
INDUSTRIALS,0.074234488316
MATERIALS,0.020245769541
REAL ESTATE,0.023066075745
TECHNOLOGY,0.295829975826
UTILITIES,0.022360999194
