SECTOR,WEIGHT
COMMUNICATION SERVICES,0.122402439198
CONSUMER DISCRETIONARY,0.117213750878
CONSUMER STAPLES,0.052541536409
ENERGY,0.032551723378
FINANCIALS,0.143936422138
HEALTH CARE,0.119989069652
INDUSTRIALS,0.078372285143
MATERIALS,0.022890648243
REAL ESTATE,0.018811295307
TECHNOLOGY,0.26701328475
UTILITIES,0.024277544903
