SECTOR,WEIGHT
COMMUNICATION SERVICES,0.120227162642
CONSUMER DISCRETIONARY,0.122762236898
CONSUMER STAPLES,0.044111935895
ENERGY,0.025588847744
FINANCIALS,0.150365691908
HEALTH CARE,0.115531423163
INDUSTRIALS,0.068670976475
MATERIALS,0.01993613705
REAL ESTATE,0.016538000254
TECHNOLOGY,0.293919813504
UTILITIES,0.022347774467
