SECTOR,WEIGHT
COMMUNICATION SERVICES,0.120785547615
CONSUMER DISCRETIONARY,0.117006055657
CONSUMER STAPLES,0.050880145002
ENERGY,0.033022908119
FINANCIALS,0.144934544875
HEALTH CARE,0.120087905414
INDUSTRIALS,0.079545243202
MATERIALS,0.02315421995
REAL ESTATE,0.018788278509
TECHNOLOGY,0.267264245179
UTILITIES,0.024530906477
