SECTOR,WEIGHT
COMMUNICATION SERVICES,0.127874953118
CONSUMER DISCRETIONARY,0.122700506379
CONSUMER STAPLES,0.046225787241
ENERGY,0.029829518608
FINANCIALS,0.145962876635
HEALTH CARE,0.114880799854
INDUSTRIALS,0.072765816525
MATERIALS,0.021590674942
REAL ESTATE,0.017372568337
TECHNOLOGY,0.277280781791
UTILITIES,0.022632456214
