SECTOR,WEIGHT
COMMUNICATION SERVICES,0.118495429996
CONSUMER DISCRETIONARY,0.119450102152
CONSUMER STAPLES,0.044155367987
ENERGY,0.026033946245
FINANCIALS,0.146456147107
HEALTH CARE,0.112443017173
INDUSTRIALS,0.069775479479
MATERIALS,0.02490592542
REAL ESTATE,0.016674178167
TECHNOLOGY,0.299437416921
UTILITIES,0.022172989352
