SECTOR,WEIGHT
COMMUNICATION SERVICES,0.121448805471
CONSUMER DISCRETIONARY,0.119457597151
CONSUMER STAPLES,0.045243449296
ENERGY,0.027375164111
FINANCIALS,0.143481878184
HEALTH CARE,0.113513626575
INDUSTRIALS,0.069308807883
MATERIALS,0.019050491773
REAL ESTATE,0.021464579104
TECHNOLOGY,0.296905922976
UTILITIES,0.022749677475
