SECTOR,WEIGHT
COMMUNICATION SERVICES,0.124609317599
CONSUMER DISCRETIONARY,0.116576982414
CONSUMER STAPLES,0.049597442004
ENERGY,0.036715910049
FINANCIALS,0.138956128579
HEALTH CARE,0.115908898133
INDUSTRIALS,0.075889192786
MATERIALS,0.021319393791
REAL ESTATE,0.023862018755
TECHNOLOGY,0.27116709288
UTILITIES,0.025397623009
