SECTOR,WEIGHT
COMMUNICATION SERVICES,0.12150503134
CONSUMER DISCRETIONARY,0.116273184035
CONSUMER STAPLES,0.052111579135
ENERGY,0.033888368128
FINANCIALS,0.143575927559
HEALTH CARE,0.119201570518
INDUSTRIALS,0.077764716261
MATERIALS,0.022688739802
REAL ESTATE,0.023308186596
TECHNOLOGY,0.265565420407
UTILITIES,0.024117276216
