SECTOR,WEIGHT
COMMUNICATION SERVICES,0.121699219174
CONSUMER DISCRETIONARY,0.116422317942
CONSUMER STAPLES,0.051120242705
ENERGY,0.034024757547
FINANCIALS,0.14525703564
HEALTH CARE,0.11876309107
INDUSTRIALS,0.078965617197
MATERIALS,0.023071050382
REAL ESTATE,0.023625886014
TECHNOLOGY,0.262192749494
UTILITIES,0.024858032835
