SECTOR,WEIGHT
COMMUNICATION SERVICES,0.14286071747
CONSUMER DISCRETIONARY,0.082574250664
CONSUMER STAPLES,0.101453616342
ENERGY,0.053705633216
FINANCIALS,0.202431493365
HEALTH CARE,0.091615938927
INDUSTRIALS,0.055712713896
TECHNOLOGY,0.269645636121
