SECTOR,WEIGHT
COMMUNICATION SERVICES,0.13354827044
CONSUMER DISCRETIONARY,0.104351301368
CONSUMER STAPLES,0.118700148358
ENERGY,0.047693983424
FINANCIALS,0.201286083026
HEALTH CARE,0.111226532542
TECHNOLOGY,0.283193680841
