SECTOR,WEIGHT
COMMUNICATION SERVICES,0.137391212756
CONSUMER DISCRETIONARY,0.106984118902
CONSUMER STAPLES,0.110277450407
ENERGY,0.045058244087
FINANCIALS,0.193750305608
HEALTH CARE,0.108074946286
TECHNOLOGY,0.298463721953
