SECTOR,WEIGHT
COMMUNICATION SERVICES,0.129588985365
CONSUMER DISCRETIONARY,0.108559065448
CONSUMER STAPLES,0.101343571469
ENERGY,0.037347046551
FINANCIALS,0.201399848441
HEALTH CARE,0.106270512541
TECHNOLOGY,0.315490970184
