SECTOR,WEIGHT
COMMUNICATION SERVICES,0.133803685287
CONSUMER DISCRETIONARY,0.102927275971
CONSUMER STAPLES,0.115930456577
ENERGY,0.049045706447
FINANCIALS,0.191056691098
HEALTH CARE,0.112003968637
TECHNOLOGY,0.295232215983
