SECTOR,WEIGHT
COMMUNICATION SERVICES,0.135045915561
CONSUMER DISCRETIONARY,0.103913035212
CONSUMER STAPLES,0.104593466413
ENERGY,0.036442770779
FINANCIALS,0.194589283447
HEALTH CARE,0.108311559235
TECHNOLOGY,0.317103969354
