SECTOR,WEIGHT
COMMUNICATION SERVICES,0.109004221136
CONSUMER DISCRETIONARY,0.102804928939
CONSUMER STAPLES,0.045987111892
ENERGY,0.026644918988
FINANCIALS,0.128969352625
HEALTH CARE,0.097157353685
INDUSTRIALS,0.083306249047
MATERIALS,0.018410292831
REAL ESTATE,0.019074359406
TECHNOLOGY,0.345752983284
UTILITIES,0.022888228166
