SECTOR,WEIGHT
COMMUNICATION SERVICES,0.098450995674
CONSUMER DISCRETIONARY,0.104884534331
CONSUMER STAPLES,0.046920497551
ENERGY,0.033125602455
FINANCIALS,0.134084213757
HEALTH CARE,0.098064822867
INDUSTRIALS,0.087330221884
MATERIALS,0.021667805124
REAL ESTATE,0.01984928227
TECHNOLOGY,0.332149738757
UTILITIES,0.023472285331
