SECTOR,WEIGHT
COMMUNICATION SERVICES,0.098523728443
CONSUMER DISCRETIONARY,0.104584443896
CONSUMER STAPLES,0.047023691341
ENERGY,0.033164467602
FINANCIALS,0.133920352332
HEALTH CARE,0.100008824338
INDUSTRIALS,0.088973388606
MATERIALS,0.021715892431
REAL ESTATE,0.020323050975
TECHNOLOGY,0.327840183225
UTILITIES,0.023921976812
