SECTOR,WEIGHT
COMMUNICATION SERVICES,0.099815729122
CONSUMER DISCRETIONARY,0.103985859213
CONSUMER STAPLES,0.048445214465
ENERGY,0.029956035372
FINANCIALS,0.129012648593
HEALTH CARE,0.097809780377
INDUSTRIALS,0.090991757884
MATERIALS,0.020136600803
REAL ESTATE,0.019609826445
TECHNOLOGY,0.333997977026
UTILITIES,0.024247644037
