SECTOR,WEIGHT
COMMUNICATION SERVICES,0.108058780893
CONSUMER DISCRETIONARY,0.098482490819
CONSUMER STAPLES,0.053927995615
ENERGY,0.042576794036
FINANCIALS,0.120903799395
HEALTH CARE,0.097430393954
INDUSTRIALS,0.091271410874
MATERIALS,0.022029783979
REAL ESTATE,0.019589280659
TECHNOLOGY,0.320285190532
UTILITIES,0.025444079245
