SECTOR,WEIGHT
COMMUNICATION SERVICES,0.105183009191
CONSUMER DISCRETIONARY,0.097381780925
CONSUMER STAPLES,0.053283879863
ENERGY,0.038433831136
FINANCIALS,0.121795012897
HEALTH CARE,0.097148654571
INDUSTRIALS,0.09204088616
MATERIALS,0.021517662573
REAL ESTATE,0.020195946203
TECHNOLOGY,0.327710619156
UTILITIES,0.025308717325
