SECTOR,WEIGHT
COMMUNICATION SERVICES,0.05306847599
CONSUMER DISCRETIONARY,0.061205558065
CONSUMER STAPLES,0.089179682029
ENERGY,0.029106482151
FINANCIALS,0.146026343598
HEALTH CARE,0.151321953325
INDUSTRIALS,0.072632420038
MATERIALS,0.019950846491
REAL ESTATE,0.009189309523
TECHNOLOGY,0.298062106982
UTILITIES,0.070256821806
