SECTOR,WEIGHT
COMMUNICATION SERVICES,0.053534408644
CONSUMER DISCRETIONARY,0.061691487637
CONSUMER STAPLES,0.091133281992
ENERGY,0.02819694474
FINANCIALS,0.146266566521
HEALTH CARE,0.148346084607
INDUSTRIALS,0.072028477192
MATERIALS,0.018857470465
REAL ESTATE,0.009233896328
TECHNOLOGY,0.299861591141
UTILITIES,0.070849790734
