SECTOR,WEIGHT
COMMUNICATION SERVICES,0.058145363409
CONSUMER DISCRETIONARY,0.059248120301
CONSUMER STAPLES,0.098847117794
ENERGY,0.033684210526
FINANCIALS,0.139047619048
HEALTH CARE,0.128922305764
INDUSTRIALS,0.070576441103
MATERIALS,0.021754385965
REAL ESTATE,0.021954887218
TECHNOLOGY,0.292631578947
UTILITIES,0.075187969925
