SECTOR,WEIGHT
COMMUNICATION SERVICES,0.061221072492
CONSUMER DISCRETIONARY,0.058900508764
CONSUMER STAPLES,0.098500267752
ENERGY,0.037633325815
FINANCIALS,0.139344742602
HEALTH CARE,0.134170560878
INDUSTRIALS,0.073395127988
MATERIALS,0.020863758615
REAL ESTATE,0.021439754052
TECHNOLOGY,0.278067641143
UTILITIES,0.076463239898
