SECTOR,WEIGHT
COMMUNICATION SERVICES,0.05850296453
CONSUMER DISCRETIONARY,0.058952118518
CONSUMER STAPLES,0.096545205111
ENERGY,0.033652431157
FINANCIALS,0.140182453326
HEALTH CARE,0.13010534209
INDUSTRIALS,0.071263052437
MATERIALS,0.021910128057
REAL ESTATE,0.022220825673
TECHNOLOGY,0.291277024515
UTILITIES,0.075388454586
