SECTOR,WEIGHT
COMMUNICATION SERVICES,0.051862253415
CONSUMER DISCRETIONARY,0.062750795654
CONSUMER STAPLES,0.094287925963
ENERGY,0.031312340645
FINANCIALS,0.133768748336
HEALTH CARE,0.15256129826
INDUSTRIALS,0.076677735344
MATERIALS,0.0218134868
REAL ESTATE,0.009201246688
TECHNOLOGY,0.293582180035
UTILITIES,0.07218198886
