SECTOR,WEIGHT
COMMUNICATION SERVICES,0.059969692487
CONSUMER DISCRETIONARY,0.058577078059
CONSUMER STAPLES,0.098365979588
ENERGY,0.035884868734
FINANCIALS,0.138604169163
HEALTH CARE,0.133353373272
INDUSTRIALS,0.074465357869
MATERIALS,0.022404546524
REAL ESTATE,0.021740009553
TECHNOLOGY,0.278952049279
UTILITIES,0.077682875473
