SECTOR,WEIGHT
COMMUNICATION SERVICES,0.123274159479
CONSUMER DISCRETIONARY,0.105332415096
CONSUMER STAPLES,0.03841497769
FINANCIALS,0.111602043677
HEALTH CARE,0.128992931356
INDUSTRIALS,0.044086553048
MATERIALS,0.016158292732
REAL ESTATE,0.028186724971
TECHNOLOGY,0.391515570051
UTILITIES,0.012436331901
