SECTOR,WEIGHT
COMMUNICATION SERVICES,0.115981339105
CONSUMER DISCRETIONARY,0.107721691527
CONSUMER STAPLES,0.035177137492
FINANCIALS,0.113762545772
HEALTH CARE,0.133173158053
INDUSTRIALS,0.040382045998
MATERIALS,0.015258726563
REAL ESTATE,0.028102401248
TECHNOLOGY,0.399816089528
UTILITIES,0.010624864713
