SECTOR,WEIGHT
COMMUNICATION SERVICES,0.116004331378
CONSUMER DISCRETIONARY,0.111268432065
CONSUMER STAPLES,0.034402573678
FINANCIALS,0.116107323546
HEALTH CARE,0.133011980696
INDUSTRIALS,0.042734702121
MATERIALS,0.016388395107
REAL ESTATE,0.028265753254
TECHNOLOGY,0.390939329858
UTILITIES,0.010877178299
