SECTOR,WEIGHT
COMMUNICATION SERVICES,0.128831124131
CONSUMER DISCRETIONARY,0.104794253435
CONSUMER STAPLES,0.036954543723
FINANCIALS,0.108310986423
HEALTH CARE,0.125508859699
INDUSTRIALS,0.042924023938
MATERIALS,0.014589199371
REAL ESTATE,0.028464128746
TECHNOLOGY,0.396442591128
UTILITIES,0.013180289407
