SECTOR,WEIGHT
COMMUNICATION SERVICES,0.115387030271
CONSUMER DISCRETIONARY,0.110864670713
CONSUMER STAPLES,0.034168219064
FINANCIALS,0.116674123424
HEALTH CARE,0.131665294149
INDUSTRIALS,0.042387738925
MATERIALS,0.016268688643
REAL ESTATE,0.028561693011
TECHNOLOGY,0.393051960839
UTILITIES,0.010970580961
