SECTOR,WEIGHT
COMMUNICATION SERVICES,0.115303335562
CONSUMER DISCRETIONARY,0.111005677801
CONSUMER STAPLES,0.032895658378
FINANCIALS,0.120097492667
HEALTH CARE,0.132862757381
INDUSTRIALS,0.0416142113
MATERIALS,0.015759005841
REAL ESTATE,0.027575132154
TECHNOLOGY,0.392272204618
UTILITIES,0.010614524298
