SECTOR,WEIGHT
COMMUNICATION SERVICES,0.108641767339
CONSUMER DISCRETIONARY,0.10297143476
CONSUMER STAPLES,0.047339004669
ENERGY,0.028279467681
FINANCIALS,0.128919598595
HEALTH CARE,0.098896415909
INDUSTRIALS,0.081472301102
MATERIALS,0.017885362019
REAL ESTATE,0.018389725819
TECHNOLOGY,0.34426589498
UTILITIES,0.022939027129
