SECTOR,WEIGHT
COMMUNICATION SERVICES,0.108527675258
CONSUMER DISCRETIONARY,0.099504734815
CONSUMER STAPLES,0.051070904548
ENERGY,0.037646163322
FINANCIALS,0.122727614164
HEALTH CARE,0.093836978131
INDUSTRIALS,0.091577487218
MATERIALS,0.019420003906
REAL ESTATE,0.018400428662
TECHNOLOGY,0.332773134493
UTILITIES,0.024514875483
