SECTOR,WEIGHT
COMMUNICATION SERVICES,0.106962893949
CONSUMER DISCRETIONARY,0.107052248059
CONSUMER STAPLES,0.047299447711
ENERGY,0.028146544757
FINANCIALS,0.133566323339
HEALTH CARE,0.096253452432
INDUSTRIALS,0.082555166123
MATERIALS,0.018334660259
REAL ESTATE,0.017910981219
TECHNOLOGY,0.33981368162
UTILITIES,0.022104600532
