SECTOR,WEIGHT
COMMUNICATION SERVICES,0.103091544931
CONSUMER DISCRETIONARY,0.098143711436
CONSUMER STAPLES,0.05219553854
ENERGY,0.042499106447
FINANCIALS,0.124843190121
HEALTH CARE,0.095340406339
INDUSTRIALS,0.092687278301
MATERIALS,0.019946516943
REAL ESTATE,0.01840469914
TECHNOLOGY,0.327406011688
UTILITIES,0.025441996113
