SECTOR,WEIGHT
COMMUNICATION SERVICES,0.10815596618
CONSUMER DISCRETIONARY,0.106302041422
CONSUMER STAPLES,0.045453224476
ENERGY,0.02911864417
FINANCIALS,0.133984645495
HEALTH CARE,0.096860052732
INDUSTRIALS,0.085092140061
MATERIALS,0.018246628112
REAL ESTATE,0.016708371623
TECHNOLOGY,0.33880825708
UTILITIES,0.021270028651
