SECTOR,WEIGHT
COMMUNICATION SERVICES,0.105478674807
CONSUMER DISCRETIONARY,0.098481853997
CONSUMER STAPLES,0.052844409798
ENERGY,0.0345037731
FINANCIALS,0.126296017956
HEALTH CARE,0.097216982501
INDUSTRIALS,0.093839655523
MATERIALS,0.020684251449
REAL ESTATE,0.018444708404
TECHNOLOGY,0.328344229174
UTILITIES,0.02386544329
