SECTOR,WEIGHT
COMMUNICATION SERVICES,0.108474562689
CONSUMER DISCRETIONARY,0.098301441326
CONSUMER STAPLES,0.051341407589
ENERGY,0.037259708089
FINANCIALS,0.12179097421
HEALTH CARE,0.094871669019
INDUSTRIALS,0.091423866367
MATERIALS,0.019577949689
REAL ESTATE,0.018314823849
TECHNOLOGY,0.334264567267
UTILITIES,0.024379029907
