SECTOR,WEIGHT
COMMUNICATION SERVICES,0.080035645799
CONSUMER DISCRETIONARY,0.058223143105
CONSUMER STAPLES,0.024485937652
HEALTH CARE,0.183819453424
INDUSTRIALS,0.093144198085
MATERIALS,0.021512781265
TECHNOLOGY,0.538778840669
