SECTOR,WEIGHT
COMMUNICATION SERVICES,0.080285739193
CONSUMER DISCRETIONARY,0.05999260501
CONSUMER STAPLES,0.023776194346
HEALTH CARE,0.195466210008
INDUSTRIALS,0.091524520202
MATERIALS,0.022755124638
TECHNOLOGY,0.526199606603
