SECTOR,WEIGHT
COMMUNICATION SERVICES,0.145692267959
CONSUMER DISCRETIONARY,0.12852197685
FINANCIALS,0.195073698524
HEALTH CARE,0.032484720789
INDUSTRIALS,0.136530355788
TECHNOLOGY,0.361696980091
