SECTOR,WEIGHT
COMMUNICATION SERVICES,0.133020025344
CONSUMER DISCRETIONARY,0.133608234525
ENERGY,0.038929761972
FINANCIALS,0.173277545947
HEALTH CARE,0.044690781562
INDUSTRIALS,0.161355968457
TECHNOLOGY,0.315117682194
