SECTOR,WEIGHT
COMMUNICATION SERVICES,0.145017391066
CONSUMER DISCRETIONARY,0.13258082194
FINANCIALS,0.191334257197
HEALTH CARE,0.035333195737
INDUSTRIALS,0.138259226009
TECHNOLOGY,0.357475108052
