SECTOR,WEIGHT
COMMUNICATION SERVICES,0.133499003739
CONSUMER DISCRETIONARY,0.095019304469
ENERGY,0.039670328105
FINANCIALS,0.172390843759
HEALTH CARE,0.054699727478
INDUSTRIALS,0.162748785457
TECHNOLOGY,0.341972006993
