SECTOR,WEIGHT
COMMUNICATION SERVICES,0.145650640056
CONSUMER DISCRETIONARY,0.083761717569
CONSUMER STAPLES,0.041427275476
ENERGY,0.019453684104
FINANCIALS,0.104021771999
HEALTH CARE,0.094849309545
INDUSTRIALS,0.084769680476
MATERIALS,0.022880757988
REAL ESTATE,0.021469609918
TECHNOLOGY,0.371736720089
UTILITIES,0.009978832779
