SECTOR,WEIGHT
COMMUNICATION SERVICES,0.129400914269
CONSUMER DISCRETIONARY,0.096113706915
CONSUMER STAPLES,0.049103139986
ENERGY,0.017363308932
FINANCIALS,0.111590321322
HEALTH CARE,0.113003721402
INDUSTRIALS,0.090016253593
MATERIALS,0.025508303771
REAL ESTATE,0.016185043447
TECHNOLOGY,0.335702172904
UTILITIES,0.01601311346
