SECTOR,WEIGHT
COMMUNICATION SERVICES,0.134799912858
CONSUMER DISCRETIONARY,0.095566249339
CONSUMER STAPLES,0.043400428034
ENERGY,0.015510526982
FINANCIALS,0.115136284303
HEALTH CARE,0.105038235584
INDUSTRIALS,0.081541472103
MATERIALS,0.023475664143
REAL ESTATE,0.014823471125
TECHNOLOGY,0.359084026322
UTILITIES,0.010514895786
