SECTOR,WEIGHT
COMMUNICATION SERVICES,0.029976935426
CONSUMER DISCRETIONARY,0.11355221477
CONSUMER STAPLES,0.04346815877
ENERGY,0.047986932412
FINANCIALS,0.253003251875
HEALTH CARE,0.112255270651
INDUSTRIALS,0.122360418267
MATERIALS,0.033780637175
REAL ESTATE,0.082133117543
TECHNOLOGY,0.095217731379
UTILITIES,0.066265331732
