SECTOR,WEIGHT
COMMUNICATION SERVICES,0.032886144243
CONSUMER DISCRETIONARY,0.123677963528
CONSUMER STAPLES,0.056202448664
ENERGY,0.052368681146
FINANCIALS,0.159118947338
HEALTH CARE,0.176799724105
INDUSTRIALS,0.135722207196
MATERIALS,0.03446871704
REAL ESTATE,0.084283564067
TECHNOLOGY,0.084566094534
UTILITIES,0.059905508138
