SECTOR,WEIGHT
COMMUNICATION SERVICES,0.034138508656
CONSUMER DISCRETIONARY,0.124965060137
CONSUMER STAPLES,0.05564034966
ENERGY,0.050248047892
FINANCIALS,0.160067808471
HEALTH CARE,0.174580671368
INDUSTRIALS,0.136676701194
MATERIALS,0.034897633742
REAL ESTATE,0.082841158857
TECHNOLOGY,0.087209898589
UTILITIES,0.058734161433
