SECTOR,WEIGHT
COMMUNICATION SERVICES,0.031693133707
CONSUMER DISCRETIONARY,0.124866626613
CONSUMER STAPLES,0.056955208645
ENERGY,0.051013436804
FINANCIALS,0.157990447351
HEALTH CARE,0.179725034813
INDUSTRIALS,0.134409228735
MATERIALS,0.034256113073
REAL ESTATE,0.08601503427
TECHNOLOGY,0.080450023409
UTILITIES,0.062625712581
