SECTOR,WEIGHT
COMMUNICATION SERVICES,0.024666549079
CONSUMER DISCRETIONARY,0.070194335779
CONSUMER STAPLES,0.009765621518
FINANCIALS,0.161034436828
HEALTH CARE,0.051497447372
INDUSTRIALS,0.095762137782
MATERIALS,0.026479529514
REAL ESTATE,0.039327212943
TECHNOLOGY,0.519919968572
UTILITIES,0.001352760612
