SECTOR,WEIGHT
COMMUNICATION SERVICES,0.026586998537
CONSUMER DISCRETIONARY,0.076029940478
CONSUMER STAPLES,0.012816177088
FINANCIALS,0.155650991933
HEALTH CARE,0.057853254151
INDUSTRIALS,0.117541791925
MATERIALS,0.028261337351
REAL ESTATE,0.040521254212
TECHNOLOGY,0.48327836532
UTILITIES,0.001459889005
