SECTOR,WEIGHT
COMMUNICATION SERVICES,0.027760664404
CONSUMER DISCRETIONARY,0.07354110841
CONSUMER STAPLES,0.011461524053
FINANCIALS,0.165536201642
HEALTH CARE,0.056223535457
INDUSTRIALS,0.098544669232
MATERIALS,0.026698787274
REAL ESTATE,0.040576131492
TECHNOLOGY,0.498149359861
UTILITIES,0.001508018174
