SECTOR,WEIGHT
COMMUNICATION SERVICES,0.027408362066
CONSUMER DISCRETIONARY,0.072686155865
CONSUMER STAPLES,0.011289639369
FINANCIALS,0.165491648532
HEALTH CARE,0.056437512024
INDUSTRIALS,0.099054235388
MATERIALS,0.026457699216
REAL ESTATE,0.040557457113
TECHNOLOGY,0.499139525422
UTILITIES,0.001477765004
