SECTOR,WEIGHT
COMMUNICATION SERVICES,0.027853749963
CONSUMER DISCRETIONARY,0.075783628729
CONSUMER STAPLES,0.0117760103
FINANCIALS,0.169910300069
HEALTH CARE,0.056991259941
INDUSTRIALS,0.100021690333
MATERIALS,0.026771198078
REAL ESTATE,0.040233511826
TECHNOLOGY,0.489211606721
UTILITIES,0.001447044041
