SECTOR,WEIGHT
COMMUNICATION SERVICES,0.0244453476
CONSUMER DISCRETIONARY,0.075487323953
CONSUMER STAPLES,0.011416451477
FINANCIALS,0.163667524622
HEALTH CARE,0.059995847258
INDUSTRIALS,0.106709752894
MATERIALS,0.025578257613
REAL ESTATE,0.037309414368
TECHNOLOGY,0.49388619088
UTILITIES,0.001503889334
