SECTOR,WEIGHT
COMMUNICATION SERVICES,0.024620210621
CONSUMER DISCRETIONARY,0.075118194643
CONSUMER STAPLES,0.012514489921
FINANCIALS,0.157427493749
HEALTH CARE,0.061264457341
INDUSTRIALS,0.105995592236
MATERIALS,0.025174737489
REAL ESTATE,0.038387042788
TECHNOLOGY,0.497854069556
UTILITIES,0.001643711657
